start,episode,block_translation,block_rotation,ee_translation,ee_rotation,block_score,ee_score,block_rotation_deg,ee_rotation_deg,rot_per_meter
4483,22,0.9636952836049477,0.6204130851631999,4.913885081568078,1.8227909165127887,0.3688619376936985,0.2125369733007707,35.54705133454187,104.43822645096598,36.88615587638172
4484,22,0.7957026663127768,0.5516178304399846,4.968606353983132,1.791019082983346,0.39720079533766295,0.20653242974972177,31.60537358837419,102.61783448233668,39.720030114767226
7097,35,0.9523869701257035,0.5895801396444954,5.842157917308701,1.9127625028403337,0.35469251881104763,0.1875903047936217,33.780453686363295,109.59321862363126,35.46921501108911
7639,38,0.6839469433466729,0.5299160625970503,4.839245972529025,1.767313464544701,0.4439226424569177,0.20924665321959068,30.361953883001323,101.25960259505483,44.39219998884001
7640,38,0.8596249638397824,0.5994827507008347,4.872042100009947,1.805102695216418,0.39956763183165617,0.21228216769944822,34.34783150605112,103.42476602359052,39.95671716641273
7696,38,0.9121956792591741,0.7094311628745854,4.142416186577057,1.8791445844399686,0.4455996883824678,0.2599136558809376,40.64741148777184,107.66705378327515,44.55992047765728
7697,38,0.7632614458834488,0.6386399826859401,4.281265696998187,1.854132629450278,0.47940814191722925,0.24813683988672766,36.59137563621234,106.23397432499469,47.940752009433844
7698,38,0.6363407966284069,0.5707915572590927,4.322394946406881,1.8139002460944385,0.5139376081493929,0.24044269347692057,32.70394721264588,103.92882855895272,51.39368085818731
8791,43,0.8940259103658244,0.7036254168235145,4.35143830990323,0.635154984749287,0.4509350995732252,0.08363142778877679,40.31476674212073,36.391699962830316,45.093460023059535
8792,43,0.7600189443504104,0.7020194801498997,4.40747046639449,0.6500527843590613,0.5292335555359378,0.08450489051255165,40.222753348557326,37.245281004502026,52.923286615768674
8793,43,0.6176034796419659,0.6943150402944201,4.448219750201653,0.6458035513658595,0.6441239748238438,0.0831834304116,39.781321461325966,37.001817887823826,64.41229423139508
8794,43,0.4917410713713365,0.6867094519757442,4.516300946049698,0.6436026232856786,0.8001274418689495,0.08165025837886575,39.345553349951835,36.87571399781763,80.01258310119299
8795,43,0.3739747196166219,0.6832077065583914,4.592425063302219,0.6496633392467812,1.046726289681055,0.08105296624132163,39.14491811660824,37.222967443216376,104.67235187551034
8796,43,0.27328553869367767,0.6753941915875659,4.68435886959076,0.6482643343735282,1.4160001094310661,0.07929112888913765,38.69723668561765,37.142810368460744,141.59949798695627
8797,43,0.24184880575973788,0.6495868803287361,4.751098366937535,0.6557089573371848,1.5389195333865378,0.07907509561728106,37.21858666990626,37.56935584434444,153.89132338969299
8798,43,0.19884342423248458,0.596672001319081,4.8736664125499765,0.6733120513156692,1.7192816831576638,0.07915588694619602,34.186787429207634,38.57793883568375,171.92731232552532
8799,43,0.1621107046082624,0.5624026609534452,4.9906705630808155,0.6782061298711559,1.9877340580125376,0.07786197929215509,32.223298859559385,38.85834888151862,198.77219191190375
11256,56,0.25169764982907594,0.6526258240676925,4.3693604048071535,1.69439514796507,1.485619903884644,0.2221874178125632,37.392705320326165,97.08169080584315,148.56140605330575
11257,56,0.36359554629987545,0.7178213821520398,4.434335835137711,1.751556566924974,1.1311506680691898,0.22631754194546824,41.12813564155928,100.35679886322472,113.11475881742547
11258,56,0.5277509820812215,0.7883564401026295,4.449054584265414,1.779277657699979,0.8558865345133659,0.22913879389012928,45.16949676983875,101.94510036813155,85.58849289719413
11259,56,0.7043437900312604,0.8548766885467346,4.381807720661226,1.8138925556268877,0.6954107675211136,0.23718153400568426,48.98082625784765,103.92838792761957,69.54097900784326
11260,56,0.8881588340164481,0.9266782428581951,4.2836405351239115,1.8457357126438918,0.5978069423062619,0.24687614499177643,53.0947522823737,105.7528664310663,59.78062759522451
11315,56,0.9223436255958015,0.5946298679485819,3.9246308368174403,1.9085802607975073,0.3693827386131127,0.2786340883356,34.0697818058752,109.35359380567513,36.938234213559106
11316,56,0.7964399972032321,0.5266232819600457,3.9623881917806436,1.8445610597698603,0.3788520312483383,0.26672188184766377,30.173291449638562,105.68556377899138,37.88515603239229
11862,59,0.5529811767097529,0.5553641351829309,4.1310147311652266,2.0985964132049704,0.5754268283202274,0.2910682360431891,31.820021038914856,120.24071737793739,57.54257981377295
11863,59,0.6588664847313136,0.620772766848267,3.943759778996792,2.153631380697706,0.5398310562380151,0.31288413935651904,35.56765957706436,123.39398874091083,53.98302450995721
11864,59,0.787625616999666,0.6856748240085461,3.7540144723903874,2.2024531902978715,0.49879374397351645,0.3361502012609143,39.28627353406518,126.19127237919159,49.87931170193279
11865,59,0.8987336482858375,0.754428589042444,3.5561413120100447,2.2565568149797706,0.48096089088936744,0.3635715513599014,43.22557409614167,129.29118172982425,48.09603610875145
14132,70,0.9084050969734888,0.5393367076916696,3.9601298551603388,1.8911896231071923,0.34017551035317417,0.2736202785071841,30.901717087213633,108.35718366297895,34.01751396227746
16340,81,0.9438932076842579,0.6108907861380101,4.407203289192969,2.056379437528509,0.37082016411781554,0.2673392962594778,35.00146378913695,117.82186284786971,37.08197751844377
16341,81,0.8147347167921393,0.5459784987576507,4.454686753947092,1.9927642053169583,0.38395642968196436,0.25630753536582274,31.282263683702045,114.17697852940316,38.395596312961175
17085,85,0.30256893835959403,0.5466116278563294,3.1940851366254144,1.8105312185355267,1.0350876875746722,0.32477467799617615,31.318539308943258,103.7357974987638,103.50843007979942
17086,85,0.43302125650239476,0.6102744468446275,3.303039764172287,1.8665603346482165,0.8074926765446677,0.32378062843239336,34.96615014887806,106.94602938186937,80.74908304091913
17087,85,0.5426942268958199,0.6803326202906217,3.349145196161385,1.9193438635625686,0.7182716372794645,0.32835334405375244,38.98018780772902,109.97030281646849,71.82703269880051
17088,85,0.6268598428327903,0.751980306167803,3.2989364308637303,1.9477706445342706,0.6873194642417662,0.33828792822110526,43.08529782037058,111.59903739128981,68.73183787595934
17089,85,0.7195961228715393,0.8196140798369217,3.2278695803454607,1.9821777430345544,0.6525942186036927,0.35184326919630043,46.96042760415412,113.57041892064699,65.25933207842658
17090,85,0.8328254464044487,0.8867871010450066,3.153735437583783,1.999573433834851,0.6100817143111615,0.3632743471650213,50.80915821652015,114.56711858521852,61.00809890929605
17091,85,0.9346340531857185,0.9545964611859803,3.0704282049620453,2.017526512648458,0.5851953242283277,0.37648088845461863,54.694348364080575,115.59575423050394,58.519470436780665
17142,85,0.9584219456051144,0.9143101137864273,3.2196915427142927,2.027338259004184,0.5465871308531698,0.3607734591483319,52.38611068608835,116.15792588633992,54.65865662576933
17143,85,0.848162268963975,0.8444010809822348,3.194517334939827,1.9605533756043365,0.5704169986864203,0.3516382032177423,48.38061815656649,112.33143393225534,57.04163328796713
17144,85,0.7610739515334177,0.7741896677578034,3.247476280700923,1.9079498133274644,0.5828316661338029,0.33662284814662125,44.35780050515756,109.31747182643697,58.28309079911937
17145,85,0.6757018809399445,0.7065198976211065,3.30653360556481,1.8702503206684318,0.5990897586418368,0.3240779089704967,40.48060827570441,107.15745000728998,59.9088880890864
17146,85,0.5844405058229061,0.6431677951094897,3.3266406422513817,1.8431533791540824,0.6305312376679059,0.3174521105828919,36.85080017850863,105.60490962080493,63.05301695953629
17147,85,0.49627706977956765,0.5762155536393162,3.334272337140313,1.8281218266147827,0.6652477146031233,0.3141425000588474,33.01471931332692,104.7436651007739,66.5246387534132
18695,93,0.551580878091353,0.5596670790542486,4.398362071786154,2.235886923326976,0.5813573721378136,0.2912604323905567,32.06656156222304,128.10688417512642,58.13563286956316
18696,93,0.659163473515667,0.6271125578725593,4.2855499818505765,2.2986474804643136,0.545098503547447,0.3073183126306594,35.930902845751234,131.70279921898552,54.509768486327914
18697,93,0.7827426955251171,0.6933481575160216,4.154017137819222,2.2806371335338023,0.507522112674164,0.3145651009671457,39.72592315883985,130.67088235230082,50.752147076941995
18698,93,0.9073290912898788,0.7567577498695578,3.9884088549293937,2.250308601645313,0.47787539405164403,0.3232697294652737,43.35902518134249,128.93318547626245,47.7874872635409
18754,93,0.8460758263314534,0.5899057433558923,4.256932704938573,1.995622566362902,0.39948084974712833,0.26859891431314353,33.79910940482013,114.34075055366033,39.94803823119866
21163,105,0.9613366872993243,0.7597003177520572,4.067506150709206,2.0005285039036136,0.45278227726271414,0.28179881121387795,43.52762190194045,114.62184006929789,45.278181098071926
21164,105,0.845919199554519,0.6907721172989372,4.129259293539978,1.933406135133032,0.46787360399804406,0.2682709015945197,39.578326926544946,110.77601162782285,46.78730564347299
21165,105,0.7588208949305193,0.6269228648358449,4.236651794654154,1.8744485406157883,0.4733664294427084,0.25349732582167733,35.92003423534448,107.39799029174114,47.33658118633156
21166,105,0.656263602539744,0.5548241901671286,4.248249753643481,1.8074264240866333,0.484395048893787,0.243766048707482,31.789084468340256,103.55790588058657,48.43943181655158
21306,106,0.38127038782830763,0.6368001802588681,4.000227795624777,1.835647785317894,0.9569576586544603,0.2629222031389413,36.48596272200319,105.17487077125193,95.69551738415099
21307,106,0.5531875513733896,0.7079442154148452,4.1409403111584755,1.8975648835706949,0.7332452590450134,0.262555001397407,40.562215673971025,108.72245918083426,73.32439468110478
21308,106,0.7308538886336813,0.7753496274116575,4.201585589270145,1.9336056299412179,0.6078405188886485,0.26368007796297543,44.424261297728854,110.78744183836668,60.783969552121526
21309,106,0.9135749118503671,0.8439797578932956,4.202785520827983,1.945711816341705,0.5293104808942981,0.2652552084977569,48.35647812175886,111.48107522511326,52.9309907304989
21366,106,0.8835954323619617,0.6152108957151925,5.123675480188634,1.4101694559383295,0.3989267728760412,0.157692965485898,35.24898783494355,80.79675822352579,39.89263259101067
21367,106,0.7272407298801143,0.5462093858225145,5.167725248428665,1.352434500747798,0.43033194954427295,0.1499475786456442,31.295492538062906,77.48878896073141,43.03313637299383
24782,123,0.9005189377506416,0.7423062760944572,4.665195736922199,2.137713525219189,0.4722945234247563,0.2625441020002182,42.53101672628523,122.48196280309259,47.22940042007407
24783,123,0.7811324607490132,0.6766420548603482,4.8100559453613565,2.0751072877310386,0.49631445927965145,0.24717984723505332,38.768733984557464,118.89488962382786,49.6313830256137
24784,123,0.6619876198274133,0.6084157290968546,4.965018903190234,2.017334779818653,0.5265907079821547,0.23279824461795237,34.85965346662461,115.58476874856203,52.658992046891754
24785,123,0.5291510445390128,0.5423018690048609,5.099748127582197,1.9725845591901918,0.5871973238927777,0.2216202975620975,31.07160831603496,113.02076997427191,58.719622529482905
28199,140,0.9359513802742723,0.6767837395022833,4.39596503483885,1.8619422897889941,0.41430412219590756,0.24268035303666666,38.776851916562165,106.68143490183384,41.43036839673292
28200,140,0.8195170154287599,0.6082341524727519,4.489438201624816,1.8168088895038044,0.4252413166666385,0.23186750021612104,34.84924989240529,104.09548155041792,42.52408029635892
28201,140,0.7076399430907523,0.5434706512664678,4.58670698243351,1.7820392801992626,0.4400341511356324,0.22260704651590843,31.13857460679479,102.10332968194888,44.00335355214372
28342,141,0.5841015803905343,0.9930324433990511,3.800557970253234,2.0154062970343496,0.9740868517116689,0.3038350563894401,56.89656792632943,115.47427482415779,97.40852007242985
28343,141,0.7620397321411385,1.0377015707622634,3.890866581922148,2.0645303631170786,0.780220730112025,0.30401678826202927,59.45592039877384,118.28887648321992,78.02197164936051
28344,141,0.940700315029684,1.0998516153113802,3.930057642050812,2.0735353925918467,0.6698929932441532,0.30229792330023303,63.01685564798828,118.80482666651504,66.98922882445399
28401,141,0.8665784389386328,0.7240811746018238,4.507798817823907,1.9350154150310308,0.4787425233153665,0.24594756955370592,41.486795329559754,110.86821657403343,47.87419763890527
28402,141,0.7261891386597646,0.6565206480590114,4.573237507916693,1.8681856253870253,0.5179898703581274,0.23405552688294606,37.61586229697504,107.03915168168481,51.798916419324804
28403,141,0.5781080253903597,0.5915171468778365,4.6288109928717285,1.8140595591080704,0.5862474477254985,0.22454569101605554,33.891436025720054,103.93795652225533,58.624644378861504
28404,141,0.4508895053503278,0.524514607656402,4.6959516596529,1.7650989837686089,0.666515239067429,0.21536150562692458,30.05247331167209,101.1327221927719,66.65137756299008
28946,144,0.6661654083929902,0.5383523729842858,4.300530364200583,2.056579314964813,0.46302792086177846,0.2739971694846909,30.8453188628523,117.83331498138982,46.30272327489647
28947,144,0.8314944075124423,0.6049820813676104,4.264720829002086,2.1154688970380664,0.4168749568650658,0.28420955102852213,34.66291994340424,121.2074394914765,41.6874460522929
30552,152,0.3765696565410125,0.6306048056619322,4.795758824352469,1.9483211781965948,0.9594770135624067,0.23276937915851936,36.1309939050962,111.63058064662087,95.94744911081821
30553,152,0.5484652370354435,0.6986263491260717,4.9524178894373065,2.012118711349086,0.7298245691576211,0.23278712011097316,40.028341261557074,115.28591003960456,72.98232517997334
30554,152,0.7255011934579964,0.7675826991204844,4.9247764472291875,2.070995992953916,0.6061912630501943,0.2409435855927672,43.97924908686388,118.65932978476455,60.619043585855266
30555,152,0.9038867177293618,0.8357889386976043,4.843866249681855,2.134439618447386,0.529791812204031,0.25247266379022876,47.887178751091014,122.294381762549,52.97912319395979
30613,152,0.887348208428252,0.6877102901159423,4.380243654332077,1.5317561072559962,0.444052248407674,0.20036136551901032,39.40289715136091,87.76316018915684,44.40517529863429
30614,152,0.7584628128916613,0.618336872489016,4.4647064861420995,1.531998035071155,0.4671038848795376,0.19660199770748504,35.428093110939564,87.77702163191226,46.710327518288736
30615,152,0.6003220274077182,0.5531264793373891,4.509820373332306,1.542354154454038,0.5279135335396414,0.19595100481449376,31.69181280296253,88.37038356468508,52.791266295101764
30755,153,0.5942065498548732,0.5792888682169447,3.696425864444203,2.037876815461036,0.558573558592949,0.3158774033607105,33.190807267741064,116.76174069347786,55.85726279621901
30756,153,0.7453449414870457,0.6456325427212362,3.708394872489644,2.088219468934073,0.4963073774152958,0.3226359814913984,36.99201981422665,119.64616226697251,49.63067181988484
30757,153,0.9221532915615775,0.710234661489056,3.6913181381932616,2.1331063011780294,0.44128724040043227,0.3310957858511418,40.693448567225616,122.21798831026294,44.12867666463414
30815,153,0.921165005132478,0.6168620096398404,6.351537477643574,1.7822819614863064,0.38368358669416247,0.16077561455651407,35.34358969432116,102.11723429546329,38.36831743398759
30816,153,0.7649631524673728,0.5494573648019162,6.519587459299902,1.7212362177273417,0.4115438438105519,0.1512665813369748,31.48158802552983,98.61957082083752,41.15433111994432
37046,184,0.823892650593845,0.5444658337811135,4.804419094329017,1.8530615857954764,0.3786366338333936,0.22098948018134718,31.195594364729207,106.1726080439003,37.86361788592992
37386,186,0.5138816445345894,0.5777808960351096,4.83012277744775,1.6736513768576047,0.6442029314333213,0.19853151667158792,33.10440682609878,95.89316027019997,64.4201690369999
37387,186,0.6733798887130297,0.6455310184207033,4.953799167509376,1.7384878151292456,0.549262058029598,0.2010739857886315,36.9862029002881,99.60801454182548,54.926125050825824
37388,186,0.8247963639539461,0.7209362924301258,4.996321492960181,1.753811079422328,0.5008097532732602,0.20111990962680742,41.30660685405553,100.48597291418263,50.08091521539095
37444,186,0.9503510424366822,0.840064215669623,5.030183548924103,1.8745325635255536,0.5064668887820691,0.21351667029985144,48.13213407783715,107.40280444985311,50.646636118577064
37445,186,0.8700216408923778,0.7734094753973587,5.2248704153076275,1.86935772961291,0.5093332876284626,0.20499323349376897,44.313098775695735,107.10630830697745,50.93327080573905
37446,186,0.7783476392123821,0.7067649123459584,5.375129764025712,1.8597139476716875,0.5202642627151752,0.19823476787128308,40.49464658535699,106.55376030320093,52.026360097878346
37447,186,0.6321780038144026,0.6386756137910159,5.432372127633143,1.8574511984740334,0.5788467227349007,0.19590726045223988,36.59341714815257,106.42411432407873,57.88458162539007
37448,186,0.5130333645225311,0.568387606989624,5.57276646783984,1.8652519508761465,0.6347776309553865,0.19177380738762367,32.56621100804598,106.87106451374635,63.477640602797784
41265,205,0.9908235989277008,0.6760783672832663,4.650264296394177,1.9548571835428556,0.3909518981622618,0.2408574196822062,38.73643706542671,112.00506616783656,39.095150753572746
41266,205,0.8679064043710969,0.6043927070144314,4.738733514701777,1.9142051343835744,0.39899637457463466,0.23144554288765087,34.62915128041382,109.6758753224514,39.89959194495731
41267,205,0.7396652428050364,0.5377162521236176,4.761868077746742,1.8837380569139972,0.41652452518810545,0.22665525037762602,30.80887182227578,107.9302403693465,41.652396769439264
42957,213,0.9503273218701962,0.745147383833145,3.7809262030210795,1.7456594970851955,0.4492536284822489,0.2645355027174499,42.693800208854,100.01892164991153,44.92531604744226
42958,213,0.8585440311782868,0.6793452002285849,3.937174891768616,1.7161641200753115,0.45336768923523185,0.2497449655790696,38.923612805567764,98.32896103209798,45.3367166450758
42959,213,0.7789511934663986,0.6160428732298766,4.105048928717885,1.691456045168687,0.4531305231715624,0.2360831601932714,35.29665663518473,96.91329262005532,45.31299472707283
42960,213,0.6911408701802833,0.5485651552850263,4.183774534959829,1.6623873417028951,0.4547621054852381,0.2276599218528461,31.43046818577063,95.24777859554813,45.47614540784809
44767,222,0.8957264283219352,0.8120546773672409,4.06932936918817,0.6845190226841131,0.519436557373091,0.09637964229881027,46.52730574700064,39.22005099621954,51.9435983267425
44768,222,0.7768170155981435,0.8049944128406985,4.14537774544668,0.7249662530365213,0.5937406218905876,0.10020198167423743,46.12278238738383,41.537506588405975,59.37398652098672
44769,222,0.6800402849456005,0.7975024686046968,4.197740730885836,0.7629815564260167,0.671923795426987,0.1041408360543683,45.693525602313564,43.71562302953343,67.19228172443793
44770,222,0.5688513445070622,0.7809672120540381,4.2325390300251655,0.7944719780268934,0.7866048807701179,0.10754748119719794,44.74612518879477,45.51989128235127,78.6603511805325
44771,222,0.4700713897922377,0.7741487306463404,4.2797393804673876,0.8468153938768586,0.9435897397937741,0.11336893130437489,44.35545498144528,48.51894809585245,94.3587752538486
44772,222,0.3685311926076481,0.7710888710232431,4.317871880920404,0.8846208346681426,1.1988167521916755,0.11738430777069823,44.18013793913931,50.68504029582475,119.88135317712933
44773,222,0.29356339368336115,0.761797816627057,4.406613170039844,0.9198886356348548,1.486827008658412,0.11960599737381127,43.647799735011375,52.70573644392476,148.68219945668866
44774,222,0.25644174816260623,0.7533352185941812,4.489434142100117,0.9706262769534217,1.683147428611952,0.12387482981103994,43.16292858401188,55.61278915392723,168.3140930803119
44775,222,0.23715677616253117,0.7463377061045288,4.596377894897027,1.0122280787650713,1.8031109859094876,0.12617847796214604,42.762000651264714,57.99639681787445,180.31034589377606
44776,222,0.21888763421665441,0.7369412949610448,4.6992321762335,1.0376763431476852,1.9290091088184287,0.1265195517197564,42.223625950173385,59.45447496293132,192.90003842036285
44777,222,0.18084208469043944,0.6303701124743498,4.8230330710846365,1.0422341529093053,1.9971869402304967,0.12381341206282258,36.11754697596725,59.715618226095685,199.71760069118454
47295,235,0.9776933626219383,0.6493387708426764,4.2121378360610615,1.8796417313486113,0.3805320981538896,0.25567904503326916,37.20437104349788,107.69553820293835,38.05317128322681
47296,235,0.8496709828622918,0.5808968967441785,4.255493333639616,1.8600258803267953,0.3917156263457666,0.25043308524290364,33.2829405156882,106.5716327278309,39.171516993614276
48041,239,0.7088317464362408,0.5814686437903585,5.068510608498741,2.245916436147868,0.47000855853133783,0.25388431161746383,33.315699208383386,128.68153293033586,47.00079020880861
48042,239,0.8861180324401837,0.6449106970330719,5.001625677163487,2.2253199461875575,0.41699479452061183,0.25491999793198217,36.95066110283512,127.50144098282651,41.69943286409371
48099,239,0.975951012211022,0.7552279313818917,4.201575297996098,1.7636684045974538,0.44337648154255344,0.24050683050163058,43.27137303857813,101.05075604400538,44.33760317840497
48100,239,0.8060330880982444,0.6900151591514193,4.190824178196204,1.7049740408548062,0.4904880024493158,0.2330992958270396,39.53495641942413,97.68781672034599,49.04874000143448
48101,239,0.6342534836187476,0.6203056756240506,4.200955059873026,1.6369725196289262,0.5603579259530725,0.22326260336906828,35.54089722126917,93.79161655363379,56.035705129729784
48102,239,0.4958734509515779,0.5476877048778948,4.205168668954825,1.5676011928203,0.6328266473565972,0.21358699059510816,31.380193980709958,89.81693230827676,63.28253839352218
48844,243,0.2707635744875625,0.558286466387579,4.413044759774378,2.0457138336221603,1.1813796284245126,0.2656006790614776,31.987458283280567,117.21076875807768,118.1375308930966
48845,243,0.3906456788431801,0.626888769171778,4.351289588207588,2.105051256897454,0.9194541684066204,0.27718346471036087,35.91808069769375,120.61055267893333,91.94518382712936
48846,243,0.5511930669443929,0.6992335653156743,4.245336683236404,2.171005152056374,0.7268438930432192,0.29300251429330165,40.06313218647332,124.38943251398776,72.68425875584593
48847,243,0.7242601723034002,0.771582498310144,4.1416250927685425,2.2361507458843186,0.6103941895401873,0.30935199810469827,44.20842069933123,128.1220000942025,61.039335518613
48848,243,0.8885051520642836,0.8367144474750979,4.01466565497418,2.2921678880477865,0.5395602473097981,0.32712947199153186,47.94020649794371,131.33154592055354,53.95596461157112
48902,243,0.9768898049275475,0.7568351340843139,4.723253291461053,2.064985892675752,0.4438930400094822,0.25049466724085445,43.36345897024895,118.31497640437537,44.38925901597064
48903,243,0.8817497218000515,0.6871995983423936,4.871223230391538,2.0148891377245217,0.4465398201791913,0.23699312899708033,39.37363666810452,115.44464377836876,44.65393188193273
48904,243,0.7333789703980348,0.6178771236300763,4.9301357619824,1.9598496446953488,0.4827211085661656,0.2277647478988299,35.40175144168636,112.29111312125744,48.272045693411016
48905,243,0.6149932443537011,0.5501533302296724,5.0446017620126025,1.9015658165361744,0.5125497504904069,0.21597680189214116,31.521463907227275,108.95169575387101,51.25489254025988
49304,245,0.9976163694409796,0.7304301406078038,3.5713452147436064,2.068356710890477,0.4195055849967666,0.33183045212352114,41.85056428597444,118.50811006158492,41.95051686943425
49305,245,0.86780903669965,0.6597463076390971,3.5915967431230778,2.0076126277019704,0.4355875191762406,0.32026905683236684,37.80067897705989,115.02773046449192,43.558702225683916
49306,245,0.7453173089838836,0.5909924393884982,3.5855804889774148,1.9422180507488815,0.45432155725653095,0.3103567113714867,33.86137250110206,111.28089720203646,45.43209537850527
49307,245,0.6646248631934026,0.5251474528082445,3.619058454351936,1.8929547517825296,0.4527175235465843,0.29968655979089,30.08873266795798,108.4583180863733,45.271684919673845
56542,281,0.9129679063607432,0.6402108630663554,3.7004124657349613,1.8199498741633509,0.4017817033302629,0.281794117273952,36.68138045213004,104.27544671492527,40.17812676485179
56543,281,0.7892202909368775,0.5839907132345993,3.6948081493191394,1.801221281862865,0.42396531239068397,0.2793172824401899,33.46020314317729,103.20237741988622,42.39647805681595
56544,281,0.6474159902637331,0.5274783808937591,3.6455140951967984,1.7874182159409595,0.4668139959051838,0.28092476683118367,30.222285009606477,102.41151999822019,46.68132820748968
57486,286,0.3470711924183683,0.5976501847373551,3.54905840905406,1.7580301331286536,0.9866227152256571,0.2838152968807465,34.242833210664415,100.72770688509411,98.66199009509631
57487,286,0.4508043722350029,0.6682307587038516,3.6171050943831626,1.824241163569773,0.8492996901391436,0.28896400980973663,38.2868022145556,104.52131948658246,84.92978250178628
57488,286,0.5417298382342157,0.7343727598347681,3.619368346415188,1.8669549199251887,0.7767055824052539,0.29554504244725516,42.07645972790663,106.96863745289788,77.67041629945939
57489,286,0.6226607977061271,0.8025722467035327,3.537645635205123,1.8998073473332404,0.7385080596263811,0.30769317734712703,45.984002490444716,108.85094289013915,73.85068854368262
57490,286,0.722438472008819,0.8679099632101668,3.462651539483942,1.9237106851377597,0.6883295827628694,0.3183124310589103,49.72757788929711,110.2205032626136,68.83286395055954
57491,286,0.8311017677016779,0.9316249622540481,3.3874214861633267,1.9414246067662324,0.6422580225228632,0.32837790141126066,53.37817842619158,111.2354362105506,64.22572574725385
57492,286,0.9504808014924006,0.9978903885182324,3.2967761692382234,1.956229157328663,0.6015366853013197,0.3399796297401808,57.174907678764704,112.08367447536591,60.1536058754533
57544,286,0.8952033365022525,0.7479675395712377,3.5122724502343203,2.0432627375570354,0.4787223304924104,0.33331790919931814,42.85538323021631,117.07033129836489,47.87218010768481
57545,286,0.7645724902039928,0.6802268720282698,3.563531251972296,2.046026248387216,0.509750597467302,0.3289677013825067,38.97412887860541,117.22866880557294,50.974993742206365
57546,286,0.6515917685163959,0.6147876012737676,3.537068161400949,1.9899189784038205,0.5405951396465051,0.3223402928939452,35.22473484995856,114.01395903552333,54.05943182911829
57547,286,0.538830715540523,0.5440403674496052,3.577585530432741,1.9274004867547636,0.5784973918912986,0.3086772128141784,31.171216939608865,110.43191332250848,57.84963290132209
62113,309,0.6818730262941817,0.5862423906482772,3.5290503147548677,1.9812402619900493,0.4926021849808783,0.3216636056934335,33.58921475580596,113.51670521342332,49.26014697810843
62114,309,0.8543103923296477,0.652831461056449,3.3937230604378916,1.9638279634574412,0.4378325178985781,0.3315504879464568,37.40448745189369,112.51905399588304,43.783201052597754
62167,309,0.9454188852420268,0.7512065262593864,3.2078187561893174,1.981691282683427,0.4552581264660236,0.3539556161725064,43.04096349734629,113.54254679562692,45.52576497407587
62168,309,0.8314135780961828,0.6806058405325441,3.207450417265742,1.9771047294018045,0.46903060922739526,0.35317695228308105,38.99584217446872,113.27975665007808,46.90300507330948
62169,309,0.7106542233185621,0.6177681231282398,3.1753321073840133,1.9155630194174744,0.49806930731530197,0.3456447147783018,35.39550617296632,109.75367640395784,49.80686134646159
62170,309,0.6119469395472967,0.5511427053407061,3.135780390545614,1.8673828158920318,0.5160275894635236,0.3412010422262102,31.578150925444795,106.99315408586865,51.602675464199606
63114,314,0.17365717960949517,0.7135547114259431,4.4292001651504815,1.938424219260344,2.3542747356626856,0.2507530079418595,40.88367341638192,111.06352666955942,235.4261314285164
63115,314,0.27469261821314606,0.7775688823887883,4.499744958503911,1.9977620672990017,1.621864246280845,0.25437738300448676,44.55141524158186,114.46333492756314,162.18584010573042
63116,314,0.41990645976655194,0.8444927485646998,4.52441082162461,2.0582784716566476,1.1523011386097517,0.2606542020106897,48.38587032215991,117.93066948856334,115.22984218727645
63117,314,0.5941715014459548,0.9119843134316424,4.501954565259531,2.1129644493386173,0.8794237208480168,0.26891418645935067,52.25285214176915,121.06394520828682,87.94222555673421
63118,314,0.7630645048771741,0.9761182490668798,4.441619591564004,2.1656430439344474,0.7329322080484142,0.2793625242144017,55.92745597723192,124.08220634930855,73.29312571433066
63119,314,0.9448870394675191,1.0459698211147463,4.381357016667794,2.218477792497432,0.6342520651722487,0.29011425839056654,59.92965624792867,127.10941445360247,63.425140063897246
63175,314,0.858167740048684,0.5621120972183352,4.413358803716347,1.9360942754598183,0.3752955151487683,0.2513505821881634,32.20665078385803,110.93003072328662,37.52950822006281
63976,318,0.9205485426499064,0.6885563616730536,3.674163672766991,2.034291071358415,0.4285637445975453,0.31723217241700535,39.451373480749446,116.55629268998375,42.856328370099654
63977,318,0.7890211138645604,0.6249377476516009,3.7266000603478164,1.9753691572763272,0.453806549861075,0.30370931561133196,35.806295398848405,113.18031569224769,45.380598046197136
63978,318,0.6801589097388137,0.5579433635594708,3.7980874977588455,1.9220204842831774,0.470004862269054,0.2899450359217705,31.96779993929097,110.12366188711664,47.00041781581457
64984,323,0.9214018332322932,0.5819619464894101,5.495336463829282,1.9106519029859466,0.3618829679577183,0.19920944000622956,33.343963371061456,109.47229015973394,36.18825791330638
66129,329,0.2651003002695318,0.5949043200339277,2.9820808905859875,1.847738889634611,1.2857588403947469,0.35501263563120944,34.08550675204408,105.86764001825222,128.57540388292674
66130,329,0.3686994507567253,0.6643676781811351,3.0617179944244444,1.9139709252147474,1.032425269257474,0.35817294723773624,38.06546400468475,109.66245612555434,103.24224970856079
66131,329,0.5051548232829713,0.7363063334080421,3.105938656986347,1.9648234997367569,0.8351349438519841,0.362454336975917,42.18724533303326,112.57609402303999,83.51333071617661
66132,329,0.6683956187627206,0.8057462107988301,3.1660994416973947,1.9891761105819996,0.6906965762611254,0.3599741498438878,46.165857237431325,113.97139584459691,69.06955532313982
66133,329,0.8099208592182696,0.8745094682967384,3.166052876732659,2.011477960108276,0.6186493468923018,0.36401539020633555,50.10570167763278,115.24919769778839,61.86485906923715
66134,329,0.9247239206956265,0.9468658306885173,3.1468400328024035,2.025340071898578,0.5866768887746858,0.36876179475321946,54.251415863600826,116.04343819851123,58.66762606850702
66190,329,0.8787176117114756,0.6280355468492193,3.161747114273361,1.9120267616688005,0.4095034096228256,0.3464890120991749,35.98378621865095,109.55106375968839,40.950294825968825
66191,329,0.7439179281681247,0.5594304080727046,3.133094974431935,1.9117739123633113,0.43086743401801675,0.3496114133338069,32.05300131384735,109.53657656163105,43.08668606238692
70955,353,0.34916246794985917,0.5582024076113375,3.683776597238023,1.9374032419752387,0.9159816443611021,0.3013348550018948,31.9826420701709,111.00502898014416,91.59790472342226
70956,353,0.532914179061716,0.6338305242186749,3.666237391388656,1.9658138662138618,0.6814570658783661,0.3072164333921408,36.315813964294584,112.63283784234933,68.14557999311351
70957,353,0.710842139097366,0.7030664701128524,3.6342610363005226,1.9885575749326403,0.5666903897831392,0.31350515252169564,40.28274145462707,113.93595636241024,56.66896005464496
70958,353,0.8883874056604661,0.7731780821577052,3.573769472019131,2.004380743879941,0.49865452998027093,0.3213485305625492,44.29984091965573,114.84255716161303,49.865397429091075
71014,353,0.8734190438646143,0.7678008511288134,3.7984938549110927,1.963976131805543,0.5036728713620718,0.29624253037860443,43.99174827623344,112.5275434168867,50.36723004613395
71015,353,0.7652913753541964,0.7025912615366019,3.856314727066551,1.9157747386904513,0.5260155122507777,0.28463912960651766,40.255514008819496,109.76580702474101,52.60148317848879
71016,353,0.6330422917050604,0.6333818781972418,3.8827907365477254,1.85817316971462,0.5732651410976164,0.2741983464438689,36.29010844077113,106.46548022909417,57.326424458311706
71017,353,0.48767880954304227,0.5673705359422774,3.9071062627896884,1.806015941928297,0.666584970001941,0.26484329829081504,32.50793712956808,103.47709120583539,66.65836168208016
73827,367,0.9912328927577431,0.5922376044203241,4.747684360549746,1.8870169645810937,0.3423283782027169,0.2277280870033173,33.93271520222296,108.11810794008422,34.23280363004707
73828,367,0.8342023508888556,0.524772302054006,4.789344838756492,1.846943853942979,0.36043098800417994,0.22095315992130982,30.06723811305897,105.82208782855945,36.043056025874144
75576,376,0.2646128704275628,0.7956493854560449,3.1485636847173084,2.066664470313533,1.722794131757635,0.3760798995976377,45.587351758809,118.41115181860525,172.2787686267126
75577,376,0.44534677041796994,0.86394325835571,3.271225204847448,2.133444719039824,1.1115001751243225,0.3736746026248642,49.50030244256268,122.23737822545561,111.14977042796333
75578,376,0.6264069595440981,0.9306723222166136,3.386713066358078,2.135669948162864,0.8512612209832302,0.36130865444982185,53.3235961726514,122.3648744626554,85.12598756162117
75579,376,0.8138882172696907,0.9912207507877409,3.4920404490942802,2.1279863985652274,0.6977956392912343,0.34915013421881885,56.79276558592632,121.92463949903139,69.7794790505345
75580,376,0.9968435998057851,1.0596883928775367,3.5793088261503185,2.1254620837393743,0.6090792167761714,0.3402333033779971,60.7156725108839,121.7800069133477,60.90786118790543
75635,376,0.9144072307067619,0.8543023772213242,4.790537084528145,1.925838074338719,0.5352967306442405,0.23033407634239125,48.947920642775074,110.34239368521028,53.52961510959102
75636,376,0.7856304677827801,0.787851132343473,4.872552508922953,1.8605434170642976,0.5745773114006512,0.21877914088075606,45.140544767883874,106.60128539863277,57.457658735692114
75637,376,0.6549346512416154,0.7258179664547529,4.950921109189956,1.809057424221653,0.6349687783173149,0.2093577191180686,41.58630617262531,103.65135530470846,63.496781849921774
75638,376,0.5480801101453466,0.6598662798569003,5.100811545432441,1.7694359228917573,0.6898179935585432,0.1987550596582243,37.80755287879883,101.38121050053346,68.98167475389286
75639,376,0.44465175754301645,0.5927172755043776,5.246582536303076,1.7295453810308756,0.7637481915015286,0.18887656857556018,33.96019833089369,99.095650809415,76.37464910494415
81064,403,0.8840228979378564,0.7127091061702301,3.801464294201285,1.9054687680409765,0.46192495055757143,0.2871928016845575,40.835223804095484,109.1753184027404,46.19244332574146
81065,403,0.7045330421788418,0.645642871264215,3.712911844698622,1.8853361853443298,0.5250656655744448,0.2909355530399269,36.99261159614786,108.02180638352442,52.506492776054536
81066,403,0.517564811575371,0.5776802214337776,3.6210039006184704,1.8666508382370948,0.6395071151781955,0.2953634337204445,33.0986385963383,106.95121485554289,63.95058919288426
81204,404,0.1911920262252194,0.5876124996211545,3.0636567829522527,1.8322693032971933,1.7609371646507865,0.34266664024445476,33.66771621742484,104.98129801030495,176.09280464950285
81205,404,0.2906301308257828,0.6591490963092077,3.1419324163411715,1.8906551908233693,1.2994681549914948,0.34477687056697237,37.76646128837983,108.32656294868035,129.94637285094805
81206,404,0.4327108764695955,0.7486135162643408,3.201241256317928,1.9513430223286963,0.9912483440928815,0.34925115060238315,42.89239496839494,111.80371956173666,99.12460762192363
81207,404,0.5832056036275368,0.8187216365976437,3.255348158351216,1.988366560395101,0.8043354397999166,0.34996260351864256,46.90929437308851,113.92501203558359,80.43340744311425
81208,404,0.765123083801959,0.8952055821396185,3.330053138297286,2.006875108049232,0.670369278729785,0.34529621174327546,51.29150165315209,114.98547370108207,67.03684113337638
81209,404,0.9499461819421434,0.9636735587098081,3.3862347183122283,2.0115354447700144,0.581237423874924,0.34035588366828023,55.214427742424554,115.25249132629273,58.12368181306673
81264,404,0.891332622276838,0.6080995988065501,4.872291440179621,1.7763409405867372,0.390892684431557,0.20888906156910392,34.84154053521391,101.77683887191895,39.08922502689181
81265,404,0.7531422444898924,0.5381738309820268,4.95512088421076,1.7343629594923526,0.40941918974579145,0.2005433971123291,30.835089159657038,99.37167772273077,40.94186515679603
90852,452,0.37181093603037374,0.5470260126907315,4.477760315504036,1.7994434108159245,0.842962859100128,0.23025018182672066,31.342281811048725,103.10051291237802,84.29606145965239
90853,452,0.5367729733126039,0.6150878311715755,4.612633967739175,1.8606626873888246,0.6565519847608001,0.23112200013993298,35.24193675598659,106.6081190848493,65.65507738480188
90854,452,0.6844930910117808,0.6859255900758353,4.6310556151909505,1.893967050187206,0.5741568660556822,0.2343230729561679,39.30064137136595,108.51631851256907,57.415603563902124
90855,452,0.8425652398351083,0.7602754931919579,4.5701201779735685,1.8978626939940302,0.5169994494272251,0.23793580472421327,43.560577027126335,108.73952246118638,51.699884196227956
90910,452,0.9038606828735244,0.80927803502123,3.366763642756491,2.000524201928335,0.5130017957960379,0.3404503713541817,46.36821585935691,114.62159358427085,51.30012339050014
90911,452,0.8017470029859199,0.7453269128241005,3.400521147849477,1.9920327220243568,0.5326379240665278,0.33563992789897207,42.70408646233599,114.13506762395275,53.26372663641788
90912,452,0.7059247816838692,0.6766693597107789,3.4272883062991375,1.9781289738681371,0.5492128749971666,0.33069421383717706,38.77029843724738,113.33844153518857,54.921210477349675
90913,452,0.6380998979262757,0.6054842661415669,3.4789166607809507,1.9693763532893884,0.5436718071975627,0.3243450878374077,34.69169301148767,112.83695331634692,54.36709637022928
90914,452,0.5340571973946072,0.5340723962785078,3.4508126473695087,1.9519532574435883,0.5729740903690668,0.3240937557693533,30.600094261196908,111.83868345833065,57.29730282294867
94269,469,0.40974701576158795,0.6363714056189028,3.4088035712602904,1.9281601446067556,0.8898513827403854,0.32408860140441714,36.46139574477093,110.47543851130159,88.98492327534787
94270,469,0.5761316164899685,0.6994931248838288,3.542173415686644,1.9899941477493033,0.6956397116824248,0.32188787001490765,40.07800385426081,114.01826592176825,69.56385163268853
94271,469,0.7429197850567815,0.7652063336209443,3.6241541972785987,2.029962110993864,0.5901457151213584,0.3209252556026092,43.84309337315973,116.30826153141558,59.01449287060773
94272,469,0.9241528316176666,0.8352288736858313,3.6377749204118177,2.0546437256807475,0.5178265675826565,0.32361104283935244,47.855089389663476,117.7224138845421,51.78260128608296
94330,469,0.8916691495431461,0.6641089754129609,5.045809533733471,1.7956362166414457,0.4267349725027561,0.20389667081700702,38.05064142792001,102.88237675439359,42.6734498709142
94331,469,0.755682841607543,0.596286553628462,5.134962600189771,1.7368571620385937,0.4521037209013607,0.19379807129346058,34.1647029033121,99.51458500188116,45.21031286130795
94332,469,0.6192137645533662,0.5241681008455403,5.223016904779234,1.6893481810584725,0.48501214230092765,0.18531917947434814,30.03261993383718,96.79252090275291,48.50113668639575
95479,475,0.8372560184784007,0.5531134808054277,3.6328646299535463,1.9558224086770029,0.37851107622999736,0.3084628264479903,31.691068041941275,112.06036949430315,37.85106286661583
95534,475,0.8858974151690123,0.6714143633489271,3.8636816244818166,1.8678555213971269,0.43423999473773706,0.27699031193758383,38.46920932435667,107.0202381162632,43.423950947036616
95535,475,0.7669777277189644,0.60539274034177,3.910807262945863,1.833649396240821,0.45224844560159255,0.2686411376957796,34.68644896944276,105.06037151131059,45.22478618488169
95536,475,0.6648124211868676,0.5401008481285556,3.9623497072633103,1.8023061383692531,0.46547714298838416,0.2606143891569511,30.945499109202483,103.26453511907957,46.54764498279321
99294,494,0.23963704053961107,0.5240991817845566,3.4252009775043373,1.9189904210894473,1.2530896660135276,0.3210032125284699,30.028671162514808,109.95005205445797,125.30844892111863
99295,494,0.35779022087670154,0.5999238421749628,3.502615481263877,1.98661516543702,0.9607054977904977,0.32497048214433844,34.373104185897866,113.82466449622507,96.07028395406937
99296,494,0.46819903554386544,0.6703399547819873,3.50055700874667,2.052187726291826,0.8203273930937546,0.33589424441704663,38.40765024799832,117.58169548507021,82.03256585272072
99297,494,0.5481985994248356,0.7364774864811603,3.4075972502741325,2.096110646933448,0.7697402174377339,0.3524427456901453,42.19705168177363,120.09829346172319,76.97388273549682
99298,494,0.6569879283513242,0.8105453546986763,3.289661009318722,2.141180126159587,0.7068748940004775,0.3729277384076498,46.44082792816846,122.68058440623349,70.68738288285776
99299,494,0.7651059071964728,0.8885504846455241,3.186538821617093,2.1692407299840926,0.6654005871636605,0.3900418138412985,50.91019265449239,124.2883385759663,66.53997261773392
99300,494,0.8677323247816217,0.9602839815185421,3.058493339531055,2.165362825724781,0.6340690218588881,0.4056446650360526,55.02021927503121,124.06615102855196,63.406829844731256
99301,494,0.9832894448491775,1.0311340534540052,2.9241582611552333,2.14482098152142,0.6008366008989031,0.42025492007221227,59.079629375131525,122.88919005228409,60.083599596244916
99354,494,0.9206265887432945,0.5924181268552668,5.353386846250906,1.940940740511377,0.3686951737239259,0.20773337646325035,33.9430583758526,111.20771271629859,36.869477724632034
99355,494,0.7689578971146735,0.5259804930072358,5.476793816124732,1.9097945910250673,0.39191303030623126,0.1997942104022475,30.136462355524923,109.42316980264948,39.19125257358291
100357,499,0.8769047844706852,0.6991678910094166,4.3755760499018095,2.1691690531673506,0.45682689362056494,0.2840408442121038,40.0593693259023,124.28423179687807,45.68263778768753
100358,499,0.6942768170558907,0.6286106792338954,4.4722043362529655,2.131771130056763,0.518766253940588,0.2731124948313751,36.016738876954186,122.14148864008665,51.87655142099228
100359,499,0.5536744750984842,0.5614348115410909,4.560798891926643,2.0675709426934628,0.5809883973126456,0.2597419693514165,32.16784517302727,118.46308886022041,58.098735847574716
103314,514,0.23382248373242875,0.628745302732802,3.321150159818286,1.8655975625108865,1.54067522162726,0.3218489412889632,36.024452235264825,106.89086660176757,154.0668698465236
103315,514,0.32130727939626663,0.6958079172387052,3.371938279838913,1.9293744424501642,1.2407703878886573,0.32783818430461786,39.866857009565884,110.54501265280075,124.07665648851348
103316,514,0.4607407794136712,0.767188200255464,3.387708496998409,1.9906208830175216,0.9540428583024697,0.33667056941851203,43.95664596687551,114.05417520750916,95.40408083420105
103317,514,0.6178465426870169,0.8365288648929087,3.372191471760629,2.0312531261269324,0.7757520567329743,0.345123436433878,47.92957339923313,116.38223124982792,77.57508137167233
103318,514,0.7644777134926801,0.903835541414107,3.336019406267757,2.0399432074349284,0.6774031512697952,0.3503580814381583,51.78596189695006,116.88013623240161,67.74022740326558
103319,514,0.9126365811229397,0.9762302966539472,3.2859609303403468,2.044863127489633,0.6128822400409404,0.3565533158009565,55.93387583107551,117.16202688707796,61.28815752059279
103372,514,0.9477244256163493,0.8018786554722013,4.300687041432807,2.0781231163680087,0.4847850378607412,0.27685735430759284,45.944262640182146,119.06768387646095,48.4784531451211
103373,514,0.850892846804698,0.7377509063585178,4.331886227180034,2.0200213838727934,0.49677245411400067,0.2671785302871445,42.27001326629428,115.738699822087,49.677187612800225
103374,514,0.7514086434071021,0.66881408488637,4.4989501831405505,1.9625227172842012,0.5099784806727804,0.24993446042228268,38.320224342893376,112.44426889893079,50.99778087640548
103375,514,0.6178483732683417,0.6034985491705234,4.616223617786386,1.9108666932864846,0.5596505671314773,0.23717351143565846,34.57791980973938,109.48459673743513,55.96496703853034
103376,514,0.473915411266593,0.5403214495626497,4.7291037621964005,1.88224842549619,0.6532418497290393,0.22804509262436468,30.95813864033061,107.84489077607606,65.32404851225057
104322,519,0.7569205056319805,0.534213101974985,3.49714151183365,2.1317708461733162,0.404377414426436,0.3492608795274635,30.6081561037585,122.14147237476327,40.43768855292685
104323,519,0.9432073368327839,0.5989578422872011,3.627276210710086,2.127018502803771,0.3638410640518793,0.3359798806086896,34.31775646931901,121.86918315689134,36.384068216100815
104378,519,0.9354603661108172,0.9692406106363648,4.023005225311769,1.8623094981843606,0.5936477668143134,0.26523076196002277,55.53339632214643,106.70247439309011,59.36471385560972
104379,519,0.7803897390635127,0.9020967185068028,3.962397472917599,1.8333477328126313,0.6623143723385112,0.2650998238387139,51.68633468304087,105.04308747004188,66.23135321296314
104380,519,0.6602959556484977,0.8294547244226245,3.9258264668723095,1.7978612161572265,0.7197417140043869,0.2623902519454554,47.52425500660315,103.00985983606648,71.97406348773504
104381,519,0.5229639626230813,0.7668494570278749,3.909114455302373,1.777997979849022,0.8401580167982842,0.2606006581090367,43.937237409596015,101.87178022813535,84.01564263352587
104382,519,0.3768643669753253,0.6989267036542076,3.8712305074977764,1.7619983566109556,1.0625984506622348,0.26078289289796264,40.04555030837691,100.95506934279472,106.25956592874938
104383,519,0.2374584505567276,0.6312317026276089,3.8342634821634025,1.7459321584874319,1.5230837583392374,0.26089637345464073,36.16691245541902,100.0345439974958,152.30774084006808
104384,519,0.13996576496727534,0.5622280647912784,3.838967105363591,1.7218984057783726,2.301512297837073,0.2569897278009418,32.21329523634805,98.6575114014056,230.14960189927675
106933,532,0.3752400563544069,0.5558828186889282,4.605567905946879,1.7437679996035196,0.8487830130759569,0.21693426011873462,31.849739414711546,99.91054682725188,84.87807737282931
106934,532,0.5248811314434867,0.6227360899175945,4.605292201531864,1.782368902550862,0.6797757984718745,0.2217496978710927,35.680149702757504,102.1222156515287,67.97745163210826
106935,532,0.6767579659662892,0.6888526964609789,4.512173616848,1.8210600782853632,0.5831974445083817,0.23123901107148032,39.468352213420474,104.33905672551461,58.319659137528845
106936,532,0.811627327117444,0.7565751344502595,4.36989984688098,1.8673694773114158,0.5340944064612015,0.24483945478297658,43.34856208854268,106.99238984149466,53.409375498879136
106937,532,0.9432600570021487,0.8253236860916532,4.215078297290946,1.8974928048954758,0.501320532899481,0.25792718770822837,47.28756394523173,108.71832937695132,50.132000673832565
106991,532,0.8823212799668838,0.8323141086915101,4.326649040405757,2.201782975201886,0.5404843586966634,0.2915717693141646,47.6880856572164,126.15287188282566,54.04837522521394
106992,532,0.7457468394332614,0.757816376862528,4.421025446698378,2.1650499362592392,0.5822308209966368,0.28058699276380444,43.41968004011831,124.0482237827223,58.22300480698078
106993,532,0.6297798180377134,0.6919161062792227,4.523890684512384,2.122701290717777,0.6294878130734725,0.2688434211565544,39.64387266692478,121.62182512510103,62.9486823534069
106994,532,0.5484199997216497,0.6221309354102943,4.641306653297191,2.0740913740668816,0.6499667457726009,0.2560414354825248,35.64547690353588,118.836682058522,64.99655724639956
106995,532,0.4730298379837401,0.5566152490900228,4.753361399213732,2.0303450136810826,0.6742006814457423,0.24473249606871353,31.891704585481342,116.33020023935742,67.4199270420031
112218,558,0.939762155938692,0.5852830834611525,4.6937678285199285,1.7984926594188964,0.3568376310322207,0.21953799679716443,33.534250502727154,103.04603886996215,35.68372551191489
112761,561,0.38514695364846663,0.6263673011779542,4.854198590349223,1.6194349602539098,0.9318054189634629,0.19114749118795826,35.8882027824965,92.78678841848524,93.18030238128303
112762,561,0.5396600393857798,0.6956031146693797,4.973936535640379,1.683172139302525,0.7385227557991678,0.19388799774811835,39.855122686710104,96.43865977604055,73.8521400990362
112763,561,0.6939602216918277,0.7591206776303471,4.958118785449649,1.7138678073981146,0.6267565342079272,0.19805372976818067,43.49441096933001,98.19739200725222,62.67556400816425
112764,561,0.8547382997356368,0.8211384654530575,4.877098212407104,1.7405529127325892,0.5504347696882875,0.20447883428019104,47.047768466309144,99.72633591877964,55.04341321483708
112765,561,0.9989799528613682,0.8868984424900626,4.746449480170365,1.7616348047218389,0.5086742427331207,0.21265208776148056,50.81553761140675,100.93423935391431,50.867373863191744
112822,561,0.894747840174606,0.5528704309910368,4.511523355066929,1.5915442911639013,0.35403429365249206,0.20212412396644872,31.67714231336524,91.18877079183179,35.40339019292117
115835,576,0.9478916100508086,0.5755271679023624,4.466081168356908,1.8482662583594278,0.3478802535901197,0.23711583330285935,32.975277715922466,105.89785602043142,34.787989025629116
119597,595,0.5651183395013543,0.5271940254467925,3.254783935596092,2.110584500504933,0.5345073765392102,0.3715379767320087,30.205992642613733,120.92758418465962,53.45064401665437
119598,595,0.7191302769362483,0.5962531658348157,3.3290742325870024,2.1129635392025925,0.4750570313092303,0.3636563327805385,34.16278992364891,121.06389306133381,47.50563773167312
119599,595,0.8935417599895996,0.7285500428406152,3.3814775158341916,2.1083049887544054,0.4671616260236881,0.35723134889741426,41.742842618842566,120.79697778200392,46.716110843233096
119655,595,0.9501012680118182,0.6844552354975416,4.440197350143325,1.9370329735856515,0.41276016743926724,0.2499524349083241,39.21639625964198,110.9838141641337,41.2759737346024
119656,595,0.7673763325350897,0.6140549361602954,4.431654483980294,1.911273934074167,0.4584811165135877,0.24710394292823193,35.18275623116013,109.50792991581491,45.84805250232138
119657,595,0.5732993386172047,0.5477729453765167,4.398912019321915,1.883560701476401,0.5474465997079055,0.24533356869137993,31.385077901524586,107.92007865129855,54.74456543532681
120399,599,0.22175038266095903,0.6068656059655718,4.0379016276713955,1.750571081281234,1.5680169733290483,0.24839717183628468,34.7708379534765,100.3003346950677,156.8009972981249
120400,599,0.3895106529347322,0.6746924081614643,4.1859027994401,1.808792575827952,0.9924510709389056,0.24758381961429435,38.657027457169804,103.63618060953857,99.24485484814828
120401,599,0.5724317708845807,0.7394629141728988,4.238255566133193,1.830736667743607,0.7401424152775052,0.2474921169271561,42.368104088551725,104.89348446155276,74.01411352302605
120402,599,0.7562908630678247,0.8140709897331615,4.2292799855777234,1.842800478569488,0.6167313873106196,0.24965169016268218,46.64283193574792,105.58468990671997,61.67305799978568
120403,599,0.9404160984691606,0.8844167291197587,4.189804925572287,1.8807138451414778,0.5388396205995964,0.25718850269984894,50.673345909327146,107.75696579842736,53.88390533499949
120459,599,0.9284946502783965,0.5782583627359911,5.344759115996125,1.6905151414187767,0.35683310922847106,0.1812231019638426,33.13176365291732,96.85938280625741,35.68327287584301
121607,605,0.4830304470251593,0.5424684044636291,3.882320689168786,2.102793596929362,0.6434614969495134,0.3103329364752926,31.081150094961654,120.48119829118603,64.3460178139142
121608,605,0.6673322785641205,0.6041830932710703,3.8805574934266938,2.148300636635916,0.5187391932147626,0.3171929793484918,34.617141297591296,123.08855960450582,51.873842365655555
121609,605,0.8522184400386481,0.6709668850205031,3.859996829396267,2.176779168269356,0.4510999580327202,0.32310974454927,38.4435707047144,124.72025927383174,45.109943400224466
121664,605,0.9629061361505777,0.8043224210532625,4.2833251630358715,2.0901250545386634,0.47859576219684546,0.27958499399833797,46.084280094096286,119.75534427961642,47.85952701350601
121665,605,0.8550666635654044,0.7361615857298254,4.4140422387367435,2.0418501066939343,0.49328260831523146,0.26503913401685386,42.17895190197712,116.98939351189928,49.32820371910935
121666,605,0.7455888707560103,0.6673450619121297,4.537086345796102,1.9793107149137796,0.5128302810483326,0.24995369586630314,38.236055526461655,113.40615030958126,51.2829600108317
121667,605,0.6112941635993709,0.5996480175613939,4.609714042757458,1.938789570863121,0.5620420099435067,0.24097906833936458,34.357300599654536,111.08445977443688,56.204109970959195
121668,605,0.48655015360577863,0.5356044460894532,4.67587206736793,1.91384216797813,0.630723747412659,0.23451257233931802,30.6878742493679,109.65507887931439,63.072246406042495
122266,608,0.9269168776028325,0.6997626213920843,4.714573279925379,1.9715905514994123,0.4325462768346573,0.23960560284465252,40.09344486677737,112.9638175287867,43.254581485110464
122267,608,0.7791668624152066,0.6362469017537373,4.837755525933031,1.9078451033087238,0.46786206510250533,0.2259549321423248,36.454262198763885,109.31147238429041,46.786147064338195
122268,608,0.6630223388541641,0.5688166129013338,4.947017474024647,1.853775904988173,0.49154890921092725,0.21470216319602933,32.59079123617312,106.213535518867,49.1548175249705
123213,613,0.3742803786385156,0.6708426296044174,3.857554830042705,1.9282320863280633,1.0269427028652958,0.2863978998340834,38.43645139379105,110.47956046830343,102.6939986531185
123214,613,0.5528905049379632,0.7410828485105059,3.9835828550498107,1.991870844929478,0.7679806099395508,0.28649031943305475,42.46091948918493,114.12579274961637,76.79792348039283
123215,613,0.7356636060197773,0.8135275843602255,4.049332422705704,2.0534627701901673,0.6336006849638853,0.2905534481902833,46.611697101313965,117.65475011913907,63.359983231354306
123216,613,0.9163701194880207,0.8820778274025133,4.05896153328367,2.1039689773380483,0.551516631608994,0.29699355695398694,50.53933671223309,120.54854262792611,55.15160357789273
123273,613,0.9555409246884273,0.6962162495396551,4.623549989441228,1.9857789040095537,0.4174625207454474,0.24608093404334755,39.89025272704918,113.77675024586165,41.74620882286892
123274,613,0.8409985097194701,0.6292662006419365,4.6779669874414695,1.9289684772454905,0.42870821578903573,0.2362602229139104,36.05429748701542,110.52175255994378,42.87077111262758
123275,613,0.7270608399393842,0.5605081868792842,4.713977608377837,1.8960139981055493,0.44170654345355614,0.23044996982093433,32.11475349071301,108.63359998917323,44.17059420061221
123615,615,0.2599387867058157,0.673862656766042,3.435186885277832,1.9025037637542161,1.4853298812436637,0.31732024921472185,38.60948620416701,109.00543617087082,148.5324224254401
123616,615,0.3957150928344637,0.7454880242474957,3.5460628924631292,1.96962476028266,1.0793956854559528,0.3182436101465526,42.71331746692788,112.8511859886629,107.93929850307038
123617,615,0.5791623202811361,0.8127396331403973,3.618850416117447,2.0262237121923463,0.8040327968041595,0.32080371772233096,46.56655082195562,116.09406705795185,80.40314224207326
123618,615,0.7618721269080837,0.8814880217880685,3.66465396894053,2.074085867269136,0.662913642501216,0.32427718203454703,50.50554333979228,118.83636654225253,66.29127810920352
123619,615,0.9489182386911642,0.9476823815903144,3.711942031293124,2.1070339564655205,0.572211577329496,0.32523178339866926,54.2982007840314,120.72415299622595,57.221098034564484
123674,615,0.9948151299402757,0.7800621752976458,3.4794029467562972,1.9724093748735139,0.449272117079285,0.3247992085333071,44.69427040234928,113.01073265228939,44.92716699821959
123675,615,0.837321514058736,0.7112266528154774,3.455295428567188,1.9092275027484815,0.48667428595427603,0.31658849433480263,40.750285483543145,109.39067803778977,48.66737105397433
123676,615,0.6865139980248294,0.6420546769306466,3.416149538695045,1.8425318926978815,0.5358524775131922,0.30903009240379165,36.78702320476163,105.56930106984008,53.585170477850426
123677,615,0.5716974308106954,0.5718061115771068,3.43533993845156,1.7799613811511041,0.5730667054709325,0.2968680723495891,32.76207689315486,101.98427483623514,57.30657131015156
125829,626,0.8883498331636588,0.5877033952650721,3.8012091957564977,2.1784954562972536,0.37905026283652926,0.3283654978664042,33.67292415419744,124.81859533425911,37.9049840413601
125884,626,0.8882062846447515,0.6753814115812016,3.75628455932842,1.9294271968314316,0.43567023425191953,0.2943015450929025,38.69650444519083,110.54803525619819,43.56697486518357
125885,626,0.7530509837665753,0.6112144989250275,3.848957595268175,1.9198002492214687,0.4650416964520028,0.285782445714649,35.02001116560747,109.99645178855377,46.504108508480705
125886,626,0.6171666518036604,0.5477357590533061,3.8828976439189296,1.8542856462718862,0.5085003650461744,0.2736171565991154,31.382947282149008,106.24274154306735,50.84995493596101
126287,628,0.8705688371092299,0.6480041272389453,3.9056494030383733,2.111537859080219,0.4264786377451379,0.3097620774755327,37.127901597849956,120.98220760738613,42.64781527595188
126288,628,0.7280920047337952,0.582800207498947,3.9356309015183535,2.0579254096760855,0.4586232442234251,0.299597302638527,33.3919921890383,117.9104405271706,45.8622620625878
127092,632,0.9155625262037791,0.6401272523400157,4.288065164572302,1.8266945795197609,0.400590767534699,0.24407719007290035,36.67658991038875,104.66188986590684,40.05903343753949
127093,632,0.774662237162181,0.571595241895791,4.3225546836042925,1.7976609740757117,0.42276482519138125,0.2382812806563501,32.7499949503882,102.99838680991478,42.27642849086404
130248,648,0.3053014596508862,0.7928716181666811,4.29468230019316,1.9906629672765828,1.4879783405106544,0.2655763062781876,45.42819741665895,114.0565864579373,148.79735154641784
130249,648,0.4246283342508399,0.8637437228442961,4.392566799800413,2.0525227701324704,1.16546317668001,0.267727042467988,49.488869899895676,117.60089208309098,116.54604594665446
130250,648,0.5945042971398455,0.9438140220251809,4.4203330755938515,2.1092087028198034,0.9096075412383806,0.2733928743462606,54.07656010731019,120.84875678383783,90.960602651434
130251,648,0.755146887488188,1.020645611312437,4.359105525847849,2.167941912723519,0.7744014588587678,0.2849527748458538,58.47868590675251,124.2139218285767,77.4400443617307
130252,648,0.9036676640335846,1.0920186793026492,4.258357838892452,2.1945836057417494,0.6923791043029677,0.29527903210461287,62.568061473491944,125.74037839760446,69.23783457779236
130306,648,0.9968291689574768,0.776739507192539,4.14933052784333,1.9135697544109744,0.44645458301840507,0.2642341209785154,44.50389554320394,109.63947073163428,44.6454139622879
130307,648,0.9110506052922853,0.7061301800192795,4.183682011628475,1.8605260330289828,0.44408376903337965,0.2548001707961657,40.45827910191777,106.60028936677831,44.408328646693796
130308,648,0.8131046620500724,0.6411318517502355,4.3055944199573535,1.822840163273741,0.45177638844551526,0.2425705666930587,36.73414921669568,104.44104808252324,45.17758383833949
130309,648,0.6867412045157802,0.5754362488808421,4.419002567138849,1.8016267393928427,0.48009450638489815,0.23359481381420863,32.970068439711895,103.22560842512574,48.00938142859442
131457,654,0.5445643876588746,0.5775557402359995,3.4280435736571846,2.0116296719993527,0.6076692947857018,0.3362206090328844,33.09150634907688,115.25789014884903,60.76681900651017
131458,654,0.6842379705640458,0.644875655145166,3.372613013058391,2.0560756407199503,0.5399971121172437,0.3492972830487412,36.94865335055194,117.80445657290974,53.999633081544125
131459,654,0.8474792447588452,0.7159907716331954,3.3476932672689874,2.0845246324236517,0.48406198918191373,0.35676644733225943,41.02324938489724,119.43446372893452,48.40614237157896
131515,654,0.8583310406421936,0.536659158489651,5.071604511190533,1.7811694147808441,0.3582336302000704,0.20122525255729637,30.748304818499342,102.05349006472912,35.82332170134746
132661,660,0.18153528439490632,0.5296129986173953,4.054530715466278,1.741550761648874,1.6715531653053626,0.24610371756104818,30.344589596044653,99.78350845027447,167.1544049565007
132662,660,0.27753564723349555,0.6017574159979691,4.045172245197225,1.792051102153505,1.2422965960865604,0.25382593953383403,34.47816022738179,102.6769648251634,124.2292164694734
132663,660,0.4411170233191431,0.6725563437481008,3.9794067293370867,1.824094862813888,0.8735695307788448,0.26263446768987747,38.53463998151599,104.51293707073067,87.35675702290833
132664,660,0.5834254257562137,0.7408955795573139,3.853664853839348,1.8532065383833687,0.727602657801693,0.27553229709142274,42.4501897685332,106.18091321541603,72.76014231530733
132665,660,0.7132460450073876,0.8095831756523986,3.6816951929882142,1.8776084643216158,0.6503463819256649,0.29219974672632554,46.38569912968082,107.57904058366839,65.03454792329406
132666,660,0.869819473146084,0.8787579608576372,3.5363461951158084,1.904679602337712,0.5788456495427684,0.3085956414016683,50.34912237066501,109.13010253860686,57.88449907203898
133868,666,0.686733764221215,0.5652340813989217,3.7405155003688115,2.0060476032843915,0.47158780471863054,0.307278664804138,32.38552730111225,114.93806117052974,47.15871248754786
133869,666,0.8718956855071748,0.6295587923097656,3.856828207176937,2.0596299202682706,0.4137084509141941,0.3059718897115308,36.07106175470272,118.00810179023816,41.37079811666045
133924,666,0.8806358329087793,0.7767852492678857,4.0893210638455715,2.192362550108385,0.5053906984305848,0.30717353569310996,44.50651637106747,125.61312128374894,50.53901302772067
133925,666,0.7751896158349448,0.7065405402903099,4.247469556969188,2.2134219639289845,0.5222179150027367,0.29857715238483007,40.481791013527655,126.81973681468875,52.22172480754994
133926,666,0.6796413601217937,0.6407772496770626,4.329562066081327,2.171198157691886,0.5401941910616339,0.2873281147984355,36.71383201449628,124.40049092232485,54.019340418859514
133927,666,0.5689180321579772,0.5744926324154588,4.477663519693605,2.134622775490221,0.578571969240277,0.27314440908082377,32.916003198766376,122.30487588809154,57.8570962442794
136683,680,0.9415191813505224,0.5882961992396477,4.560948988066462,2.286909324913945,0.35800533467267703,0.2872872564508602,33.7068893200192,131.03025244668135,35.80049582332885
136741,680,0.889435016256246,0.5645384840272687,3.7781585756624567,1.87757698783724,0.36366537805041815,0.2847345728742017,32.34567250747613,107.57723711395975,36.36649732672548
138147,687,0.9869205433753172,0.6577737705719202,3.093080813636563,1.8478848805782997,0.38187127423057377,0.3422995088718482,37.687660928177536,105.87600468317272,38.18708911681469
138148,687,0.8562271794325989,0.5875174104695811,3.0045875875280204,1.8053563279814133,0.3931464502157351,0.3442712011314768,33.6622680103622,103.43929811057099,39.31459956465033
139294,693,0.47874891667789127,0.5789858937339892,4.261697873966022,2.2277906581104507,0.6929195296324311,0.2995120860834316,33.17344810856756,127.64300234840096,69.29180967541987
139295,693,0.5776373230326586,0.6431794697960302,4.207877568931758,2.293027094420801,0.6379689639397153,0.31222575361332466,36.85146908877454,131.380774819458,63.79678705405256
139296,693,0.6814570321721618,0.7105931477581803,4.093966382167754,2.275949249419378,0.59745495017093,0.3185230993277644,40.71398831745982,130.4022863776979,59.74540822078673
139297,693,0.8069991770008554,0.7798389950465743,3.956831054124322,2.2541444117174736,0.5536744501806401,0.3264050425993954,44.68148311589222,129.15296120441104,55.36737709519097
139298,693,0.9175606963188365,0.8436443041081801,3.7805134090336514,2.2290471072189635,0.5268017440456272,0.33782446303850794,48.33725803565006,127.71499157949171,52.68011756547182
139352,693,0.9913190522395268,0.7330671281486267,4.237652586157869,1.683967044322884,0.42369459180785496,0.2276831389300287,42.001652542692185,96.48420447882089,42.36941686774593
139353,693,0.8659183140377595,0.6683752702216864,4.228500497134153,1.6294959272422163,0.44224820114730184,0.22079514761135072,38.29508211461856,93.36323936473566,44.22476955277689
139354,693,0.7540239445514372,0.607472426801408,4.2507245740348685,1.585971594957822,0.4615981497165576,0.21377409197483183,34.805606226290514,90.86947881871487,46.159754365946156
139355,693,0.660349730305581,0.5390226319008665,4.279435276976515,1.5229177345154938,0.4676873478539077,0.20389783436826026,30.883721869953384,87.25675873336257,46.76866466954881
141505,704,0.3988909280148073,0.5823846145962364,3.4012261537170643,2.026171041735972,0.8365239038967267,0.3413211697049434,33.36818046971738,116.09104926309658,83.65218277487611
141506,704,0.5494095631080296,0.6663996138595761,3.450859449611251,2.092831677804919,0.6949621414003616,0.3474798779055843,38.181885343301474,119.9104223695048,69.49608891264407
141507,704,0.6790400869954478,0.7328794554722309,3.43210147562751,2.157145378131579,0.6183861582872958,0.3601155923875425,41.990899690404774,123.59532596309154,61.838525671843875
141508,704,0.7920050517755676,0.8023388280732563,3.3664239563039824,2.148632276396905,0.5804335200208224,0.36569238573443785,45.970628588070156,123.10756116312922,58.043279448446626
141509,704,0.9263992719583227,0.8762133770836275,3.3009585192066138,2.1407772172618995,0.5419189051363638,0.3715814613894846,50.20332845979678,122.65749942686773,54.19183260133514
141564,704,0.9228268440507782,0.6373194321189977,3.9626807686609213,1.8946230120315621,0.3956940947460082,0.27394056806779954,36.51571366209293,108.5539023577723,39.56936702495473
141565,704,0.7176632090733447,0.5655780645705636,3.889450191831352,1.8743651792851002,0.4515382037679578,0.2761141253042702,32.40523608507085,107.39321403931811,45.15375808821902
144721,720,0.20332064352521545,0.5614601921246696,3.2640418666093116,1.87613705991896,1.5821953557393191,0.32933013541206413,32.16929937334791,107.49473532143925,158.2187651820666
144722,720,0.3333404032282022,0.6307722858853055,3.312446512517179,1.9232581863988103,1.0841946664986533,0.33266824459070293,36.14058981504739,110.19457699463682,108.41914465184485
144723,720,0.46763152626104104,0.6972924156905899,3.312715474443886,1.9439207366047349,0.8543459841264994,0.33621497058359917,39.951912505552585,111.37845391541346,85.4344175435964
144724,720,0.6108072015983458,0.7657630516187246,3.299041986148087,1.9663597701250084,0.7183116068652905,0.34150555210883243,43.87499096481152,112.66411583247772,71.83104426234074
144725,720,0.7898209949721824,0.8316480805659285,3.2873836449684575,1.9718894998113918,0.6033003016710324,0.3436804397156369,47.64992505658356,112.98094600535569,60.32995454660869
144726,720,0.9651478398297177,0.8935444547211332,3.237136168506999,1.9928027635950372,0.5304506047635298,0.35271666516254807,51.19632606283942,114.17918775600236,53.04500606546037
144778,720,0.8645419433749428,0.7185516941419485,3.3295054766122743,1.8984329416994798,0.47620568643999467,0.32669174351972574,41.16997943630885,108.77219524798566,47.620514113032186
144779,720,0.7681479416875927,0.6506911789424938,3.3178094966258085,1.8568327613390743,0.48534736358913483,0.3206593997451892,37.281858319796726,106.3886804863514,48.534673806735924
144780,720,0.6230622426645933,0.5814667791826044,3.2479493681852,1.8361339034345345,0.5347072821656406,0.3239050583555048,33.31559237422863,105.20272328768029,53.47064325565268
144921,721,0.24793230069191752,0.7370354389915899,3.4773203364637966,1.8326307481725652,1.7032479505369535,0.3019624216761348,42.22902000578997,105.0020072761904,170.3241149451878
144922,721,0.42531297458914447,0.8074810559546923,3.6094746118255134,1.886951158415905,1.087793183357981,0.2995292912459196,46.26525654297094,108.11433752455297,108.77906513103272
144923,721,0.6121741642323845,0.8817012115497126,3.7395468067981676,1.9298253532410885,0.8252187096379059,0.2956798065513439,50.51775821336989,110.57084793805761,82.52173751072515
144924,721,0.7954309432239841,0.9502503258508163,3.8109950908891617,1.9517905472733617,0.6844759175074725,0.2934387420918,54.445333152183,111.82936085229281,68.44750656040958
144925,721,0.9824515624901793,1.0224218604943827,3.8579856215425883,1.9750319887854997,0.5962681431692364,0.2933162747822154,58.580457488241564,113.16099736073846,59.626754232041755
144982,721,0.8754278264226326,0.5965975984673846,4.828148573170212,2.0417456727170697,0.39046650149378276,0.2422945521883145,34.182524459821686,116.98340988578717,39.04660599252339
144983,721,0.7467857548712836,0.5307625020446531,4.908947167499226,1.9828765672174367,0.40721787588176533,0.23143548807714934,30.410451290962353,113.61045859694781,40.72173360413162
146532,729,0.8901493889266152,0.5410446584971332,4.746092319942042,1.797726578476802,0.34825137777280357,0.21702516197461455,30.99957545998267,103.00214566521473,34.82509904575046
146590,729,0.9617094135709432,0.6133992067873189,5.346649483915212,1.3405288032711318,0.36544495503732816,0.14365378323484485,35.14518570558581,76.80664274315887,36.54445788424774
146591,729,0.7671902807124986,0.5524941655110117,5.38503421171877,1.30528247711622,0.4126171078101683,0.13887966897129697,31.65558388938334,74.78717701114086,41.261657536024735
151557,754,0.827658985042291,0.5530616323834108,4.796523602800428,1.8554398203893627,0.3828641691324351,0.22163733451685033,31.688097346185295,106.308870848822,38.28637111719993
152016,756,0.8408023256653082,0.553089186326593,3.703826096760966,1.9561037979474034,0.37689804995324183,0.3025965277022938,31.689676070838576,112.07649191189736,37.68976061763703
157785,785,0.3021541162385865,0.58508115644799,3.8530574941222153,1.7615516915418032,1.109456334567251,0.2619464599516005,33.52268093710326,100.92947731947636,110.9452699474836
157786,785,0.4410280813260674,0.6495515334884495,3.9414143205858787,1.822333446804803,0.843859204823831,0.26491002114949636,37.216561445138716,104.41201536744332,84.3857310570939
157787,785,0.6021254302419295,0.7194205106215587,4.0099902374969085,1.864911074068421,0.6845709581246083,0.26646332563533787,41.219758953761925,106.85153371132978,68.4569832571544
157788,785,0.7788251977674646,0.7878484475969837,4.0106654422446075,1.8867483938358198,0.5795959156565799,0.2695381134554083,45.14039094324097,108.10271996987935,57.959517890689405
157789,785,0.9513982786160525,0.859107688542904,3.975644549038662,1.9051262101822228,0.5173778982969416,0.274560991713981,49.223244700748026,109.15569128319477,51.73773599276881
157844,785,0.939862085450191,0.6048037486064378,3.7173441835166705,1.9395939682076957,0.3686998592303225,0.29895146255531735,34.652702228840134,111.13054834733254,36.86994708622013
157845,785,0.7979083609780447,0.5337469738356674,3.6752908641260578,1.9117361582437957,0.38327018541211416,0.29802923676338844,30.581448928663317,109.53441340992357,38.32697098725327
160602,799,0.9348926467857704,0.5629001472285765,3.72333494968059,2.095298393765888,0.34497867203678934,0.3224307135494052,32.251802723490094,120.05175478332586,34.49783067237011
160657,799,0.9647516216227641,0.8066394341027898,2.899199252742796,1.8596010799212115,0.47905630473173094,0.3675059345753839,46.217035162910946,106.54729345745551,47.905581313862086
160658,799,0.8483411396342121,0.7396203326427248,2.826251725061687,1.801178832012205,0.4995292698080524,0.3651477465447711,42.377123502490164,103.19994522260245,49.952868686639
160659,799,0.7439962291554353,0.6698464569734709,2.7804193901662586,1.7439082272685376,0.5158544208494739,0.3593651420884692,38.379374906371375,99.91858128062839,51.58537344277284
160660,799,0.6666379235843822,0.6008031937031831,2.772246902728853,1.7112813274058403,0.5163745653069108,0.3536813303667293,34.42348731717327,98.04919761989987,51.63737984587693
160661,799,0.5759929796808847,0.5356123956565845,2.7381631725700877,1.6970860003562316,0.5327899866110457,0.3551134786637592,30.688329726013475,97.2358652911494,53.27890708686849
163013,811,0.46020031845853804,0.5487804497904643,4.4745286342983235,1.7793181613392308,0.6832416603787245,0.22783946457829093,31.442803652284585,101.94742105571561,68.3240190567108
163014,811,0.6131089823471737,0.6179703830351607,4.394509272412536,1.8017913906105294,0.5775008237352404,0.23491824822888074,35.407094811997595,103.23504224499088,57.74998912340057
163015,811,0.7646185366347209,0.6866420633557593,4.292924799063665,1.8261193406989569,0.5145270467161986,0.24372411761873705,39.34169226643949,104.6289311092627,51.45263805263461
163016,811,0.9325072206536374,0.7578659470966718,4.209446314129818,1.8505829877470203,0.4656534424391258,0.2518872713231073,43.42252020532422,106.0305948366144,46.565294807682655
163071,811,0.9496609702139767,0.8145512959777456,4.947549671133732,1.7142921264279107,0.49144223495336886,0.19852595734686812,46.67035145643637,98.22170369682662,49.14417226365363
163072,811,0.7934562730098733,0.7501832875840863,4.958409093765175,1.6776567898724535,0.5417102008036173,0.19385785141884868,42.98233623981703,96.12265353115758,54.170952490950555
163073,811,0.6064415189597006,0.6846919428126661,4.96512529295282,1.6411106313622819,0.6468877330527509,0.18937832814649938,39.22995858977849,94.02871289110863,64.68866770271002
163074,811,0.4459591266553961,0.6183504031011963,5.010840123239058,1.6053968671249939,0.7944420339410717,0.18356695181637808,35.42886835791172,91.98246492978677,79.44402703358375
163075,811,0.31180813492210235,0.5489482042890783,5.050948406376947,1.5692407395197994,1.0087105096278715,0.1780078987204662,31.452415277049504,89.91087141447268,100.87073069526042
165483,823,0.9787994256366586,0.576058937269174,3.9998566909117037,1.8983030329232293,0.3372064250818308,0.2719216215885774,33.005745856315116,108.7647520233848,33.720608401704155
166030,826,0.7181199362229901,0.5247539415914013,3.3484166452698316,1.9467249219741252,0.4186791676540576,0.3331100438964443,30.06618613604181,111.53912190205186,41.86785904638448
166031,826,0.8592210580836106,0.5859672379884386,3.3147718701199023,1.9681103479885769,0.390742859047404,0.3401875623238674,33.57344966967542,112.76441655576923,39.0742408831506
167695,834,0.9606457135119535,0.6121287499426837,4.749714897637834,1.739932296931618,0.36509186510627606,0.209887917888242,35.07239389033471,99.69077725268487,36.509148885875305
167696,834,0.8449837733684631,0.5491010872355053,4.8256873785744805,1.7232079500701714,0.37232874102295477,0.20459788380858407,31.461174824639297,98.73254276241111,37.23283047956223
168642,839,0.5648312386392234,0.5334543077591701,3.485126625125117,1.930398863820837,0.5411294164639261,0.317359221782805,30.56468039767337,110.6037076737833,54.112846800864034
168643,839,0.7065315973728872,0.5990868866153093,3.446423462276744,1.9563750503727015,0.48582610893122974,0.3252416147717345,34.32515016468971,112.09203353104964,48.58254281871994
168644,839,0.8470986055705987,0.6654704058628089,3.3735105502379805,1.967934991273872,0.45010869981311163,0.33423452318510966,38.128645646796905,112.75436935610735,45.01081737738951
168645,839,0.9799172899321559,0.7317815736515095,3.2812417411556996,1.9836229064228572,0.42787279802669237,0.3463725909359568,41.9279956956733,113.65322068350356,42.78723657518033
168699,839,0.9627530731949892,0.5593965924737178,5.298190235354152,1.8939516752998835,0.33291052900479057,0.20481604580275203,32.0510638227437,108.51543759641501,33.291018667289826
170050,846,0.7421252909481814,0.525929589544795,3.204866494621167,1.9835827609390426,0.4060439088044045,0.3546198269189644,30.13354580196446,113.65092051671446,40.60433671398999
170051,846,0.8946258681413403,0.5940046186745045,3.1940545235776416,2.0133832328621533,0.3804267067708273,0.3611659117673066,34.03395766132695,115.35836178540681,38.04262857881214
170448,848,0.2081738300340206,0.6122016235913443,4.817747590652162,1.7718810668624894,1.6849652788798213,0.2107235898298526,35.076569242840684,101.52130693035826,168.49572658283597
170449,848,0.3483777905499781,0.6865390657654027,4.892863811734418,1.8378878797252711,1.1291130168774617,0.21521796347313363,39.33579093921204,105.30321872650549,112.91098082381386
170450,848,0.5253725193132439,0.756349625615222,4.911118925050256,1.8738001493587597,0.8248554876041878,0.21860769740886268,43.335641384052124,107.36084020924022,82.48539332682672
170451,848,0.7088432527525619,0.8205178661197592,4.863733203794412,1.8871694052987262,0.6632243432939733,0.2223124447762956,47.01221074374252,108.12684214983051,66.32234170085484
170452,848,0.888149572320852,0.8917419418546184,4.805942180181751,1.8855310164622234,0.5752752768239469,0.22479040552131974,51.09304968307009,108.03296938429754,57.527463557848485
170508,848,0.9042127593877841,0.7809220020736312,4.113415486737104,1.8853402765086598,0.4948341403983945,0.26260911613636034,44.743534847725584,108.02204078997383,49.4833598617434
170509,848,0.7578394804868755,0.7087042625105066,4.106007164268482,1.8385430338649225,0.53580954376891,0.25655278186990826,40.605763164783596,105.34075629363804,53.58088438175851
170510,848,0.6200505180107321,0.6428917834526596,4.100317925468171,1.8158100406564204,0.594064261079676,0.25373215776062086,36.83498587547585,104.0382517270913,59.40633125720095
170511,848,0.472749805501767,0.5765511528822702,4.128493355412432,1.801754911997186,0.6987617266120858,0.25004994083135934,33.03394773355597,103.23295217440382,69.87602633166217
173664,864,0.3134497057158091,0.6558295052539699,4.483520694732002,1.9550170843536518,1.1987971546056226,0.24983541994400454,37.576262731205325,112.0142278094359,119.879336833505
173665,864,0.44615924230363924,0.724898572541547,4.60505964469826,2.019721070510766,0.9309148822363178,0.2512920609309543,41.53362878168859,115.72149313391145,93.09128165979081
173666,864,0.6092229088804352,0.7969465925413569,4.546748678533708,2.073097706561249,0.7495068690761667,0.26124106969834643,45.661676249951846,118.77974910420996,74.95056511137894
173667,864,0.7547349175211343,0.8657163114513323,4.427752682783862,2.108772837242671,0.6572094266884909,0.2728783468930997,49.60189090179444,120.82378352583311,65.72085646156555
173668,864,0.9238531677806404,0.9379048845396174,4.304544124817277,2.1281403164887926,0.5816724211299341,0.2832668327412074,53.73799146882485,121.9334583464431,58.167179781110626
173722,864,0.9117897926901618,0.7471986385497095,3.63382798243747,1.9136276817353184,0.46953067823864775,0.301728067346667,42.811328446819445,109.64278972283768,46.95301684337942
173723,864,0.7861405348165216,0.681249236323378,3.680723843916571,1.8745617851919874,0.4965105323113677,0.29180259913745915,39.03270603783998,107.40447872801009,49.65099070480974
173724,864,0.6883970214143017,0.613595560729558,3.752277769205068,1.8386510600522907,0.5106999936582888,0.28075465607071665,35.15643595776687,105.34694573825114,51.069925920964415
173725,864,0.6159674204077301,0.5471641520699843,3.8393172016197945,1.8256402319633644,0.5089586732485627,0.2724481318819041,31.350196614464465,104.6014802007854,50.89578552373305
175934,875,0.8503240510917949,0.8175938272866086,3.4408977242846817,2.0222395043309827,0.5509038001267803,0.3367312768651053,46.84467565947063,115.86578876279286,55.090315873116175
175935,875,0.7417757607129529,0.7448694896345017,3.4310109098306008,1.979731816257337,0.5753474261244879,0.3306030796454439,42.67787804412057,113.43027763931438,57.534665824662746
175936,875,0.6372043507951642,0.6710511136545558,3.459882793914002,1.9395087534987057,0.6033919259745838,0.3211833238352575,38.448396649959776,111.12566590415497,60.33909885091247
175937,875,0.5264949291519171,0.5992814291786077,3.442116045973757,1.9139270549216372,0.6521676483312754,0.3185829320095103,34.33629663250237,109.65994254291313,65.21664220236515
175938,875,0.4315086529998649,0.5284596369498612,3.436950873786396,1.9002295436426122,0.7016894314414323,0.3167782625885167,30.27850684024278,108.87513295679216,70.16878215758538
176080,876,0.7388432718538003,0.5589828211204872,4.092185384706634,1.9213268100580025,0.43347970073114417,0.26901009280775495,32.027356470520175,110.08391728165711,43.34791198984571
176081,876,0.8940085824118755,0.6253277163846063,3.9773447235006616,1.953997606358207,0.40076392179556586,0.28148381275578416,35.828638961391675,111.95581602299045,40.07634780013488
176137,876,0.8223364172993347,0.5372982892825819,3.0330202869468748,1.7331061653422561,0.3743592438996415,0.32739533204631505,30.78492431549114,99.29966872221351,37.43587932140181
176225,876,0.9794280508260296,0.6721733791242243,4.622415018103517,1.8968629034266136,0.3932161969342008,0.23512003578325708,38.51269772486504,108.68223868127642,39.321579947403286
176226,876,0.8653535311125673,0.6033881317880604,4.709271497447263,1.8683808911632127,0.3995083132761135,0.22731825807293934,34.57159335973937,107.0503395865437,39.950785622271404
176227,876,0.7594541601731908,0.5385417877802807,4.790667207986863,1.8566772469913086,0.40629405621939635,0.22205627176765927,30.856171531240136,106.37977017057071,40.62935265882387
180096,896,0.2705562016348571,0.5306554866631908,3.3643787613959133,1.892206965495915,1.1237709006029133,0.3222451467412806,30.40431976126158,108.41547308817252,112.37667885956009
180097,896,0.353124626230217,0.5999352427277463,3.4454317979077995,1.9572297812158217,0.9734171412228163,0.32547736322512344,34.37375738945648,112.14100600098007,97.34144122139362
180098,896,0.48617172669867936,0.6687918582546868,3.4900376886793567,2.0122775604469787,0.7881772624403823,0.3303546304560588,38.31895085070514,115.29501142249327,78.8175657464523
180099,896,0.6273633749100146,0.7359815401416623,3.5210763073960307,2.062660298848222,0.6721564736473082,0.33564092067335843,42.168636049655426,118.18172969319622,67.21554129640185
180100,896,0.754527512885231,0.8124279460851938,3.494860572176585,2.1125152847515367,0.6169250432531138,0.34633201275731085,46.5486924691636,121.03820997314037,61.69242337995512
180101,896,0.8967634265665203,0.8830429098901141,3.469238974677822,2.167458573333619,0.564191511413184,0.3579638908415986,50.5946318656546,124.18622852146301,56.41908885633253
180155,896,0.9155203586345291,0.7508650354538237,4.3706580962427095,2.1748268785901446,0.469911964707133,0.2851021477448556,43.021397515445024,124.60840131482598,46.991145656732755
180156,896,0.8153654358325,0.6839326627202634,4.487726870122102,2.1318153283741066,0.4805998984296615,0.27217347285137977,39.186455045015514,122.144021017132,48.05993148958311
180157,896,0.685223418025082,0.612590228804732,4.544309096204532,2.0800664485258253,0.5122246736750486,0.26225995156134047,35.09883468146458,119.17902860729589,51.22239336219892
180158,896,0.5561943381420497,0.5454472225147278,4.603959101784621,2.0192564611787973,0.5618867559805806,0.2512943103337439,31.251823797226994,115.69487298006725,56.18857558501403
181705,904,0.43649787150350594,0.5993575106722135,3.940492520450797,1.9109304774925393,0.7867313276000221,0.27785422877255417,34.34065578098503,109.48825130324165,78.67295432563154
181706,904,0.6202462599840612,0.6649426560422003,3.9891763688983484,1.9667544728059356,0.6142464639153135,0.2824811939284994,38.09840780943724,112.68673063025734,61.42454834934099
181707,904,0.8012748189719086,0.7350163819699833,3.9954870910397555,2.0050833430661865,0.525579177544988,0.2875314329003289,42.11333655985566,114.88281312967422,52.55785281763518
181708,904,0.9835468973007464,0.8086823438549249,3.9221534016284356,2.033744928953881,0.4710917692455972,0.29709444992568745,46.3340852696344,116.52500103519084,47.109129506345226
181764,904,0.9022999197427168,0.6404385107862164,5.155993489155124,2.0530348055781262,0.4066765661408946,0.22814270338464038,36.69442370569385,117.63022955308816,40.667611993742554
181765,904,0.7668032444190683,0.5743430294648563,5.2705385156864875,1.996124199122956,0.4291509118075521,0.2169977345508167,32.90743158109415,114.36949199367692,42.91503577425403
184177,916,0.8630814930338322,0.5302258235449069,4.751413146380013,1.9158054728474325,0.35199111290397583,0.23102088652263647,30.379701877971478,109.76756796222291,35.19907091520696
188538,938,0.4187334409867356,0.5561572563735495,3.3357726636386396,1.893846942826595,0.7609963679923225,0.32529026250867454,31.865463535779693,108.50943686771761,76.09945687937599
188539,938,0.5496864572962898,0.6266584260787446,3.454336195691504,1.9591956788377516,0.6531884109722796,0.3249644416565991,35.904883010622946,112.25364363767146,65.3187234564635
188540,938,0.688887632680191,0.6949924984612998,3.497913480253749,1.998288858765962,0.5780352917953404,0.3273194668030448,39.82013695508484,114.49351785530345,57.80344611023782
188541,938,0.819732788960238,0.7658806489000196,3.508902661610142,2.029305078904315,0.5353174698922895,0.3313589097423619,43.88172879271194,116.27061636567976,53.53168233844813
188542,938,0.9629950908638236,0.8340057441668519,3.5047996404498782,2.047292792909662,0.49621238142918994,0.3346874234201023,47.78500923042809,117.3012364612745,49.6211871302241
188598,938,0.8988903245799994,0.5785759690397644,4.051738951799966,2.0277658749426397,0.3687876026518784,0.28674706729688343,33.14996115367028,116.18242647486595,36.87871964851743
191813,954,0.9784733587004296,0.6124118096191268,4.4148514815983715,2.124899266455384,0.3586056926796952,0.27576864157272024,35.08861201514524,121.74775985833806,35.86053298499158
191814,954,0.8692642934783391,0.5474326563453542,4.4929575946080185,2.063900892598396,0.3608290441781148,0.2631959187816291,31.36558077622438,118.25281047917149,36.08286332325077
193768,964,0.8280061323666851,0.5848798745809577,3.238150506971934,1.9700383580619825,0.4047210113664746,0.34857824799752013,33.51114833562979,112.87488339583408,40.47205274650858
195975,975,0.1163740679689418,0.5267439612093231,3.1739007027512134,1.855525586472782,2.5933787307300116,0.33496254138105014,30.180205861296965,106.31378488342729,259.3356668917389
195976,975,0.23276922318697194,0.5987994610223198,3.267912361016359,1.9178277961860442,1.4739354261535464,0.33624964833485155,34.30868189128737,109.88343855433617,147.39291573273542
195977,975,0.3379383613116166,0.6673772093294308,3.272162231959055,1.9791665537924055,1.131505051923674,0.34655338611164016,38.237897437795255,113.39789048575665,113.15017371573886
195978,975,0.4130032218870977,0.7353639287245715,3.166930379289164,2.0289475378011654,1.0201675500107215,0.36707510579529934,42.13324952207703,116.25013076946684,102.01651045977668
195979,975,0.5226099181623205,0.8081141236360174,3.0616863536404852,2.0711022351765376,0.8859672607458758,0.38758188436593577,46.301528649257,118.66541701572687,88.59655824273453
195980,975,0.6568717277028626,0.8745297171948229,2.9495790850663823,2.0947165051994854,0.7628104389033519,0.40690014119327417,50.10686185403281,120.01841502432407,76.28092892402547
195981,975,0.8061276070987657,0.9359061270297235,2.86446354867594,2.1075170725397823,0.6651982882341566,0.4215512993438535,53.623471099237854,120.75183350829609,66.51974713095373
195982,975,0.9178872582816385,1.0042573042951726,2.7295638169115133,2.1015761577384655,0.6268711536768318,0.4411380418239889,57.53970508129863,120.41144416373383,62.68704775570137
196034,975,0.9456728331893774,0.6085466573519227,4.925542900001717,1.761907807421022,0.3687020871347644,0.2049517852161763,34.86715510305902,100.94988125637319,36.87017011506613
196035,975,0.8164084191691612,0.5438219820341406,5.070700669748751,1.7472008585441134,0.3816558387167191,0.19742288389456245,31.158704376995534,100.10723515621166,38.165537591059326
199393,992,0.3492610100145327,0.5906179852895245,3.885452561572147,1.9282095480413397,0.9689005048488212,0.2843382259454388,33.83991786160949,110.47826911959672,96.88977584536443
199394,992,0.5072786270722298,0.659788407670293,3.9427496438305694,1.9787290147484797,0.7452135447561163,0.28754760332049084,37.803091131164784,113.37282134516751,74.52120904075284
199395,992,0.6880182279396939,0.724222706166753,3.906166960716595,2.02142058613642,0.6031076242274728,0.29650260491867997,41.49490449089809,115.81886820647794,60.31067564079065
199396,992,0.8734503981234454,0.7869158956578214,3.906935021264582,2.038398079627936,0.516193698390007,0.29893409026678897,45.08695965295023,116.79160693025266,51.61931133182302
199452,992,0.9440122240907933,0.997332386474278,5.379953111673138,1.9858055304343218,0.6053198724879082,0.21148562683430958,57.14293651668644,113.7782758276244,60.531923768040926
199453,992,0.8074021716483465,0.9274176029494612,5.561804742351185,1.9247840968254284,0.6581244849581895,0.19828456792802135,53.137114495143656,110.28200522199704,65.8123677996732
199454,992,0.6967392331034178,0.8558145471677518,5.7802110018363235,1.8599959546137526,0.7037720651445156,0.18437029010281458,49.0345615986119,106.56991811077464,70.37710651529672
199455,992,0.5830652942953983,0.7832889044423226,6.002167023623031,1.8035680588424299,0.7697104944051688,0.1721658815181248,44.879148363971126,103.33683783627374,76.97091874982237
199456,992,0.4523473731368656,0.7189309676259129,6.203807503596904,1.7559512293439736,0.9106211673110963,0.1621723340895313,41.19171020622123,100.60859447221816,91.06191743450348
199457,992,0.338727188743045,0.6497062248609139,6.428365787827923,1.7196439060194186,1.0989794957725505,0.15327120636724803,37.22542460790801,98.52833808030427,109.89762837880244
199458,992,0.24351790775292678,0.5821772912013038,6.562110036381254,1.6842497625229291,1.3697678602868442,0.1470569715478807,33.35630171419342,96.50040303847501,136.97622916425274
200397,997,0.3114086606252252,0.526680593252763,3.0553251416671188,1.8994463393588799,0.9690345193100506,0.35619861472830544,30.176575144829698,108.83025865683773,96.90314386600407
200398,997,0.41976252051716206,0.5957781042022889,3.1289130726833982,1.9645640465471041,0.8132114806683751,0.3597454626440363,34.135570897096535,112.56122845029168,81.32095627328555
200399,997,0.5120023038168717,0.6676274946210032,3.160714968838951,2.0267454477397817,0.747110641815542,0.36739775993815976,38.252237728676555,116.12396030284185,74.7109197216396
200400,997,0.6302650322010587,0.7334646582581372,3.121399365960294,2.083147310266865,0.6667739209116795,0.3823783329411387,42.024429340196505,119.35554898232078,66.67728735663555
200401,997,0.7265659047107295,0.8036184005326242,3.036837632461123,2.083938175300709,0.6337201038106057,0.3931749940841728,46.043942689573115,119.40086221092452,63.371924032109256
200402,997,0.8380810000836673,0.8713622089815636,2.962482335064239,2.0812439878008737,0.5957106341886435,0.4025222186948807,49.925377001840026,119.24649663796706,59.570993049434165
200403,997,0.9532598501912981,0.9389536723036084,2.8867492514253557,2.078163227401883,0.5643590465511724,0.41247081504620214,53.798082581306495,119.06998206941385,56.435846044144604
200455,997,0.9633561096969205,0.799040022789888,4.034275114148341,1.2540080194426575,0.47523049920834004,0.1780973403612164,45.781620967897695,71.84936698962356,47.5230010834725
200456,997,0.825004178954432,0.7324280489755535,4.083033340005535,1.2118943759604655,0.5086645203157659,0.1700609008204187,41.96503600330037,69.43643295817532,50.86639099221733
200457,997,0.7209398626344523,0.6624400469220695,4.137903607892141,1.1532578638514788,0.5264658026249526,0.15968667806386064,37.9550188690828,66.07680828896264,52.646507967918595
200458,997,0.618907015689784,0.5958442117770835,4.149508250268941,1.0874156182752404,0.5516072231378716,0.15014869617283796,34.13935858212611,62.30432550378026,55.16063407916471
200459,997,0.4956310937259166,0.5282392127086288,4.180919944873345,1.029283738657854,0.6106533111823181,0.14105415741767763,30.265877461517793,58.97361414654145,61.065209143326285
201951,1004,0.8741627490163506,0.5393145837627328,4.312525610141738,1.866719625748015,0.3534862262289686,0.2480104827437212,30.900449479459304,106.95515608960181,35.34858259019539
202007,1005,0.5894539653643219,0.5392874854539043,4.249365184037547,1.762287843429724,0.5241952408860066,0.23761585814608768,30.89889686073149,100.97165571573481,52.41943604908636
202008,1005,0.7719042261400468,0.6061749781032062,4.2647127583854125,1.8135820127458886,0.4499427035848978,0.24365203654857215,34.73126789174881,103.91059513118049,44.99421265149915
202009,1005,0.9567746199786007,0.6734993162045869,4.257903066489214,1.85937983095075,0.4033203548084548,0.2502044196672224,38.588668323469726,106.53461682522646,40.331993748265454
205023,1020,0.5993244918138876,0.5514775116187602,3.55712276691553,2.00654518751732,0.5272157873823073,0.3232010190739584,31.59733391213178,114.96657064702879,52.72149164972262
205024,1020,0.7465024381864129,0.6225541055659827,3.524396793177111,2.0181756888895386,0.4778245919237154,0.3280928787162651,35.66972276747272,115.63294928927803,47.78239582409728
205025,1020,0.9203579303800269,0.6927568107913137,3.519288157487217,2.0183004788885364,0.43126744221814256,0.32858945822590435,39.692041487285195,115.64009922954604,43.126697831786004
211255,1051,0.8035811092865501,0.5552719237082377,3.5182329664955407,1.9671394818883865,0.3959119614313312,0.32035624354252834,31.814737710592258,112.70879002575599,39.59114736742777
211256,1051,0.9666460395769062,0.6220283090340334,3.5095029275645016,1.9826629495325578,0.3686933481071857,0.32368748858779683,35.63959684530941,113.5982192051749,36.86929705066762
211311,1051,0.9208509658079266,0.6119824357276165,4.80797221251933,1.9819089748797425,0.3807783411703994,0.2361806898713883,35.064010703328584,113.55501963970873,38.07779317988915
211312,1051,0.7162089377056067,0.5448566804403248,4.853016094606881,1.9180555338465788,0.43587822141494337,0.2264498707449131,31.2179882287388,109.89648696112098,43.5877618910822
211655,1053,0.5218947962894969,0.5673915656326352,3.2835926310733976,2.0755706329365675,0.6229060272356324,0.3621686681259195,32.50914204207004,118.92143734856229,62.29048456262548
211656,1053,0.6785832468737478,0.6347726443447912,3.310338115514977,2.1283104910858404,0.5359665612569345,0.3683708552088286,36.369793471315376,121.94320863263427,53.596577932470126
211657,1053,0.8263428315005935,0.6954833182203823,3.2859487661575373,2.119977252630987,0.482224288207297,0.369651986424245,39.84825885578189,121.46574923949504,48.22237104792047
211658,1053,0.9578035826952969,0.7646573727740377,3.2475389027211907,2.10947119239877,0.45741778969763924,0.37217043298675706,43.81164023351406,120.86379632887878,45.741731690431585
212056,1055,0.4906469194425229,0.542685892154696,4.158398073245114,1.919117775527432,0.633726807525009,0.2644223730510396,31.093611221755832,109.95734892625676,63.37255288289937
212057,1055,0.6611356486725373,0.6126390972396524,4.184408644344881,1.9512081126809142,0.5309293815283813,0.2671727334571392,35.10163463653692,111.79598980830315,53.09285865034968
212058,1055,0.8108550206814835,0.6832867993778686,4.081683950073004,1.9655363090756892,0.4828168824265775,0.27590802250094854,39.14944980135407,112.61693498975832,48.28162929400332
212059,1055,0.9883533563487505,0.7560601240841575,3.9857385619060386,1.9683255325905291,0.4382952053696348,0.2829506845235607,43.319054168159546,112.7767457252773,43.829476634465294
212115,1055,0.9394376513581135,0.7320971964816623,2.8917746627443193,1.799396241132634,0.44650200090040026,0.3565208979120209,41.94607955175903,103.09781028860452,44.65015303673002
212116,1055,0.734873875006992,0.6638764098567838,2.7245616364941863,1.754232422808773,0.517603321864255,0.36890379867632084,38.037316403090955,100.51011411195165,51.76026245655636
212117,1055,0.5747287955370325,0.592929209650025,2.5834715591760355,1.7192584928960817,0.5911021152181487,0.381294134258212,33.972341262974,98.5062555349681,59.11010970160325
212118,1055,0.4360845156214239,0.5238600964979103,2.462110360227178,1.6863710795220572,0.6882833675850966,0.3924354761586871,30.014972584646298,96.6219455495344,68.82818050463067
213465,1062,0.7092963072937601,0.5408220018184965,4.471716628316804,1.9098447918835548,0.43686703873274124,0.24470702182318457,30.98681817201638,109.42604609996876,43.68664289766292
213466,1062,0.8525671704681824,0.6024730280002321,4.349157384173424,1.9034464524700456,0.4048849470832828,0.25075994812648,34.51916177488037,109.05944825568247,40.48844769319078
213467,1062,0.9974135910980495,0.671429844127728,4.213889873395166,1.9012853312698264,0.3856985333395687,0.25851559520137085,38.470096307645534,108.93562513189366,38.569815050824516
213523,1062,0.8623441423681627,0.5272009116593928,4.707587692296278,1.9069162253704088,0.3502822754764443,0.23208967842584835,30.20638719353256,109.25825159874215,35.028187334110925
217745,1083,0.945083711966609,0.5769127625493702,4.915801120037851,1.8287025179389955,0.3497538437391454,0.21314315508537343,33.05466644131193,104.77693626285115,34.97534773631995
218889,1089,0.19238035486097615,0.6035911491644105,3.152802854038573,1.9355746219139571,1.7976483942924033,0.35175131954251787,34.58322539857205,110.90025676829977,179.76391435419256
218890,1089,0.32861800858577495,0.6710804875709175,3.2512753139656994,1.997645134741735,1.1700539068693503,0.35203612053973066,38.45007965139507,114.45663518554407,117.00503819564952
218891,1089,0.46733705325272823,0.7436175693058144,3.2782287670498764,2.0053638089669055,0.9116792063624418,0.3504907389211617,42.60614829300015,114.89888264208275,91.16772750786356
218892,1089,0.6085638597586165,0.8135788820803472,3.280696282967101,2.0102477479022776,0.7659777150862574,0.35108008009577196,46.61463624417558,115.1787117304792,76.59764690104682
218893,1089,0.77972118376724,0.8829618443561359,3.2825042988907494,2.019261232726269,0.648821496158993,0.35245999847200743,50.58998715269367,115.69514636959913,64.88206723613705
218894,1089,0.949013572817194,0.9526399871116089,3.2436860335108237,2.0296379872854478,0.5751472017382745,0.3585109318564516,54.58225065689233,116.2896906108832,57.514660175198756
218951,1089,0.88011341516495,0.5913785662715112,4.979227376935797,1.8805804412634481,0.38499010437779474,0.21639767366710727,33.88349594185525,107.74932231924559,38.498967132023225
218952,1089,0.7576483799244503,0.5258150675784478,5.073537950584632,1.875138219913286,0.39763806770097365,0.21176052458731404,30.126984176631225,107.43750600470531,39.76375481180406
221159,1100,0.9724370327504662,0.6960100978481341,4.400631194310608,1.7838794203972101,0.41008763911741086,0.23225932191019721,39.878441105185544,102.20876194900364,41.00872216237001
221160,1100,0.8701674543315145,0.6243776098132585,4.4970010975168035,1.767200883271375,0.41111858729685424,0.22515705409543907,35.77420186476581,101.25315216324104,41.11181195628202
221161,1100,0.7262761927559216,0.5564525666946109,4.5542234743530985,1.7746741995494806,0.43898427966994563,0.22326823001613447,31.88238357082316,101.6813416449429,43.89836812834876
223112,1110,0.7249163883593919,0.5879645500947716,4.316438725634861,1.6999182493584835,0.4647141008256959,0.22564467416490103,33.68788722373868,97.39814120550857,46.47134661782626
223113,1110,0.8426278573405954,0.6507676353169817,4.266653184082726,1.7650522406553288,0.4424994756588132,0.23702428908427198,37.28623894737175,101.13004400965964,44.249895576861825
223114,1110,0.9884035163882421,0.7114084239546079,4.2192025488127705,1.8275467067490219,0.4123892632354078,0.24817654924160817,40.76070020265261,104.71071315975168,41.23888501804653
223169,1110,0.9858970459947096,0.7079061666610947,4.0079428727268285,1.865964168927463,0.41140234058253483,0.26674998803735867,40.560035640965395,106.91187160217983,41.14019274685026
223170,1110,0.8489959302458037,0.6472337157115691,4.0819745687806535,1.833087751321878,0.4367954958430834,0.2572975152119729,37.083760268843065,105.0281916278702,43.67949865037378
223171,1110,0.7070585713874122,0.5798852937531711,4.14078617346156,1.810458994863784,0.4699042032495466,0.2505119916635632,33.224979933760665,103.73165938719201,46.99035453061709
223516,1112,0.643060314868688,0.5825281329965006,4.235313566323369,1.871170849535114,0.5190244550563808,0.253134013560665,33.376403468335,107.21019242627084,51.902365601249706
223517,1112,0.8235357791631579,0.651967581733582,4.11867056787156,1.8965886845744397,0.45359280439582783,0.2638388408197007,37.3549908126848,108.66652709838394,45.35922591173561
223569,1112,0.9177791110042315,0.6957581255675044,4.239822387968941,1.8833079243910107,0.43435292048627216,0.25450498974400326,39.864004156951175,107.90559559114806,43.43524519542282
223570,1112,0.7913539240436724,0.6294181125033389,4.38699306649554,1.8431532219385387,0.4557126696932746,0.24072274282543005,36.06300139553175,105.6049006130178,45.571209958809256
223571,1112,0.6528326979290784,0.5633051684633559,4.4314619286702435,1.822292691714674,0.4943840640772916,0.23561001249198513,32.27500873085613,104.40968027278527,49.43833143607482
223773,1113,0.9750628757215019,1.113156214688472,4.873475662464252,1.699409499096662,0.6541029709403242,0.19979373758409633,63.77915304040802,97.36899196268001,65.41023068177397
223774,1113,0.8324563609690999,1.0523737885948166,4.990421555489324,1.679220085447784,0.7243211615580738,0.1927937800587827,60.29657655667572,96.21222376975548,72.43203001590597
223775,1113,0.7039831911451998,0.9858303443989794,5.147874460880041,1.6687558190835183,0.8023475270163424,0.18573231731316314,56.48391804998994,95.61266547138236,80.2346398689795
223776,1113,0.5553847146238096,0.9202225253377534,5.247731877997628,1.639955638637506,0.9493395222642642,0.17905361532954356,52.72486691472373,93.96253668261066,94.93378300238943
223777,1113,0.4070729559978879,0.8449518820175468,5.347177449812244,1.60853019970172,1.189275161335388,0.17235633631931138,48.41217673124131,92.16199166224403,118.92722690294758
223778,1113,0.29846982481715384,0.7829397871180465,5.444208061980463,1.588270339374759,1.502970825920028,0.16715229463829204,44.8591454147352,91.00118717198463,150.29658407054143
223779,1113,0.20194363125066792,0.7235700760713425,5.59421161389959,1.5831225368671453,2.052924830120677,0.1621430255284164,41.45751154084784,90.7062398145315,205.29147659978074
223780,1113,0.18550154082474135,0.6684979191400097,5.768389574158974,1.5583023631357138,2.0647864780487737,0.1547817589472965,38.30210938000033,89.284148612939,206.47754585845433
223781,1113,0.17808761753980157,0.6222343860331729,5.890809533531026,1.5156859788117956,2.0019023600978088,0.14742016188324528,35.65140418761483,86.842409653071,200.18912314621673
223782,1113,0.1532398191901239,0.5396569740259897,6.003443083671131,1.4663599456113339,2.0177565558447554,0.13994675192163117,30.9200669964903,84.01623613056238,201.77435202906463
225581,1122,0.9634494166555294,0.6864914038266935,4.175651906954305,2.1497627967609083,0.40825246269354715,0.2949774973065316,39.33306011128059,123.1723352086402,40.82520431909644
225582,1122,0.8539812504053016,0.6179636005719513,4.29046430282916,2.1028766067713893,0.4146075311848984,0.2808226467343415,35.406706205480994,120.48595440479224,41.46070505408854
225583,1122,0.7332883823780253,0.5521147396465254,4.394107101967691,2.037353617762217,0.4313970426577034,0.26565525304459825,31.63384438871017,116.73176367348458,43.13964602367894
230148,1145,0.7958447873557413,0.5513758973856252,4.107522687007674,2.129997034510728,0.39695568721941815,0.29711300327506834,31.591511845434685,122.03984045284587,39.695519342258386
230149,1145,0.9800791315615965,0.6179066351089434,4.1152097136731,2.186325956235317,0.36123044378296854,0.3044006462455045,35.403442324872636,125.26724993218758,36.12300788963355
233769,1163,0.9575881296476371,0.533808063344639,3.336625322387135,0.6594616733412169,0.3193956549102022,0.11324127484836442,30.58494909969992,37.78437063308668,31.9395324704179
242008,1204,0.6083329948955547,0.5848608606707173,3.409168046646166,1.9253139330473292,0.550850581000029,0.3235756077976015,33.51005891882098,110.31236260134511,55.08496845482775
242009,1204,0.734177842312417,0.6453631838506758,3.2919247302877763,1.9265026963872063,0.5036461747150931,0.33530679596858165,36.976586687769135,110.38047372355994,50.36454955757822
242010,1204,0.8425877629968508,0.7129134165549902,3.1689454347241863,1.9369475234818432,0.484779523699611,0.3502077273642865,40.84692992685293,110.97891823382653,48.47789541077181
242011,1204,0.9659412351951596,0.7856564591181736,3.0397500526758825,1.9728325698251914,0.4660200553457992,0.371856164507905,45.01479925466385,113.03497993693175,46.60195777190447
242063,1204,0.9902436245159199,0.7867913453287216,5.098070770022098,1.903333701791662,0.45523971953420433,0.21391030612015383,45.079823444755846,109.05298811767385,45.52392644069446
242064,1204,0.8523176871105951,0.7204024702414803,5.172759598954586,1.8598680619790011,0.48427976135616735,0.20600723493529768,41.276021095635706,106.56259040257258,48.42791988471305
242065,1204,0.6683539171638901,0.652986259156896,5.24713376788707,1.8255213318607422,0.559783599813451,0.19933676585017415,37.41335672972595,104.59466772672147,55.97827706345977
242066,1204,0.5098428349869639,0.5855752083118054,5.333536024715359,1.7930418081468975,0.6580652911706217,0.1926184194287642,33.55098802376045,102.7337280973231,65.80640133584886
245622,1222,0.31888551554252753,0.5818662596660293,3.1727472093729356,1.8461110435236425,1.045468616463766,0.3333841746374685,33.338480919926724,105.77437130639694,104.54653707513268
245623,1222,0.44303426017110525,0.6652789114564817,3.278709866499129,1.9079379061050599,0.8603775462063573,0.33341403695520455,38.11767382551399,109.31678959284747,86.03756236194951
245624,1222,0.5866067969222415,0.7378865509557149,3.3026310793984033,1.9533155525071253,0.7207176021541055,0.3388714457850914,42.277785129227425,111.91673721592282,72.07163858210976
245625,1222,0.7184264665353045,0.8081999305091122,3.2933234169653764,1.9883978435539564,0.644553709159729,0.3459326329619966,46.30644502093855,113.92680442855584,64.45528209584813
245626,1222,0.8254358328990617,0.8828115292674202,3.234129862062859,2.0046458701432672,0.6127838422288923,0.35514265759611807,50.58137473251313,114.8577477775397,61.278310727743424
245627,1222,0.9431382521730625,0.9562061790302303,3.191912872957231,2.014133029028378,0.580896572645993,0.36154283081281974,54.786578402763,115.40132194122658,58.089596288703575
245683,1222,0.8467198745850184,0.562182837538503,5.0754426140534825,1.7226096952081855,0.38041747326427405,0.19446238012030004,32.21070390564505,98.69826528374614,38.04170284738953
245884,1223,0.8755275480623559,0.9433616750551806,4.086066219344611,1.9254684800435031,0.6173494145024285,0.2699937086180255,54.05064253505364,110.3212174919623,61.73487164373321
245885,1223,0.6990391999988366,0.8775748666976364,4.083619486002002,1.9025767853991566,0.7192920704492968,0.26694362711722536,50.281336068530386,109.00962000293902,71.92910517680394
245886,1223,0.533137209460292,0.8128382102107804,4.073685272056693,1.8892975124813987,0.8735499449689805,0.26572689399093014,46.572198872045334,108.24877370974912,87.35483228484306
245887,1223,0.4118317162213455,0.7462654485533371,4.117008657172059,1.887191483763195,1.0382361988197721,0.2626375504497906,42.75786059854348,108.1281071526627,103.82337030155381
245888,1223,0.3274444598112446,0.6801656035811202,4.174491659217512,1.889273017288863,1.1901443465400727,0.25930671041173475,38.970618455166424,108.24737023859846,119.01407482525785
245889,1223,0.26354354683755604,0.6139480960267014,4.243597853287565,1.881292814538459,1.3347560139406056,0.254006486415363,35.17663474242258,107.79013830134163,133.47509999554194
245890,1223,0.23828717989143763,0.5463144036997128,4.323236894311086,1.852648239472332,1.313604379381896,0.24553113186616327,31.30150961919979,106.14892504410687,131.3598921837438
247031,1229,0.594114593912263,0.5355105725346705,4.137764907339508,1.757887988284065,0.516440691557248,0.24341538148614805,30.682495690870958,100.71956258541962,51.64398309902306
247032,1229,0.7303843659107535,0.6022437231503479,4.101417041871311,1.7945341840172602,0.47243649662868004,0.2506919770307917,34.50602357476013,102.81923493614204,47.24358562651768
247033,1229,0.8698704851128773,0.6688844947207359,4.041527655657075,1.840952784223305,0.4405743009396551,0.26098751151739225,38.32425852923876,105.47882481885351,44.05737995224166
252460,1256,0.6100836080145041,0.5461595178226762,3.4113864086317216,2.175792135240818,0.5129237105887257,0.3654341406947914,31.292635312139414,124.66370644705651,51.292287825421525
252461,1256,0.7410444445930535,0.6147568517904857,3.2279672331132803,2.155499300186393,0.47531525019895166,0.38259685846430613,35.22297303434429,123.50101264408282,47.531461520132616
252462,1256,0.8962709551303648,0.6802047551182251,3.0799110406612122,2.136514104444149,0.4348334732380322,0.39745706626346283,38.972861673003976,122.41324105482249,43.48329929316519
252515,1256,0.9584812797172169,0.6786204432491967,3.749251382008186,1.8558462102134756,0.4056634981466112,0.28360903058470766,38.88208728947617,106.33215527058073,40.56630791437024
252516,1256,0.8528253158370769,0.6185111272145175,3.7290962789124302,1.813855571538575,0.4155373450769339,0.27869022638125446,35.438077171271004,103.92626889545011,41.553686270207756
252517,1256,0.7492565881874181,0.5533501288954097,3.7549576284075865,1.775788212119351,0.4231477848233313,0.27096223089927957,31.704626978727077,101.74516986352099,42.31472257148036
254929,1268,0.8875399568220135,0.5326813007061917,4.812600295050813,1.8960300165302408,0.3438762365292379,0.22572935812535863,30.520390356003862,108.6345177773025,34.3875852955419
256536,1276,0.9658941033813488,0.6683827419026914,4.393390473940201,1.9764399802028945,0.3964773123664995,0.2577546196735632,38.295510210406015,113.24166932654583,39.64769059946918
256537,1276,0.8261350671530454,0.6041520916492846,4.533508448989002,1.924014672855713,0.4190036955553729,0.24316248987535768,34.615365035504915,110.23792047587615,41.900319344237346
256538,1276,0.697669009616364,0.5357206020149811,4.695208376724334,1.88003907321874,0.439958327382008,0.2294217750157655,30.69452949366608,107.71830421512055,43.9957703077196
256677,1277,0.3578749124377056,0.5984715381239579,4.6043305234068574,2.082411777882105,0.9581530066324861,0.25913301665746385,34.28989329320554,119.31340608097885,95.8150356072771
256678,1277,0.49341978574059087,0.6677453837156968,4.709948117574161,2.146610636924425,0.7753842186008949,0.2611318138168232,38.25899227625312,122.99172975365907,77.53826628691571
256679,1277,0.601314478399764,0.7410254614962157,4.660918751838473,2.2015530431821317,0.7060803003176718,0.2706326889481415,42.45763145546725,126.13969774851883,70.607913783388
256680,1277,0.7407803074515064,0.810901429643524,4.557299287975177,2.2451297492292115,0.6271930884926633,0.282264671857853,46.461229519698584,128.6364590900987,62.71922502950044
256681,1277,0.8870754137077407,0.882608759688869,4.449422254143616,2.309100302701765,0.570072798095119,0.29734579898915525,50.5697568914485,132.30170181719197,57.0072161879274
256738,1277,0.9926927411809117,0.574417711721542,5.554971257983528,1.6990903068243113,0.33153974903166,0.1752496977863933,32.91171055920675,97.35070359262113,33.15394183915663
259092,1289,0.8655723525926053,0.5247515317903685,4.764391626358953,2.2921525449423683,0.34735452937242406,0.2756504436434913,30.066048064613163,131.33066682536847,34.73541320854893
259148,1289,0.916567816763826,0.9822639571088946,4.87775779786339,1.4458883790127097,0.6140252523249504,0.16983889940351132,56.27957911015898,82.84330176444023,61.402458910688246
259149,1289,0.7099806674514701,0.7012640848674514,4.9200307777352235,1.3898808378049594,0.5659234633150332,0.16185733274443218,40.17947238700894,79.63430603233108,56.59226741901101
259150,1289,0.5769525181512838,0.6298067676997704,4.9731006086819525,1.3376048456173186,0.6254460798291384,0.15410730284084315,36.085269697973104,76.63911231012041,62.5445006620293
259151,1289,0.4352290841737394,0.5644561081926531,5.034381250151107,1.2909576460738394,0.7430788325678566,0.14692257266179792,32.340952719818794,73.96642465017447,74.30771423169502
260699,1297,0.6660744395331208,0.5453494211264489,4.8527245428646095,2.178801814949961,0.4691100253485157,0.2572496069623086,31.246220190448096,124.83614839207655,46.910932810178124
260700,1297,0.847578853663566,0.6127443555602081,4.798473465154656,2.238207284869239,0.4142111961394884,0.267251307655315,35.107665494063404,128.23983109844255,41.42107123277479
260759,1297,0.8702253705972909,0.6305878526682854,5.024885127574183,1.6890046675884922,0.41518005996689955,0.1925871664350825,36.13002257011012,96.77283903071715,41.51795876435211
260760,1297,0.7209881976329806,0.5648107486599069,5.084523949327686,1.66018416074539,0.4488460668182038,0.18708053376496855,32.36127212183698,95.12154562517948,44.884545050161044
262247,1304,0.5626459212023938,1.9004265263985667,4.40638741655148,0.47394103293828227,1.9352564943400756,0.06162604032910962,108.8864192373452,27.154820925434308,193.5253089178051
262248,1304,0.3492883475407775,1.3088892219493016,4.469098057722096,0.5536451423926603,2.1470463200051535,0.07097971341494287,74.99382826785705,31.72153000701893,214.70402345752032
262249,1304,0.2180832776082794,0.7802294197584836,4.525824743382022,0.632010503734266,2.049852296999446,0.08001090728237042,44.70385280410223,36.211534471910596,204.9842991634583
262250,1304,0.1812453018557386,0.6321350620373045,4.522829019170618,0.673038754670678,1.9983231988811994,0.08526141457627043,36.21867113697802,38.562280091370674,199.83122836793632
263171,1309,0.9622748270728869,0.6771146694139062,5.009670533590197,1.8014457657375451,0.40316769501969457,0.2060319905278733,38.795812803812794,103.21523939847414,40.31672802363166
263172,1309,0.757607820880329,0.6099230897156344,4.992668408502174,1.7727583279890275,0.4612679204711779,0.2034414500951613,34.946018868284916,101.5715702904398,46.126731771256594
263173,1309,0.5648937805112406,0.5393371144593896,4.9918778616966,1.7452351044457108,0.5470362909339208,0.20031460767454087,30.90174039328723,99.99460574281265,54.7035332231616
269399,1340,0.9301117421822739,0.6715557806029592,3.8322485128272556,2.0082109839335556,0.4136848270746572,0.30024674304348004,38.477311936163034,115.0620137512071,41.368438675386564
269400,1340,0.8182900839248293,0.6071390637895117,3.9102065034725237,1.947630481693666,0.4251121477691832,0.2853839209453374,34.78650593266308,111.5910066520786,42.51116334521699
269401,1340,0.6834650436953076,0.5395594036909446,4.007216836502478,1.8979436705401889,0.45231978520248345,0.2713707948458875,30.914476628086536,108.74416207552082,45.2319130017648
270403,1345,0.9547389023827394,0.8331889172565433,3.4143364144836554,1.9872530317934878,0.5000132274564423,0.3334797670489167,47.738208495874694,113.86121154634405,50.00127089769129
270404,1345,0.82524830861587,0.7675861314175066,3.35785467347862,1.930905381239587,0.5329237848889032,0.32947443952373756,43.97944574299729,110.63272898412755,53.292314557355745
270405,1345,0.7069217173508159,0.7008029906133993,3.3449940179633257,1.8849147750684039,0.567998578608799,0.3228635401152785,40.15305363229403,107.99766135327043,56.799778316315965
270406,1345,0.5936205874517584,0.6305573907605189,3.331436479448829,1.839054727798306,0.6086088890184647,0.3162902085336058,36.128277231359185,105.37007419642337,60.86078740237055
270407,1345,0.4980402500875748,0.5683160187310434,3.341657853767134,1.807637086351547,0.6538047606280052,0.3099359065518209,32.562109302966626,103.56997593926879,65.38034610032996
270694,1346,0.9651154199717735,0.6754274106781474,3.8369205806513818,0.37773755139673737,0.40097939373364966,0.05640660771393459,38.699139999307235,21.642767458639067,40.09789824158111
270695,1346,0.8805540483370332,0.6722320522517893,3.893546882479629,0.3970201389359036,0.437407097074593,0.05842379447557625,38.51605944744535,22.747578342724843,43.74066053017879
270696,1346,0.7693582534996448,0.6646655730509385,3.9349662318154803,0.4077082088001478,0.4949908765551417,0.05936508270096209,38.08253212346309,23.359959637086998,49.49902396082725
270697,1346,0.6488514268158141,0.6593735862392642,3.966179277735985,0.4131242423074939,0.5822492094540813,0.05968029627896896,37.77932361391525,23.670275498759366,58.22483210753166
270698,1346,0.52864834199244,0.6553429847949799,3.9930730349645414,0.43420713876918393,0.7102715258780452,0.06230348457386264,37.54838716225843,24.878236485925502,71.02701957547389
270699,1346,0.40438646319489874,0.6466650498429388,4.017116861915798,0.4500384422424042,0.9162318863410689,0.06418858146597708,37.051178114617414,25.785303359131824,91.62296432706228
270700,1346,0.3088607974023187,0.6405337838810415,4.08376127769899,0.4711158433702831,1.188233714746579,0.06609825497922982,36.69988245192848,26.99294948686357,118.82299060807372
270701,1346,0.24183993666459502,0.6346105552543426,4.135955710836219,0.4931092924528424,1.50349464395787,0.06831088919520106,36.36050645052756,28.25308129623009,150.34884892525582
270702,1346,0.19963310562090536,0.6282499166098837,4.207048666552961,0.5089551060547701,1.8031111015442558,0.0693145760378141,35.99606870119225,29.16097953857154,180.31021597856073
270703,1346,0.18447007556255474,0.6221298437292033,4.279593739002337,0.5067471887970223,1.9323140793323506,0.06784399852195558,35.64541435481679,29.03447519818849,193.2303709192031
270704,1346,0.17336074832759646,0.5995975686813062,4.396935836458214,0.5147886715869952,1.9816716552903797,0.0670813021910242,34.354410091744356,29.49521822308102,198.16603387516525
271900,1352,0.9972439904823664,0.7155211111897282,5.192566661466532,0.48577810327551596,0.41109637966086954,0.053601690375015325,40.99633982368233,27.833035097557296,41.109597155110734
271901,1352,0.8259476326045568,0.7040744276198658,5.242584772514411,0.5049077457339699,0.48841465348211544,0.0551809538121503,40.34049316570747,28.92908287402097,48.8414068057686
271902,1352,0.6842012457341634,0.7002118268191657,5.326945689393497,0.539426340612271,0.5863652266880848,0.058019838044882734,40.1191824418835,30.906852675269526,58.63643782524387
271903,1352,0.50822527340091,0.6898010420834632,5.30651800293072,0.5738049986477618,0.777660807243455,0.06195513631709947,39.522688415108526,32.87660468602666,77.76592923981202
271904,1352,0.39513712861273115,0.6815204631656917,5.318900568351172,0.5934516227061453,0.9882200981737103,0.0639272586982491,39.04824619119521,34.002273326252215,98.8217622234725
271905,1352,0.3264188681956276,0.6741257696306473,5.37978620119955,0.6069823252127917,1.1832820967449145,0.06464480949323018,38.6245614608445,34.777525473730144,118.32785079643591
271906,1352,0.2562198263269508,0.6700257195992899,5.457046213538351,0.6164388136409613,1.4983088916374105,0.06472245405826431,38.38964589825524,35.319342349678564,149.83031023898153
271907,1352,0.21653793084145528,0.664974566243728,5.561470390342308,0.6290233671505128,1.7595178000332243,0.064803696789637,38.10023612930819,36.04038415283241,175.95097556477864
271908,1352,0.1928154903570674,0.648711645610561,5.704327494926889,0.6300543552245275,1.9276686441515718,0.06328433174116017,37.16843941447151,36.09945541820177,192.7658746699574
271909,1352,0.17527726250812994,0.5974573130404783,5.825529366057315,0.6435453388159535,1.9530074827503987,0.06329455996053321,34.23178247644585,36.872431839470735,195.2996451847991
273017,1358,0.9325499384815057,0.659283303008673,4.04408990421565,1.896854892387812,0.4050630298929313,0.26874224358990884,37.77415076584157,108.68177968256357,40.506259987631445
273018,1358,0.8104367448784686,0.5939900438334565,4.122773458741576,1.8620788909167287,0.41993557646026763,0.2587803147052251,34.03312258444783,106.68926156992976,41.99350634829003
273019,1358,0.6990040044042924,0.5249988529474829,4.174658983708372,1.8251914642400995,0.4303296962998871,0.25050134121581363,30.08021852310011,104.57576770426061,43.03290868244232
273217,1359,0.9277449645979126,0.7928338879308283,4.601675384699945,1.9042814180282388,0.48963925299700317,0.23710340017436218,45.42603563338456,109.10728825820571,48.96387305017523
273218,1359,0.8116699138949552,0.7240476647925236,4.780565827048905,1.8613745476836963,0.5111052428780577,0.22308845712118447,41.48487535891457,106.6489056753484,51.11046194798531
273219,1359,0.6841836665097668,0.6532295025710503,4.96221374690055,1.832310663320956,0.547035757147548,0.21156619385675357,37.42729355075134,104.98366776510711,54.70349655989705
273220,1359,0.5834316296527453,0.582566812215936,5.171100026152279,1.8114547581845728,0.5721084931943397,0.20070915607367448,33.3786196243635,103.78871242286714,57.21075224097459
273823,1362,0.9805570999470364,0.7850078268131351,4.072710821308825,1.8443895525201413,0.4586947043151695,0.2594727234868922,44.9776353611293,105.67573713742658,45.86942412036442
273824,1362,0.8524578642165463,0.7222064602425393,4.0982849859340185,1.7990071102771914,0.4854126328178976,0.25150889905209717,41.37938210898019,103.07551473290934,48.541206908570274
273825,1362,0.7208654618960691,0.6608148932469267,4.142469356968237,1.7580878313199682,0.5252284357974588,0.24316658452845552,37.86190442243694,100.73101274794196,52.52277144764113
273826,1362,0.5495576109527754,0.5890854457389345,4.155383058526757,1.6969453607456924,0.6141687154644008,0.23398037107925196,33.752109813423814,97.22780723503313,61.41676090728054
277179,1379,0.42123783614400845,0.6262985018760744,3.1028500419868537,1.9210539703206426,0.8518764683977991,0.3547328516430973,35.88426087286533,110.06828471622293,85.18744663086483
277180,1379,0.6027606239376536,0.7012646439103147,3.2714270145144746,1.9886202960559447,0.6665913823091761,0.34828699880588687,40.17950441780558,113.9395500180619,66.65902874726068
277181,1379,0.7799142757979951,0.7681333009815001,3.4029415818835482,2.0444212697771533,0.5643029888170472,0.34422192430335463,44.010796249692135,117.13671030500757,56.430227250852454
277182,1379,0.9402132670186838,0.8391171721939122,3.4897611331731926,2.0820459020842934,0.5113507079597231,0.3418355527721512,48.077872483663526,119.29244294193826,51.13501695322405
277238,1379,0.9143314399531084,0.5716716885929347,4.1581503098616315,1.876459311017769,0.35823305678889267,0.2585601545855661,32.754375023492244,107.51319894934446,35.82326689094839
277382,1380,0.907873161603996,0.5377485262285516,3.63736058417146,1.7877693731847217,0.33937252422429054,0.28160980242203815,30.81072099227606,102.43163982623321,33.93721541522991
282811,1407,0.9971843310956715,0.5250148495397783,3.4663746744818997,1.9807795248927125,0.30166072430773555,0.32740346111558216,30.081135060325227,113.49030692228081,30.16604248206615
286481,1425,0.9989897746448416,0.8214643785048987,3.653799143084037,1.9700923861758328,0.47114037232523676,0.30893317954670996,47.066441908667876,112.87797897873276,47.113990542506066
286482,1425,0.8762486506909832,0.7556503893278173,3.844104882065605,1.937917661782071,0.4941015038101154,0.28884358304882235,43.29557809590143,111.03450306397359,49.41009455668243
286483,1425,0.7746355143249462,0.6872113328241325,4.054756815229239,1.9022698426115827,0.5082946465525907,0.2688004192964078,39.37430900438293,108.99203347665906,50.82939969424952
286484,1425,0.6663956628005129,0.6239677054117464,4.1327938393779,1.8517882718291063,0.5364788147905245,0.2567262157138643,35.75071607255533,106.09965252763223,53.647801779669734
286485,1425,0.541413677739729,0.5573114907773852,4.241237221667457,1.7989461734991132,0.5897818436950671,0.24302348037293167,31.931596295688273,103.07202331270832,58.9780765253626
287087,1428,0.8892358836391948,0.7002291177973411,3.012305284944761,1.8932106401469841,0.4511758176760605,0.36009955429060253,40.120173141956606,108.47297940968305,45.11753153756412
287088,1428,0.7362234917554584,0.6355830561019878,2.8934265204201255,1.846393987241473,0.49463548172313604,0.36562387769323307,36.41622664467053,105.79058278726838,49.46348165875254
287089,1428,0.613241491897828,0.5716299677005208,2.81343789937318,1.8105254616318631,0.5340797139639158,0.368714259898462,32.751984592439406,103.73546765248082,53.40788517618932
287631,1431,0.2597928548057396,0.5721767915367445,3.6397113340337373,1.810533800848841,1.2619020662829188,0.28501146285807366,32.78331529039218,103.73594545441809,126.18972575354351
287632,1431,0.4064833577919334,0.6394805315947122,3.753865157832544,1.8737114667841337,0.9013784682062067,0.28598725386288787,36.639535541159304,107.3557590719978,90.13762728826563
287633,1431,0.5413712461507094,0.7103970399024316,3.7780052573981022,1.888681075161824,0.7518454609947938,0.28643013123041333,40.70275216499607,108.21345445300312,75.1844086105313
287634,1431,0.7012124945342144,0.7779164838167244,3.72921356695077,1.9074330121117575,0.6356322947486818,0.2930587348855736,44.571331336355314,109.28786129792974,63.563139733872504
287635,1431,0.8373558863300661,0.8494233359898082,3.6226721948870138,1.9309054464065003,0.5812148978163397,0.30538985163678956,48.668372172138895,110.63273271791664,58.12142106508572
287636,1431,0.9524480180880948,0.9238776662513108,3.499236066185457,1.951970187549109,0.5557709134938764,0.31961162678638394,52.93429106259617,111.83965348192369,55.57703358112982
287690,1431,0.9375287410856643,0.7890616106482604,4.800976437430303,1.8020407343216025,0.48222414527113955,0.215059019176291,45.20990006594034,103.2493285872835,48.22236360585963
287691,1431,0.8277110869247737,0.7250293479990402,4.883306100522968,1.7566924547336757,0.5018794820778184,0.20611254195559126,41.54112166346684,100.65106355871603,50.18788817957939
287692,1431,0.7420338348800467,0.6597508533012482,5.035001686239869,1.7166818547758513,0.5094233866169128,0.1953497356690077,37.80093942431623,98.35862504534639,50.94227069599357
287693,1431,0.6063499646776382,0.5918510552661413,5.120704995816191,1.6801804468961565,0.5592573428430051,0.18799608319208425,33.91056756711394,96.2672484275543,55.925642973359864
287694,1431,0.46813017261318823,0.5251241496494943,5.170521275151634,1.641374796684413,0.6427143263303152,0.18188465584549365,30.08739749531227,94.04384844916045,64.27129671232804
288435,1435,0.2262559131054121,0.5798278535911601,3.0581382757118223,1.9402836656990865,1.4683234984051656,0.3635220343767211,33.22168885490289,111.17006510272999,146.83170736721334
288436,1435,0.32194854282724306,0.6464264156345474,3.1181968814323415,1.9980288216731772,1.1504168928972758,0.3671308221168304,37.03750538162914,114.47861882737004,115.0413355346907
288437,1435,0.4594116652834797,0.7136613820533451,3.1574784611832714,2.005250499257745,0.8900467139390624,0.3638738680961263,40.889785193130066,114.89239047397001,89.0044795954833
288438,1435,0.6165869817554352,0.7864308590986834,3.1542515733293315,2.018836897339161,0.7307836478502042,0.36671403877279984,45.05916910520207,115.67083374281978,73.07824744964691
288439,1435,0.7641362707806596,0.8506994477257042,3.117430816526909,2.0236032722999506,0.6378638106150044,0.37192141017230385,48.74148798879285,115.94392691164985,63.78629842122144
288440,1435,0.8837087537086952,0.9181592009738588,3.039411250496074,2.0326140176623357,0.5952939395568477,0.38316698403023514,52.606647136906055,116.46020459118161,59.52932726625448
288441,1435,0.9933640017396173,0.9833406241903374,2.947271383556724,2.0401313167915927,0.5671764521768745,0.3966072291821187,56.34126758986632,116.8909141046254,56.71758869217199
288495,1435,0.9747094455956815,0.6687077918267795,4.606789428375905,1.5293909258819163,0.3930826153294277,0.190214131665483,38.314134199187315,87.62764527863911,39.30822160808191
288496,1435,0.853373198910186,0.6038416847958444,4.725116292870847,1.484546394922039,0.40542144599376695,0.18001301442827006,34.59758003287086,85.05824292039438,40.542097566406625
288497,1435,0.7357241848178215,0.5391407346655437,4.833728806502466,1.4397764407445757,0.41986506461932044,0.17066144301558286,30.890488659918212,82.49311349703164,41.98644996442148
289442,1440,0.7238590290851239,0.526006499026687,3.936795999771831,1.881702390953412,0.41635112312436373,0.27386129490502914,30.137952390681406,107.81360530130654,41.63505536943699
289443,1440,0.9036725314562533,0.5960588969524385,3.918495608468753,1.9129941947096647,0.3779207353314415,0.2797157487513609,34.15165913659798,109.60649358989143,37.792032130855056
289499,1440,0.9754176428265633,0.5638392384088697,4.6668531223132526,2.0954319907212544,0.33119770378446334,0.25725988352565415,32.30560868469886,120.05940932502416,33.11973676357449
290044,1443,0.2606516687767513,0.5883365823619232,4.623254229048373,2.1744864754720794,1.2932662954901262,0.2694831199213316,33.70920310248915,124.58889765282775,129.3261383460495
290045,1443,0.38447457954719744,0.6571830912973585,4.599767019912006,2.2317215042984766,0.9793577656990251,0.2779884772715023,37.653817498699304,127.86822324488992,97.93552439154851
290046,1443,0.48097310313784636,0.7252845178560212,4.4370512164937415,2.2158621443663917,0.8639930317148724,0.2861349630063408,41.55574181933081,126.95954885500257,86.39912533382491
290047,1443,0.5556709269232337,0.793097561917942,4.194416509681731,2.19957935074021,0.8177707348097509,0.3004628007499423,45.44114304001356,126.02661350153986,81.7769277847489
290048,1443,0.6585872642154782,0.8607200934017544,3.9951148863330492,2.182506722491873,0.7488093169242037,0.31300332331490915,49.31562869402654,125.0484239577143,74.88081913025307
290049,1443,0.7812832533336028,0.9312448619801167,3.8048081152307813,2.168639798762744,0.6829328463666413,0.3265707590594171,53.35640028470355,124.25390775320541,68.293198099208
290050,1443,0.9165384498807368,1.001426757367922,3.6058298960112567,2.158129338539514,0.6260242117512408,0.3429216185032333,57.377526688653454,123.65170274167419,62.60235355512477
290103,1443,0.8902628307192717,0.6009599540624722,5.282602338652655,1.720241393999654,0.3867674516925406,0.18657957785715265,34.43246902415549,98.56257161988155,38.67670215955694
290104,1443,0.7631390237525124,0.5343243165283424,5.465479601573365,1.6769146030145774,0.40116580169865446,0.17579450695074922,30.614528228286318,96.0801293565912,40.116528127758976
291453,1450,0.6447464567632415,0.5547933658724271,3.666220164404661,1.9192746961925131,0.49302043524063355,0.2999447239579417,31.787318366347396,109.9663398180843,49.301967821518765
291454,1450,0.8322525719790765,0.6309259241980592,3.6881970604761456,1.9730794745027809,0.4343560287428284,0.3065159598923087,36.14939264193969,113.04912653289966,43.43555120583912
291510,1450,0.8757054485744589,0.5802544891778745,4.414815088999013,2.0405538821810283,0.37964972066672215,0.2648245117774399,33.24613327341171,116.91512531800836,37.964929146670414
292203,1453,0.8268539755990313,0.6070912444483989,4.8321687692241255,1.2672526431382964,0.4206760406559378,0.15026012406851594,34.783766086238224,72.60822802862263,42.06755369771881
292204,1453,0.6334597974999294,0.5398994925987285,4.827397251965616,1.2085868517350828,0.4883334652161845,0.14344567480495216,30.93396228716177,69.24692577942362,48.83327020274718
292656,1456,0.22732504794437078,0.6804042254774443,4.508735067687134,2.236512452291987,1.714913913813458,0.28420992171160936,38.9842904827252,128.1427243447847,171.49064454006208
292657,1456,0.3509656378761083,0.7499792911153077,4.596005715688343,2.2972953073583398,1.224354815440205,0.28639069066244166,42.97064810312045,131.6253254068421,122.43513618034872
292658,1456,0.48904303904951096,0.821768001708424,4.581631938953623,2.352876996825998,0.9627749198828778,0.29423996325661705,47.08383823679212,134.80992163154568,96.27729708821855
292659,1456,0.6573291153815648,0.8995884946915301,4.521486483608667,2.3334888829958014,0.7841220182421128,0.2956971445681549,51.54262404435154,133.6990645363562,78.41208372817705
292660,1456,0.8133330823226067,0.9747425755096949,4.433700858572851,2.3117699128606466,0.6866637570215235,0.29874514122301743,55.848635688417474,132.45465921224115,68.66629212061626
292661,1456,0.9885016132529383,1.0523687547723142,4.3739690458029035,2.290776449011362,0.6099766224102889,0.3000748763007048,60.296288139891516,131.25182233631668,60.9976011509672
293661,1461,0.2732731183313835,0.5249916326023814,4.320489185680153,1.9601338181922991,1.1007231121284273,0.25994138621055424,30.079804827799162,112.30739506328216,110.07191244991283
293662,1461,0.3857629415586933,0.5996705984865232,4.373692196726501,2.018255897509017,0.8906659971501784,0.264393421939501,34.35859439136195,115.6375449046547,89.06637114017136
293663,1461,0.511554350643164,0.6732370854895833,4.3377028121,2.066560271070786,0.7540477919442165,0.27296748186277137,38.57364361024132,118.4051816417674,75.40463326547903
293664,1461,0.6443540152007382,0.7422621671156976,4.231278033798275,2.132365531394736,0.6600174407960686,0.2887438359366632,42.528489467963674,122.17554532808941,66.00164267320031
293665,1461,0.7859355429609285,0.8110644657936192,4.1207138874414335,2.194965334433988,0.5912771171622684,0.30519529618077834,46.47057080300711,125.76224984058878,59.1276372363784
293666,1461,0.9327092829657159,0.882949000182571,3.991556849969865,2.259086023673303,0.5423903419563829,0.32427471098194155,50.589251235757075,129.43609471347142,54.238976625088426
293721,1461,0.931568537434825,0.6681544519039411,3.9423307858093564,1.9018639409296303,0.4109459283741105,0.27640698527687796,38.28243015697257,108.96877702338593,41.09454916525854
293722,1461,0.8164978544229022,0.5986751354365477,3.9651814110204633,1.8838065648202846,0.42010591888297655,0.272204860567168,34.301558559937135,107.93416558324004,42.0105409507051
293723,1461,0.6940207024506714,0.5303050636880714,3.995486611627486,1.879782260501821,0.4378002191959426,0.2695631349315964,30.384242003742816,107.70358993031581,43.779959468778166
294465,1465,0.2235825659244577,0.5612930313145925,3.9730918755853963,1.8618082595939738,1.4383822903666865,0.26849053233415093,32.15972176443051,106.67375553733186,143.837592139023
294466,1465,0.37029710155970696,0.6304212401590733,4.064113060869351,1.928222512615906,0.9754458041645863,0.2718403991436441,36.120476376518184,110.47901193500255,97.5443196289088
294467,1465,0.5521355178216947,0.6985272184757573,4.138892019297349,1.985832239878281,0.7248702442962246,0.27490402107771955,40.022661493673674,113.7798061660364,72.4868944578639
294468,1465,0.7338476391233529,0.7663723805735286,4.095753988931104,2.041890488078472,0.5983517559088899,0.28564144044133577,43.90990294225691,116.99170719480418,59.83509487012359
294469,1465,0.9164017680677412,0.8389908535949047,4.0399178093042964,2.081618592742029,0.5245585081952228,0.29522372794360163,48.07063496106639,119.26795992008,52.45579415088908
294521,1465,0.8829169084060906,0.8619274805819043,3.629296298251906,2.178074467165226,0.5593369642620574,0.3438530884073277,49.38480688368733,124.79447443377306,55.93363370875609
294522,1465,0.8142245635566474,0.7957906552887934,3.708638330702443,2.134366488389366,0.5599861193679121,0.3297441823235485,45.59544592399801,122.29019171886888,55.99854384923869
294523,1465,0.7017056732420538,0.7291266860213587,3.724848423146553,2.080075326603122,0.5953476341586584,0.3199580853360487,41.77588183938417,119.1795372836552,59.53467942148752
294524,1465,0.6104329559914127,0.6657380005418665,3.7726603028979113,2.015862691612533,0.6248675909987413,0.3061511366724678,38.14397769252706,115.50042430728035,62.48665775903143
294525,1465,0.5083487069097523,0.5987558074852519,3.8233656482613205,1.9508130855469918,0.6748552634577216,0.29234283720476084,34.30618072785256,111.77335642073625,67.4853949191771
294526,1465,0.43372138799256443,0.5335475348804314,3.847603780478121,1.8885815225938125,0.7048308444026062,0.28123413013264026,30.570021918257797,108.20775051101639,70.48292355796464
295271,1469,0.7033457261976024,0.5492430918502577,5.057097879878507,2.1832024444470925,0.44742307332186343,0.24735191727219685,31.469311089735985,125.08828588946297,44.74224435487713
295272,1469,0.8742331066849647,0.6161131590991556,4.984422781358065,2.245787174056196,0.4037902825359869,0.25815251262618766,35.30068371885383,128.67412675803203,40.37898252758816
295328,1469,0.8849191812395711,1.1405290749591088,4.1742303700516,2.259443798982016,0.7384572857503496,0.3101328435232998,65.34750240711683,129.4565937286747,73.8456459604977
295329,1469,0.7434031615434602,1.0729875777684619,4.249778800473713,2.22594494924016,0.826976020945103,0.3001032682115217,61.477659676098064,127.53725101992343,82.69749196514823
295330,1469,0.6106772839894783,1.0078506044793325,4.339573159308289,2.183927942830463,0.9455990354435793,0.28834599395594224,57.745586016374574,125.12985388487368,94.55975024874063
295331,1469,0.5114456400533847,0.9386453417741304,4.454140632613184,2.1335735659171764,1.0515372755181078,0.27445195474566786,53.78041654327237,122.24476060773135,105.15352400723326
295332,1469,0.40277193726837085,0.8728740729731777,4.557781881546254,2.072594791275364,1.2416952264660537,0.26054545172759286,50.012000427757314,118.75093418087613,124.16921744281423
295333,1469,0.30590475608478584,0.807556033847642,4.671297019849721,2.016703144783409,1.5125476157821443,0.24735866289060884,46.269552459793736,115.54857872684994,151.2542720738132
295334,1469,0.24769161773937576,0.7410077921711349,4.828975027965921,1.951689660256629,1.7140918110638224,0.23156794055230634,42.45661907771327,111.82358045202636,171.40849600284204
295335,1469,0.19140869806850438,0.6703370826052333,5.0083678253623,1.8847100444302733,2.0065694017769773,0.21561102279532735,38.4074856843923,107.98593115176853,200.65590234955854
295336,1469,0.15756119718974151,0.595580631824685,5.185775111519943,1.8202886942470005,2.1657778060938324,0.2011172047220667,34.124256563289414,104.29485967573267,216.57641980072083
295527,1470,0.9877471957527236,0.7239803012793063,3.5957638785827055,2.138542491775235,0.4199557890148926,0.34076058074104343,41.48101571391405,122.52945908811152,41.99553681017156
295528,1470,0.8570421414511763,0.6553847993553342,3.636629630860167,2.0984839615167186,0.438143945388293,0.33062006925281123,37.55078296008893,120.23427437080144,43.81434392731572
295529,1470,0.7293063122618105,0.5939064928921706,3.6304454756864986,2.0403402426871478,0.46658495106151177,0.3220069964900353,34.0283354681378,116.90288467667169,46.65843176946254
295530,1470,0.5966094967919156,0.5265446350193779,3.627955139397547,1.9790190528541762,0.5056705427657373,0.3125436634004452,30.168785311866678,113.38943930452189,50.56697036691407
296132,1473,0.9751593702111423,0.7563793831701708,5.121833150970247,1.857475765257591,0.44441295695659394,0.2077879512126323,43.33734636635932,106.42552189709279,44.4412505780725
296133,1473,0.8661639417271991,0.6889760841116533,5.376382910729695,1.8498666963689652,0.45574999659511406,0.19713914713010267,39.47542180504815,105.98955436375023,45.57494756868263
296134,1473,0.7760168222877533,0.6221851369895545,5.609250120944957,1.8291738000474251,0.45937898434723196,0.18684126450422442,35.64858242527043,104.8039387386242,45.93783982972967
296135,1473,0.689734911091412,0.5559794616942991,5.8154115255719505,1.8178997324579744,0.46184810536534965,0.1791068123221987,31.85527665103876,104.15798224780345,46.18474424600014
298086,1483,0.5493574053408693,0.5804511099794282,4.4841640904592,2.3102626743159593,0.6053872740548959,0.29519058143156707,33.25739881550521,132.36830080491112,60.538618308514735
298087,1483,0.690253042445283,0.6471539448398578,4.354391733247158,2.3557823336555663,0.5371825536042122,0.3099775884410649,37.07918973456593,134.97638516994385,53.718178314769126
298088,1483,0.8151809097446351,0.7111365069702232,4.203385538623686,2.3381521101363396,0.4998291731341471,0.3187103495997041,40.745120507069444,133.9662477704199,49.982856611517924
298089,1483,0.944472606525096,0.7783561081277852,4.033042078575276,2.3125114069445156,0.4721843616602669,0.3285290378424667,44.59651995395045,132.49714369378077,47.21838667152363
298144,1483,0.8415691034059012,0.575616083760478,4.534280158654278,1.6462468677097166,0.39189142868908206,0.20802198816133652,32.98037221932427,94.32299755639832,39.18909676787481
299748,1491,0.9577104240697925,0.726874854416922,3.75517023280967,2.1891313010267845,0.434858595152789,0.33401410918449,41.646861392275774,125.42798434881769,43.485814563323814
299749,1491,0.8050332507169093,0.6614093077396151,3.8631698600207067,2.211529824027457,0.4707378404514836,0.3279983263676773,37.895961864149406,126.71132518408292,47.07372615562855
299750,1491,0.6851942899310385,0.5903371569692548,3.9219304317637107,2.1736528562659974,0.4936384845509442,0.3175505956566417,33.823827584090296,124.5411347905982,49.36377713205602
299751,1491,0.5905428485835359,0.5239061860699705,4.025046086505614,2.130655956641088,0.5083054157085999,0.30329489646323854,30.017613322604912,122.07759390994327,50.830456357482056
300554,1495,0.9871842180231301,0.7397993469355038,4.91605930654919,2.1333296626170286,0.42937659519562105,0.24863570210910926,42.387380265938916,122.23078597802358,42.93761645947353
300555,1495,0.8693633145270353,0.6728385218010479,5.038121864548661,2.0667575502891844,0.4434372431571586,0.2350409296499513,38.55080759302107,118.41648490836727,44.34367381871898
300556,1495,0.7788450112654857,0.6008157367635032,5.193278799788967,1.998690365319276,0.44199044792837644,0.22050909777922875,34.42420598159179,114.5165224862552,44.19898861093042
300557,1495,0.6576513221473794,0.5372125716384388,5.340158290915415,1.9436215619490906,0.4680293576802813,0.20853560174652147,30.780013056251935,111.36131247030777,46.802865313009804
301905,1502,0.625863180817132,0.5874900749362217,3.8976136039209965,2.1287964198539227,0.5378284310940589,0.3129377675215132,33.66070179966997,121.97105030018938,53.782758035013856
301906,1502,0.8080124081459661,0.6523373738852399,3.809409179559562,2.1601514416362875,0.46256935540710853,0.3248996223720704,37.37617834227186,123.76756071485964,46.25687886545556
301907,1502,0.9930888381033848,0.7218199293264553,3.7158353514241744,2.1918307641806765,0.416450507905933,0.33796613676219095,41.35723551883725,125.58265219448677,41.64500927511433
301962,1502,0.9136821946458409,1.145525125523875,5.352482772169482,1.7159438893960255,0.7183433658331201,0.18368362261934404,65.6337550187119,98.3163427436556,71.83425874890109
301963,1502,0.7831362436839678,1.0804747580609955,5.51740411185062,1.6691992260384665,0.7904964585166044,0.1733388903664885,61.90664350731377,95.63807081850764,79.04954592134807
301964,1502,0.6403083185872933,1.0102205272145641,5.641519247482131,1.6270232894582572,0.9039609513525869,0.16524195593556476,57.88137258687544,93.22156765545023,90.39595537134835
302308,1504,0.8134793362280691,1.0216745938682399,3.5132230185718814,2.157303490890359,0.7195959250326295,0.35182618396732357,58.5376422643926,123.60438515685682,71.95950492893151
302309,1504,0.9754109211873816,1.1598296401354822,3.513405239142325,2.1401295991011,0.6812856121372927,0.3490072591809651,66.4533433339402,122.62039363951787,68.12849206625
302365,1504,0.9693251696247442,0.573645341544867,5.1109994630327975,1.4596053876139385,0.33907565488586106,0.16362597747483396,32.8674570078615,83.62922846483528,33.907530857838594
302563,1505,0.8467815031927495,0.6881356373889059,4.421464684281688,2.023244622295951,0.4656132324650132,0.26218320352082164,39.427267754929126,115.92337778009832,46.56126881019702
302564,1505,0.6828462475769751,0.6193198227835953,4.518816095508765,1.9578874584657004,0.5196544847474697,0.24824796033395988,35.48441201429009,112.17868813167989,51.965373134626354
302565,1505,0.547490776982093,0.5530860967500675,4.703656175444143,1.903046598513375,0.57881337557886,0.23181230517861046,31.689499051143184,109.03653831154364,57.8812328941694
302765,1506,0.9816765905584321,0.7716528231777314,3.9795419516423087,2.031240059545458,0.45037693668452833,0.29244944194991607,44.2124500174388,116.38148258985676,45.03764824894121
302766,1506,0.8489182789376584,0.7039390315639614,3.9657188225833333,2.0059681033797463,0.47510739335836516,0.28981758670634833,40.33273554314143,114.93350616152188,47.51068392935311
302767,1506,0.712199473241036,0.6372582974990235,4.023341856670161,2.0025999729942026,0.5126683150657261,0.2851871163524644,36.51221090638627,114.74052650558045,51.26676024270084
302768,1506,0.5861115763471878,0.5709068324217422,4.102418966567108,2.0077648696763335,0.5580942734268357,0.28041127428517754,32.71055199294838,115.03645328708767,55.80933307524195
303168,1508,0.9901510445388477,0.6760543235273248,4.552211230086463,1.8940484057499112,0.39120353689597454,0.23839179273431696,38.73505945968762,108.520979842952,39.12031457525096
303169,1508,0.8312403411267331,0.6111848897849687,4.601857820432425,1.8566063768612073,0.42127784869178114,0.23115818334880306,35.018314686847084,106.37570961122236,42.127734695413935
303170,1508,0.6814936087579965,0.5407908959225435,4.660448339713086,1.8128173360059319,0.4546636253458938,0.22286864822283364,30.985035935460303,103.86678238128914,45.46629648608608
305179,1518,0.8529867665713443,0.5298772594589619,4.6432274341204325,1.4870862364382371,0.35592264101667104,0.1835011662583865,30.359730626956996,85.20376511990465,35.59222279235079
306326,1524,0.6549987365235892,0.5495272261857934,4.305199208055622,2.1961079114982196,0.4806969624764468,0.29226920360950426,31.48559078797694,125.8277146841377,48.0696235926547
306327,1524,0.828342724736856,0.6195418687356282,4.30309565009646,2.2504348693123974,0.42853196897388257,0.29964572081529084,35.49713431019954,128.94042008067535,42.85314568113145
306383,1524,0.9109759959070797,0.7269187335361397,4.069638032950795,2.109410588937424,0.45719508758240524,0.2969805243875864,41.6493754806157,120.86032400631979,45.719459072777695
306384,1524,0.7683095644901586,0.6627288072863239,4.051333795903102,2.098037353648326,0.4942221843902275,0.29671385124990685,37.97156361924524,120.2086856248452,49.422154756446304
306385,1524,0.6551073067398877,0.6004329953007647,4.085808502559208,2.0938955552375256,0.5251395554904439,0.2936294681641026,34.40227651113221,119.97137805631235,52.51387618992856
306386,1524,0.5649068842489717,0.533117351941727,4.153061583400397,2.099538224500629,0.5407151968301032,0.2896530101586643,30.545374251451502,120.29467919027638,54.07142492277421
309141,1538,0.5404285272561608,0.5583202788450844,3.1572510100834217,1.937625229772424,0.5919264692572622,0.3516278789296042,31.989395594390597,111.01774794402627,59.19253849212386
309142,1538,0.7208260983535518,0.6312978556164555,3.256191488933748,1.9851763290305269,0.5017951253888414,0.349310614194431,36.17070274248211,113.74222524272324,50.179443621223406
309143,1538,0.9035507883569012,0.6991140068947214,3.3741022461240533,2.0262055402046544,0.44332075259508874,0.3440708581639484,40.05628199354747,116.09302587975174,44.332026685918436
309200,1538,0.8316346629764868,0.5639157698115659,4.943070325711572,1.8926838414610456,0.38851186297263823,0.219383477683643,32.309993611073565,108.44279606832573,38.85114004783496
309540,1540,0.36357839161488764,0.6038712562102806,4.5680285141780805,1.942261727234837,0.9516317304997891,0.24361362695380442,34.59927435011228,111.28339968034567,95.16291392764279
309541,1540,0.4998727355631123,0.6743026611420403,4.687934900544761,2.0071055214712756,0.7728906394837868,0.2453077476801932,38.63469659787901,114.99867541770833,77.2889108773772
309542,1540,0.6453412514614787,0.7441548503191312,4.670001658428174,2.0739382504726973,0.6606881470885273,0.2544493924406378,42.63693222747572,118.82790872283137,66.06871335468536
309543,1540,0.8066376849719299,0.8138505081289215,4.602549388881492,2.1283063273395832,0.5780810835028901,0.264946575254969,46.6301992703647,121.94297006754677,57.80803740151314
309544,1540,0.9895493350863126,0.8850532504002366,4.527526197607244,2.161898686658592,0.512453635021563,0.2735879701199474,50.7098158922688,123.86767048041294,51.245312233506226
309597,1540,0.9287731048135166,0.7849997587162605,3.856721470720292,2.139078096479128,0.4842643738913612,0.3177832456655446,44.97717309322969,122.56014697713195,48.42638577037029
309598,1540,0.8199707972865454,0.7147247062932583,4.082354730377458,2.1614754207083373,0.49941667215989677,0.3033627085440426,40.95070918433105,123.84341912785175,49.94160691848833
309599,1540,0.7143827904910698,0.6482426500305519,4.1755796037287,2.121055911524158,0.5199112845605384,0.2910435510367065,37.14156794712669,121.527551841608,51.99105640624271
309600,1540,0.631275333476375,0.5824522875248418,4.365022154714761,2.0621517455587797,0.5286450387739988,0.2706803935410819,33.37205784291376,118.15259173605368,52.86442097256713
309801,1541,0.9287030929006321,1.0574473938775126,4.265847431489664,1.8731653174815,0.6523858113217923,0.25159002635240607,60.587272726289484,107.32446702197286,65.23851158775079
309802,1541,0.8025458606337805,0.9943140474896247,4.31415500624268,1.8173268571627172,0.7098659468116892,0.24135701781500532,56.969998431726005,104.1251589111979,70.98650711403461
309803,1541,0.6765212298652203,0.9323711294228059,4.327946666920543,1.7600512943489184,0.7896415885836104,0.23300543749879057,53.42093065577263,100.84351089273078,78.96404330485248
309804,1541,0.5474022165540112,0.8635732167107582,4.302264337584661,1.7010554131332394,0.9038892831975145,0.2265395336414747,49.47910061806286,97.46329589041724,90.38876484786027
309805,1541,0.4296523229204747,0.7986083050124642,4.289903103614077,1.645581370864436,1.0649746749956501,0.21978320931461115,45.756885361310545,94.28486739588448,106.49722210988176
309806,1541,0.31801752210947176,0.7342900905897106,4.354308519759166,1.5903702357126273,1.3229372245611566,0.20926744567316943,42.071723129069305,91.12150236955945,132.29331062228798
309807,1541,0.25075809258285736,0.6649277061486599,4.403013354289729,1.5303593196605605,1.5192949241209357,0.1991434567657887,38.09755124363321,87.68313015506214,151.92889259257782
309808,1541,0.2160048891753926,0.5984737677936391,4.483646711406246,1.4662495304733367,1.5874649683767132,0.1873696011955465,34.290021043867974,84.00990980916079,158.74576926939775
309809,1541,0.1896496099606394,0.5319513922984161,4.550102409529463,1.4104200474184485,1.6070989064535348,0.17760285067621712,30.47856968480721,80.81111605771854,160.70905171954266
311151,1548,0.7556864238130055,0.5319197353367986,4.439574842286883,2.223280526153155,0.40329896781044755,0.2869297062455955,30.476755874514318,127.38459082220083,40.32984394623957
311152,1548,0.9370775743395088,0.5953038885001697,4.423332676147373,2.20674977102509,0.3639869409834116,0.285842050084012,34.10840033878627,126.43744832119845,36.398655644034186
311205,1548,0.9935378491411677,0.9436748904538536,3.7905356625892495,1.7761341278729574,0.5442025984013733,0.26847126149522776,54.06858845547611,101.76498937626974,54.42020561371499
311206,1548,0.8885009133205897,0.8801120068509192,3.8647517358086905,1.746746624302848,0.5675481270507544,0.25895896045538896,50.426703491346665,100.08120945127682,56.7547494668722
311207,1548,0.7817873145770828,0.8090740427013083,3.9512751893142144,1.7196460638879052,0.5929557374884459,0.2493586418231814,46.35652796037231,98.52846171706129,59.295498661232095
311208,1548,0.7112136749084659,0.7444655090792426,4.100164778055216,1.7081848090853597,0.5997456540616003,0.23870206503425387,42.65473166329887,97.87178018895139,59.97448192247802
311209,1548,0.6300656273615375,0.6861780114695536,4.202752342757559,1.699548658658558,0.6239842600609157,0.23169808031720796,39.315104051884816,97.37696521825555,62.39832796179106
311210,1548,0.5574749547983302,0.6222679532176297,4.281644348607305,1.693693305673429,0.6395502882988142,0.22664534948954312,35.65332744561434,97.04147820464833,63.954915254617774
311211,1548,0.47857070567596316,0.5561956330137623,4.327588721553685,1.6773044605263374,0.6658924441351138,0.22206931505740368,31.867662355295774,96.10246654662652,66.58910666330345
313418,1559,0.8726428245504468,0.7357575603598026,3.077946959648239,1.9371729995450386,0.4830819813604006,0.3606034741830314,42.155802953458604,110.99183706062885,48.30814333118747
313419,1559,0.7146464396552086,0.6691139022191731,2.9938366249456188,1.8965808428670559,0.5364527120953906,0.36296595656970615,38.33740261068787,108.66607780164667,53.645196894827286
313420,1559,0.5662130461462564,0.6041981718413977,2.9096013235606515,1.8646625038320925,0.6113953901319099,0.36718876381298765,34.61800523603215,106.8372916858756,61.13943211343455
313421,1559,0.462064342371792,0.5355726755615294,2.941909804491189,1.8424674638724627,0.6641077974245884,0.35883360207057347,30.686053932204963,105.5656095700646,66.41063745376951
316374,1574,0.27898288913988534,0.5586890309848739,3.794810153568269,2.056492862584628,1.1474009207867788,0.3104986983435347,32.01052353568695,117.82836162487636,114.7396849129039
316375,1574,0.44117655826819085,0.6233743080454651,3.92948764002095,2.112892257555825,0.8095787373317856,0.3080803903867006,35.71671690789323,121.0598089238173,80.9576920641578
316376,1574,0.5876884379550763,0.6969912564989673,3.9542230401321072,2.180728444133387,0.6795208837925584,0.3159825192683535,39.93465735491104,124.94653611297362,67.95197390966841
316377,1574,0.7385025449424626,0.7680917676169945,3.8742158604851484,2.2353569242287934,0.5959142086736006,0.3305869413198611,44.00841656319698,128.07651746365482,59.59134098215562
316378,1574,0.9194052138680571,0.8391919908141203,3.8031419882253426,2.212143751254891,0.52297026410773,0.33326786294670746,48.082159274830445,126.74650062314306,52.29697009827982
317841,1581,0.9826941180119588,0.6736547668152043,4.368871804416407,2.195771194437265,0.3927730296452033,0.287965469260307,38.59757498738083,125.80842221765495,39.27726339524882
317842,1581,0.8607798525997052,0.6105359352161809,4.443745702277586,2.139468038148241,0.40638883237011025,0.2758539685345773,34.98113232895981,122.5824889890284,40.638836497478785
317843,1581,0.7146689456802687,0.5453996305944201,4.48621105251863,2.076840001354901,0.43725275503690386,0.26524424540733665,31.249096981054443,118.99416680158,43.72521493304094
317983,1582,0.5666240003105576,0.5596953350874718,4.419902428352732,2.1145940818909805,0.5659516704224457,0.27411762581992394,32.068180513672516,121.15731627569437,56.59506815988791
317984,1582,0.7457613692299001,0.6283141478700865,4.4502853310119335,2.1735415335190744,0.48272476805502196,0.27983544182971026,35.99974888131468,124.53475646703572,48.27241272375979
317985,1582,0.924133036053828,0.6940085439967486,4.467944800186596,2.218584184796215,0.43028177259572725,0.28450555162069396,39.763760517033,127.11551028329542,43.0281311646408
318042,1582,0.8294820446077706,0.7030079411224522,4.42898846944436,1.8667289707321801,0.48559685850641476,0.24149011001982165,40.27938799049798,106.9556915177541,48.55962789395471
318043,1582,0.6697125026738551,0.6378889235855869,4.453429321161299,1.8150805902380562,0.5457318241475948,0.23351994511078578,36.548343119597206,103.996457296755,54.573101742277316
318044,1582,0.5450656973649728,0.577179328757836,4.492919765835101,1.7640229732945638,0.6067147338967408,0.22495632322994488,33.06993956001782,101.07107133389724,60.6713631925937
318588,1585,0.45493566458874896,0.5585496946409265,3.584683046098314,1.938270451057555,0.7034519809899614,0.3098034461138438,32.00254015124599,111.0547164005163,70.34504501890491
318589,1585,0.6263887698389751,0.6295490548671762,3.4676680492455394,1.9650781759354974,0.575848498589194,0.324687034545246,36.07050384033909,112.59068589437025,57.58475884689444
318590,1585,0.7845415601625485,0.7011574956916604,3.3045902301604824,1.9902312944800973,0.5120616523707068,0.3450710833759234,40.17336527709434,114.03185342856807,51.206100620941285
318591,1585,0.9654159736599025,0.7679238447467176,3.1952784087980053,2.0033436839000567,0.4557496046900578,0.35922734409116897,43.99879529144639,114.78313800166373,45.574913733541116
318643,1585,0.9023936247464079,0.8110912107061641,3.2969836047865133,2.0246125724384214,0.5149870453893332,0.3518420747667488,46.472103173619374,116.00175554984621,51.49864804068289
318644,1585,0.7913319935913314,0.7439485000029058,3.387082203352226,2.027224768455395,0.538650137133437,0.3429247241150475,42.62510922525482,116.15142335687966,53.86494632532373
318645,1585,0.7154448544200278,0.6754039346316401,3.382754708106818,1.9613163223733534,0.540891364875376,0.3322001059095549,38.69779492092272,112.37514756211314,54.08906164155898
318646,1585,0.6501570161832027,0.6071404898413153,3.4618410579287424,1.8974083195003972,0.535049014906909,0.31403373692550046,34.7865876394128,108.71348872038281,53.504820018416225
318647,1585,0.5569333222564176,0.539477635328678,3.511470983023006,1.844384999817129,0.5549998510737331,0.30094361165655864,30.909791646030964,105.6754762867586,55.49988645124266
320656,1595,0.8439463875390648,0.6173557223626543,3.739484571545932,1.8482519599367495,0.4191246914824707,0.2831861837424119,35.37187734963031,105.89703678115826,41.912419982451816
320657,1595,0.7036246498426528,0.5481630136241058,3.6793717581333776,1.8181774011182363,0.4463662085529656,0.28312956138973994,31.407427165833507,104.17389149013951,44.63655805165281
326826,1626,0.5019158122989013,0.7429908783962775,3.3392981719278243,1.9130274676578125,0.8481550024432786,0.3282378332746367,42.57024154882448,109.60839998939225,84.81533295097728
326827,1626,0.6735431294730113,0.8097496686579534,3.471569467234879,1.9767033294390242,0.6888235624004394,0.3262407935920775,46.395238476217564,113.25675812631405,68.88225499421654
326828,1626,0.857220479608432,0.8736231194213059,3.5610363688396123,2.0352116276297294,0.5839211525468647,0.3274581449716395,50.054917627894326,116.60903667913438,58.39204781797906
326885,1626,0.9742169997142825,0.7430315969630609,4.232563266518008,2.0796888710792527,0.43699272468394523,0.28152537181014065,42.572574550848984,119.15739501316796,43.6992280612087
326886,1626,0.7717547332736443,0.6751186769466058,4.243802936710209,2.015387037052547,0.5012142937459231,0.2720983343442034,38.68145085949658,115.473171308487,50.121365079358796
326887,1626,0.5992045070010418,0.6093118105751335,4.228308432126119,1.9527990583287917,0.5826223628646167,0.2646144334331037,34.91099515342983,111.88714427936124,58.26214002630842
326888,1626,0.4850613842306164,0.5398613549159685,4.264121714185672,1.8951080589334564,0.6376878788294804,0.2546402296216176,30.931777158899216,108.58169349811673,63.76865773247245
327432,1629,0.6089054637814972,0.531773193481553,4.441948475347109,1.8697871518893643,0.500379138579072,0.2411799973467626,30.46835964468673,107.13091239104719,50.03783250299036
327433,1629,0.7284362026910762,0.5965391211290085,4.277688388871545,1.8918828917868162,0.4692129984706113,0.25340065690849556,34.17917395513558,108.39690503239001,46.9212360775465
327434,1629,0.8448126486298506,0.6649629692329034,4.111158780913614,1.9130602260539016,0.45098249038223837,0.2666165003149229,38.09957166953298,109.61027690723178,45.09819618956706
327489,1629,0.9423754591017788,0.5602816934184336,4.22431600142906,1.5151965807860606,0.3406474109721535,0.20551106729897695,32.101776371318955,86.81436921169436,34.0647053109928
329037,1637,0.3541600747126132,0.6792573113142041,4.533624006216442,1.9343090862822332,1.0988978945294934,0.2444572962410553,38.91857714170776,110.82774691777857,109.88948227381721
329038,1637,0.47637179058650414,0.7475501085443291,4.615623747444151,2.0009163419886864,0.8991184226564832,0.24838259697794307,42.83146619413664,114.644061554707,89.91165541046767
329039,1637,0.643684830661942,0.8124960384610328,4.601539050797028,2.061795805676146,0.7232202925121431,0.2567232317757547,46.55259387491619,118.13219788301838,72.32191801867577
329040,1637,0.8074537644209411,0.8782839165839598,4.521232328764175,2.1271278058677208,0.6232178637169531,0.2695624480878961,50.32196163448094,121.87544576114351,62.32170996051882
329041,1637,0.9731403253662122,0.9463843723282745,4.431913869876454,2.181139391007709,0.5572046328872198,0.2819776850852527,54.223830331547624,124.97008163447634,55.72040660295885
329096,1637,0.9909218571954783,0.731327544283924,3.8839067999766783,2.043786116142286,0.422858583671458,0.30150136038688946,41.901981729135656,117.10031868238727,42.28581612066871
329097,1637,0.8882940272044053,0.6592160342090503,3.9051853013424678,1.9894178217579195,0.4252003837197768,0.29188178226465283,37.77029654753028,113.98524487483826,42.51999098362504
329098,1637,0.7844708444770917,0.5888160419250703,3.9336005341965565,1.9388109868840293,0.4300564376530301,0.2824020527095445,33.73667411190466,111.08568682204888,43.00558949237068
329439,1639,0.16868915989158717,0.5254059552340885,3.5474257262081044,1.7828888335151842,1.784556992324974,0.28796094153225127,30.103543765952736,102.15200550142254,178.45465192101014
329440,1639,0.2516578023276049,0.5898708076563323,3.605974890111215,1.8472731325265568,1.3429786830016772,0.2935155042216688,33.797107736681006,105.8409541016825,134.2973399860838
329441,1639,0.35383938039290963,0.6574485591486323,3.5567472503045545,1.8880405972488576,1.064579826580227,0.3041451918134209,37.6690276861737,108.17675777171881,106.45768480224177
329442,1639,0.4911470587731039,0.7238684994053664,3.48068533855621,1.909075159315536,0.844443804622516,0.31425405760223957,41.47460993839563,109.38194940204545,84.44421024894184
329443,1639,0.6101044825887638,0.7909974286047475,3.3366973301725,1.9294947820530246,0.7428369208108886,0.33132135262360246,45.32081426475269,110.55190760415293,74.2835715431536
329444,1639,0.7356201542519651,0.8561686619267753,3.1684060861981744,1.9494065341530846,0.6668502749601753,0.3525203637760299,49.05485087976724,111.69276696219713,66.6849377512123
329445,1639,0.8385708909803763,0.9208357132379776,2.972456682228583,1.9738610687460207,0.6291656427831345,0.3804728556012619,52.75999999345507,113.09390858432903,62.91649000036625
329446,1639,0.9421357270102488,0.9892741534799707,2.7560574756494516,2.0011897760489674,0.6016249203713516,0.41602807187208296,56.68123377577956,114.65972817233623,60.162428818214366
329497,1639,0.9745169473479686,0.9215571513423267,4.6382902460587685,2.009902984178853,0.5418205907438154,0.24827889559902233,52.80133535201419,115.15895822419775,54.18200403153843
329498,1639,0.8418101071311629,0.8538898565541885,4.771403359270446,1.9521884773811489,0.5811795790280737,0.2344219339919537,48.92428494958627,111.8521605680102,58.11788955400818
329499,1639,0.7286037101472906,0.7835162199821648,4.872485658843625,1.9083900695246716,0.6161397662908811,0.22440845203017593,44.89217258502182,109.34269664844143,61.61389291039124
329500,1639,0.6074428735114253,0.7169131969103575,4.935897113466081,1.8836851159984382,0.6762133786595299,0.2186577320771485,41.076100460194816,107.92720707832142,67.62122765803517
329501,1639,0.4764628256664937,0.6512456487377409,5.054680037308423,1.8492049801322805,0.7831382493187783,0.20961097403696466,37.31362709893186,105.95164081615292,78.31366221084319
329502,1639,0.3725312101261947,0.585789662652006,5.180530931552426,1.8223385344594578,0.9009520152695571,0.20154750168772062,33.563275352352214,104.41230686858266,90.09496210000931
332915,1656,0.9512178576641934,0.6603911740306752,4.192632423446844,1.8419348427017792,0.397780870039385,0.25171558513690806,37.83762709964714,105.53509262490512,39.778045604100996
332916,1656,0.7968951371837437,0.5986008884981233,4.272416215182455,1.8143423936690368,0.4303866656100438,0.24331468721650532,34.29730452372365,103.95416174889914,43.03861309320863
332917,1656,0.6709670580629359,0.5391650092214186,4.355224176853351,1.7949122152838521,0.4604082817164699,0.23613226350706937,30.8918794895194,102.84089453224175,46.040760239322424
338141,1682,0.8851321500655576,0.7403274042285932,3.8090302290269342,2.0091967227033947,0.4792237547558138,0.3022251995873622,42.41763572017405,115.11849242242131,47.92232187556457
338142,1682,0.7644321401981393,0.670319740643235,3.9081747978686003,1.9604123829561542,0.5024185868321528,0.2874061708356128,38.406492063161316,112.32335564857212,50.241793616125065
338143,1682,0.6588104407619161,0.6039504308970938,4.011549679377997,1.9348605184127075,0.5252468397471768,0.27635041376922775,34.60381072551095,110.85934165154265,52.52460504555234
338144,1682,0.5327595204968959,0.540253024412118,4.063351622318046,1.9149599137557374,0.5810166950767096,0.270021231050456,30.954218167992593,109.71912099493987,58.10156154048758
341558,1699,0.927583020414648,0.6267080018278343,3.671034603762439,1.919493810852194,0.3871106123595267,0.29958555484879024,35.907723491811986,109.97889416331346,38.711019920072076
341559,1699,0.7657472921300629,0.5567283174507228,3.599891995679601,1.8638016637141073,0.41656278561629173,0.29664214651939164,31.898182925345917,106.78796918027949,41.6562247061832
342104,1702,0.7309760538214738,0.5630991920473499,3.8302669932357616,1.8437772183898895,0.4413715954373494,0.27580493184122007,32.26320715153976,105.64065297611134,44.13709976649881
342105,1702,0.9124746213611734,0.6268274810286636,3.8726142109860673,1.907995850983323,0.39359526184507687,0.2822902136685865,35.9145691457591,109.32010958981635,39.35948348097675
342160,1702,0.9026994404277817,0.8466708814218372,3.8176868027724447,1.8710776289000566,0.5373955652582247,0.2808110160284867,48.510668142092655,107.20485127731851,53.73949758914915
342161,1702,0.7903187408563423,0.7780082897930944,3.873309939770038,1.8580563654260858,0.5640330737823803,0.27485223030667266,44.576591431335395,106.45878783633212,56.4032367242085
342162,1702,0.673598900921777,0.7127248015773707,3.9054979976051976,1.8555419796428274,0.6062379618280672,0.27221809852637613,40.836123084682384,106.31472414288373,60.62370708309316
342163,1702,0.5755034897197857,0.6436423159303323,3.956037061056995,1.8643944626565907,0.6407952034486322,0.2700225810301681,36.87798821883399,106.82193405778362,64.07941011335977
342164,1702,0.46302146101892616,0.5777470163792194,3.991300144845352,1.8580522816255693,0.7149229082608103,0.26672650445133717,33.10246566480492,106.45855385179816,71.49213796661118
342909,1706,0.8937937358411691,0.5626310068183075,3.877537136254742,2.1216000868422427,0.36066913942821216,0.31349469058745527,32.23638211388526,121.55873079064945,36.06687399377769
342966,1706,0.7911077715781424,0.7212775862992733,3.7570673144188858,1.5640161163208628,0.52238345412166,0.23851455089239823,41.32616155233137,89.61152255562747,52.23828004067244
342967,1706,0.6660895734195961,0.6532398891336718,3.8296141413150373,1.5301515201654179,0.5619047285622526,0.22892965363338347,37.4278886569532,87.67122412100552,56.1903893412044
342968,1706,0.5146993793558217,0.5869619464805007,3.852055554573163,1.510830298115482,0.6533996923953415,0.22472209497346923,33.6304422681164,86.5641996425091,65.33984356142676
346727,1725,0.5430491626408536,0.5268085459884977,4.254060230897362,1.8134552751485113,0.5558227103041113,0.24424509225997124,30.18390629656445,103.90333360174515,55.58216970192971
346728,1725,0.6573564091226514,0.5947342198845211,4.123473282116126,1.8373475548168492,0.5183757203872469,0.2552999690599729,34.07576073138854,105.27226038968713,51.837493969784404
346729,1725,0.7924901440461023,0.6698955033579905,3.9824361202369634,1.863221060979941,0.48432380971854794,0.26806381722859135,38.38218505720472,106.754703094038,48.43232046889836
346730,1725,0.9357555628185759,0.739843158895793,3.8258229187345387,1.8891609943999548,0.4530017425242118,0.2829220113322334,42.389890506355684,108.24095179985515,45.3001263263106
346783,1725,0.9827118611877514,0.7273748424232638,4.897953355816023,1.7278826494821997,0.4240867523506697,0.20212602267747126,41.67550859484632,99.00038330921262,42.408632511917475
346784,1725,0.8515051461269492,0.662228943984509,5.155894191504482,1.6847491983447003,0.44559828309555116,0.18722071251003003,37.94292356171778,96.52901860320014,44.559776502260206
346785,1725,0.7299523545540396,0.5963889996159057,5.306054981785788,1.665424714731774,0.4681205827300388,0.179835692239584,34.17057262602067,95.42180725090975,46.81199478410092
346786,1725,0.6039379673892769,0.5269625728660638,5.503747616605164,1.638080130942544,0.49993099485312575,0.17052939991933633,30.192731386580572,93.85507800724501,49.99301753469974
347533,1729,0.7313132009524761,0.5524496695509087,4.403196169752264,1.8275854271291996,0.4328245953254221,0.23781118850809058,31.653034458664052,104.712931674117,43.282400939895055
347534,1729,0.9107768808678298,0.6173708769426459,4.307897214603971,1.8509889197324791,0.38837992045888814,0.24618473351787123,35.37274564310412,106.05385302615056,38.837949829654825
347586,1729,0.9909276252224931,0.6967584683960824,4.417790093197675,1.2305707473938532,0.4028681627203921,0.15959678611008085,39.92131957909487,70.50651021792713,40.28677602297677
347587,1729,0.8741834109271377,0.632400183592499,4.487654855661155,1.1965239402506076,0.4144880881488218,0.15276525025866297,36.23386148314861,68.5557718627233,41.44876187476267
347588,1729,0.7712564992990737,0.5645757799107021,4.661074528669208,1.1743899974458665,0.4194170034764196,0.14436068292363993,32.34780940419008,67.28759035602768,41.94164651052091
351352,1748,0.6357664059381095,0.5768620083449996,3.0747936660056494,2.099392824631369,0.5198726703869566,0.39120136524960447,33.05175843960895,120.28634839142602,51.9871860855139
351353,1748,0.7726223602217129,0.6421005255354582,3.040712618227513,2.0935521523791936,0.47616599718380764,0.39448549464465255,36.789650136313895,119.9517025218572,47.616538704908805
351354,1748,0.9410544862253641,0.7065860163138256,3.038554962059831,2.0903231431316263,0.4302024671273545,0.39415674562824593,40.48439659774414,119.76669391996288,43.02020145499574
351407,1748,0.9244866957950894,0.5854635090673072,4.394734745084816,1.9300513026603903,0.3628455435670807,0.25162791396731937,33.5445881284759,110.58379388616704,36.284515500908284
357782,1780,0.6069684296022042,0.5687901492161783,4.4807534922937196,2.288504162659066,0.5369187729111871,0.29263299097208345,32.589274978703344,131.12162991848493,53.69178971676005
357783,1780,0.7923600526626138,0.6403262620638235,4.443959332531402,2.267278434916763,0.4630217253045314,0.2923192479698959,36.687992327645,129.90548530175724,46.302114679110424
357784,1780,0.9732861977736342,0.7062856670004857,4.386952048485459,2.243069587199435,0.41577890990850164,0.29295606331528684,40.46718784971011,128.5184205006794,41.57784869900437
357839,1780,0.9413282469073853,0.754365640014778,4.706167638182318,1.8400045494531851,0.4591593534494784,0.2240134709379862,43.22196738253195,105.42449496853807,45.91588705496201
357840,1780,0.7950718893712008,0.6915917868403615,4.738223339655971,1.8102588248104738,0.49838625366086353,0.21890101591661618,39.62529053186398,103.72019048795242,49.83856330858222
357841,1780,0.6869456589491676,0.6222983650498141,4.857565322956296,1.7864370015345972,0.5190376987133193,0.21071317324237646,35.65506991524576,102.35530055393819,51.903695069698486
357842,1780,0.5690987235295184,0.5587801832228634,4.930988250244262,1.7747769153673318,0.5625692746785266,0.2062207846805091,32.01574617421692,101.68722682779502,56.256829603882785
363813,1810,0.43942541974401295,0.563095644199082,3.3774126229905623,1.925780856103493,0.7342088484410757,0.3266971712133374,32.26300387480765,110.33911532182066,73.42071943148618
363814,1810,0.6129521171656966,0.6359920677095169,3.358172637118361,1.9428797904688335,0.5944944094092887,0.3314862688511511,36.439661283553804,111.31881209512586,59.44934492225324
363815,1810,0.7625607466061533,0.7074793506615386,3.3061975825251384,1.9588958549806765,0.5315718194832042,0.3394729499828294,40.53558088556217,112.23646499606373,53.15711293671531
363816,1810,0.9011026556971695,0.7762131438607304,3.23816870508474,1.976070045997791,0.49354794785111633,0.34964352885773897,44.473737145800854,113.22047365789587,49.35474056133113
363870,1810,0.9859144323406229,0.6933059314090282,4.802500216427699,1.8485106340598105,0.40291025341730213,0.2205348312819562,39.72350378112385,105.91185771667891,40.29098488378242
363871,1810,0.8909018814999674,0.6217159487446554,4.919431576007845,1.8365872278746718,0.3998386383383481,0.2139041778000294,35.621699919040566,105.22869686485028,39.98381940247644
363872,1810,0.7508304370961922,0.5529722030248252,4.9889078654955545,1.8256488131851873,0.4219724112668374,0.20966907884260874,31.682973421373777,104.60197186857891,42.19718548800552
366426,1823,0.5882045691126638,0.5907427448172238,3.4265094742688453,2.087795961926661,0.5754301693308935,0.3491071530723596,33.847066056000706,119.62189710285358,57.54292008329778
366427,1823,0.7367222251030807,0.6552075517600067,3.3638798740712312,2.1119559783804793,0.5095628397274476,0.3597220122264676,37.540627420947814,121.006164078624,50.95621549829003
366428,1823,0.877038949506734,0.7274060032435412,3.2689160357436626,2.1169491379926986,0.475204590703412,0.3710473115660758,41.67729397833438,121.29225105083934,47.520405429393016
366483,1823,0.8596623635488763,0.6481049130577928,4.74332830975347,1.953132117899516,0.43195651388822176,0.23592342685000223,37.133676199904684,111.90622718709018,43.19560164412362
366484,1823,0.6751098797982147,0.5812913287257007,4.766038525387253,1.9077979475510913,0.4933350896916824,0.22934932176228556,33.3055398035344,109.30877055839832,49.33343662523875
368437,1833,0.7655806286868825,0.5596388849689761,3.9860411824014705,1.897457532820526,0.4188317277083603,0.27274256132416863,32.06494616012969,108.71630843592203,41.883118610261256
368438,1833,0.9488603998702748,0.6234386100879055,3.943909090274574,1.9098355615820384,0.3764558071131107,0.2774544606898522,35.720401143539135,109.42551724264823,37.645541433577876
372715,1854,0.8121967085401648,0.5801275896289521,4.783669057937605,1.7802986593709216,0.4092464510885931,0.21323297662547014,33.23886246483634,102.00359945475238,40.924595225194
373060,1856,0.8974384391216089,0.5836561657482354,4.402665555054503,1.9133746271679004,0.3726276160431192,0.24900435689300643,33.44103498416193,109.62829076413811,37.262720498324846
373115,1856,0.8669408357308696,0.5994150350434463,3.2011151528873936,1.2041267504383706,0.39615103906798094,0.21552295774542274,34.343951684675815,68.99138079892118,39.615058668523446
373116,1856,0.7489138150750797,0.5328855934446028,3.1851447785054923,1.1608548253689093,0.40768502924404026,0.2088196504003919,30.532095467699992,66.51208212103471,40.768449032002536
373860,1860,0.17235890712196753,0.5450066217539322,4.492607527756686,1.7105742907076147,1.811718230457788,0.21815546222866775,31.226579233183156,98.00868740113067,181.1707824319388
373861,1860,0.2896758621318214,0.6144516732641672,4.598662064833564,1.764116818050086,1.2153406955746537,0.21979533742099602,35.205487592788224,101.0764482423181,121.53365420247991
373862,1860,0.40592225947750643,0.6853655094159427,4.577526500869603,1.7841114115039653,0.9673909037785178,0.22331286081592988,39.268551113367195,102.22205406030528,96.73885444237078
373863,1860,0.579969284572011,0.7551470973283494,4.526795459578727,1.8113391611932612,0.7460177977249289,0.22926171482803653,43.26674158846922,103.78208920314057,74.60165242844796
373864,1860,0.7723422642642253,0.8157785598521163,4.460359756803097,1.8287531327261148,0.60518076058072,0.2349134189945256,46.74066849678669,104.77983627653406,60.5179984851869
373865,1860,0.9541317552167654,0.8837920587130811,4.371116936301769,1.8558772191043404,0.5307186782523026,0.24326489832105644,50.6375549314378,106.33393194915466,53.07181275831335
373920,1860,0.9459322783007482,0.6596005860612437,5.158025500897798,1.9960989506822426,0.3995246828243299,0.22172834376826883,37.7923297456649,114.36804536458476,39.95242646876123
373921,1860,0.8005671257598127,0.5924760644610267,5.293500329282877,1.9376767617861632,0.4240291218539651,0.20973022271679606,33.94637795613774,111.02070051092335,42.40285974903073
373922,1860,0.6881362614485056,0.5267390204669449,5.449986962418289,1.8939737753727406,0.4385748002221017,0.1991136940079055,30.17992277761103,108.51670383731665,43.85741692592451
375673,1869,0.8469781602132597,0.5593367344784029,3.2466074059924157,2.0051405449798576,0.37837615347480336,0.3538650530766114,32.047634212242045,114.88609055790765,37.83757112060799
375729,1869,0.9958655690969378,0.5363983638023201,3.536246172204381,1.8955035058463592,0.30860954559213916,0.3071176194796119,30.73336238359585,108.60435093724755,30.860923880058735
378083,1881,0.5431711391989835,0.5726177699942281,3.2474599862398996,2.023676174484044,0.6040192219937512,0.35704243942455716,32.80858149486218,115.94810389911571,60.40181210922384
378084,1881,0.7197852067183494,0.7416115325854266,3.333501623305533,2.030487105414262,0.590331808273306,0.3489974036119192,42.491210855373666,116.3383414959723,59.03309963259739
378085,1881,0.8895214694285531,1.226408301677204,3.3546883465453163,2.037101111195867,0.7899530395944171,0.34792291774348233,70.26801964591083,116.7172961129334,78.9952160410882
378140,1881,0.8953213925040181,1.1507870765048112,5.261136519092855,1.9774767953748933,0.7364421582854807,0.21535475050591832,65.93524260192426,113.30107446003649,73.64413439668141
378141,1881,0.7736047919737574,1.0818158807049079,5.4331732603887595,1.927654796967563,0.8012293100621422,0.20328172640164335,61.98348417461937,110.44648422438897,80.12282847117308
378142,1881,0.640746492910664,1.0166022496116398,5.554295063760915,1.8723081799201027,0.9090493366980277,0.19313946276283184,58.24701834625199,107.27535665724267,90.90479321527843
378143,1881,0.5158160593236703,0.9488633786845942,5.693335560810516,1.8253960053791802,1.0539777677813431,0.1837016029486866,54.36586693315085,104.58748704826674,105.397574489751
378144,1881,0.4107217343431524,0.8803030566354976,5.851638786727478,1.7909212704493696,1.2280248253800736,0.17535639809884046,50.43764983767989,102.61223023695635,122.80218653672098
378145,1881,0.3310686597730502,0.8138694370323778,6.011490692997948,1.750599319636776,1.4085079040734847,0.16685038302336516,46.63128381664355,100.30195263366065,140.85036922021038
378146,1881,0.230810970939646,0.7494603214914386,6.153040278323428,1.7078258637437398,1.8604363258265313,0.15902904832508913,42.94091333397726,97.85121413580069,186.04283460326104
378147,1881,0.16811207007662293,0.6857295654138279,6.312852073775808,1.6781265683625786,2.337096178195221,0.1523076552087362,39.289409985552446,96.14956985594777,233.7082415284251
378148,1881,0.1614463341775301,0.6194812910733806,6.470802706006408,1.6456654111740456,2.198480470192025,0.14571558845040317,35.493663465819985,94.28968255093407,219.84669890424192
378149,1881,0.15002990908703248,0.5568187269769546,6.629442730656832,1.6042801559616868,2.1264667210224655,0.13865189834053387,31.903363009626773,91.91848209319413,212.6452689233505
378282,1882,0.4257510456915229,0.7105934981781835,4.073763326533617,1.91667677247283,0.956286727907642,0.2695725811281264,40.71400839504707,109.81748975344952,95.62845042568804
378283,1882,0.5277903343907714,0.7846667044399801,4.125110722988902,1.9752191186587784,0.8518172218695129,0.27434831799217696,44.95809048885003,113.17171911269816,85.18156240807757
378284,1882,0.6398417023144634,0.8544125616288891,4.113673983569004,2.0405070023549197,0.7650991300210377,0.2842044349761303,48.954233744296694,116.91243930182803,76.50979462173683
378285,1882,0.7816635682034089,0.9299833797898969,4.080483140539446,2.0920130459203934,0.6816759046358833,0.2937483474271925,53.28412267927303,119.86351821754663,68.16750412743176
378286,1882,0.9068486734646125,0.999241632414407,3.972381800551731,2.1328245989376016,0.6313327603054567,0.3076286565309648,57.25232825110832,122.20184796080706,63.133207108490446
378342,1882,0.9666316959673454,0.577897494437202,4.879424169173569,1.9282489108995136,0.34254087899280217,0.22642123412183404,33.11108742243664,110.48052444523965,34.254052817136646
378942,1885,0.9657807668934721,0.9798005759360349,3.688979919829463,1.935266570923889,0.5812751621149147,0.3005779615391402,56.13843776562213,110.88260674669404,58.127456626352235
378943,1885,0.8820273130203891,0.9146482163143178,3.9279008604774326,1.9619119832759737,0.594148062834645,0.2861815512268542,52.40548253397918,112.40927641785424,59.41473959551656
378944,1885,0.7766029218582675,0.849709289178678,4.023037945187806,1.9481769035708942,0.6268937971494108,0.2774577708757077,48.68475608299944,111.6223143194774,62.689299799704784
378945,1885,0.647854303931509,0.7808311396209153,4.115968866649471,1.9436994929839426,0.6905615637746373,0.2705700186935164,44.73832881266876,111.36577758969788,69.05605085143901
378946,1885,0.5484976761609983,0.7154496519023793,4.236595570624858,1.9459930445164013,0.747354939544411,0.26317637898342594,40.99224550811022,111.49718841260352,74.73535906233975
378947,1885,0.4431855177291969,0.649768193337922,4.317141070780911,1.9385899406001803,0.8400313821360101,0.25728374339532983,37.22897514010343,111.07302180290729,84.00295056550364
378948,1885,0.36978441689420455,0.5845899624213263,4.439481787205443,1.9269027089495583,0.9057855105952364,0.2486853146343149,33.49453759245339,110.40339275513493,90.57830856005921
381503,1898,0.8520070047807226,0.5453934861229571,3.0212105457161784,0.6484215969815201,0.36676628697493335,0.12296998228700767,31.248744928772275,37.151820852173906,36.676586080684324
381958,1900,0.9080891039708803,0.6671672236314788,4.013484764552433,2.135049505176467,0.42094840203943124,0.30479578862174206,38.2258661435445,122.32932569810636,42.094794312140515
381959,1900,0.7676879172532495,0.6514256799919886,4.059870534092789,2.1483694263828634,0.4861863890907335,0.30319316744171143,37.3239421299807,123.0925009666797,48.618576211212996
381960,1900,0.6489497169916365,0.5910944125522406,4.1775980283638985,2.1191157730847805,0.5218773307758025,0.2906368419899769,33.867215133008095,121.41639009736058,52.18765346312818
381961,1900,0.5450361853507417,0.5267492738866524,4.2528124681281145,2.0688144931478383,0.5537340549624247,0.27871988163710637,30.180510255285846,118.53433905286771,55.373304916551916
384574,1913,0.8741198429111907,0.6334054075314163,4.874518681573652,1.8201941469976934,0.4151771230392275,0.21394818466418639,36.29145657231408,104.2894425173828,41.51766528235186
384575,1913,0.732272692939533,0.5647338436310247,5.012457063984768,1.8174928388624356,0.44186906951972715,0.20775174215962697,32.3568657882587,104.13466896206818,44.18684721332813
386121,1921,0.3410015634705462,0.5545111434784685,4.538090371513996,1.9680344476106062,0.9317009270936313,0.24847470699080498,31.77114821428949,112.76006778444805,93.16982221757901
386122,1921,0.5208523311886805,0.6172377762098022,4.6706556619946245,2.0317647014653075,0.6789855153987098,0.249240257755729,35.36511953286208,116.4115423576198,67.89842248325945
386123,1921,0.7019711107571106,0.6799639624313922,4.776860317828099,2.0860734834336503,0.5549952714050624,0.25021289749379333,38.959065268310844,119.52320635490202,55.49944886883272
386124,1921,0.8862101025977595,0.750148339195035,4.776901355481461,2.154734570674941,0.48499033393598723,0.25844619225912013,42.980333844623615,123.45719687060752,48.498979214585475
386179,1921,0.9977039075328209,0.6926425779824621,4.375957690751329,1.9457443094639375,0.3977682730523164,0.2547623733308467,39.68549642945608,111.48293694388038,39.77678783558611
386180,1921,0.8703964951675953,0.6311161233963236,4.381946135048476,1.8872550670022346,0.4154461792824447,0.24676649740685308,36.160290253267014,108.13175020390744,41.54457067492403
386181,1921,0.7684128286860432,0.565745828729243,4.5051237126601835,1.854665862710446,0.4218415756658218,0.23587482360540207,32.41484826331674,106.26452634029832,42.184103217851806
387989,1930,0.9584156089560937,0.7524120990462526,3.5038143256828347,1.8683188473564551,0.4498052502199933,0.3055150030300049,43.110037729929545,107.04678473827157,44.98047855919875
387990,1930,0.8255880528867615,0.6850152385629821,3.45997096907268,1.8331565412103026,0.47540030962377744,0.3035636241847906,39.24848207180611,105.0321329981501,47.539973955044026
387991,1930,0.7139111204432097,0.6204242104235775,3.411249545586635,1.8056024412552563,0.4979287652083363,0.303271272525394,35.54768876500749,103.45339936244434,49.79280747179196
387992,1930,0.5805765730097022,0.555735602723547,3.3766759729506806,1.7754702090075885,0.5484427979536018,0.3012635803404854,31.841304561218262,101.72694962734498,54.84418627497716
391350,1947,0.7635271946898929,0.5309790498079648,3.4757089357726505,1.931131268172268,0.39845153357985946,0.31833986412064424,30.42285856386311,110.64567135201733,39.84510169427254
391351,1947,0.9354981106497042,0.6015035117824985,3.5469501222492563,1.9558394321988959,0.3683985229548056,0.3159371874202181,34.46361258743475,112.06134487026006,36.83981330938922
391407,1947,0.9740526301100675,0.6698034013261469,4.946990427272288,1.8985854218899654,0.39399213573466557,0.21989315139921792,38.37690799949551,108.78093171935984,39.39917352924288
391408,1947,0.8208027199034753,0.6037059221786119,5.0224599711325,1.8568459160536372,0.42141430757613924,0.21182734077651547,34.589801407887784,106.38943419597656,42.14137992936419
391409,1947,0.6718828474824141,0.539063040855534,5.108167200778221,1.8311245405125605,0.45969378126779753,0.20538816292628392,30.886037132510367,104.91570793420185,45.969310392327564
393360,1957,0.8532178999679678,0.5302829538272621,4.826921025429489,2.321141538324119,0.35609865717860384,0.2755205913300012,30.382975202032824,132.99161379847544,35.60982439931122
393416,1957,0.9559088319578006,0.8679588390489025,4.010299512318435,1.9473753201004587,0.520241848236531,0.2782245723760539,49.73037826857682,111.57638696969398,52.02413094415395
393417,1957,0.7855151098672963,0.7976061071742179,4.056517737146768,1.9479072707819096,0.5817770084764541,0.27512973554017145,45.699463654941894,111.60686549865024,58.17762752524869
393418,1957,0.6473760112959384,0.7317403091946247,4.117505990827673,1.959626531192714,0.6476241015618992,0.27268528482201276,41.9256314164499,112.27832965920408,64.76231111840369
393419,1957,0.5326756683866906,0.6652557576568628,4.1929808208472705,1.9822684554124614,0.7155638741749715,0.2708708218303506,38.11634721051614,113.57561635705065,71.55625442720913
393420,1957,0.39696408396157723,0.6011911883672099,4.298606962834706,2.00626066059473,0.8677288021225834,0.26741283672045707,34.4457177738956,114.95026845520655,86.77266380745378
393421,1957,0.28673379494552476,0.5303622241344819,4.413853218982711,2.031625648267688,1.0597814604333244,0.2637232575653556,30.387517056077222,116.40357519626839,105.97778013599776
394965,1965,0.2571199657027258,0.6744250061214557,4.075931743139814,2.006732794847939,1.5028667587274696,0.2820884320909163,38.641706448844126,114.97731975527897,150.2860972197822
394966,1965,0.407994380946641,0.7438656046528829,4.186261345552163,2.0681934395409027,1.044631019869371,0.28306583186732037,42.62035967155724,118.49875530233892,104.46284850742288
394967,1965,0.5858094286665794,0.8134311239575907,4.223919652779261,2.130252348854193,0.7955858552473636,0.28896020433983816,46.60617032735285,122.05446888717557,79.55845107339199
394968,1965,0.7678276222161913,0.8947535773987982,4.17853401959561,2.190811346506529,0.6676707315314321,0.3004025885038563,51.26560368918318,125.52424386419708,66.766987067003
394969,1965,0.9499976218773406,0.9670119477108049,4.112502885624118,2.252229305686283,0.5832193837479829,0.3137827181807249,55.40570334255457,129.04323371150377,58.32187759711118
395022,1965,0.9724069883332529,0.8034728853601315,4.026535360480842,1.512432067713951,0.47341910705333423,0.21521225149428014,46.03560528433417,86.65597428025373,47.34186250695151
395023,1965,0.8731896720411102,0.7316869171232314,4.13183984029941,1.4657529347238238,0.48010842475948856,0.20325438548278663,41.92257227609961,83.98145696858955,48.01078804255238
395024,1965,0.7616552145025031,0.6582412948574154,4.243516944001034,1.427202610838659,0.49516430641161235,0.19270026960539702,37.71444809655628,81.77268611110725,49.51636627975329
395025,1965,0.6621524305421799,0.5920017919724326,4.337404994908243,1.404950346016356,0.5122567262068625,0.18558959829919033,33.919204144202126,80.49772525218185,51.22559603206864
395026,1965,0.5614237822558814,0.5274392866559745,4.410639516980027,1.3866091877083222,0.5382751050387384,0.18012547569070467,30.220045074778138,79.4468542897502,53.82741558602004
395226,1966,0.8984703299046078,0.6881182070117444,4.4407617044804875,1.8532586427549642,0.4388154768922967,0.2391119033245061,39.426269067882444,106.18389857600263,43.881499337400555
395227,1966,0.7765989538266618,0.6219664896320249,4.58365535817151,1.8368296991365556,0.4588733247709603,0.22960406267802003,35.6360548544823,105.24258944480943,45.88727398049308
395228,1966,0.6386996017626054,0.5578381044658718,4.713199587313974,1.8180331647451329,0.5004194217257808,0.2210083091199274,31.961769037472372,104.1656273547084,50.041864606465545
396775,1974,0.5218238846377106,0.5798531314212951,4.580768806065105,1.6765504176370447,0.6366733587573807,0.20970118102142818,33.22313716788487,96.0592630714982,63.66721508682137
396776,1974,0.6579090767036291,0.6455289002691819,4.58069227390462,1.7288750095509302,0.5621761773265616,0.21624949945005034,36.98608153914555,99.05724135290819,56.21753313835744
396777,1974,0.8400274527466914,0.711719553957851,4.524452462551797,1.7727978020260924,0.48544277951797177,0.22449972146326067,40.77852663871833,101.57383198616395,48.544220740836025
396778,1974,0.9981740929931446,0.776366410616079,4.440977731097176,1.8106246295700887,0.4456388775328456,0.23359979627183214,44.482518684022,103.74114955680416,44.56384355437678
399990,1990,0.2997862546348845,0.685057463798261,4.478282142700281,1.6849126169846635,1.3092961896496815,0.21557011932210168,39.25090139957654,96.5383818015638,130.9291865906068
399991,1990,0.41668172347644133,0.7560365908522183,4.55799693094045,1.7512506156118963,1.0395873476834392,0.22013895674872022,43.317705813291134,100.33926914424889,103.95848777190845
399992,1990,0.5481581514078743,0.8192898989302566,4.52662107866847,1.7892105318883877,0.856356006555468,0.22646961194562212,46.94185340640348,102.51421213756181,85.63544599381318
399993,1990,0.6642614331436942,0.8832674745506599,4.428942433313353,1.8171950128400183,0.7618611466206109,0.235084574072863,50.60749847293166,104.11760478795449,76.18600111619465
399994,1990,0.8256965799047492,0.9513399489633938,4.342482855703788,1.8435138603897134,0.6601427767078645,0.2432377212318176,54.5077639577936,105.62556367420025,66.0141985205788
400049,1990,0.9102329502440982,0.6704272179596573,3.523706283065236,1.5857864006641602,0.42200899920702223,0.2578502871993368,38.41265005978571,90.85886796729815,42.200854021633184
400050,1990,0.7773247593016788,0.6053360942925793,3.4753863750083753,1.548625184945506,0.44618677751715285,0.25530884142204585,34.68320338989803,88.72968714504404,44.6186209254871
400051,1990,0.6394136011239089,0.5371343936327553,3.4155123420925384,1.5177082781971794,0.4813087061500115,0.25459805121035434,30.775533786475517,86.95827887276539,48.13079609439773
401257,1996,0.9565969771747136,0.7439068961911806,3.8850239409608966,1.8345134384548967,0.4455661691797348,0.27055142725053494,42.6227255024313,105.10987748349828,44.55657080555028
401258,1996,0.8483510260659957,0.6753876240551193,3.911708618155259,1.8089720665106168,0.4561420773784063,0.2649646855650297,38.69686039372665,103.64646466811719,45.61415450750195
401259,1996,0.7367670589259598,0.6086875570288636,3.9459504677716257,1.7970448214490609,0.4733548706339807,0.2609335429952419,34.87522805988249,102.96308386487178,47.33542345839834
401260,1996,0.6274262412785372,0.5354686308511796,3.974152518355977,1.7826196834036843,0.48898324778255503,0.2570021749472959,30.680092609421255,102.13658433597811,48.89824762294832
402000,2000,0.31500977707549793,0.7610628264081929,3.212979187102975,1.8214040399169833,1.3842645430897724,0.32480373470645973,43.605687897487066,104.35876427532087,138.42601926929055
402001,2000,0.45136296114055796,0.8329442658792097,3.307000593441556,1.8870033974933054,1.0573350951653437,0.326934716887252,47.724191004501414,108.11733060321366,105.7332776057408
402002,2000,0.6203669349127752,0.9065298061352529,3.423425333158757,1.943725197405441,0.8372517639808424,0.32530941726863316,51.940331894362714,111.36725034456457,83.72504278717373
402003,2000,0.8063687911586159,0.9716897737740561,3.5325319950188145,1.983659149090339,0.6904250629895579,0.3217389030698484,55.67372303327516,113.65529723538856,69.04242153377486
402004,2000,0.9900011063296303,1.0423644289621352,3.609342944025234,1.9986428178703823,0.6032627792937669,0.3172704829570107,59.72308249409446,114.51379821810697,60.32621760322711
402060,2000,0.962338355333113,0.5667243114102356,4.8670595290473235,2.0666560621716243,0.337416779388448,0.2432899559119386,32.470911191264264,118.41067006756035,33.74164322732544
404270,2011,0.9402520896137011,0.6882349572106347,4.227575987851584,2.0518101789796774,0.41938708116405216,0.2780791254308865,39.43295836153617,117.56006361751757,41.938663958803936
404271,2011,0.7922023448444454,0.6257821352663383,4.27987608264111,2.000310041590742,0.4525949086895392,0.2677865447970535,35.854675245445975,114.60932310078769,45.259434309111995
404272,2011,0.6515550722389611,0.5640363444888422,4.318802169656438,1.944214964264098,0.4959964692493223,0.25793103570067316,32.31690203119765,111.39531191851098,49.59957156127198
405881,2019,0.8461671502098713,0.7951145836081374,5.42750076973287,1.7024164291100758,0.5383890088425183,0.1797167431573186,45.556709870048095,97.54127636173985,53.838837893802626
405882,2019,0.6918990207637468,0.7242822165142572,5.475253703448915,1.6679552542359715,0.599774133761105,0.17454313806436003,41.498314182647434,95.56679648439139,59.97732755787454
405883,2019,0.5241590825609188,0.6527119860998764,5.530163493419078,1.6326208822282404,0.7134788382360866,0.1691492232350269,37.39764204112457,93.5422860966032,71.34774906629436
405884,2019,0.3621199755318679,0.5831363127943068,5.584779612356198,1.5996248685168775,0.9226568800079137,0.16410988430644427,33.41124960393441,91.65175377018632,92.26543575627285
407486,2027,0.9119260804830225,0.6845643933693418,3.8931542010645654,1.7634880271337017,0.4301077790659722,0.2595335702075466,39.22265054499676,101.04042117661311,43.010731213532566
407487,2027,0.8092237915757718,0.6188696473099438,3.9477924335821144,1.7283705170480883,0.43818062185717094,0.25084483917762374,35.45861885960956,99.02833606169936,43.81800857900358
407488,2027,0.6944526368248853,0.549516397465982,3.9712309856414922,1.6869127411632765,0.4533782179675893,0.24338292227669212,31.484970348034217,96.6529804755004,45.33775716401572
408837,2034,0.7033327717289453,0.5588242131547231,3.302572244945971,2.1271572463522905,0.4552364077894514,0.3690369904674502,32.01826890348473,121.87713257665618,45.52357670068502
408838,2034,0.8865693078800657,0.6256091215527938,3.3797678275068344,2.121489107789985,0.40430862614976076,0.3596471059651443,35.84476228986199,121.5523721593407,40.43081746733958
408895,2034,0.9443919294465447,0.9810401802574594,4.249661491131497,1.8750895658540285,0.595192096773371,0.25280770787002343,56.209461861505936,107.43471833245367,59.519147283797565
408896,2034,0.7549175848937942,0.9198255517676734,4.175872515609172,1.859218692780387,0.6981175476774298,0.2550973087297639,52.702122004579905,106.5253842881462,69.81166321662926
408897,2034,0.5641957422798883,0.8521051572525223,4.1159019543485975,1.8512717865043409,0.865338475424768,0.2577079362363527,48.82202921190086,106.07006009834272,86.53369570092464
408898,2034,0.3872300458888714,0.7820252237831411,4.058814877247637,1.8276939988110668,1.1571091684165786,0.2580042580958275,44.806744795547715,104.71915237326263,115.71062101360147
408899,2034,0.27738473369058725,0.7156696698735674,4.067674459557504,1.8030976098237197,1.4782662904855277,0.2539777552658091,41.00485160927633,103.30988309302558,147.82610144981578
408900,2034,0.23264180215963548,0.649886228789925,4.172445545955516,1.7649364933133813,1.6005608676992888,0.2423600519631425,37.235738073336115,101.12341217547619,160.05540565912543
408901,2034,0.2001412341923011,0.584430291583558,4.272713726503938,1.7184856565140318,1.6730878866309176,0.23044365090694563,33.485389127337946,98.46197527202249,167.30796107314583
408902,2034,0.18599171683384175,0.5365297413773745,4.402344694982158,1.6648523437740774,1.6528095247823538,0.21667774607191842,30.740889764169133,95.38901281071787,165.28007272258827
410043,2040,0.9555704150175681,0.5607882862501832,3.6127712826642258,2.1350394540942315,0.33624734672924883,0.33860086870681433,32.13080200250979,122.32874981351473,33.624699836714
410099,2040,0.9484059459026898,0.7247570095286862,4.887998392444837,1.3983096981609462,0.4378453926830589,0.16390603588733152,41.525517818516505,80.11724415683426,43.78449356356484
410100,2040,0.7974686138810437,0.6656093727580195,4.899252471816824,1.3382662777611567,0.4782207941647274,0.15650756899134527,38.136607863384505,76.67700958039661,47.82202004887077
410101,2040,0.6763549369474343,0.6059330466461263,5.0250661943723065,1.297472134030445,0.5133015792523639,0.14793770727059052,34.71740624032668,74.33967731577677,51.330082791932206
410102,2040,0.5342661339949039,0.546345202696235,5.119218564809733,1.2703949023429715,0.5859116214560723,0.1421862832295493,31.30327427171375,72.78826621918664,58.59105357585469
411506,2047,0.8605925484017969,0.6438249473012028,3.54897935078658,1.8991054566476158,0.42864014876095324,0.3065972395287669,36.88845222559156,108.81072751617332,42.863965566668355
411507,2047,0.6883249019784454,0.5797287973170423,3.536393048704206,1.8744790485103708,0.482562998526222,0.30369853260795515,33.216013348461644,107.39973826534255,48.2562304469283
412050,2050,0.3070727667680476,0.6527324054790264,4.024127918830645,1.8363883589463725,1.2179136287818813,0.2614660974387986,37.398811985370145,105.21730251458244,121.79097022514415
412051,2050,0.48737903642388325,0.7164856624711854,4.187159262402352,1.9013881263756907,0.8422931769932999,0.2601800117221476,41.05160454123376,108.94151485761428,84.229146606921
412052,2050,0.6700547358091329,0.7835902311429801,4.231980237306156,1.9583588360094444,0.670040968935429,0.2651375704008013,44.8964131121734,112.20569607549366,67.00399789572468
412053,2050,0.854727413857179,0.8483918395370195,4.216317815325383,2.0023341573770943,0.5687108009176709,0.2720983121895889,48.60927177881138,114.72529639259147,56.871014220118994
412109,2050,0.9587187081230321,0.6732843085228054,3.8303036286735184,1.2786433564494164,0.40237400774092597,0.1912664758148637,38.57634929074075,73.26086782699329,40.2373592238601
412110,2050,0.8364123059810573,0.6062953752230957,3.842799432893428,1.2170933605274374,0.4153234651720592,0.18146747928929166,34.738166138584006,69.73431283161646,41.532297358467346
412111,2050,0.7073869042169303,0.5384098606644621,3.880231222977999,1.153668511761727,0.43609249823979956,0.17035154018477155,30.848612664300394,66.10033668108572,43.60918879217963
412653,2053,0.3655139901883729,0.683369515775793,4.551219023967095,1.867000462880338,1.0712090120124809,0.23503867002149625,39.154189101851664,106.97124687201449,107.12061106351082
412654,2053,0.47260504174899287,0.7524998037374326,4.614805393527496,1.9300439304936754,0.9122852724282067,0.23962737715354138,43.115062838577664,110.5833714921284,91.22833614022359
412655,2053,0.5907192063734392,0.8240269676499727,4.5653826004811915,1.9910374403334892,0.7992505769688641,0.2498761920232915,47.213267451306656,114.0780421836394,79.92492374885776
412656,2053,0.738817489779857,0.8952744698206977,4.475393414522192,2.048522554986509,0.6942911969711425,0.2622600640984185,51.29544862653837,117.37169663808308,69.42902666367037
412657,2053,0.8811103106984819,0.9644572808096101,4.329132119548703,2.09023425124856,0.6271556513746049,0.27664113084650743,55.259331711054344,119.7616007902302,62.715494671437945
412714,2053,0.9163135968284002,0.617623129455453,3.4289014304593763,1.7526562546075701,0.38619091088196145,0.29286291271401077,35.387198647459535,100.41980632622001,38.61904936355233
412715,2053,0.7674204712564762,0.5581579365251045,3.325754489531603,1.7027086488246725,0.4167219255376045,0.2933410127891784,31.980094064619387,97.55801931807676,41.67213879520381
413916,2059,0.9983932078092631,0.8306994415848452,3.5411427985208723,1.9254253433286221,0.47672170841788253,0.31153430376996705,47.5955720466859,110.31874594025757,47.67212357043114
413917,2059,0.8874005277775565,0.7685988169238305,3.653276158214251,1.9281427599092753,0.4962524415273966,0.3023982785717199,44.03746834848371,110.47444244150786,49.625188789986524
413918,2059,0.7823401349811165,0.7050952082843155,3.8389357716040418,1.9489450453464134,0.51638638063964,0.2908783370026165,40.398979589589,111.66632560128234,51.63857271874642
413919,2059,0.6979952454488736,0.6372234165588254,3.985169721058176,1.9221929902981199,0.5230725007184773,0.2763584820375264,36.51021237572747,110.13354575371346,52.30717588208252
413920,2059,0.6121696346843496,0.5722394657934561,4.147678447019445,1.9004553589889892,0.5355852996875017,0.2625277546257447,32.78690626078588,108.88807122308884,53.55844335410113
414261,2061,0.29868221207995993,0.777711133750729,3.4904892253099336,1.7924567844971873,1.4918720415948306,0.2942286934231448,44.559565644251045,102.70020871127936,149.1867096712556
414262,2061,0.40883095083055854,0.8363231500740154,3.5841597256262503,1.8479313023589823,1.172068443910904,0.29540721470323483,47.91778680832724,105.87866445528331,117.20656057086619
414263,2061,0.5272565554548878,0.8912052031322939,3.590150457797668,1.8851999499481296,0.9684525554561078,0.30086204363618685,51.06229681957966,108.01400067030187,96.84507370506243
414264,2061,0.6367564067014304,0.9549282602974662,3.550402830341028,1.907144550969663,0.8592510042732641,0.30777164903754506,54.71335905281491,109.2713336919342,85.92496683508463
414265,2061,0.7705040155099729,1.0222988322110993,3.502643192922714,1.924992856789769,0.7601960086851038,0.31488781442212654,58.573408486848685,110.29396628688505,76.01950319308537
414266,2061,0.9041755511308828,1.086000342583883,3.4449758529556913,1.9444674438363387,0.6881764875617001,0.3233978476610493,62.223236179818024,111.40977793241365,68.81757340642534
415268,2066,0.7181919746738732,0.5840742045577452,4.898334843636841,1.8976086011694164,0.4659615751464529,0.2219631104517222,33.464986843619506,108.72496401473146,46.59609328372467
415269,2066,0.8941795793986164,0.6524404664057545,4.887811134275713,1.9518797512539292,0.4180601475564675,0.2288027678705802,37.382085108596705,111.8344718638951,41.80596846974481
415325,2066,0.8276534902586931,0.7165013652384279,3.8845204963967164,1.9533659831863202,0.4960107609125313,0.2881169670663301,41.05250424352343,111.91962668099868,49.60101676086115
415326,2066,0.6818024945126275,0.6459296933078322,3.85417416618316,1.9273228803482896,0.5428118119802683,0.28651395021361525,37.00904528871844,110.42746680295434,54.28110238005388
415327,2066,0.5775284975720019,0.5811745734681972,3.906596033045365,1.9136684157304993,0.5765750051029653,0.28066665301634564,33.29885022004349,109.64512360884424,57.65740167391545
416070,2070,0.38662707505231847,0.5922973822921157,3.0897170669272827,1.9822570787371863,0.8777486506769862,0.367590176361787,33.93614022198489,113.57496452157248,87.77464031134485
416071,2070,0.5191365072468994,0.6556169951119007,3.1776308032894245,2.0402597312962194,0.7235878338162771,0.36787870769907927,37.564086796961035,116.89827171376878,72.35864539276244
416072,2070,0.6664882048713068,0.7257835520541266,3.2627370557676234,2.086571659733266,0.6239320282766669,0.36641551968330777,41.58433437271494,119.55174975432344,62.39311014909013
416073,2070,0.8319947721728075,0.8015972707078935,3.3395926764271966,2.092728353150442,0.552024381220562,0.3590393007812018,45.92814048076803,119.9045023028836,55.20237243612897
416074,2070,0.9993115193168385,0.8725365415967328,3.382063976548727,2.0857695489898305,0.5002710349855602,0.35335165942845986,49.99266130443378,119.50579219402249,50.027053937651395
416129,2070,0.8969410937637423,0.7924764284713495,4.496481285073895,1.9047999925038703,0.5062267134874152,0.24271645587981713,45.405554715009394,109.13700038702261,50.62261547395876
416130,2070,0.8071838891288713,0.7287046644081655,4.655942751193827,1.8628650350380704,0.5172514197464066,0.2292431625229087,41.7517017820849,106.73430431017167,51.72507853454009
416131,2070,0.6929621581926686,0.6603926851553854,4.823408463275075,1.8274205347816674,0.546028562849265,0.21707364122001505,37.83771368071535,104.70348403852941,54.60277827669896
416132,2070,0.5954837915821208,0.5955205879897448,5.0056032714156995,1.7960387543711027,0.572993189979427,0.20558049586041846,34.12081630496156,102.90544046739772,57.299223737196144
416133,2070,0.47591744629468913,0.5314092785831056,5.140646131188274,1.7627419720972286,0.6397644897070259,0.196468834068382,30.44750885690376,100.99767537173872,63.976315887639785
417477,2077,0.43511997206244885,0.7602125875733721,4.940245349966658,1.6962866398144927,1.001033613630329,0.19673125163656732,43.55697280067371,97.19006530579847,100.10313360492859
417478,2077,0.6103797355345535,0.830443902446355,5.10821186747127,1.7632663789437344,0.7795299742602034,0.1977751199325805,47.58093073255,101.02772167079127,77.9528709910545
417479,2077,0.7929774905049584,0.9033853220211163,5.132643241531354,1.7904226200636058,0.6527318390864371,0.19986516624507866,51.76016622587675,102.58365967439951,65.27310241784308
417480,2077,0.9706825399845306,0.9719451640372119,5.075873648851812,1.8182491023080654,0.5737030692307202,0.20524151440220903,55.68835581748272,104.17799966570277,57.37024841110441
417537,2077,0.9070242482971086,0.7207320270638947,3.79349875870509,1.5795338117263427,0.4552789292339198,0.23856768257505823,41.294903310669795,90.50062101013101,45.5278432306033
417538,2077,0.7629965558640719,0.6588382557852552,3.7576608251099026,1.566608791184156,0.49474208832783473,0.2388722022069311,37.74865143825572,89.76007188294382,49.474144639305564
417539,2077,0.6035346295014965,0.5965044291705466,3.6583391161110685,1.55244883754942,0.5662837559839501,0.24313975067731877,34.17718625233267,88.94876630157253,56.62828270894639
417540,2077,0.452958092078217,0.5331951236771477,3.593418159748032,1.5457582014722684,0.6744515685554766,0.24646566836473674,30.549830243656515,88.56542109209377,67.44500944553548
417939,2079,0.9513393352012576,0.6687544088374368,4.1941472386071315,2.0553130532460235,0.402766955350149,0.28077403235723863,38.316805157151485,117.7607635291442,40.27665362159327
417940,2079,0.7953411879582523,0.6063290619329267,4.250795779092809,2.0053550189466747,0.4367948791545755,0.27029851517647935,34.740096244883006,114.8983790110217,43.67943354553515
417941,2079,0.6681620248673409,0.5385695949377634,4.312527342082355,1.943810940963147,0.4618305613567336,0.2582526532492929,30.857764764004145,111.37216308854155,46.18298770742475
420896,2094,0.64254505937834,0.5587827807946637,3.4361692356174327,1.9467025703660612,0.4982669158926598,0.32459938168500385,32.015895004118065,111.53784124924447,49.82661481901122
420897,2094,0.8235335931584711,0.6303343292295459,3.570796771243681,1.982256176108518,0.43854308565613037,0.31806602213078633,36.11549674706271,113.57491280475934,43.85425584680093
420954,2094,0.8848688099881616,0.5499171834093898,4.133860977459908,1.8769727665180862,0.35607462913543714,0.26015054233490575,31.50793369107965,107.54261778248042,35.6074230756061
421960,2099,0.9886946961822065,0.8478672482679805,4.286577130314407,1.7547464422239227,0.49134697100495434,0.2345450973212937,48.579214913126044,100.53956525502753,49.13464790097902
421961,2099,0.823208920812556,0.7776132226017906,4.241098411334085,1.6885645243526688,0.5412229396572774,0.22811925371562158,44.55395574864959,96.74762068092323,54.122228877747546
421962,2099,0.6423270248113025,0.7127437420816731,4.174836852778928,1.628717017583229,0.6357697260498707,0.22352636569022086,40.83720829564076,93.31861112865371,63.576874615797045
421963,2099,0.47476318972139236,0.6470577318436678,4.152506901481782,1.5651197107840211,0.7808877595758489,0.21595329224548085,37.073677135949936,89.67475386066045,78.08861312329816
421964,2099,0.32631777798446615,0.5803246239959459,4.121797175981423,1.51140859738836,1.0189500213229854,0.21009605723606503,33.25015170248412,86.59733375014048,101.89469299884097
426583,2122,0.8748647076969425,0.5607039813405362,4.956088161017241,1.926890166554867,0.3672107359817359,0.22276172319628829,32.12597168699479,110.40267412885413,36.72103204452422
426984,2124,0.9074370585927184,0.6649119127623979,3.8668655029317502,1.8570938123129297,0.41982686918815915,0.2751676706871526,38.096646349256176,106.40363760539111,41.982641116394845
426985,2124,0.7174087640358613,0.5924065692515476,3.8077866757488597,1.8070157829489752,0.47312491012608543,0.2719017277517023,33.9423961739382,103.53437787650431,47.31242572305095
429337,2136,0.4721525428584721,0.575740750479618,4.367407790496214,1.8687948162563583,0.6986622204299457,0.24516615035410708,32.98751509617674,107.0740557474155,69.8660755492091
429338,2136,0.5812959215124145,0.6418463964189995,4.2824815430920005,1.8923059215367775,0.6326397213000973,0.25317363661120723,36.77508961048943,108.42114285167126,63.26386438587743
429339,2136,0.6734565938847976,0.7072109762933844,4.123977902505691,1.8964566540369527,0.6016750586927035,0.2634809511862757,40.52020416693744,108.65896230581909,60.16741742148781
429340,2136,0.7981636525295079,0.7752562065525579,3.9551281569882892,1.8920311694924283,0.5565137923720226,0.27408821191669475,44.418908676783964,108.40540071911747,55.651310210259915
429341,2136,0.964213491668015,0.8398383987205393,3.8230716048890527,1.8828690646115174,0.49905125406841583,0.28218265741568066,48.11919571971214,107.88045077798505,49.905074167128234
429397,2136,0.8724972289457871,0.5606116904426931,4.679442212345678,1.826467260338056,0.36814653816980997,0.22363534041827562,32.1206838080609,104.64886543619279,36.81461204439503
429798,2138,0.9874109155874502,0.64960548621837,4.099663896734547,1.926935066615259,0.3769418764200214,0.26930316539229227,37.219652708856366,110.40524671281447,37.69414984901507
429799,2138,0.795210557861124,0.5851456760564334,3.975189290278926,1.8916061335563432,0.42160377380973096,0.2726437403779328,33.5263776383629,108.38104795383839,42.16032489333858
430399,2141,0.9685259446367425,0.6982613465995007,3.9561596002168917,2.134742134239376,0.4130754366028138,0.309167795770405,40.00742815727295,122.31171464066608,41.307501436914805
430400,2141,0.8660519178199713,0.6272511343023386,4.036087328055171,2.065430657716527,0.4149733005130876,0.293205893857367,35.93884269031758,118.34045956408674,41.49728261499637
430401,2141,0.7509547397343308,0.5665801273454133,4.078863034133655,2.0291328204307626,0.43228503534149537,0.285032239190697,32.4626500528769,116.26074668215983,43.22844654514708
431752,2148,0.7775746186767479,0.5378909254664043,4.155541955577847,1.8273398993637455,0.39634626350987684,0.25194996185014906,30.818879867610896,104.6988639694032,39.63457588865431
431753,2148,0.9059598280519292,0.6036018682044473,4.001760732585632,1.8528594393161595,0.3817370053477388,0.26528578976263045,34.58383955432659,106.16102590379201,38.173658819986265
431806,2148,0.981315175005927,1.448658942844299,3.736143424089445,2.1205532700216883,0.8458245082425843,0.32519830875957645,83.00204337886188,121.49875260490838,84.58236549332386
431807,2148,0.8994291007786518,1.3819435162834817,3.843689580513306,2.0651174676188577,0.8803309795028197,0.30783577161209735,79.17953100851206,118.322515093305,88.03300105251648
431808,2148,0.8205996788558962,1.3171650555118237,3.913855990703815,2.009237203234199,0.9196688669010092,0.2941365542454476,75.46799860294229,115.12081178598883,91.96677573818464
431809,2148,0.7424833325461186,1.248523439790337,4.003358448307492,1.953454666652815,0.963457624218673,0.27957703272132184,71.53512372314226,111.92470786934142,96.34563395814003
431810,2148,0.649906347981432,1.1818294557468723,4.077370298659496,1.9033908448195076,1.041901484528537,0.26746715141468735,67.71383991853888,109.056262171998,104.1899897406199
431811,2148,0.5449187504955382,1.1155421686978684,4.139255331466824,1.8640559637394376,1.1729428819285825,0.25802355904096863,63.91585813525875,106.80253949846099,117.29407509479158
431812,2148,0.410326584376663,1.0542622750361292,4.160553863721592,1.8343417510439277,1.4721146444624915,0.25261069489635724,60.404778859430614,105.10004051945423,147.21110926820276
431813,2148,0.31275913809637634,0.9907285979867531,4.216422303263807,1.8060615720565885,1.8149610539948857,0.24542063847372203,56.76456730755418,103.47970561960514,181.49553089806577
431814,2148,0.23910511832478457,0.9097821712603567,4.233385816057362,1.77197937402893,2.18007363767879,0.2398244423911753,52.126678689466694,101.5269395160912,218.006461125606
431815,2148,0.2258427028952609,0.8454180941873034,4.349089764568137,1.7429044168849188,2.1448063610266015,0.22961371771667277,48.438888720926,99.86106718221562,214.47969591337426
431816,2148,0.21106208193932696,0.7820424722680377,4.4860522915471055,1.701199277180434,2.1229645100748815,0.21727686647685793,44.807733060935284,97.47153869314516,212.2954552223202
431817,2148,0.15333686009773853,0.5427303469348672,4.608172766556112,1.6610925197206816,2.0279635467463115,0.20653216659960805,31.096158293038826,95.17359076074652,202.79504535421282
433559,2157,0.6241144784890366,0.529762127894932,4.576028724301451,1.9881556582406712,0.48633919952304616,0.24893403176943518,30.353134074249343,113.91292823224455,48.63384280699671
433560,2157,0.7939909539810828,0.5953738845354721,4.530700337329877,2.008500671585893,0.42963222963082104,0.2539974017458107,34.11241081619175,115.07861163106308,42.96316939378518
433561,2157,0.9729221070167604,0.6602291358060985,4.502524709210132,2.0144436114435265,0.38881162563403254,0.25634310570326707,37.828342993259106,115.41911700280556,38.881122999792666
433618,2157,0.9758444575081019,0.5738280383593286,5.033729115163193,1.8007283754736187,0.3369176734507405,0.20496560978684464,32.87792476426064,103.17413596408738,33.69173316461093
435971,2169,0.7719535976567362,0.5754935675742565,4.726127159762674,2.239073701957272,0.427141634314299,0.2714473574931904,32.973352558931744,128.28947314088487,42.71410865227329
435972,2169,0.9511696480702249,0.643669097081997,4.684968550654195,2.3045470931965433,0.3877281235044618,0.28183929181131184,36.87952266579488,132.04082212930393,38.772771994823024
436029,2169,0.8914166281436684,0.5751273554102984,4.178783892245803,1.7559615474474524,0.36966294701602487,0.24076187716222827,32.95237014753059,100.60918565600008,36.966253647184665
436829,2173,0.7966995391054863,1.5308419247931044,4.087260890592031,0.4533922596930391,1.1009267105875442,0.06355714395562012,87.71078139232826,25.977462944310528,110.09253425485005
436830,2173,0.18068176607766076,0.7311703954368151,4.286286195755111,0.5075763167489509,2.318605598908575,0.06784890073710553,41.89297776344097,29.081980730510324,231.85928947664328
441659,2197,0.8375902562082327,0.5710884761548449,6.1164571937890795,1.7234043956111642,0.39065591772404185,0.16143953104363004,32.720959412230165,98.74379826281417,39.06554559840754
444212,2210,0.8758158247762253,0.5255814383617716,5.400224027128007,2.3989922800152246,0.3438348224914075,0.2545304264866017,30.113598208544733,137.45213272933896,34.383443382968665
444269,2210,0.972796539145451,0.6267620712359899,3.846299156101763,1.9685035383243377,0.3691503785888816,0.2932349768748321,35.910821440700076,112.78694470255365,36.91500029106339
444270,2210,0.793715024835324,0.5684348118535013,3.8064206518843173,1.918585918833946,0.4103351230366435,0.2887932930880961,32.568915647518644,109.92687578241423,41.03346112266773
444612,2212,0.35651193464559255,0.7181028506840913,4.817108618648993,1.9717063471380865,1.1540780952350127,0.23451921233059772,41.144262600511574,112.97045213016875,115.4074890478037
444613,2212,0.5315097195448288,0.7847221228782281,4.947489767213991,2.034171806102712,0.8459161372261711,0.2355729158470748,44.96126573146885,116.54945929418943,84.59145616098286
444614,2212,0.7091430671545175,0.8517639178122836,4.913535694331814,2.0979651868687927,0.6881894388364458,0.24463962003366246,48.80247763217177,120.2045507729569,68.81884780901376
444615,2212,0.8935159589860158,0.924171129516452,4.869961825411272,2.1527881270928644,0.5926150970667163,0.2532785225777392,52.95110526913088,123.3456738682942,59.26144404603249
444672,2212,0.9510558181190357,0.6343194222155281,4.301030764762811,1.702662203491231,0.3821418751831445,0.22681855421476813,36.34382575612667,97.55535819649248,38.214147739360214
444673,2212,0.7161317822750046,0.5798416234128898,4.265553969903909,1.6940872627387584,0.4639156949313981,0.22755321053043537,33.222477807572645,97.06405028180106,46.39150536026539
444674,2212,0.5313071584590731,0.5244819652036352,4.284641394212414,1.6844256032389966,0.5655975454660258,0.22524750350049982,30.0506030368956,96.51047796937223,56.55964915737391
445619,2217,0.49582239300681763,0.5720778067241994,4.083614832151957,1.9986266354505395,0.6610762982798654,0.2804203517229907,32.777643878397456,114.51287103374767,66.10749783229119
445620,2217,0.6676325858632868,0.6395194757292916,4.068065591149093,2.0612586364938608,0.5488313048635322,0.2903134608316769,36.64176687570749,118.10142035598895,54.883049102941214
445621,2217,0.845460860696127,0.7141809697963101,3.992851389106509,2.1273519380802894,0.48399112006445383,0.3052662756701937,40.919555377888685,121.88828759097662,48.39905533313684
445678,2217,0.8194284345250977,0.5899155755557044,5.101906972459002,1.5598843786354335,0.41247863647156396,0.17517918639339958,33.79967274837269,89.37479142419723,41.24781381323137
446021,2219,0.621440115769291,0.9983808907454974,3.6560421921953066,1.970235300220946,0.9204911143356924,0.3087660401801907,57.20301138622875,112.88616735035089,92.04896479277254
446022,2219,0.7282011074727934,1.1341252960802295,3.6000391932377154,1.991341374760824,0.8923440426723844,0.3169283718937339,64.98059290442204,114.09545634357441,89.23428295193419
446023,2219,0.8499001051171704,1.196966579847146,3.538694111008641,2.0087221103209445,0.8069316855427825,0.32523664154164744,68.58113324345032,115.09129913600226,80.69307455953417
446024,2219,0.981023193367543,1.2565251037112304,3.4426006664243967,2.01692107233526,0.7338622068036751,0.33567955135544886,71.99358529489156,115.56106505581062,73.38614662270516
446080,2219,0.9870270264833493,0.7471508063722527,5.576889807458842,1.794137738336508,0.43371241397244553,0.18432589424667686,42.80858786492625,102.79652027182875,43.37119789541094
446081,2219,0.806640205360299,0.6796959143487487,5.677512869357502,1.7917772761226542,0.482789061379415,0.18082085929304406,38.94370724446879,102.66127574927482,48.278846884686445
446082,2219,0.6143114964689251,0.6102113697508634,5.78435788782922,1.7930592428515264,0.5691336680080564,0.1776078327913806,34.962536097621424,102.73472703231539,56.913275081634275
446083,2219,0.4226984462224105,0.542890547667844,5.891274939023086,1.7945157516893961,0.7358753423633669,0.17452619293994848,31.105337118913294,102.81817884154883,73.58736188773405
446220,2220,0.2104394932582292,0.6641083715048691,3.4879217666115196,1.7926615730737914,1.8081494318984135,0.2944789155569735,38.050606826535144,102.71194223241126,180.8140925608061
446221,2220,0.3475390269988814,0.7329911207589535,3.581122931649487,1.860503314762588,1.2084195779188764,0.2976691653509552,41.997297640052096,106.59898770599604,120.84161356236321
446222,2220,0.46018732647331106,0.7971399800455488,3.5801114438511865,1.8982151771662426,0.9924818202901904,0.3037886380389327,45.672756537752605,108.75971825930353,99.24796851708369
446223,2220,0.6364397235584258,0.8636331209862692,3.5619015094579036,1.920218750587566,0.7774896863142171,0.30888116796473347,49.48253288022443,110.0204301505516,77.74884769089087
446224,2220,0.7822431272031773,0.9322877357559417,3.512457261007888,1.9388430430737449,0.6828586920123921,0.3162672594577945,53.41615255062319,111.08752350642686,68.28578277935613
446225,2220,0.940665323632348,1.0016219944125802,3.484897307076379,1.9537059351213792,0.6100864026285774,0.3212120596598384,57.38871294731697,111.93910449211486,61.00857605459137
446281,2220,0.986946523436423,0.5419917979939421,4.503666120212339,1.9743533241562026,0.31464564192382755,0.25117783927833354,31.053842555759964,113.12211274177493,31.464532630503516
446425,2221,0.737564528434979,0.5422329699202239,4.311748851487053,1.7825225068702855,0.4212195553109792,0.23686680233858357,31.067660689272945,102.13101653074665,42.12189899275065
446426,2221,0.8530990544704625,0.605232928238356,4.137005756031212,1.8078106609558398,0.4064861146217173,0.250374127785888,34.67729241040202,103.57992103152542,40.648564290535596
446427,2221,0.9790567298495944,0.6692042950796654,3.956320875665556,1.8354217333870255,0.39162777987701197,0.2658073548348478,38.34258174009219,105.16191894966238,39.162738387227165
446482,2221,0.9280981991371087,0.6411752948313467,3.3952097110184867,1.6619580228306106,0.395827057527112,0.28046332409632735,36.73663832189239,95.2231804361009,39.58266352998465
446483,2221,0.6965705567984026,0.558839075095785,3.2576795592508736,1.6394597280288505,0.459668007179088,0.2883467237980062,32.019120429982955,93.93412309771894,45.966735387746716
446970,2223,0.9417492015561798,0.8241840000492306,3.997701216031639,0.4850551650415764,0.5014314232023535,0.06951898657892341,47.22226474503095,27.79161378790392,50.14308960805029
446971,2223,0.828255277140834,0.81544014413454,4.014086424640882,0.4943404016968578,0.5640927311883772,0.07056055997101533,46.72127870444867,28.32361866003171,56.40920569383664
446972,2223,0.7195293224524535,0.8094059411655352,4.09925827487784,0.512461545247417,0.6445261124175766,0.07162730832000859,46.37554434159939,29.361883705429467,64.45252256156846
446973,2223,0.5851352938639838,0.8056000732983227,4.135429316785612,0.5409686616566054,0.7888343750687975,0.0749504312913892,46.157484175423654,30.995221161764093,78.88330404292621
446974,2223,0.48260556120495346,0.796926823913035,4.225112201972586,0.5802113321453515,0.9461254969970305,0.07868113055882911,45.660543590982236,33.24366055759183,94.61235561526298
446975,2223,0.38184006504639295,0.7883313034547476,4.32358753161705,0.6104620755793917,1.182905082461975,0.08089786582744624,45.16805654600401,34.97690048349542,118.290201554189
446976,2223,0.2873871712247077,0.7830215632670067,4.435459570513902,0.6460935116542665,1.5610936664518964,0.08346019328235409,44.86383084293546,37.01843138857594,156.10882887680373
446977,2223,0.2305335492957281,0.7432489713462883,4.53155420041691,0.6950206171963171,1.8472377434191334,0.08787657874286563,42.58502918558218,39.82174803992658,184.72298107020134
446978,2223,0.21087935280198541,0.6614479411282348,4.6427627629098,0.7213641572848637,1.7971495593834748,0.0890226869776725,37.8981753942656,41.33112170443399,179.7141122475815
446979,2223,0.19889067909637942,0.5820671976687657,4.724549407265825,0.7485361332157461,1.676800154443952,0.09077682855759943,33.349993819427304,42.887961246304606,167.6791808030666
450502,2241,0.8872798575925005,0.5474461116986746,4.550707267095072,1.787570277603697,0.3535113649799059,0.22506442680949668,31.366351711181498,102.42023248972079,35.351097054307296
455265,2265,0.2078430757034429,0.6335369224895477,3.1462224988373566,1.9127376764293742,1.7464613605742174,0.3483281804361668,36.298991824357856,109.59179617506283,174.64530418538442
455266,2265,0.3417347186944775,0.7078251868746042,3.2363608936906063,1.9771246989866333,1.1867507875452576,0.3500255509014052,40.55539584097361,113.2809008230074,118.67473495573172
455267,2265,0.5160378894551964,0.7776071023295693,3.3103149923285855,2.028215304438068,0.8633785450626597,0.35104869719769266,44.553605082881845,116.20817688814269,86.33768887054022
455268,2265,0.6966937397721561,0.8438752395757272,3.3685867554753237,2.0811576409197006,0.6939991880089743,0.35398093511560824,48.350489663280385,119.24154932610172,69.39982018393408
455269,2265,0.8809212543293903,0.9081705882483772,3.4181168150723504,2.133433903188081,0.5906809597127495,0.35761433788972835,52.03434178454529,122.23675852279891,59.06802958923643
455325,2265,0.9436235893506763,0.7574639767632658,5.144855202739293,1.9711630091655086,0.45992373475604614,0.21951894948926692,43.39948900173059,112.93932115749085,45.99232522288816
455326,2265,0.7941684271001108,0.6850174985786001,5.266532770013707,1.921823122720491,0.49421016660493494,0.20907940480387555,39.248611561162654,110.1123539025366,49.420955052976474
455327,2265,0.6458484058985271,0.6124286570464449,5.404957844986279,1.8670626306476845,0.5433097989844623,0.1979197834521815,35.089577301626214,106.97480882270519,54.33089661638448
455328,2265,0.5017814226142401,0.5461307321737954,5.551044753098042,1.822811789828048,0.6235979249555833,0.18814372223787848,31.290986015947993,104.4394224038348,62.359669461765606
455727,2267,0.990826660222226,0.7005675400848274,3.9158590536856317,1.8989136208996884,0.4051118577754885,0.2778438507821432,40.13956331072273,108.79973613745734,40.51114530020296
455728,2267,0.8855001606721524,0.6347072516494239,3.9760056374671144,1.8601629612690003,0.41068367856163873,0.2680566788308428,36.36604674585985,106.57948688727093,41.068321941278626
455729,2267,0.7720635946263306,0.5675812751442828,4.011662331404985,1.821702440169929,0.4212089703692254,0.26018107325021095,32.52001159642094,104.3758613504203,42.12084302630172
459340,2285,0.3329660521862326,1.1044056661238613,4.400764552233993,0.30066224882450543,1.900427422655448,0.039144738767418745,63.277783539231564,17.22667791655636,190.04217721770118
459889,2288,0.35541300008781973,0.5914236381776548,4.386115380680529,1.9122347344798216,0.9534281922735158,0.24979502353451327,33.88607837185188,109.56297972401337,95.34255365145697
459890,2288,0.5198844082173967,0.6690002878204506,4.420208030363385,1.972940214845452,0.7372964382464061,0.25573716555880743,38.330892985149156,113.04114754227828,73.72950342380182
459891,2288,0.699753570972454,0.7400908747244942,4.43401069997082,2.0261467839399887,0.6059859460658922,0.26181637119800827,42.40408357785885,116.08965939376644,60.598508872803194
459892,2288,0.8882942684065328,0.8094518823242639,4.399599048614223,2.0680663662564616,0.5221037408829876,0.26932334733423136,46.378176576100486,118.49147453945157,52.21031590013522
459947,2288,0.8984325392767861,0.6766646172290799,4.479197740920585,2.0710682772168094,0.4315296317377462,0.2649212603832133,38.770026713061604,118.66347136795358,43.152915622752005
459948,2288,0.7769498767253395,0.6085702380170785,4.574998331753296,2.0223328911247047,0.4487870681417187,0.2532703419243855,34.86850617565056,115.8711394319354,44.878649629192644
459949,2288,0.6596464316242594,0.5412413911462346,4.678256308150347,1.9583124554846827,0.47011316144008947,0.2398394423833861,31.010847410468603,112.20303866717322,47.01124558934482
461354,2295,0.9539507876363527,0.6013399469245663,4.960539148256369,2.2547923779517123,0.3611741936457039,0.2604355752738584,34.45424101139857,129.19008693489988,36.117381882335295
461355,2295,0.7660181567819749,0.5354409261033825,5.063873276057438,2.2257547491134484,0.40049318116278776,0.2518355933323279,30.678505244300005,127.5263533554,40.04926635670516
462360,2300,0.9044920601623895,0.5731348624274555,4.861435599843436,2.0238708374403562,0.36305690002355245,0.23852883504235986,32.83820870890426,115.95925726493992,36.305650264479205
462501,2301,0.384371774552273,0.6562481702921082,4.063338253742662,1.9310712168035225,0.9782260816755362,0.2722939206152229,37.60025047092034,110.64223066203421,97.82235621323089
462502,2301,0.4802729036227004,0.7204389214486754,4.140911333428809,1.987603489949807,0.859471946577316,0.2750150434887111,41.27810959596614,113.88129131959708,85.94701749273872
462503,2301,0.5853150259203588,0.7883247476225829,4.134125321187925,2.048475953792315,0.7716815416072028,0.2839029230703317,45.16768092448977,117.36902658633551,77.16802363896923
462504,2301,0.7210608841460009,0.8526733733012137,4.0769707471570635,2.109730473868626,0.6775375837182812,0.2964913394353068,48.85458559334248,120.87865206280748,67.75366534760612
462505,2301,0.8445081316231091,0.9241907851610762,3.9486766935718363,2.171720872515074,0.6270186022462673,0.3151193415328912,52.95223145461146,124.43044027558244,62.7017867205765
462506,2301,0.9559407701413137,0.9965954392935854,3.7889556901260044,2.228321123901364,0.5973247897748192,0.3369619649951317,57.100712553508686,127.67339579939635,59.732417116858144
463162,2304,0.9628410357821058,0.7783649087108728,4.538515592640334,2.09718898531246,0.463181585222023,0.26475633934104587,44.59702419021862,120.16007769972755,46.31811089759179
463163,2304,0.8595953093313924,0.7082620087969711,4.687295515348471,2.027442131297472,0.4720875391118714,0.2478270821674245,40.58042389352403,116.16387733035367,47.208699540704316
463164,2304,0.7839488690565182,0.6408171549185815,4.838043823011009,1.961738650555084,0.4683483757334226,0.23232394964586914,36.71611841641576,112.39934518449574,46.834778428630294
463165,2304,0.7001491693324917,0.5752390889149541,4.97619302972705,1.9044319193297996,0.4707392792661674,0.21927588113338448,32.95877200577757,109.11591134759638,47.073861364912275
465116,2314,0.5069731921951797,0.5573168412389039,4.39636691955954,1.8178483375830354,0.6298538604464202,0.23691161180856177,31.931902854551744,104.15503753838084,62.98526304916582
465117,2314,0.6383502926115439,0.6168052766739556,4.284654204650008,1.8329370102003102,0.5536198383589143,0.24510625487285403,35.340339134816695,105.0195547978053,55.36189797664021
465118,2314,0.7606262657315147,0.6773632026998662,4.1365475339525934,1.8468822329320944,0.510238128111498,0.25581370957383864,38.81005271216682,105.81855720470642,51.02374640073177
465119,2314,0.8633913008374453,0.7433683925506506,3.9596581691387596,1.8724607985829755,0.49330901274955585,0.2709428344793007,42.591871516576504,107.28410106250021,49.33084471017939
465120,2314,0.9708498713532279,0.8067410569565663,3.7907631780650086,1.8987314054173328,0.4761071573609945,0.28698520736371247,46.22285772353441,108.78929595935642,47.61066718630671
465174,2314,0.8929719628431498,0.5974738776468187,3.5134563947627266,1.2422679920413398,0.38335729003323843,0.20258316816362168,34.23273155847845,71.1767129681601,38.3356865021807
465175,2314,0.7346252625201948,0.5384717437092049,3.4626277459535237,1.187701360350172,0.4199713711964553,0.1965278397396546,30.85215830158758,68.0502752700114,41.9970805232946
472352,2350,0.5180756676919687,0.5268751027669125,4.480253646108757,1.9628470342935462,0.5826893834034469,0.25101893671008824,30.18771971906561,112.46285089479056,58.268826993409846
472353,2350,0.6828442620060433,0.5919916428079772,4.406001147054706,1.9637453430032705,0.49672559367405905,0.2553660704614304,33.91862263991325,112.5143201925576,49.67248735133358
472354,2350,0.8631195544759045,0.6611533340298935,4.328847275751803,1.9570168482610484,0.4388881588371592,0.2590269382115165,37.881295650916044,112.12880584135232,43.888765543207285
472410,2350,0.9233998580897141,0.6812744702317275,3.847512058259303,1.976724916947663,0.42272208588291255,0.2943668349575564,39.03415183428903,113.25799499944927,42.27216326725204
472411,2350,0.7516655426243077,0.6057994434779397,3.8218219040704593,1.9198611182868737,0.4617712122296549,0.2878206829159869,34.709751342660006,109.99993932910438,46.17706040430799
472412,2350,0.6317365122073616,0.5400499396922476,3.857662435221586,1.8799783418658897,0.48980201686841546,0.2792230426960826,30.942582270660424,107.71482456491812,48.98012492964614
478125,2378,0.9750702410631931,0.8466684054011103,3.3945170645995626,0.5305874444523178,0.49750801261406863,0.08955742617183927,48.51052627655501,30.400421229749814,49.75075074889949
478126,2378,0.9095599212225011,0.8407296687019669,3.524407920259748,0.5596224339395182,0.5295996456584343,0.09097699307245062,48.17026172805464,32.06400358557311,52.95990692224452
478127,2378,0.8220542192211843,0.8342815911037968,3.6020324038337366,0.5819254440290771,0.5814800580856232,0.09256405302209902,47.80081409570665,33.34187193414253,58.147935780996775
478128,2378,0.7357517249075248,0.8296053493166801,3.6588144278428394,0.5999413021562945,0.6460451660816874,0.09394875075819589,47.53288517732214,34.37410456913855,64.60442967886588
478129,2378,0.6414791518290933,0.8181103604143457,3.7186895136805806,0.6241684274393733,0.7307216448623657,0.0961688690864354,46.87427082766867,35.76221659759366,73.07205171354572
478130,2378,0.551354828445401,0.8136271964561849,3.70237932092053,0.6612667384119786,0.8455063999337202,0.1023336342847606,46.617404454000884,37.88779324338781,84.55048817647034
478131,2378,0.48149574097112646,0.8098542310914665,3.772799715953315,0.7109105334351273,0.963689282174704,0.10796272300654534,46.401229462353484,40.73217317722679,96.3687300744077
478132,2378,0.3857607298695528,0.8071623187023792,3.77779430795313,0.7470278902848984,1.198851761308797,0.11329771207628148,46.246994243639804,42.80154529188659,119.88486846343844
478133,2378,0.31759379385814246,0.8011532295905274,3.823620990042191,0.7701684903376669,1.44532727783681,0.11540736911378906,45.90269879881268,44.127404010310435,144.5322772492161
478134,2378,0.2770906683987533,0.7937507065192133,3.929379433393906,0.7852070457149254,1.6412881780032764,0.11449403248402736,45.47856546907816,44.98904976340112,164.128231396808
478135,2378,0.23917284157944269,0.7838106910872498,4.016234308451132,0.7873559937393697,1.8776815278139933,0.11232456036826145,44.909044536531745,45.112175415594756,187.76737556232712
478136,2378,0.20533976003657667,0.7464355118564374,4.0932791285537276,0.7957039565764927,2.082772592004125,0.11137886498940891,42.76760450806118,45.59047845369396,208.27625504280363
478137,2378,0.19612857298530934,0.7188785971115502,4.145821037262588,0.8009058382493994,2.1000870433996095,0.11068621582057273,41.18870959677732,45.888524319077966,210.00764428249929
478138,2378,0.16680737705774457,0.6146383107271942,4.2079953999800574,0.7955190759982145,2.111188344406338,0.10831733672699202,35.2161811317187,45.579885576844674,211.1175814601194
478381,2380,0.3170219542328868,0.5457869185570718,3.7722099316037787,1.8937512211958576,0.9864075829079929,0.2876402801063005,31.27128694677061,108.50395242226824,98.64045025521575
478382,2380,0.4547360370745722,0.6186554801106955,3.808796472776093,1.9363996167156747,0.7794928115115898,0.2912928689949136,35.446347982982495,110.94752548855841,77.9491114491509
478383,2380,0.6248500390593863,0.687112053219699,3.809460952310978,1.9463758430991684,0.630049093559654,0.29274252252252375,39.368620702057164,111.51912115579967,63.004809532397275
478384,2380,0.8051139500836587,0.7589655170719328,3.7769826340120947,1.9560632918654148,0.5401163447677325,0.2967293780447563,43.485520924185984,112.0741710843548,54.01156806201083
478385,2380,0.9864142792342222,0.82884404566404,3.71332362829334,1.9874862667260027,0.4814332700711896,0.306664826489375,47.48926569109798,113.87457492361217,48.14327868883482
478440,2380,0.9573299011725449,0.6866483709272896,4.636133725453779,1.931375288279276,0.41095606858748107,0.2386895180094152,39.34205366366715,110.65965267426522,41.095564360745854
478441,2380,0.8243085762489014,0.6191937856420645,4.658140586133847,1.872978562207284,0.4303872507195514,0.23037897744440464,35.47719061801849,107.3137667329585,43.038673382227095
478442,2380,0.682735602467653,0.5547807846955431,4.670634836005238,1.8214930750069702,0.46557696621569805,0.22344685262532865,31.786597518010637,104.36386561020569,46.55762911073255
480651,2391,0.9542209479394819,0.7342557063459428,4.965549170402518,1.8458228692048135,0.44088062316157794,0.212983209493841,42.06975305701966,105.75786013416399,44.088016575036676
480652,2391,0.7537400531549489,0.6660234853032728,5.048953719874194,1.807948841381008,0.5062797724290025,0.2051669389912987,38.160334764470946,103.58783818669889,50.627910745663215
480653,2391,0.5934321061398976,0.5988227225918386,5.135834915923192,1.7851703326747796,0.5781624173666612,0.199155010333289,34.310014681045644,102.28272577422999,57.816145284212205
480654,2391,0.42990786629589767,0.5314367679668206,5.199657146065559,1.7538296394378854,0.7082699704160457,0.19325704235618793,30.449083882572044,100.48703632474175,70.8268339402299
482203,2399,0.8408925872560618,0.5529681328280425,4.770688226213455,1.923010339306913,0.37677511158572574,0.23095279118418735,31.68274021627634,110.1803764023065,37.67746680012269
482259,2399,0.8621591202848032,1.1423363114593497,4.7921136661423445,1.8947137008019217,0.7591527727548593,0.22653698509287723,65.45104943116263,108.55909844156314,75.91519010359902
482260,2399,0.7216333788273817,1.0746136592576698,4.90888025080389,1.8509222183293672,0.8532147796351769,0.21603711168929113,61.57082728257403,106.05003131726464,85.32136091218855
482261,2399,0.589983770091764,1.0008967586690145,4.995169650050322,1.805862329816339,0.9720124846676134,0.20713668788398223,57.34716000005862,103.4682898801381,97.20108536215106
482262,2399,0.4786916252267248,0.9331550327348562,5.1031274771341755,1.7727929474611273,1.1169162164652444,0.19904177212143678,53.46584500709944,101.57355384008008,111.69139065339942
482263,2399,0.3706122879426642,0.8678857195725602,5.159786861468774,1.7467457388857404,1.3417306740014097,0.1939637454291296,49.726188831182206,100.08115872061344,134.17270899060455
482264,2399,0.28155680674819206,0.8020609329293976,5.199821573967305,1.7168521956918323,1.6321645804895952,0.1891764616774763,45.954706369179874,98.3683848609105,163.21588415511042
482265,2399,0.2273508564020522,0.7368188250599431,5.254417913673354,1.6798810135617437,1.856892371241995,0.1831793617473782,42.216608941722875,96.25009216124693,185.6884285434047
482266,2399,0.17076973130720385,0.6128201209107053,5.276876001404376,1.635214115820463,2.056102343430734,0.1775498746497825,35.112006528880215,93.6908674367291,205.6090423698914
485013,2413,0.3733831054561516,0.6645109552011044,4.410273719322175,2.1444122618422408,1.019694560283388,0.2785899009460048,38.0736731732302,122.86577213966318,101.96918566396069
485014,2413,0.5287864380226435,0.7369638809334169,4.546936671517969,2.210672016533597,0.7985250035995319,0.2785659561741788,42.22492003106651,126.66217643505004,79.85235085947404
485015,2413,0.7001532618893661,0.8019569314735122,4.567655558717118,2.2603136320563606,0.6562669828093721,0.2835293282174711,45.948747524694426,129.50643149271554,65.62660548648485
485016,2413,0.8816925683672232,0.8680281761212989,4.510688837820686,2.316598697375136,0.5640781402775363,0.2942595525054403,49.73435099018893,132.7313281850995,56.40775069085532
485070,2413,0.9242692700348846,0.7966906423369512,3.564692968779085,2.1711962152594904,0.49387134647330305,0.3489792258960658,45.64701138347388,124.40037962914658,49.38708174801623
485071,2413,0.7967966159772226,0.7262763700856383,3.708180063652963,2.192662080442236,0.5222483304940357,0.3387922932878369,41.61257076598851,125.63028310771472,52.22476816142739
485072,2413,0.6842452734199423,0.6591994396524452,3.780997365228056,2.1549588975122904,0.551985474575697,0.32655418028205296,37.76934574947392,123.47004985161915,55.198467593690125
485073,2413,0.5613237979016923,0.5923104862956706,3.8740207363780397,2.1158787543558963,0.6045867028684248,0.31293307527930464,33.936891026083316,121.23092258599071,60.458563656806156
485074,2413,0.445502809941914,0.5253403741677701,3.923881522139505,2.070181018528714,0.6756362676124301,0.3022839354813946,30.099786247636725,118.61263518978939,67.56347662113421
489438,2435,0.7212075931006479,0.5742116980681142,3.555915174049618,2.054140314900256,0.45617803673863844,0.3309796901213612,32.89990684634327,117.69357057145855,45.617741054496754
489439,2435,0.8900650280722275,0.6385383826085682,3.5614196903109825,2.053965520399098,0.4110436071033705,0.33044000844377874,36.585554380580724,117.6835555842601,41.10431499090072
489495,2435,0.8985881612563142,1.306190326936418,4.095546209743432,1.7547587056836504,0.8328530840734015,0.24548683497902402,74.83919297426992,100.54026789951216,83.28521664966169
489496,2435,0.7524653612894754,1.23684531492197,4.143900129824675,1.6903161310157575,0.9417844217085669,0.23371214817493832,70.86601645555807,96.84798035008521,94.17831826278245
489497,2435,0.6266923003882906,1.1684627325013874,4.171269806154871,1.6397924652312632,1.0682751643972312,0.2252388161783104,66.94798309065318,93.95318753510416,106.82734768214871
489498,2435,0.49774560394379297,1.1014183411876426,4.194024764263701,1.5993016698721187,1.267848890286319,0.21848520403169136,63.10662242835205,91.6332358518973,126.78463685807134
489499,2435,0.3688313673825325,1.0399242984351074,4.199911686230336,1.5749473997116068,1.6154610742794284,0.21485651481570972,59.58327331343473,90.23783895857856,161.54567381457133
489500,2435,0.31350475376933096,0.8099845696700957,4.264563085047924,1.5489266599146667,1.4803187280102397,0.2081032884504866,46.40869731281667,88.7469603884058,148.03140534053145
489501,2435,0.21878819815399173,0.6995869868884788,4.330615782929736,1.5159413312253136,1.8320631668947913,0.20056510302867062,40.08338175098389,86.85704026865406,183.20548769858263
489502,2435,0.19936059181343155,0.6477188151429654,4.43372373267212,1.4821143843222444,1.86152901231892,0.1915295221486129,37.11155441890627,84.91889897729507,186.151976824284
489503,2435,0.1722866330602713,0.5799270064737937,4.53888734425544,1.439831022426508,1.9286097463156426,0.1817543251424837,33.22736989660435,82.49624079704509,192.85986641293303
490702,2441,0.8444465861428982,0.5312762257161664,5.444693060397059,2.0127513621416586,0.36047140965708807,0.21180653669337987,30.439885489176028,115.32215825992458,36.047098705336296
491906,2447,0.8800368535543306,0.6730622070855112,3.4147980780993876,1.9085793907761213,0.43820464133749565,0.3202342895125192,38.56362381576,109.35354395712163,43.8204148378479
491907,2447,0.7193364088623064,0.6054211913320927,3.317183095901857,1.8508828484349653,0.48222331278560104,0.31969225756575737,34.68807909111121,106.04777558847555,48.22226491177954
491908,2447,0.5907923086592822,0.5383422293669191,3.2341845566142644,1.8039223990037203,0.5220910411696933,0.31957712339289296,30.84473767638819,103.35714003202767,52.209016629497285
493053,2453,0.22377768799721576,0.5931500531226704,3.9888132725300176,1.9041558315764058,1.5186944439080088,0.27351516593264014,33.984994661889594,109.10009268455167,151.8687725182857
493054,2453,0.34290142002000557,0.6602395453432146,4.088385124897797,1.9633018741009542,1.1032015647644144,0.27514264822049755,37.828939415802544,112.48891129610958,110.31983796905119
493055,2453,0.5165504504128218,0.7294576107074852,4.164799751666558,2.013344564904411,0.8091144163115043,0.2769788534286356,41.794842427235906,115.35614627462579,80.91128655980728
493056,2453,0.6952184146671962,0.7950241690623565,4.186114493097215,2.0410716306989425,0.6552117706025119,0.2793635722014032,45.551529498168264,116.944790122934,65.52108375738317
493057,2453,0.8765465803227623,0.8598561336063812,4.148987121475775,2.0423960394808374,0.5620480187589559,0.28204636324061805,49.26612744408268,117.02067315648664,56.20473839645066
493115,2453,0.9141957194956221,0.9536398970360856,5.712522963799898,2.1697054724561635,0.5976788067649769,0.21761832193645203,54.63954127545809,124.31496635817646,59.767815952789306
493116,2453,0.7801763517030262,0.882158653496922,5.879203657416729,2.1093120340398457,0.6478531033161035,0.20556300489542437,50.54396770631723,120.85467722663819,64.78522812279321
493117,2453,0.6459258711280393,0.8144478271744423,6.024929482652256,2.0411722653467126,0.7224423806830821,0.1941110783224133,46.66442313069582,116.950556063524,72.24412734091958
493118,2453,0.510079542056716,0.7460281130856229,6.184559563567065,1.9772122657048303,0.8379920760509517,0.1831754010593935,42.74426227791469,113.2859180263859,83.79904496173066
493119,2453,0.38802444512478995,0.6788040466253529,6.3419381101245715,1.9136872171577766,1.0023236029163751,0.1728906822716245,38.892606988034274,109.64620085127606,100.23210456089114
493120,2453,0.30362596086988686,0.6089886183806038,6.465810378340013,1.8613628640805637,1.1491927882435398,0.16494179360180639,34.89247760471171,106.6482362541994,114.91890412085036
493121,2453,0.2428830867752752,0.5386477124731379,6.551721256445383,1.8140130849783018,1.2706623465708693,0.1586381494632064,30.862240569087074,103.93529375076305,127.06571673277999
496071,2468,0.7384414034764754,0.5766425579562806,4.668963265328758,1.9035815654552612,0.44741782158423576,0.23360044452654843,33.03918485852285,109.06718965949274,44.74172217491758
496072,2468,0.9209779466988047,0.6452735839046986,4.613883269993881,1.9159807890216531,0.40143689346857114,0.23792889021508087,36.97145298902004,109.77761283908613,40.14364619467367
496129,2468,0.840531736698442,0.5263161449483756,4.943334094119983,1.9460992699858939,0.35876924237052743,0.22556289406121816,30.15569379513761,111.50327468368225,35.87688198033454
496732,2471,0.8864017077834048,0.5973364964832647,4.544386734087967,1.7707329106216463,0.38611003917283887,0.2232545954754516,34.224860197622206,101.45552242353635,38.6109607936635
496733,2471,0.7166743491473668,0.5318417762143434,4.5552221370182355,1.75407962999014,0.42519016840613927,0.2206288880863701,30.472289145823087,100.50135972830408,42.518958105753406
500494,2490,0.7219126576693398,0.5757272257352187,3.144172967476711,2.0345523888554435,0.45693532836734624,0.3707533456801992,32.98674018540367,116.57126507967642,45.69347017467383
500495,2490,0.8310451845735961,0.6452002241227188,3.0525531740114826,2.0984874347858544,0.4448283923005445,0.39388166602378105,36.9672497831266,120.23447337446403,44.482786239003346
500496,2490,0.969113024902339,0.7128637816300647,2.967079518809045,2.0946778942535627,0.42145843244440784,0.4044927060928932,40.84408605513825,120.0162027800797,42.14580019028643
504514,2510,0.7579575427170918,0.5558368061046384,3.928627034011105,1.997835314676879,0.420170007854176,0.29136777406161013,31.84710308782725,114.4675316931759,42.01694590533059
504515,2510,0.9404742783023143,0.6320162228027573,3.8655971075699553,2.063769677469976,0.38503830036401415,0.3058914025692303,36.21186215039789,118.24529240610475,38.50378950498861
508389,2529,0.9564421797885115,0.7861490287315176,4.768804974078712,1.8899392730854703,0.4709434809079759,0.227070606253235,45.04302141462485,108.28554388382018,47.09429934414374
508390,2529,0.8378857703585935,0.7200112832937866,4.8261957368616395,1.8582177331436665,0.49235359641593124,0.22060446593931213,41.25360773453225,106.46803352549917,49.23530146785441
508391,2529,0.7135514888120899,0.6561771982270678,4.8626268146848695,1.8313915930024574,0.5268881662181324,0.21579079106400814,37.59618407113019,104.9310089147814,52.68874352007332
508392,2529,0.6022849536347877,0.5896968404775519,4.90944402414438,1.81332039817638,0.5609826276860345,0.21162397411582973,33.787140151563094,103.8956057204885,56.09817055778596
508393,2529,0.466260816802201,0.5247936407200641,4.918483050003438,1.7976180439806795,0.6448849871173136,0.20940587949607242,30.06846072856453,102.99592709665534,64.48836178519903
512408,2549,0.9599613733146093,0.7788880524190542,3.3631654499862593,1.900364554951476,0.4648832639776154,0.323751150011577,44.626998116776235,108.88286853497658,46.48827845479584
512409,2549,0.8499767644500597,0.7100630815765351,3.373574442027729,1.854006588873042,0.47864387575426987,0.31487893402803885,40.68361776238894,106.22675273187167,47.86433182603485
512410,2549,0.7123359621955339,0.6433522870193592,3.3606780287505047,1.8202618392423622,0.5174717019089432,0.31033416410244463,36.86137078629846,104.29332099730809,51.74709827310652
512411,2549,0.5961827142998031,0.5744486941248178,3.347462365264774,1.7947009654968777,0.5520704371098547,0.30718430644912514,32.91348572015363,102.82879081102507,55.2069520362685
512952,2552,0.4755565935199308,0.7386182049925892,3.6239981791760365,1.9345251372117542,0.8898983949411271,0.30585038937174786,42.31970581760403,110.84012572419999,88.98965423802112
512953,2552,0.6561138196698213,0.802748931266826,3.7566568906055333,1.9906364944033816,0.7010083264571995,0.3036078957746895,45.99412577022654,114.05506967403129,70.10072687181842
512954,2552,0.8356412357652727,0.869740796139387,3.84397075964755,2.050119230900913,0.5963381671461043,0.30557771239243503,49.832476889135,117.46317942922862,59.63374606538278
513013,2552,0.9630962857065231,0.775582565489306,4.862397987737191,1.7757647962043999,0.4614035778620328,0.2092461955557099,44.43760766646601,101.74382823042086,46.14031035698207
513014,2552,0.8282031200490012,0.7065801513443464,4.897922428274925,1.7347632036407488,0.48881800962706745,0.20293218456561754,40.484060559746005,99.39461002320867,48.88174253147973
513015,2552,0.6956802465182471,0.6396209669563504,4.953321237426748,1.704233498568386,0.5267877239766734,0.1971311406937516,36.64758189467557,97.64538677278314,52.67869743232231
513016,2552,0.5816083347670569,0.5688573407035324,5.010528536357731,1.6818127848024758,0.5603964430806438,0.19231658618205555,32.593124767347945,96.36077450032562,56.0395489188666
514819,2561,0.8758127429937841,0.7631937473726926,4.277931181383874,2.22122715669638,0.4992823012196901,0.29749646669136065,43.72778067522885,127.26694141854655,49.92817368422957
514820,2561,0.760111528189577,0.6970855223425932,4.332952664024419,2.1688670384618836,0.5254499686326525,0.2867950263428231,39.940058389903044,124.26692762890391,52.54492842662598
514821,2561,0.6461997000110201,0.6333723292601051,4.465311620206325,2.11442578703745,0.5615843022640089,0.27130844098617934,36.289561326974365,121.1476736908733,56.158344189901825
514822,2561,0.5422030399597508,0.5682353567178926,4.586108596588118,2.0497693953956984,0.6004667017727562,0.25608450520021375,32.557487710046054,117.44313533125599,60.04656053920748
516028,2567,0.9201499929645116,0.5958347882238763,5.493336885368023,1.8374854963916842,0.37101362323873166,0.19165065945348575,34.138818652299314,105.28016385974456,37.10132240613251
516029,2567,0.7423852693275341,0.5282970745340848,5.537888315352937,1.8064458897110462,0.40772889149054403,0.18689745859510742,30.26919269991134,103.50172539919794,40.77283477687388
522659,2600,0.8193771911967701,0.6684251016743635,4.285153669776794,1.943687058260338,0.4674030128078566,0.25988581379960385,38.29793724654397,111.36506513251592,46.74024480759811
522660,2600,0.7012326975468444,0.6037663249916936,4.367541843514593,1.8909451185390567,0.49332071738592076,0.2480644220866906,34.59326223414808,108.34317458315311,49.33200209169519
522661,2600,0.6119407323068252,0.5363334310532245,4.467241757185032,1.851090473899211,0.5021669564814291,0.23741645780261464,30.72964201112049,106.05967165129627,50.21661440751807
524010,2607,0.6923708202467275,0.5339352216888852,4.125828670263759,2.2018033569005766,0.441847538915721,0.30576654884292254,30.592234736155095,126.15403966813994,44.184690713226196
524011,2607,0.8729936579409994,0.6010410460792778,4.055504173485602,2.1836606544269155,0.3944715353513659,0.3085055118347945,34.437115254470655,125.1145393874376,39.447108800977404
524069,2607,0.916238460120727,0.6918639976104948,3.9255979414767643,1.2300250713879053,0.43264814077177305,0.17952741507645426,39.64088706013062,70.47524528580476,43.264767329391596
524070,2607,0.7283059628931811,0.6233090836603192,3.8496376894736053,1.1770776938108276,0.49035681643573414,0.1751894315238405,35.712979825903034,67.4415840143526,49.03561498854016
524071,2607,0.5780613905512406,0.5557583292415779,3.8167096361313413,1.110528567935778,0.5508516338302346,0.1667106116807236,31.842606694784457,63.6285999714274,55.08506904318637
526017,2617,0.389303178863609,0.565114066199149,3.509412756305885,1.8300592488196852,0.8317078272901484,0.2987812440387939,32.37865093668785,104.85467121624974,83.1705712258269
526018,2617,0.5649869136656647,0.6372173364900686,3.6330490003042404,1.8968486590551779,0.6462072392148592,0.2991465907304402,36.509864013448556,108.68142253891133,64.62061068983063
526019,2617,0.7452340778229899,0.7081562412621567,3.7502883808785,1.9520865531903717,0.54445126065955,0.29823391986088976,40.57436386016966,111.84632074204839,54.445053738878066
526020,2617,0.9252558064420906,0.7781142681855195,3.8219172158953674,1.998476699052874,0.48184148376797853,0.2995990586482179,44.58266354594093,114.50428031096604,48.18409682104969
526620,2620,0.18442105984148824,0.6709444511149132,3.6095239915997253,1.8899273502067668,2.0844844555802453,0.29999761936809244,38.442285336606105,108.28486075319083,208.44732658147
526621,2620,0.35725981396637185,0.7451380217599615,3.718790260880844,1.95635675809537,1.1950200088995095,0.30141787327579145,42.69326380157309,112.09098546076085,119.50166973977647
526622,2620,0.5374156284948189,0.8119921766346554,3.816430764937225,2.0201152690537123,0.8656935412060126,0.30327834008365134,46.52372471880701,115.74407904671247,86.56919464719452
526623,2620,0.7190429721475445,0.8824208308374609,3.919418668720949,2.0694866771139195,0.7031427969773244,0.30252662978040207,50.55898936141408,118.57285235718052,70.31418288705103
526624,2620,0.9048971050532084,0.9467878656135743,3.9776462926309932,2.1112884016946674,0.5994819509471795,0.30411933477346154,54.24694879385717,120.96791475202565,59.94812950864498
526679,2620,0.9176463027854169,0.6992091619778718,4.209363345533522,1.5944952125882264,0.4365705328952732,0.21703483025532502,40.0617339782112,91.35784613512034,43.65700619029581
526680,2620,0.8190030350604847,0.6333302950541164,4.229792197821917,1.5522404726047894,0.44306493319199036,0.21026287699235163,36.287152944376025,88.93682786964672,44.30643976216328
526681,2620,0.695964584400545,0.5679923454715557,4.277200535091539,1.529295015255176,0.46760373233192243,0.20485864312598226,32.54356419125674,87.62215000451644,46.76030671730333
527223,2623,0.1291869876254712,0.6370514356010966,4.130053600488889,1.9894604561753293,2.8253894945768434,0.2759956610672778,36.50035859269299,113.98768764701785,282.5367842907434
527224,2623,0.25169907329741703,0.7112320589888761,4.206913490959558,2.045419530003344,1.6190204072499452,0.2785745568005933,40.7505952344622,117.19390640282408,161.90140392335115
527225,2623,0.4214676675657751,0.7815687669320981,4.253061630279747,2.1059833838703836,1.0624917194857624,0.2837108178204438,44.78059174445312,120.66395962045252,106.24892237680892
527226,2623,0.6018051425862054,0.8484999866045502,4.242143339171493,2.1680164566746507,0.807827383006391,0.29281941381501186,48.61546814934761,124.21819288236478,80.78260540915585
527227,2623,0.7804561363126217,0.9207135093713055,4.177991646255169,2.232257569374786,0.6759252070330123,0.30612540194957116,52.75299822765457,127.89893751130681,67.59243496304416
527228,2623,0.9598741665361156,0.9884242492109261,4.098096293623656,2.21266445712101,0.5899995982029874,0.30935421102608074,56.63253784817316,126.77633487163939,58.99989896867734
527283,2623,0.8692439493661174,0.5855254912932588,4.104047961251798,1.9218307167818187,0.38594619021445054,0.2683028799407868,33.54813944842776,110.11278901020005,38.59457506528187
528634,2630,0.8736477944753887,0.5689151060365589,3.8773699080634407,1.925801446168785,0.3731072671407463,0.28457510471626973,32.59643447713253,110.34029504566178,37.3106844343626
529437,2634,0.6551042407678072,0.5336060250641061,3.6192670063900803,1.9770472169320779,0.46669477603132864,0.31298177480499156,30.573373158925307,113.27646142829337,46.66940707586494
529438,2634,0.8357856846867505,0.6014669498677392,3.594481811833366,2.0057315970305045,0.41232480961455287,0.3197121617025381,34.46151774402812,114.91995534588227,41.2324321210551
529494,2634,0.9467378157765963,0.6606545311004001,4.342410280389009,1.6116725118808417,0.3998225835879879,0.2126515614897088,37.85271634824731,92.34203288802026,39.98221654955308
529495,2634,0.8166462367675615,0.594862302857268,4.3486388501101,1.549601455980957,0.41735450912878996,0.20416876685130933,34.08309934515443,88.78562335503625,41.73540031808782
529496,2634,0.6861870108343435,0.5299675612162293,4.3917263662042885,1.4945882461233557,0.44251645126732303,0.19498846530311434,30.364904536531036,85.6335986127282,44.25158128252637
530097,2637,0.9836508677360334,0.5744337943941452,5.045166853195685,1.9636358118973058,0.334596682353619,0.22300163220210348,32.912632028470206,112.50804452246042,33.459634559757106
530642,2640,0.5154550591385175,0.5335621765454129,4.6778255395057675,1.7509161952946832,0.5930848808017255,0.2144588489027523,30.570860823866283,100.32010827148916,59.308374170553755
530643,2640,0.6586987103066777,0.5992946961642214,4.602093108860865,1.771926468541242,0.5212862226117307,0.22060376796561504,34.33705677478489,101.5239082549336,52.12854391388487
530644,2640,0.8096796104927434,0.663576624120416,4.505607665435852,1.7798384177449127,0.4695701729839897,0.22633401951083332,38.02013994563886,101.97722955202583,46.95695988384991
530645,2640,0.9577308402289622,0.7318345958042143,4.370585273442996,1.797785712232372,0.4378164661942303,0.23567903861766412,41.931033641243985,103.00553377983564,43.78160136267335
530699,2640,0.8769275847463919,1.1163316890481045,4.058283260578636,0.76107233898595,0.7293771424499941,0.10744994871150872,63.961094319166975,43.60623292804483,72.93763190267603
530700,2640,0.6413621439539794,0.5743881325324532,4.109056818112306,0.707900390061198,0.5131268752548188,0.09870806455797895,32.91001579651055,40.55970466617137,51.31260831986938
533311,2653,0.910049106685833,0.7620175582692819,4.072735996975603,2.2333223949810583,0.479758610861512,0.3141866973584821,43.66039000369413,127.95994752446367,47.975808895505736
533312,2653,0.7825488216427353,0.6960424886145409,4.114652836433357,2.197877535144475,0.5096205546135528,0.3060503798262153,39.88029695939585,125.92910665039469,50.96199098950503
533313,2653,0.6915761521267736,0.6290010088841281,4.284049227157106,2.1615981400804998,0.5211154619283274,0.28909670168060037,36.039103118531344,123.85045042994115,52.111471594603785
533314,2653,0.589643919315277,0.5592526004541447,4.436429596164266,2.108295450650042,0.543426500209173,0.272282988827405,32.0428136877386,120.79643128887935,54.34255878088155
533713,2655,0.9331133992672489,0.7317387486559958,3.9733525195532433,1.89599544065862,0.4493081075439244,0.2734027145031606,41.9255420041727,108.63253672578564,44.93076308445756
533714,2655,0.8103173026150543,0.663078681907307,4.033265715805377,1.8545474609068426,0.4688485531153206,0.26345336419768667,37.99160995838631,106.25774241666511,46.884798030329584
533715,2655,0.7046982677304207,0.5970125119753175,4.157183762375815,1.8299316206438019,0.48540344617919845,0.25220765884137186,34.20629725268921,104.84735866042467,48.54027642579397
533716,2655,0.5855088352412857,0.52965897414633,4.2441110731907745,1.8078421831525797,0.518305129742447,0.24405988695867403,30.347223799813495,103.5817271203596,51.83042533744553
533859,2656,0.5564079296111518,0.5683653264130105,3.498776548639358,2.1364826117963664,0.5852708436870809,0.3498692603183084,32.56493442504092,122.41143665901886,58.5269802334032
533860,2656,0.7210619670630879,0.6355632375660341,3.414192741357569,2.1707497070024937,0.5050202657270081,0.36428756560697517,36.415091126204246,124.37479659050294,50.50195723478083
533861,2656,0.905111945509348,0.6966430142841937,3.3599943858342134,2.1903928872972362,0.4409919049549444,0.3735133251210297,39.91470454575622,125.50026791760622,44.09914226041084
533916,2656,0.8828864744358089,1.0008693265868926,5.331991853548378,1.9611086226046925,0.6495239112667508,0.21073409359478393,57.34558825752978,112.36324724196304,64.95231829421445
533917,2656,0.75236276133905,0.9357049020229705,5.61748984087124,1.9368703160620293,0.7125810021168414,0.19755174912743742,53.61194175561842,110.9744945745241,71.25800644650984
533918,2656,0.5889663348515327,0.8727907788157775,5.821305195881971,1.9264897079323093,0.8490676667897903,0.18961336957282696,50.00722802408019,110.37972953991196,84.90662395850195
533919,2656,0.4441393028266733,0.8086820183767034,6.035923356501568,1.920629351357075,1.0432327263762844,0.18231503145390487,46.33406662110598,110.04395584170928,104.32304009840772
533920,2656,0.30797927102278844,0.7409315892119755,6.231624801204281,1.9168200636322217,1.3784126266151602,0.17623926834404532,42.45225296976704,109.8256997321242,137.84081957193246
533921,2656,0.20196557461070386,0.6714734226070888,6.471250782049103,1.9157999109365131,1.904908365687543,0.1696229257921307,38.47259317059051,109.76724928820121,190.48990282054092
533922,2656,0.14153166946784984,0.6120373584588469,6.720989817284045,1.9193215569057358,2.477689636403505,0.16362028148406746,35.067157544027424,109.96902473917693,247.7672305332528
534319,2658,0.8800260782528592,0.6276903818332091,4.525885029589633,2.1003496756730393,0.408669813316539,0.26589533508930646,35.964009719998,120.34117191773643,40.86693535771455
534320,2658,0.7699455562649727,0.5593458832837567,4.634304709489965,2.0372681387704326,0.41623927462356736,0.25187568179777536,32.048158400176405,116.7268660880183,41.62387394216387
535066,2662,0.7768808710337242,0.5688356467595767,3.7436168400735585,1.4530803107660297,0.4195222535603046,0.22239286880764972,32.59188179591828,83.25536910045157,41.952171895260356
535067,2662,0.8896933996071222,0.6404976255906025,3.640461448143265,1.4396733769212915,0.41247704364470034,0.22658448475102855,36.69781073449192,82.48720837493698,41.24765846643207
536126,2667,0.9577124712786411,0.7284695294973008,3.9235721739147373,1.908827822881757,0.43581169046007934,0.278745421115583,41.73822954407617,109.36777806827011,43.58112399562632
536127,2667,0.8403122070967031,0.660876350525355,3.985096626696067,1.8858371550427906,0.4506113905607265,0.2711364859711203,37.865425665111246,108.05050983291018,45.0610859680963
536128,2667,0.735416091295121,0.5973297381413879,4.005946713863873,1.86763012033028,0.4653756276601014,0.2671211849847641,34.22447297315616,107.00732358643513,46.53750011831309
536129,2667,0.6237491781284674,0.5333154637427171,4.00882000020762,1.8587693685677635,0.48988801593801046,0.26566331148804595,30.55672522151997,106.49963990712983,48.98872384005398
536671,2670,0.3738222883411044,0.5511715216864383,4.329173062280039,1.7787769554090969,0.8447811198148589,0.2354177357626299,31.579801980436244,101.91641224007148,84.47788825724646
536672,2670,0.551250674937316,0.6247062986115045,4.3756553173945445,1.8206211955707419,0.6493059387263824,0.2383960865134654,35.79303434567853,104.31391059826555,64.93047726294641
536673,2670,0.734935819008186,0.703764974923639,4.348095128362352,1.852003088249894,0.5486569199745138,0.24404240759524648,40.32276283225473,106.11196060191347,54.86561809037029
536674,2670,0.9152368823455423,0.770379120601123,4.299351230268744,1.8746929917411075,0.48227374360232417,0.2498330336527821,44.1394722354442,107.41199630951915,48.22732219335696
536729,2670,0.8361824346986264,0.6286231220937026,4.007312473021074,2.0558902796566443,0.43073676120152793,0.29394721940299656,36.01745180030621,117.79383616629624,43.073625123041886
536730,2670,0.69769385170272,0.5579478609675472,4.097931973887381,1.9992837548450306,0.4581960567027856,0.2795325096953495,31.968057621792497,114.55052120168821,45.81954065416227
536872,2671,0.4250192781030762,0.5820927895433478,4.742690577804807,2.1202925790806897,0.7847046253990771,0.2561495713564178,33.351460125830684,121.48381611423186,78.47027975861018
536873,2671,0.5727581451635098,0.6510129137763283,4.732571709458048,2.171328191255677,0.6512398301382435,0.26287597668138823,37.30029236789778,124.40794129672511,65.12387044863229
536874,2671,0.7154266222561849,0.7184159990157412,4.645891848537552,2.222082218575803,0.5753518645016982,0.2740398113690423,41.16220467827667,127.31593285546002,57.53510683368197
536875,2671,0.8831251018496751,0.7886076509321174,4.5525918475549245,2.267860597085317,0.5116363410332686,0.28541728492831386,45.18389009013639,129.93884073700755,51.163576747986944
538339,2678,0.8784991946307015,0.8592870300597163,4.8631111224090615,1.9798868575558561,0.5604276014506964,0.23326458672799216,49.23352021275285,113.43916085136976,56.0426969893266
538340,2678,0.7333793326765549,0.7936347943902777,4.97279755192933,1.9201622063723498,0.6200327926791693,0.22123802353816252,45.47192419329578,110.01719040566383,62.00319556885419
538341,2678,0.5708462658357774,0.7290012249495667,5.021534344762166,1.882329307709103,0.7316977480202294,0.21477404587152668,41.7686934494773,107.84952498551365,73.169647906299
538342,2678,0.40664254857630117,0.6583317457804659,5.080082380440319,1.8424911796911543,0.9275868882185027,0.20780562257226154,37.71963055270014,105.56696838638332,92.75846299482743
538343,2678,0.2848881626012135,0.5873857370528297,5.191689625769196,1.8024222290085814,1.181331024451414,0.19891633334790723,33.65472367930828,103.27118662275406,118.13269192839745
547524,2724,0.2721342441517376,0.7274171717414311,4.513331060853294,2.1615490616394157,1.5315210507416697,0.2744040632033387,41.67793388612697,123.84763844240196,153.15154792257678
547525,2724,0.44309592993767777,0.7977608075114855,4.6310575643137675,2.225184516510998,1.031567279487723,0.2753014390084125,45.70832733135658,127.49368143393883,103.1564974683655
547526,2724,0.6227737023507206,0.8695488767509255,4.662064559913341,2.279772080998504,0.7999933158725238,0.28017912779659154,49.821480718169425,130.62131849297114,79.9992044155192
547527,2724,0.8022284380323751,0.9426850268632225,4.6168440411925085,2.3369150072890026,0.6732729758202187,0.290014922561353,54.011873449439285,133.89536699844385,67.32721449603494
547528,2724,0.981589671216742,1.0140841792307556,4.5670282659229775,2.317845835059933,0.5919249626675825,0.2907859901175479,58.102743540910424,132.80278391091008,59.192436567157365
547581,2724,0.9163960809746721,0.6570973485812693,3.488299478491099,1.2943178991815745,0.41083659319083643,0.21259342328838185,37.648904802943406,74.15895297134341,41.0836149356787
547582,2724,0.7916507474496572,0.5907334116640803,3.5089353163336354,1.2768713040712685,0.42754372413858793,0.20849440043995038,33.84653130571604,73.15933670464929,42.754318947383375
547583,2724,0.6958552477708906,0.524907139099456,3.6179528047423375,1.2725407793200563,0.4322014294039782,0.20152616589202382,30.074963706685264,72.9112159133279,43.22008145077026
550742,2740,0.5839344889157773,0.5310299323375879,4.893715862174257,1.943972114850753,0.5210477198136887,0.22760086727835063,30.42577391806146,111.38139767206908,52.1046836433157
550743,2740,0.7659691318564374,0.5416364373199966,4.865744492489159,1.9823038426499093,0.40515316078822455,0.23342295066726654,31.033481888937956,113.57764389640504,40.51526371364364
550744,2740,0.9300995540162484,0.781170290214422,4.805737592877519,2.0061421606632424,0.481214726271113,0.23917968147165444,44.757760710296054,114.94347890925971,48.12142140656563
550800,2740,0.9110499983665767,0.5535128546653834,3.1063226942931697,1.215668492932891,0.3481032894717227,0.22422871209040454,31.713950478564584,69.652673932084,34.810291120282535
551202,2742,0.9606689782155766,0.5699857729823694,4.76259184139463,2.1250868345405705,0.33994830243300356,0.2556559758156392,32.657779174391635,121.75850671799058,33.99479521058079
551745,2745,0.2154456086147741,0.5806509575472979,2.998901530217895,1.8715404363804349,1.5441877839797808,0.35756881896456,33.268849237690105,107.23136819267127,154.41806882732578
551746,2745,0.3580894620083293,0.6504146396617587,3.1144234513156537,1.9313511612126586,1.0406900146250098,0.3553090055660884,37.266013786141016,110.658270295176,104.06871374662362
551747,2745,0.5213447332373126,0.722480908017887,3.2074383758320937,1.986014135710784,0.7940064102528334,0.35476980175888756,41.39510680820437,113.79022802954982,79.40049024887988
551748,2745,0.701329812257939,0.7927627411222287,3.255386001747741,2.008826011103462,0.6476547521576864,0.3535594605278026,45.421959221525974,115.09725221232863,64.76538379269219
551749,2745,0.8852158176173358,0.859761951464286,3.262845507287083,2.0082712993086114,0.5564827205747808,0.35265374642471453,49.26073120483512,115.06546956763755,55.648209822115795
551805,2745,0.912230503200481,0.5823611999004417,4.911200990026153,2.128439283238507,0.36577201073229976,0.24831113179600486,33.366838906469766,121.95058787941647,36.57716137779199
552811,2750,0.9713957229374939,0.5484180822581501,5.362798379920951,1.526642426793313,0.323473126930776,0.16310545637005738,31.422041522050414,87.47016788086658,32.347279726279574
554361,2758,0.8757545051528668,0.5330587631736879,3.993925884393184,1.9524337746866185,0.34875089804115655,0.2800908630412531,30.542017362315992,111.86621506833954,34.875050379483206
557977,2776,0.41959129876942336,0.5255689817085024,3.1231926875833693,2.0063997089421246,0.7176717883695105,0.36807922683608885,30.112884494885552,114.95823533866051,71.76700950708667
557978,2776,0.5987500655656863,0.5894219818571294,3.212212059848597,2.052018976352683,0.5640315265220401,0.3660157681659723,33.771391912650095,117.57202682576421,56.403059392877495
557979,2776,0.7917891963921551,0.9739139358967572,3.2737628467782898,2.0603007677404275,0.7047476485581411,0.36058365765460293,55.80115813585879,118.04653851908976,70.47467673901558
557980,2776,0.9344225793276033,1.2530317061459608,3.29032537562523,2.063321724206832,0.768318629902792,0.35929463721486415,71.79342835824033,118.2196265747075,76.83178158871137
558036,2776,0.9146417388796646,0.5974252539194084,4.309991180776249,1.995288658683518,0.3742442947311508,0.2652479181338994,34.22994562411364,114.32161905288461,37.42438896529317
558037,2776,0.7846968522293448,0.5342141799169842,4.34197228859249,1.933452123824095,0.3900642316617254,0.25513439277730193,30.608217865285617,110.77864658572608,39.00637395441692
559989,2786,0.7535539928494166,0.5530622019835215,3.4068988598342043,1.9472396772127194,0.42051571436214535,0.32747850601780565,31.68812998186765,111.56861520470557,42.05151619000673
559990,2786,0.940533433267125,0.6143193656479827,3.541070646301139,1.9645248308239354,0.3742334435500419,0.31786708733013014,35.19790692478342,112.55898155486355,37.423304963452324
560045,2786,0.8845089376801185,0.6643142676009487,4.5283808357341675,1.9108718962079672,0.43032242809627225,0.24177492700512226,38.06240380385872,109.48489484287721,43.03219464519337
560046,2786,0.7489774689637159,0.5977626169105862,4.577972697144426,1.9067497155527655,0.4572804398212252,0.23863993579177345,34.24927509967204,109.2487112889437,45.72798353877812
560047,2786,0.6295899601096708,0.533766181414971,4.626946896635492,1.9057678567011296,0.4857534410302753,0.23599245274259528,30.582549441892077,109.19245492066739,48.57526772075124
561192,2792,0.2961538377948636,0.5841658760959363,3.232536814701716,1.875811753885411,1.1301639159874468,0.3324822035664951,33.47023923585933,107.47609665866676,113.01601380235779
561193,2792,0.3904575020917923,0.6516105301295512,3.27629777163311,1.9427098315596516,0.9561740293506892,0.33974040696464336,37.33453326270545,111.3090741669391,95.61716049898827
561194,2792,0.5315900259342878,0.7177764027913631,3.351221968468654,1.994755134934271,0.7736329828257169,0.34104291249011276,41.12555851402731,114.29105039378277,77.363154206277
561195,2792,0.6714565788016291,0.7828815795655294,3.385764611615288,2.0323511337855904,0.6680373849290219,0.3439256873060129,44.85581036764019,116.44514245454207,66.80363999717707
561196,2792,0.8131293812671391,0.8515245530364616,3.3611372166347806,2.057654074596333,0.6000122928126258,0.3507589432470302,48.788763040753075,117.89489417226694,60.0011562287505
561197,2792,0.944471882028235,0.916831355233665,3.3145624332736747,2.0763960732749602,0.5561898413656351,0.35892741087928,52.53056718014852,118.96873159619204,55.61892583653675
561250,2792,0.9014587672337464,0.737885253222689,3.952966497884109,1.9769051809787128,0.46899216960688145,0.28654005325295606,42.27771077460211,113.26832336762644,46.89916545508969
561251,2792,0.797182856629618,0.6696323839326471,3.9729597170666584,1.9251074537840536,0.48128366816055174,0.27762811553199473,38.36710942462464,110.30053221100245,48.12830704680275
561252,2792,0.7010455715766786,0.6057021386914346,3.9736207776442414,1.889779746925981,0.4950345184547889,0.27248801406726864,34.70417618906685,108.27640370815952,49.503381937973
561253,2792,0.5918245960713784,0.539033502560798,3.970955842302225,1.864617785952447,0.5218496222707425,0.26904033566166197,30.884344712887977,106.83472954010314,52.184874932585885
562401,2798,0.8265705931027757,0.5322464508196223,4.936195122571242,2.2229935738458884,0.36893975152646324,0.2580290005669355,30.495475292781695,127.36814966607291,36.8939309640537
562457,2798,0.9854079482081352,0.7055800065509975,3.405734188367531,1.672905451319687,0.41025400847885485,0.2814383516217742,40.426756484185134,95.85042188504626,41.025359631345985
562458,2798,0.8234981513613711,0.6414067454707656,3.3281971927855367,1.6213805526698977,0.4462657136470514,0.2791248744960868,36.7498994666967,92.89826265257402,44.6265177152198
562459,2798,0.6878889707361742,0.5730708485237934,3.2998227769097745,1.575383475030101,0.4773232585766232,0.27353839906781063,32.834540982394266,90.26282423387809,47.73225716207929
563204,2802,0.6315162694793809,0.5617427984613078,4.7695647891562185,1.9660327147762757,0.5096541857992086,0.2361753780161582,32.18549152370093,112.64537694132817,50.96533868382485
563205,2802,0.7856152729070314,0.63353421019949,4.658849836625382,2.0281236736746817,0.4620434099406424,0.24942406529005906,36.298836421584724,116.20292683212709,46.20428276933142
563206,2802,0.9437159049247719,0.7024902371690037,4.562203779579242,2.0791742635636576,0.426502563985441,0.261119221474772,40.24972573892815,119.12791017441864,42.65021165657369
563260,2802,0.9165892760194908,0.7670681825140407,3.3195985764848412,1.9340969712516967,0.47949250691864076,0.3338222701772547,43.949769456825265,110.81559362175753,47.94919890235743
563261,2802,0.7673535437799746,0.7018129138743848,3.27283520715109,1.9276723014481134,0.52402074343309,0.33746730229024013,40.210917972780585,110.44748715724707,52.40200673694109
563262,2802,0.6770062091512308,0.6334614057676768,3.30041781939164,1.9318794444702703,0.5361053415493724,0.33537735043877037,36.294665034911986,110.68853869622457,53.610455759274544
563263,2802,0.5522702492717542,0.56934260809929,3.2798871500326063,1.935159915008827,0.5906696584399717,0.33804972672230177,32.62092854106016,110.87649581290088,59.06685996070835
563808,2805,0.7073336372076224,0.5318539884917739,4.52436664381252,2.3193120093496464,0.43081491991902116,0.2937135729213334,30.472988857778102,132.88678950974128,43.08143169416632
563809,2805,0.8889815708458022,0.5945463275293184,4.471325012891422,2.3033150366299453,0.38319123845088277,0.29514792553053265,34.06499529243265,131.97023048791647,38.31908117166154
563864,2805,0.884697838803498,0.8056843953611988,3.674607324551903,1.9569879518414477,0.5217862294587708,0.3051404952691072,46.1623154737463,112.12715019846615,52.17856455670051
563865,2805,0.7692773617357223,0.7423726636677371,3.664821850902718,1.9087800056535693,0.5529191682588411,0.2984184293093258,42.53482045404629,109.36503834290694,55.29184566958961
563866,2805,0.6588108735998234,0.6762117897106282,3.722461996290139,1.8505007740100208,0.5880910982481732,0.284827310949866,38.74408160740695,106.02588433646633,58.80902145206469
563867,2805,0.5795846593277167,0.6119046627365505,3.813286305086835,1.797370384341837,0.604908247139238,0.27006033309683136,35.0595546391804,102.98173724459392,60.490721388530034
563868,2805,0.47416194731924544,0.5469752386652444,3.88607602306454,1.743142134312341,0.6609423676851229,0.25700651901234917,31.339372673679428,99.87468738752362,66.09409877102689
564810,2810,0.34891369858454657,0.5810970814580136,3.174015857930679,1.8596241262910658,0.9542304998557057,0.3356902370706998,33.29441025491399,106.54861391718126,95.42277923509813
564811,2810,0.4659724336255407,0.6521295999639601,3.2752436903984794,1.9188156251458364,0.8018558669000582,0.3356697914455566,37.364273773489636,109.94003698461306,80.18541632893994
564812,2810,0.6066069470059378,0.7200321065633839,3.321685257949304,1.9717163958977704,0.6800911256214297,0.34010154114159186,41.254800819995836,112.97102788168799,68.00900156949643
564813,2810,0.7316649366471181,0.7916544958557715,3.275992271116969,2.024365481931342,0.6199348711859093,0.3540533321009113,45.35846144509263,115.9875983066328,61.993403236659056
564814,2810,0.8354039446593863,0.8648454640276259,3.191130981047822,2.0630519994462997,0.5931501131092888,0.3704146674514479,49.55199501981622,118.20417248429882,59.31494101943543
564870,2810,0.8773703567060663,0.5389388915703897,4.059585169228522,1.8789726872898647,0.35194856213769277,0.2651926244900788,30.878923902442025,107.65720480206386,35.194816500930024
566077,2816,0.8877275848811921,0.5712197394686606,4.832813546316883,1.8201199450514887,0.3686770630409082,0.21578566986662318,32.7284802461167,104.28519105903361,36.86766518901368
566217,2817,0.1426708775587414,0.5946143213051887,4.244016961181086,1.8999388192402114,2.3879357331954716,0.25649868135479775,34.068891048823176,108.85847567553311,238.79191633120695
566218,2817,0.25133994371862833,0.663878289766819,4.3094310691994835,1.9600738114175296,1.5133854984545838,0.2606004246602481,38.03742411400184,112.30395692834567,151.33795374216487
566219,2817,0.37434545709957434,0.732078159156661,4.3090177239630005,2.022429253565256,1.1204887591767219,0.268916648171951,41.94498879338324,115.87666059308258,112.04857959220936
566220,2817,0.5530356618696426,0.799618092395452,4.2598748417826595,2.080733332881777,0.828422907362844,0.2798608936044813,45.81474191656131,119.21723826631523,82.84214243894087
566221,2817,0.7061464892845624,0.8667763506628527,4.164036148520703,2.1458071306877096,0.7032907013636548,0.2952560630048899,49.66262667473294,122.94569223748283,70.32897153687955
566222,2817,0.8717399657722834,0.9364297281057679,4.069632757932605,2.2013938660771406,0.6154756317502997,0.3099311037744635,53.6534712310437,126.13057757220773,61.54749327801934
566274,2817,0.9234389619885994,0.7565303742119895,3.8988048361537206,1.8777101875111235,0.46939753281644,0.2759432008997354,43.345997515799816,107.58486889310579,46.93970295855028
566275,2817,0.7657664738891072,0.6901633699738994,3.9598131217554537,1.811052362693236,0.5163904284919943,0.26204685273498585,39.543448274030396,103.76565685951844,51.63897608917871
566276,2817,0.6581827476198753,0.622758705985524,4.051508451101728,1.7739018102974518,0.5421206358706587,0.25086233430454735,35.681445507999044,101.63708700066039,54.21198204457391
566277,2817,0.5537498900688606,0.5529380171809747,4.159856601207509,1.7519762406317225,0.5721177505018497,0.24130842424940174,31.68101471680205,100.38084439539404,57.211672766543856
568833,2830,0.7290560700714368,0.5768117039117245,4.4717125164422225,2.118969474120746,0.45331048065127155,0.2715022646609368,33.048876207891496,121.40800778417427,45.330986509263525
568834,2830,0.9100701309748457,0.6449833206391102,4.429292623453618,2.150402748607169,0.40606564774632653,0.2781685744083559,36.95482212895414,123.20900174852254,40.6065206017128
568892,2830,0.9278794879993175,0.7634383606109685,5.604604454713499,1.7380766682399238,0.47141677422241374,0.1776832927056487,43.741795981395086,99.58445756030741,47.14162712453466
568893,2830,0.7760658232224115,0.6939344122310201,5.67802592696053,1.7075837258354176,0.5123213956558024,0.17230872444370415,39.759513079728904,97.8373406555937,51.23207421061769
568894,2830,0.6097576426672492,0.6282900940165094,5.761043131821139,1.6849552580666183,0.5903717737621959,0.16757525083395908,35.99837069702368,96.54082495559369,59.037081523858475
568895,2830,0.466432481679836,0.5597410576682811,5.863858263854336,1.6540570216458534,0.6875764616885879,0.16161796890086408,32.07080022458133,94.77048641428645,68.75750023150142
570785,2839,0.8599662119943919,0.5728391451502073,3.9880209009151053,0.7728566076197576,0.38165761070093374,0.11103608224373487,32.82126535698884,44.28142178541041,38.16571713341424
570786,2839,0.7365503313223325,0.5568653313106089,4.090751673490449,0.8139344115174758,0.4331819761833403,0.11400106921333394,31.906033241252185,46.635006580415705,43.31813939426489
570787,2839,0.628259436074141,0.5424242260499478,4.214942965134958,0.8635821509681438,0.4946780991915964,0.11739094171664292,31.078618858312133,49.47961251330414,49.46773196879223
570788,2839,0.49828039183743067,0.5330367942289213,4.290992900180365,0.916465250008633,0.6129231356858533,0.12237165615286309,30.540758634500502,52.5095908958965,61.29219179122935
570898,2840,0.956183625184009,0.7622340188193857,3.588095032619442,1.9002656841276444,0.4567406371814942,0.30344013288613914,43.67279227964617,108.87720365405406,45.674016428826945
570899,2840,0.8596119324843636,0.6896489959931464,3.6266314360836933,1.864080629631196,0.4596722644597353,0.2944990532889454,39.513976815841914,106.80395274995668,45.967173506385876
570900,2840,0.7782607877436576,0.6223123313806305,3.670140394635107,1.8425490850042108,0.45814809419195623,0.2876464507545968,35.65587012705682,105.57028611643284,45.81475113975541
570901,2840,0.693498826875145,0.5583243321126272,3.7027380398375174,1.8198502314390232,0.46127875244401223,0.28160171258114697,31.98962782951404,104.26973760736212,46.12780939493057
571644,2844,0.38785768061809067,0.6841676520277267,4.4016639815702066,1.7092462604659433,1.0106778823463525,0.22248994257801502,39.199918940563855,97.93259687321716,101.06753026152454
571645,2844,0.5169800764158936,0.7498858182366434,4.474928861089589,1.7709825515471755,0.8310821563658811,0.22675181822556273,42.96529250167404,101.46982579496292,83.10805648737117
571646,2844,0.6781508826701522,0.8220202579669637,4.4902350447128425,1.798871437664606,0.694510498545793,0.22953751865759292,47.0982914557622,103.06774126481268,69.45094846646683
571647,2844,0.8291555103246556,0.8907885377771214,4.408478180889555,1.809724516120085,0.6155470524187655,0.2352049218919085,51.03842365325895,103.68957685503598,61.55463174651417
571648,2844,0.9687998202146808,0.9583782523251461,4.309907221513449,1.8432010840082205,0.5667943709608905,0.24503460801991458,54.911029035354744,105.60764290760933,56.67937917639951
571704,2844,0.9564243035845952,0.6625342391315806,4.219737226530178,1.9315595427360854,0.3968993170288453,0.2622680121381188,37.9604156851508,110.67020967699686,39.689890619663245
571705,2844,0.812718059649411,0.5965826513870911,4.193701655612271,1.9065279053092974,0.4205845708580106,0.2604763314325841,34.18166805520483,109.2360024981402,42.0584058530017
571706,2844,0.6582209408647578,0.5308353393511782,4.159964113737504,1.886091490886403,0.46207317651100593,0.2597740725375232,30.41462456121734,108.06508220332806,46.20724815289393
572306,2847,0.8552114598619598,0.6439648491999608,4.055097532530063,1.8392769898000392,0.43143093040943126,0.2598773710516423,36.89646801393626,105.3828088710688,43.14304309819308
572307,2847,0.7111897520497946,0.5789840384167912,4.13285260760235,1.8095529891007,0.46644852860522185,0.25086727902942246,33.173341806722455,103.67974908075277,46.644787929413056
573112,2851,0.9089863112063691,0.5843271411665427,4.216109536512419,1.865033789636541,0.368316643086063,0.25345300831629813,33.47947904378796,106.85856479546361,36.831624194352536
578681,2879,0.44346299681884743,0.5774367106613729,3.423783313845763,1.9099025621748131,0.7460529051598768,0.31961530781370423,33.084686456813536,109.42935609383909,74.60512396529103
578682,2879,0.5919615646829905,0.6403303066484165,3.376310699761002,1.9242893421570502,0.6197737426609063,0.3265506860753614,36.68822406527207,110.25365786760457,61.977270614940736
578683,2879,0.722938306490878,0.7095585265172617,3.2819131720744936,1.9432394416325485,0.5623537715402527,0.3392515658154192,40.654708886960606,111.3394185889037,56.23530014476199
578684,2879,0.8464999374064863,0.7741702178344536,3.1586003310224284,1.9616293628534778,0.5240010497642459,0.35583192340205905,44.35668610663777,112.39308346044102,52.400043693439954
578685,2879,0.9719180633166499,0.8400096701698458,3.0214896746903053,1.9823033099667642,0.49519615050134075,0.3758993914538233,48.12900885090849,113.57761337590901,49.519564609289
578740,2879,0.9769645426405347,0.5930474216708785,4.88166007157284,1.060354011210193,0.34780293943130325,0.12445317497923196,33.979114312856616,60.75380963211164,34.78025869880542
578741,2879,0.7841161427228971,0.530648658368553,4.882221842626182,1.030608612633488,0.3877477644506855,0.12094805524244834,30.40392852879756,59.04952383373199,38.77472748933656
578826,2879,0.8926074751514839,0.6876812286484923,4.350436128623283,2.1948143510072584,0.44141722657908045,0.289059751989041,39.40123205192957,125.75359912746075,44.14167369993078
578827,2879,0.7804157285963764,0.6196118362078826,4.426406542535071,2.1356388470510526,0.45490039981656205,0.27643889246940323,35.50114315106292,122.36309250021046,45.48998227512848
578828,2879,0.6773722470886316,0.5530635760108553,4.490472312344463,2.077851231485525,0.4678108436863325,0.26512156734110426,31.68820870783481,119.05210602018121,46.7810159967663
584913,2910,0.9182513595018803,0.5855504878428225,4.378899276282468,1.9823705475657598,0.36536369843281186,0.25938359934965016,33.54957164522015,113.58146580655605,36.53633045214239
584970,2910,0.8844168869342178,0.9158697681577784,3.256315676721473,1.9168296836444219,0.5933341219618171,0.33727151014893614,52.4754722990659,109.82625091822213,59.33334577952625
584971,2910,0.7824664665213599,0.851100988545273,3.266420944942625,1.8587899002575905,0.623215128651268,0.3260474315937454,48.76449458305637,106.50081628630319,62.32143401418363
584972,2910,0.6696584031837849,0.786908862962529,3.2629333725758496,1.7969687494885456,0.673276939728637,0.31554038403725093,45.08655670919138,102.95872526259497,67.3275944380603
584973,2910,0.5736509659919551,0.7243411140085217,3.2742311429222166,1.7417296961073143,0.723465844169935,0.3047853250998717,41.50168876049269,99.79376063955256,72.34645956233803
584974,2910,0.4683345789152419,0.6538481701695243,3.2581688260402397,1.6744771663244578,0.7999140247111947,0.29446133503019023,37.4627405930654,95.940474521417,79.99123337978409
584975,2910,0.35318957621382363,0.5824422945858752,3.241289762949488,1.615376070587419,0.9448603977095378,0.28554753710546577,33.37148528968604,92.55423117108606,94.48577492476117
585919,2915,0.7107191955031911,0.5826075231660284,3.050548829751465,2.070810550907405,0.4696784880936201,0.38894215752933753,33.380952189983766,118.6487047381552,46.967783385344774
585920,2915,0.8628071089837643,0.6490168880564474,3.1076460242602457,2.070220777051513,0.43098773410849406,0.3816873346503278,37.185928518349044,118.61491318534544,43.098723958618685
585977,2915,0.8756432782898101,1.2138657854867658,4.583335138326044,1.7283277471684242,0.7942661964503698,0.21605639195787638,69.54938640372421,99.02588552810433,79.42652984561111
585978,2915,0.7459244473828093,1.1506770845103538,4.60767290008229,1.7089083972702568,0.8838554611305206,0.2125004110508853,65.92894052486163,97.91323873805153,88.3854288068374
585979,2915,0.6275052991767295,1.0861137418601043,4.624487719833857,1.7017268149736533,0.9917005094568703,0.21083797834129667,62.22973347974535,97.50176438223028,99.16989448773502
585980,2915,0.498765121266428,1.0123606085455008,4.6227054485374275,1.680397049911309,1.1629519904022434,0.20827556444968517,58.00399021495286,96.27965886615235,116.29496820608756
585981,2915,0.36760644324765746,0.9444849091614792,4.630221985164557,1.6420381663211283,1.4720905639894273,0.20319081207737585,54.1149991087497,94.08185672960137,147.2086599516767
585982,2915,0.26690580312826045,0.8774631757309703,4.6776385287496245,1.6068857011652224,1.8836208945127497,0.19682531703550107,50.27493664753068,92.06776883668728,188.36139078617404
585983,2915,0.20589950476991958,0.7427576106595114,4.769040134135079,1.56164687648213,2.066875987520708,0.18761799525267217,42.55687629201121,89.47577511221382,206.6866049676068
585984,2915,0.17415401084730464,0.62317807783369,4.912977789450472,1.5196858394913098,2.0502239093435297,0.17722771879487562,35.70547374494556,87.0715847886475,205.02122546592327
585985,2915,0.15733851988714584,0.544103289908903,5.040879984298452,1.453309852523379,1.9813851161138962,0.16518647729870892,31.174822130963218,83.26852087436971,198.13726489901478
586779,2919,0.9255842670792508,0.7575095604923593,4.792139501611629,2.211584970347365,0.46891570904791763,0.26442152722898166,43.40210075702211,126.71448483546932,46.891520749871574
586780,2919,0.7651510008548041,0.6901490701914385,4.873840459895908,2.1684848096193603,0.5167950952933013,0.25492222877798193,39.54262895684743,124.24502752941916,51.67944266325074
586781,2919,0.6036205463500751,0.6259251855970037,4.951694649884299,2.130969227401913,0.5941293921880962,0.24657324691590793,35.86287142565106,122.09554300238341,59.41284177561829
586782,2919,0.4792596306730062,0.5612541683441511,5.072575569649106,2.082965844066981,0.6709827482048627,0.23527525585572215,32.15749508024487,119.34515173494316,67.09813621679588
591344,2942,0.6764840059396862,0.5571326415792628,4.380552001290657,2.1959195124716238,0.47187144469519293,0.2872170445431591,31.921348991466562,125.81692021504938,47.187075413630964
591345,2942,0.8593787647629675,0.621428756322771,4.388077474683281,2.260622230976695,0.41431375839110096,0.29517280257816975,35.60524500535845,129.52411290841297,41.43132811042976
591400,2942,0.9642544886519744,0.8463933829492397,4.63743422595069,2.263603511292266,0.5029249925054752,0.2796695782392108,48.49476865079149,129.69492768804062,50.29244761529644
591401,2942,0.8385942504204021,0.7756945307457146,4.677674708271732,2.214978329841946,0.5299824349003981,0.27130768524188603,44.44402280311032,126.90891001287947,52.998180923192415
591402,2942,0.7218425513913718,0.7079790520559005,4.836365406014983,2.1730169072671277,0.561953725592008,0.2574344303776067,40.564211666475906,124.50469759697741,56.19529548790366
591403,2942,0.6191837136241807,0.6375949240467471,4.93111999612277,2.127620090686608,0.589994484561355,0.24721290792400372,36.531498186842896,121.9036516035841,58.99935412329315
591404,2942,0.5244211864741045,0.5706501949281104,5.067009867359556,2.0787241306935065,0.6234654122969447,0.2350540503047205,32.695847747698465,119.10211946073888,62.34642353239369
591747,2944,0.998254176073656,0.5707153280304715,4.904632985717582,1.8398942381524508,0.32756766819265426,0.2149359079234225,32.69957959957035,105.4181745965734,32.75673433338413
591802,2944,0.9063498237542668,0.669907659151917,3.5996483837959126,2.071691171636484,0.423488592411436,0.32975209688219626,38.38288153289334,118.69916058928318,42.34881298381194
591803,2944,0.7683638374918753,0.5994908859254054,3.6530225267400764,2.003456599874236,0.44703167297896085,0.3142318626724405,34.348297620084416,114.78960761042381,44.703109700081264
591804,2944,0.6402006970706342,0.5322648659706206,3.724512010511132,1.9474576795343315,0.4763588991139348,0.2995858389049989,30.496530403212994,111.58110581765798,47.63581624784146
593354,2952,0.5000517847894421,0.5455938016207492,4.703613321858687,1.5468958902270513,0.6251396852705955,0.18843089259873094,31.260222161366823,88.63060585614232,62.513844762467635
593355,2952,0.6288425050549447,0.609274077202286,4.5858561516982155,1.5858833212338688,0.555128388343284,0.19814058248447527,34.908833190418875,90.86442110689045,55.51275143943602
593356,2952,0.7774004372384397,0.6715606756541644,4.464943968481464,1.6106591803584434,0.4949520229711931,0.20668562408239943,38.4775924019376,92.28397326853927,49.495139266299034
593357,2952,0.951255994093704,0.7390300217842523,4.376403212363974,1.6422842191326312,0.4451304485803581,0.21500750670412538,42.34330118169894,94.09595451723781,44.512998532053786
593409,2952,0.9312566586984466,0.7867228907221984,4.465264394094865,1.2259420658767444,0.4840330576930345,0.1573060404617292,45.07590128471384,70.24130630228659,48.40325431278949
593410,2952,0.8284395622579056,0.7219890088919428,4.723257016340835,1.216014730874452,0.4993354307254585,0.14750946543093144,41.36692306434159,69.67251190484274,49.93348340114648
593411,2952,0.7371409191645686,0.6582063077503988,4.927652069289962,1.1823667483346334,0.5116042535547156,0.13747850584033672,37.712443482986856,67.74462451618125,51.16035664574309
593412,2952,0.6584382036298473,0.5923542906622346,5.216900932572151,1.1492955651960757,0.5154530847216486,0.12622395177465454,33.93940083141167,65.84978529883769,51.54523097092389
597026,2970,0.9349428493285727,0.7936195678590907,2.7418734512281966,2.0945916557454005,0.4863511317683851,0.437698031563326,45.47105177732214,120.0112616775305,48.63506167774358
597027,2970,0.8248870351041317,0.7245702710130513,2.751343174794645,2.0322675836518793,0.5032788275206499,0.4232127639620267,41.51481848969809,116.44035538450267,50.32782235040827
597028,2970,0.7281536766283515,0.6579779617024509,2.766026397621155,2.0248602549890737,0.5177390557855219,0.41943181162335297,37.69936021817095,116.01594671465762,51.77383518668606
597029,2970,0.6153150567568262,0.5890318070267208,2.7310490289058658,1.96994438843155,0.5484838315349287,0.4132825801539856,33.749036541595444,112.86949933260789,54.848294906325044
601045,2990,0.9215784990405328,0.9188293106629256,3.0964900238427653,2.004534120965901,0.5712485814009469,0.3709081694630267,52.64504159390041,114.85134502131255,57.1247967741359
601046,2990,0.7984231381054269,0.8502802627952589,3.18786317697792,1.99908873181504,0.610171067522832,0.35929818968719507,48.71747046144285,114.5393472051619,61.01703109458098
601047,2990,0.7123359472234434,0.7837269160065153,3.253730481742675,1.9609910107234327,0.6303801474939706,0.3453159653594078,44.904244577977295,112.35650857754625,63.03792713968532
601048,2990,0.6168324791640283,0.7131081225400648,3.3097288642241436,1.9287755061633667,0.6623854364969847,0.33389652243728146,40.85808575804364,110.51069613137001,66.23843733874027
601049,2990,0.5360649212288546,0.6456598023161932,3.3768863257675106,1.8905521621005836,0.690095164202707,0.32077081982410466,36.993581673968926,108.32065983769611,69.00938897433811
601050,2990,0.44859528211672084,0.5799309397460283,3.3893167107129165,1.8633329560114222,0.7407031647549595,0.3149930295821808,33.227595256503065,106.76111420709037,74.07015301089262
601450,2992,0.9857234097954297,0.7763959096198898,4.14343711445347,1.9650708717234835,0.45128489350158835,0.271731569738011,44.4842088524402,112.59026739384919,45.128444025924175
601451,2992,0.8503336833244979,0.7094417988350723,4.260741767066923,1.9870715144178535,0.4780243474123637,0.2672088977079159,40.64802088341881,113.85081136681191,47.80237908737287
601452,2992,0.7101928611630459,0.642413318549584,4.309240738167675,1.972484780119415,0.5182757156602634,0.262262100586252,36.80757185588448,113.01505305463267,51.82749931913903
601453,2992,0.58575127730617,0.5757087587153902,4.403428911894067,1.971212077148826,0.5631346070924778,0.2564867846152581,32.98568210310731,112.94213254584416,56.31336553193773
602801,2999,0.49783772425666295,0.5654433752945721,5.138162901560952,1.936484564817186,0.6507646312986823,0.21593786449746064,32.39751895801086,110.95239265625267,65.07633371908646
602802,2999,0.6727321464939111,0.6340694260173598,5.063703465063428,1.9490724512678064,0.5400292178452768,0.22053745045065914,36.32950202907731,111.67362542286313,54.00284231335422
602803,2999,0.8493357079541513,0.7015745081376642,4.972061585039653,1.9574230334446616,0.4732787928321262,0.22556453976749188,40.19725833025479,112.1520785380741,47.3278241171047
602859,2999,0.9419042470098455,0.6811177048743953,4.533171165406411,1.5585041929592283,0.4143220454786851,0.19698288274322812,39.02516984094003,89.29571261000625,41.43216100008848
602860,2999,0.8200117901867738,0.6106560795942817,4.616913812026478,1.5005965048217664,0.4266769830237565,0.18622363291293162,34.988016094757214,85.9778464783699,42.667646789738505
602861,2999,0.706761244748047,0.5456937806527247,4.698960567752284,1.448145066885448,0.44238348279412687,0.17657649831766808,31.26595053793882,82.97260045522648,44.238286312371976
604408,3007,0.5116942482390281,0.5765894515422765,4.919353124485008,1.9117705561342317,0.6456226848983547,0.22266420252697866,33.03614208513534,109.53638426386972,64.56214357828699
604409,3007,0.6940691918358112,0.6493708866156352,4.971627162394492,1.9759183253289203,0.5360590996306116,0.22771574934766944,37.20621114174422,113.21178070390468,53.60583350126884
604410,3007,0.8766526824557773,0.7224660081783119,4.96399637666324,2.036343809099592,0.47218531884414894,0.23504027160952007,41.394253110281284,116.67390589900042,47.218478560796335
604611,3008,0.6837248458967425,0.5720811132110656,4.146471041128742,1.8177392357470445,0.47940093216517593,0.25117451726882384,32.7778333261399,104.14878646364143,47.94002380171842
604612,3008,0.8352205086939608,0.6426122546079773,4.012622327645709,1.8488417434038067,0.4408293286424216,0.26399401680747037,36.81897005242339,105.93082888464723,44.08288061211134
604667,3008,0.9887512526330203,0.7175599851039437,3.9852130838925492,1.5072590171804237,0.4158089121873065,0.21670003154868478,41.113158693926195,86.35958031747471,41.58084958536678
604668,3008,0.8691447075890606,0.6501000504556725,4.011738626295132,1.4929400246164142,0.4285591156289244,0.21322217181045913,37.247989152351906,85.53916247667776,42.855862747886995
604669,3008,0.7284516599508919,0.5781578828725468,4.010159366789071,1.476547504623468,0.4547454271475427,0.2109640348839132,33.12600658081591,84.59994026549812,45.47448091280094
609492,3032,0.9495316449188209,0.6331979508131195,3.2054068615512272,2.0044193749479544,0.3820785751584629,0.35828453348011385,36.279570177924036,114.84477055876827,38.20781767963935
609493,3032,0.8183317556235503,0.5680855370179613,3.1330540323245053,1.9409346599537085,0.39774703904779435,0.35494875869903303,32.548903673552076,111.2073643260071,39.77465578626457
612505,3047,0.9428521713690463,0.8936868715337498,4.138286205822361,1.893050970155215,0.5430807390272332,0.26209842755278306,51.20448594513406,108.46383099303978,54.30801687900553
612506,3047,0.8220499671539337,0.8300709491462048,4.161205713585142,1.8465569058428084,0.5785483048993518,0.25425303232635116,47.55956208249592,105.79991733552906,57.85476081507988
612507,3047,0.70931371854845,0.7608139619865483,4.2538407397535245,1.8005108836436712,0.6145578079485645,0.2425141905139025,43.59142901645586,103.1616746001528,61.45569502020467
612508,3047,0.5921933045214306,0.6983950067280545,4.339850407468052,1.7668178899238716,0.6757098625955558,0.2332596714702154,40.01508631852826,101.2312082608475,67.57087329785384
612509,3047,0.4821520352699259,0.635013940864148,4.432666491553067,1.7524695461419122,0.7546088230968071,0.2265207831086734,36.38361874348572,100.40910871913844,75.46072736660658
612510,3047,0.40880022615832146,0.5669436968268575,4.547289160025273,1.7390293866992659,0.7946052417920598,0.21911745785574951,32.483481049723416,99.63904430709191,79.4603317484746
615866,3064,0.7142179942289459,0.5300914613079598,4.943259578842989,1.7557248570344672,0.4252483598709812,0.20350059001823545,30.372003488868476,100.59562429428482,42.524777042169504
615867,3064,0.8968947737601779,0.5945976304712206,4.911709720751369,1.7893325588155733,0.37984315832067245,0.20872814027182612,34.067934734480254,102.5212037654765,37.984273904706484
615923,3064,0.9697384255371686,0.7386312267293882,4.44945610878057,1.8177147761356438,0.43641099864956795,0.23406767535372966,42.32045190816454,104.14738503113963,43.64105531207204
615924,3064,0.8422457348000065,0.6715821862863411,4.583080955519208,1.796131163502606,0.4568598310878125,0.2245448768958477,38.47882487037598,102.91073512062133,45.68592940821892
615925,3064,0.7185069694014182,0.6114044840088085,4.665141267588444,1.7850868707896583,0.48755123489910274,0.21923868469280952,35.03089650907856,102.27794376046234,48.7550563124059
615926,3064,0.6301798543464703,0.5463813858327325,4.75585324479033,1.7742392870475636,0.4967684495154395,0.21375012547271555,31.305347412724604,101.65642299412558,49.676766910333775
618941,3079,0.9069478426646916,0.8272594248164028,4.8098075856576115,1.8314187113215241,0.5226152029043244,0.21816374271342284,47.39847360439992,104.93256268001142,52.26146324321803
618942,3079,0.7255913869857059,0.7574445328482864,4.8724122864855826,1.818473908883413,0.5981103845463592,0.21383839009032285,43.39837494746506,104.19088013367698,59.81095684831104
618943,3079,0.5393171670316018,0.6897043642376373,4.929357345028457,1.8122530465968811,0.7327255808923501,0.2106450060347211,39.517149182570286,103.83445097972661,73.27242358638132
618944,3079,0.37493776630496184,0.6220392198298783,4.968458787921132,1.7984830912236993,0.950563646562887,0.20739930598976763,35.64022198786245,103.0454906527598,95.05611366650193
618945,3079,0.26207548278217346,0.5571878606602615,5.053728196746697,1.7969982286130128,1.2181418595400961,0.203731601858919,31.92451281175638,102.96041429201068,121.81372579809324
619083,3080,0.60959484524838,0.5564542946870796,3.3964440368018054,2.119125793910494,0.5230110179408929,0.3574825981976977,31.88248257749865,121.4169642483812,52.30101685569743
619084,3080,0.7369025132217326,0.6224940236232647,3.2556904352019655,2.1536634428713435,0.4840026896610057,0.379015842707022,35.66628032573003,123.39582576814226,48.40020394230109
619085,3080,0.8667368316051803,0.685592416043102,3.1474879687433055,2.1461240581276684,0.45321197876737623,0.3906729800801337,39.281551905446975,122.96385084220435,45.32114611023539
619086,3080,0.9759350740620086,0.7517172418984057,3.010060614594741,2.131838534426383,0.44132264585394126,0.4057903340150553,43.07022534799342,122.1453506259866,44.13221981715253
619141,3080,0.918763162040758,0.9465934481285315,4.896635778918674,1.9517843833460882,0.5903132727015169,0.22837926385774765,54.23580949250067,111.82900768527482,59.031263661865246
619142,3080,0.7555439841065043,0.8825745643969566,4.937527276759622,1.919524071649366,0.6692899161397408,0.22274434467268273,50.5677976455427,109.98062797927611,66.92890391608302
619143,3080,0.6311628610206593,0.8174587696067163,4.997822348021136,1.8997888408992982,0.7420737114761128,0.2177946208409837,46.836937424421976,108.84988254958043,74.20725475105885
619144,3080,0.48981975073058426,0.7534376363144638,5.073695326605777,1.879057536188251,0.8813200313262898,0.21219655328745454,43.168796687131426,107.66206628583774,88.13182500484862
619145,3080,0.3744397674173283,0.6853706737163937,5.149943128394682,1.8601793519163148,1.0487359883835328,0.20695456850307736,39.26884700598718,106.58042600218555,104.87332155854861
619146,3080,0.27211158212151093,0.6208950189794548,5.175435218234076,1.847177504342191,1.307355700316218,0.2044957966683475,35.5746641082179,105.83547501031583,130.73509438946914
619147,3080,0.20806706184538423,0.5566362188058646,5.240167968969739,1.838930355284345,1.5328185175497857,0.20106788293645733,31.892906061696664,105.36294817628597,153.28112243096848
621294,3091,0.5060549186989762,0.5369019670169773,3.734724316330585,2.0083330983627534,0.6078829585047606,0.3081057672218463,30.76221672234493,115.0690103926178,60.788176929995785
621295,3091,0.6703915208868216,0.6046261714743995,3.6349634912334627,1.999579236342139,0.5167506779629172,0.3151818470956317,34.642527808636295,114.56745104439672,51.67499148530147
621296,3091,0.8369003532212558,0.6743490720290057,3.523233714281392,1.9766871691328025,0.4616721110875037,0.32145421244249667,38.63735574582558,113.25583220897192,46.1671564959351
621349,3091,0.9427925407365346,0.7740056036500687,3.2627847190665396,1.9422860021583213,0.4703818923259339,0.3410730396634139,44.34725440862452,111.2847905310093,47.038139839162774
621350,3091,0.8471891564035307,0.70525521814278,3.25760859646888,1.921717878085389,0.476967235672988,0.3379973997197896,40.4081474791595,110.10632382912887,47.696667830394894
621351,3091,0.7538459026695139,0.6377278806704079,3.2375141720823435,1.896311377625422,0.48470271478749416,0.33559895793473354,36.53911604023696,108.65063858057556,48.470207824486735
621352,3091,0.6443013826045427,0.5661080814717443,3.1873328324604757,1.884918572079275,0.5034228419941865,0.338834644023555,32.4356038165791,107.99787890596811,50.34220684620267
623158,3100,0.8626511309071705,0.7275453092868697,4.15424556046285,1.9196244193212966,0.48322286553566973,0.2647565619600756,41.68527562667777,109.9863774773617,48.32223109776738
623159,3100,0.70715165778093,0.6575435039969894,4.2846709346371865,1.895913146166201,0.5327636112843379,0.2535266371730471,37.67446762527107,108.62782159869288,53.276286542561934
623160,3100,0.5794004786776593,0.5914078186406039,4.326295705583886,1.8607021220570843,0.5848316085559349,0.24642415945096513,33.88517197914502,106.61037852490709,58.48306092776903
626172,3115,0.9769396582517654,0.7271288727823495,3.9136402247543813,1.9322720492797343,0.4264481925182415,0.2828850549717726,41.661415572533585,110.7110332948234,42.64477603694645
626173,3115,0.7964854965623338,0.6594422361734378,4.014035523179436,1.91298174450037,0.47437469551054906,0.2730563278263466,37.783256965407254,109.60578024544479,47.43741058822872
626174,3115,0.6484245247988629,0.591065215377501,4.028929569679928,1.8593153593335416,0.5222742268477963,0.26441495381541325,33.86554225812181,106.53092287366204,52.22734294524675
628529,3127,0.48871656353094717,0.5873216546930977,4.822310788203336,1.9334852958955304,0.6885596653174174,0.22972502570073028,33.651052030554396,110.78054720541705,68.85582704952961
628530,3127,0.6726721774486122,0.6590074462202227,4.753835462438661,1.9828701094618806,0.5613186636915598,0.23898616023521885,37.75834533611334,113.61008859480933,56.13178375764481
628531,3127,0.8561388936039396,0.7237848498271942,4.643730158229469,2.0317437923600736,0.4843818800435305,0.2506828349988317,41.469817170608316,116.4103443541365,48.43813199270532
631143,3140,0.8685850359015685,0.5748603347900375,3.905630767498759,1.959703471527407,0.3792037538334414,0.28748938241306143,32.93707099294668,112.28273801565632,37.92033216232736
631198,3140,0.9332491587396483,0.809712334938445,3.663069460775633,1.8583216915498477,0.4971137501714577,0.29066877042021544,46.39309941165621,106.47398990341826,49.71132228288068
631199,3140,0.8311933539768414,0.7405683637623568,3.676860947697718,1.8460185794505972,0.5104882151787049,0.2876613359116049,42.43144168449214,105.76907350525487,51.048760715805294
631200,3140,0.7021062709284781,0.6777599252307782,3.6769755556587262,1.8430275220865098,0.5530898140873011,0.287186293888503,38.83278323882583,105.59769854201113,55.30890342080168
631201,3140,0.6146635451958069,0.6110572365595831,3.6626232273497505,1.8491489787980693,0.5695961701298229,0.28926926224800315,35.01100069579126,105.94843217605552,56.95952527185083
631202,3140,0.53224843067838,0.5454456755739323,3.683582672128373,1.8549961444937928,0.5871644287809693,0.2885328205287457,31.25173516404826,106.28345009253415,58.71633366374159
636169,3165,0.7340411841866414,0.5567139400868159,3.3821519665306323,1.98747333867178,0.4345445380407782,0.33669047101034827,31.897359163073524,113.8738342006679,43.45439519721544
636170,3165,0.8915813901952747,0.6224919802465781,3.3210817980913427,2.0387890662780297,0.4000326076907651,0.3517348128267972,35.666163248869935,116.81400881514897,40.00321635004289
636227,3165,0.9048014505324486,0.8156038044586152,3.289274040877247,1.6266033005744243,0.5164741414408454,0.28333760770133604,46.73065575029193,93.19750406496418,51.647357633472765
636228,3165,0.7824847689991742,0.74690502879092,3.216207209387262,1.592319008900695,0.5469052816791229,0.2836669176616218,42.79450584681696,91.233158848464,54.690458973525594
636229,3165,0.6479545164919047,0.6752070280664882,3.1516031816950973,1.5524445204544444,0.5970559880989494,0.28223260842177755,38.6865130057811,88.94851895025066,59.70550758674563
636230,3165,0.4982724760028441,0.6081176316189418,3.03704032976135,1.5221563628390777,0.6992674634468545,0.28716488947432395,34.84257373925671,87.21313534966313,69.92660740997948
636231,3165,0.3603638439982613,0.543134342216078,2.96381388961523,1.5014844386571586,0.8635523561068795,0.2902635734004528,31.119305517595407,86.02872133962474,86.35499837421864
636567,3167,0.21388856625305014,0.6074516855543188,3.50085917635532,1.910964995184052,1.6272219138619912,0.3127524507355925,34.80441784037047,109.49022902128387,162.7214382172985
636568,3167,0.3458367509790816,0.6747087741147777,3.5903462330162133,1.9635922987263918,1.1178096003380233,0.31335571498223824,38.65796515722237,112.50555140141383,111.78064004805722
636569,3167,0.4928722243996049,0.7430955567732364,3.6685596151379207,2.0266832999209323,0.863839271244301,0.31652858713111487,42.5762391780305,116.12039949511583,86.38375361107288
636570,3167,0.6706095337925586,0.8168961997358719,3.7258788077876033,2.06176429182248,0.6979427146300738,0.3170537691892836,46.80470454514138,118.13039227220715,69.79416842804854
636571,3167,0.8516955225205988,0.8898115460921706,3.7382928335944916,2.095834449402582,0.5985994314448146,0.32122274399837913,50.9824461530919,120.08246850889262,59.85987356412959
636628,3167,0.8871709615329395,0.6221804257952079,4.286503320748508,1.272083674018067,0.40182009598579765,0.17003375498603354,35.64831249371791,72.88502570873085,40.18196475925748
636629,3167,0.7444358934521693,0.5551272906785318,4.296104434447022,1.209347981858277,0.4272557341863283,0.1612868965807039,31.80645084841192,69.29053532314292,42.72551659942081
639932,3183,0.9985295159230623,0.7106256632909921,4.409838435732619,0.30280569654638123,0.4077581109343757,0.03934268485825325,40.71585132025856,17.349488424626774,40.77577066597708
639933,3183,0.8484420655235106,0.7017010589256857,4.420329210310026,0.3028674500373114,0.47386274580377513,0.03925731721360381,40.20450915630247,17.35302663902727,47.38621928802645
639934,3183,0.6901737441021281,0.6864136766607384,4.350842390003263,0.3203590403503682,0.5698363120730641,0.042187740334891415,39.32860667271785,18.35522094093734,56.983549468883815
639935,3183,0.5406595987923377,0.6779692310394745,4.320570649235942,0.3348392693337763,0.7184700862906814,0.04440357179915285,38.844775578291696,19.184876948069633,71.84687707049201
639936,3183,0.4094309500467355,0.6732133329992569,4.306931499679607,0.3519089411688232,0.942094918478802,0.04681499359016061,38.57228269279269,20.162897101891154,94.20926405081424
639937,3183,0.32360577056256223,0.6606315446977421,4.31758545886336,0.3694923529376233,1.169676241833111,0.04903285074112807,37.85139932438882,21.17035238568406,116.96726634794278
639938,3183,0.2616385830684226,0.6499117708755558,4.3947632640726,0.37202303822197136,1.4232304603971255,0.04850170223617133,37.23720152704273,21.31534997175307,142.32250751334004
639939,3183,0.22638620382725966,0.6441397020418889,4.488935833107954,0.38023383051176163,1.6302444269850949,0.04853220112260064,36.906486343814606,21.78579371641661,163.02372978631504
639940,3183,0.18336653664760388,0.6146733047412614,4.571855385711164,0.3767684924984507,1.9206440206738322,0.04721768867387743,35.21818614103297,21.587244473667642,192.06336511306992
639941,3183,0.1651225266421991,0.5471124309489931,4.6494962982448165,0.37409037913334675,1.8984224594638897,0.04609918679316225,31.347233212519985,21.433799880789607,189.84110774502355
641250,3190,0.8814908615688952,0.8976844652356211,2.946058767989985,1.8952438103159785,0.5834834239510265,0.3685923454435826,51.433531192459355,108.58947147939833,58.34827686431162
641251,3190,0.7289391615276994,0.83013462448955,2.869037446424544,1.8289769489357273,0.6524990324123535,0.36525371868559126,47.56321041092865,104.79266000073146,65.24981462298159
641252,3190,0.5913345441221238,0.763980496864814,2.779479079229867,1.7703488856243603,0.7402384622296465,0.3649371560484355,43.77285810066146,101.43351941196434,74.02372229398982
641253,3190,0.45059410473227635,0.701442923308624,2.721180874444902,1.7131728490687559,0.891927296892944,0.3607168284517249,40.18971907490283,98.1575738280425,89.19253372444378
641254,3190,0.3058375036336304,0.6327366437018995,2.6485450946688647,1.6563409743543933,1.1853725462475546,0.3583150126376962,36.25313922739176,94.90134726509326,118.53687091936624
641255,3190,0.20520248010592063,0.564687240184941,2.6194148884404536,1.5986965300566642,1.5766960523133455,0.3496909326926114,32.35419560748734,91.59856389445642,157.66884455754337
641452,3191,0.9150290521945073,0.6132460576412058,3.3490789887153385,1.873464124841231,0.38399229442625693,0.32051076568736564,35.1364109058775,107.3415874225729,38.399187897282935
641453,3191,0.7729159298042675,0.5411822497549902,3.2667963052398528,1.8449438201749087,0.4011750471365369,0.3235815279992569,31.00745885835577,105.70749433476537,40.11745332866244
643603,3202,0.6403515807561422,0.5821687931578456,5.1756016753019045,1.68768737707608,0.5208984453803234,0.1868330867086862,33.35581481216915,96.69736384396332,52.089764005919804
643604,3202,0.8124839808172779,0.6510671387595561,5.185074178503829,1.721190169357822,0.4591278062360023,0.19019386966971605,37.3033992305809,98.6169324436106,45.91272467960878
643605,3202,0.9899734547184096,0.7227723527916603,5.111276356554908,1.731815839646147,0.41831227643542945,0.19413103770890222,41.41180536370272,99.22573850562917,41.83118581123588
643661,3202,0.9394385118287462,0.6440541883590233,3.3275085634456167,1.6534908380785,0.3928047010342069,0.28471165256036207,36.901586770695786,94.73804648544744,39.2804287088818
643662,3202,0.7313408154894276,0.5731457819798534,3.228544347056525,1.6584378262048993,0.4490223054510111,0.2943168112858851,32.83883435317083,95.02148802639145,44.902169762020876
645411,3211,0.20196809121206066,0.5268742702086108,4.100443862865645,1.9539599823211424,1.4946752400911338,0.27302814962375827,30.18767201698872,111.95366032445841,149.4667913581524
645412,3211,0.3068645178195454,0.5940304328030914,4.163283431399608,2.010140158531697,1.1091355831770056,0.27663873703229264,34.03543670194679,115.17254731362445,110.91320049182455
645413,3211,0.4544646358886872,0.6667999070564489,4.169477727899271,2.077092860022249,0.8406555009211356,0.2854282047228128,38.20482045405008,119.00865453603234,84.06536696518818
645414,3211,0.6302979262176512,0.7399233345983738,4.10488620868595,2.143174505700073,0.6726102339813725,0.2991431367273305,42.39448423573306,122.79485393665058,67.26091775237077
645415,3211,0.8056104152390372,0.8104755158478153,4.023541148384996,2.205232207164184,0.5764178938348464,0.31402809948523713,46.43682645676808,126.35049831682697,57.641718548625036
645416,3211,0.958308717997774,0.8825093610889824,3.900129603295278,2.250367723489351,0.5276385395845309,0.3305956101275886,50.564061771185486,128.93657290840287,52.76379944975466
645472,3211,0.8536295827236204,0.7334160604822199,5.044083673150133,1.8927839270645732,0.4922702452086623,0.21500144994277645,42.02164489274272,108.44853055099787,49.22696742971315
645473,3211,0.7062853978347722,0.6681299078180648,5.165086035627806,1.8366579729255865,0.5420050231788915,0.20373861989534056,38.28102388443986,105.23275025768913,54.20042634517121
645474,3211,0.5783458661268517,0.600724096879778,5.309281333568236,1.7821685148153934,0.5951275322220846,0.1923249639119597,34.41895540301927,102.11073428002017,59.51265134973514
645475,3211,0.46078284290436233,0.5350621802520094,5.4775358702985395,1.7325453082181093,0.6653199986126916,0.18122662479151067,30.65680470550824,99.26753397609005,66.53185691641362
647022,3219,0.5528203882822621,0.5451077053899038,3.7805210535002165,1.8806875624860808,0.5649641546503746,0.2850280638654417,31.232370898902165,107.75545991319872,56.49631429049448
647023,3219,0.6906624019377606,0.6181804723477609,3.6123610007029563,1.886509076332219,0.512828430079994,0.29921983923175377,35.41913204293039,108.08900808695941,51.282769498943566
647024,3219,0.8288668457926202,0.685696635534344,3.413783555130773,1.9266970010495599,0.4739907618198665,0.3233702560649117,39.28752324243814,110.39160656065252,47.39901956851604
647079,3219,0.9968432936323374,0.6027076028164873,3.6370525263380813,2.128610900057091,0.3464195605869104,0.3353276302178716,34.53260192183185,121.96042079881481,34.64192165458529
647080,3219,0.8784727186624973,0.5336911342567775,3.6339519835640504,2.0698023839119983,0.34808422115754806,0.32634151808913764,30.57824955646314,118.59094102427403,34.80838288824331
647220,3220,0.3979697418885457,0.7763562946703454,3.405111502700834,1.8491483410308245,1.1177216075327043,0.31114515703671897,44.48193908302568,105.94839563468408,111.77188270660142
647221,3220,0.5680386468860377,0.8408571591621326,3.5146801975480852,1.9068833404428855,0.848138868883635,0.31085720742543743,48.17756639335032,109.25636743118547,84.81373907166005
647222,3220,0.7498750359800836,0.9078900731313856,3.621113917166516,1.9504168786172937,0.6936924989184617,0.30860850468544754,52.018269452252056,111.7506554358507,69.36915830929905
647223,3220,0.9350635863081106,0.9712766278362444,3.7239012833407545,1.9788575144444795,0.595147236342398,0.30446613619477103,55.65005151471557,113.38018383541701,59.51466062300265
647278,3220,0.9064232846176141,0.8155890446149556,3.4673642480907882,1.7915653050112228,0.5155407010281825,0.2960436892653791,46.72981007354396,102.6491306992111,51.55401379526971
647279,3220,0.8150637853530815,0.7492147737908319,3.578986246866424,1.7841188346352834,0.5266685225353147,0.2856185300468332,42.926844487063356,102.22247937440058,52.66678828293101
647280,3220,0.7029368549403645,0.6794482496610114,3.6177489778344927,1.7298378489417003,0.5538124267594033,0.2739615388453881,38.92951710312702,99.11240798634827,55.38116467839067
647281,3220,0.6168846341522642,0.6162093408971424,3.6793119380613124,1.6974392471716548,0.5723305785713465,0.26433231597566864,35.306194529944456,97.25610484279959,57.232966007488386
647282,3220,0.5555185745501312,0.5480098426643506,3.7294836428176152,1.6683086346422735,0.5652133338027341,0.2563010126563213,31.398651116295564,95.58704369023512,56.521232652733616
648027,3224,0.6320233963783677,0.5703904209903853,4.346305945970751,2.1641069004941937,0.5170847071109025,0.2852863858861982,32.68096379743932,123.99419181345532,51.70838971518835
648028,3224,0.7877156251976659,0.6352328057071543,4.235730787802771,2.2184234026620633,0.4620469259333755,0.300081152965439,36.396158775273776,127.10629814558742,46.20463452341214
648029,3224,0.9287501786184758,0.7057261546279715,4.0886651346078775,2.2071936213710783,0.43537143408096973,0.3093011401032388,40.435130152179696,126.46287907275901,43.53709699978766
648085,3224,0.9019566153462565,0.5567297587620103,3.54563520616043,1.797533434185576,0.35365631350791477,0.29047285756604013,31.89826550639965,102.99107931249044,35.36559253303059
650896,3238,0.9254597331724608,0.7489075372372314,3.724349711140712,2.1521563527187135,0.4636532431128525,0.33108994883886206,42.9092411292299,123.30947586305084,46.36527471256169
650897,3238,0.8136693231003186,0.6823127785948813,3.727623269827378,2.089507230881114,0.48046105378425213,0.32116964780062107,39.09364252133087,119.7199455915555,48.04604692029668
650898,3238,0.7087679930198878,0.6120868518397996,3.72666310240993,2.022657875135902,0.494802151852865,0.3109746069030735,35.06999330586984,115.88975964418624,49.48014607191739
650899,3238,0.5948292799189379,0.5467261879759682,3.735423396658715,1.9681089585421732,0.5266234136615565,0.3018783272207971,31.325103120299072,112.76433694635443,52.662253718099194
655664,3262,0.5124598723121355,0.5623116877961535,4.193930108999327,2.158987072777962,0.628694803117755,0.29495209453560517,32.218086481597595,123.70084729348113,62.869358857067695
655665,3262,0.6988841379553876,0.6239799051825939,4.142301954387037,2.2102422521308314,0.5115499496236687,0.3057178202780444,35.751415067935916,126.63755274858663,51.15492249917905
655666,3262,0.8799269908270039,0.6895321091572236,4.060451539821533,2.248728910579055,0.44898360496190914,0.31731120114188854,39.5072796934629,128.84267584523135,44.898309981401795
655720,3262,0.9510405680567212,0.8040151207129206,4.684331612215729,1.3487914157910676,0.4843817829064734,0.16497562897083923,46.06667308155176,77.28005556830315,48.43812786824928
655721,3262,0.8068334687887934,0.7280214367049108,4.754296731946221,1.3254344907924516,0.5169908886386354,0.1597329877907269,41.71255571824199,75.94180234347884,51.69902542817759
655722,3262,0.7002462292738199,0.6585770346939634,4.955159174211437,1.3261512301252014,0.5388630806691096,0.15334092338417646,37.7336845722049,75.98286848225644,53.88623188318219
655723,3262,0.6160117813249661,0.5919884434216499,5.198096361708829,1.332103371178862,0.5506134753626265,0.14683048482728864,33.918439328579666,76.32390104369773,55.061259046647315
655724,3262,0.5091637759436811,0.5288210150787833,5.440360049110416,1.343229037022776,0.5950779124183385,0.14146371546116243,30.29921228183835,76.96135474082686,59.50767553722089
657473,3271,0.6833709127741225,0.5241030164619954,3.5612143260989835,1.9744246211402618,0.43942301131933614,0.317661862166864,30.028890873347844,113.12619775805354,43.9422374727792
657474,3271,0.867856908121425,0.6026246473746906,3.6429378593311794,1.986287015621373,0.3978518601876069,0.3124013282105043,34.527848925129256,113.80586289674049,39.78514063421813
661492,3291,0.5233042002911275,0.5791422005633439,5.083571353100332,1.8967512138813039,0.6340939586887413,0.2137785261175836,33.18240383019865,108.67583934171444,63.409275909619225
661493,3291,0.7052972351521227,0.6463219184727921,5.101448291541863,1.9549853751467587,0.5250483876099968,0.21956982485121837,37.03151813528947,112.01241100570923,52.50476506197736
661494,3291,0.8858924121636271,0.7169977871087295,5.065755696687707,2.0171085048983617,0.46372387994037867,0.22814326399128199,41.080947121549706,115.57180415061967,46.372336172155585
662496,3296,0.2309679640259102,0.5846570182531078,2.9322411487899265,1.8927103621933687,1.4503473804055769,0.3698342316397677,33.498379608606214,108.44431559435743,145.03411637958575
662497,3296,0.41075485439923265,0.6579805944930052,3.095845243395906,1.950039032975841,0.9178104590702076,0.36089984262853536,37.699511065958056,111.72900647528806,91.78082469718413
662498,3296,0.590927360234571,0.726943570177496,3.222651711725497,1.9984232440886336,0.704837863556891,0.35530124709167743,41.6507985153427,114.50121756712105,70.48366827208847
662499,3296,0.7739785517251871,0.7961491994458816,3.3250743328097117,2.0305818613574798,0.5893701873252257,0.34989825374337685,45.61598899096823,116.34377061160245,58.93694334597209
662500,3296,0.9583853821226971,0.8639912967675759,3.429550249189549,2.0479379350958267,0.5165255569179157,0.34213873982840026,49.50305484081711,117.33820038572757,51.652502335409324
662555,3296,0.9433120361529469,0.7173925951754534,4.102260016934475,1.8424899355557205,0.435736701604956,0.2573383852060727,41.103567957490704,105.56689710267382,43.57362443025355
662556,3296,0.822780471468096,0.6497742254834409,4.191067713381688,1.8182490719940545,0.45248181738772403,0.24857149730040337,37.229320756583064,104.1779979288379,45.24812729454696
662557,3296,0.6875709072839301,0.586575530729393,4.24085229604614,1.806796303223126,0.4887976124586739,0.24410612571188695,33.60830227644054,103.52180261452446,48.87969086637236
663102,3299,0.7849682899396506,0.5642631979692636,4.325849020730386,1.846872583232996,0.4118624889779525,0.244617885566404,32.32989977819365,105.81800431767452,41.18619695386963
663103,3299,0.9680161294595555,0.6355343243705863,4.297472735736516,1.8769828864621432,0.37616557243004767,0.2502475384381586,36.41343452213285,107.54319761256379,37.61651877220653
663157,3299,0.9449417036747689,0.6395092805528694,3.5540560261526504,1.3438441367228617,0.38776130003440945,0.21664429759799786,36.64118273512711,76.99659735762154,38.77608937836542
663158,3299,0.7918677527555382,0.5727335856262042,3.5906954710088357,1.284870979633772,0.41440274229103347,0.20502346896643875,32.815217241776054,73.61768435185469,41.440222420174976
663561,3301,0.9759425856928043,0.668586508211877,5.417136072773717,1.8209517285741148,0.39251473733181735,0.19259779918788275,38.30718515992931,104.33284874434861,39.251433916373095
663562,3301,0.7916472632319405,0.5949834953780184,5.490763187646551,1.7856294773219972,0.430621620484179,0.18632934829269862,34.09004316510198,102.30903282470157,43.06210819679918
663563,3301,0.619811997004657,0.5260568750605921,5.613021951303705,1.762330675225713,0.4862900102641335,0.17989259705910943,30.140838724812777,100.97410979687395,48.6289233534519
666574,3316,0.9693557032325189,0.7275856064128036,4.201821304129122,2.004113034410801,0.4300545600840825,0.27327963269826705,41.68758448192029,114.82721853889562,43.00541208711353
666575,3316,0.8407987669915782,0.6610000243484534,4.265984079771298,1.9486291394613455,0.45043490416007564,0.26171739785679826,37.872511653211035,111.6482255273446,45.04343737953293
666576,3316,0.7138037193770971,0.5960084405106781,4.351668358054982,1.884368174722844,0.47840557270884365,0.24810333492541847,34.148768195435856,107.96634346038945,47.840490919191225
666577,3316,0.6096567649512931,0.5317539328033729,4.451315724515752,1.8318964027173008,0.4997444027674514,0.23579529883048717,30.467256089116447,104.95993238089913,49.97435912515695
667322,3320,0.5294208938112425,0.5473659001048793,3.4292530556578473,2.1306302764151446,0.5923784969505208,0.3559845838264532,31.36175592538901,122.07612254137976,59.23773892239254
667323,3320,0.6763090116660998,0.6163395777018804,3.4552019868876425,2.1316123001048193,0.5221526760384975,0.3534739458480104,35.31365654919321,122.13238835418,52.21519116979725
667324,3320,0.8600496856870457,0.6873941841257027,3.487975081131762,2.1252925372110676,0.4579361612444857,0.34911457057835005,39.38478561224138,121.77029261284464,45.793563411648364
667380,3320,0.8977247717257361,0.8565857481378808,4.343587536528443,1.7336117516401393,0.5467014964765754,0.22867879516472275,49.078748159356685,99.32863668326185,54.67008935814613
667381,3320,0.7652579926413469,0.7937187765621403,4.477811101528117,1.7113849282637497,0.594266716066103,0.21898005759860936,45.476736017297846,98.055133511812,59.42659472753348
667382,3320,0.6366654290732124,0.7248290789068311,4.6079449782743325,1.6974747838284894,0.6522993795637886,0.21106619369533144,41.52964708971635,97.2581409432542,65.22983652549506
667383,3320,0.5446624676888925,0.6565380699129701,4.785372403528021,1.691869836223486,0.6906453452658192,0.20256939841726684,37.61686049567817,96.93700110109556,69.06440899238835
667384,3320,0.42909016142264905,0.5934603962187825,4.943772011842796,1.6589047047389158,0.7924389388543109,0.19225853816881006,34.002776011497836,95.04823819593585,79.24371105375802
667412,3320,0.8579517973351449,0.5543955795559168,3.25391990772139,1.971661901569457,0.3702367267915202,0.34717481819827894,31.764526889263298,112.96790558666822,37.02362995717935
668529,3326,0.9563118815019568,0.5681581502395285,3.7953837155772585,2.0582227013326526,0.3404021678906219,0.3107129149805273,32.55306410468473,117.92747408437636,34.04018154974327
668585,3326,0.8402346642708749,0.6911573545421936,3.2761125105523656,1.9052579585139982,0.471301656636089,0.3332096783054266,39.60039939469479,109.16323990656339,47.1301101329215
668586,3326,0.6991268083398468,0.622838825668554,3.25463343501176,1.863486985135339,0.510437235299212,0.32805519033012676,35.68603602769259,106.76993942581291,51.043651249451614
668587,3326,0.577218725536044,0.5532119737593116,3.282883638266079,1.8241145710154254,0.5491282475970728,0.31836055573490024,31.696711272510605,104.51406626750057,54.91273057772751
669532,3331,0.6093077281228941,0.5804666731923722,4.1340128068241935,2.1211139495234157,0.5458373239175006,0.2939779883589683,33.258290521922575,121.53087717401685,54.58364370453358
669533,3331,0.7664015092545033,0.6447544614278896,4.173197256493082,2.178652681222076,0.4820150865303943,0.29911742888632664,36.94170946204851,124.8276036588857,48.20144638876838
669534,3331,0.9304905288285314,0.7105855025915382,4.1628394066124015,2.2288846621970606,0.4375493203072767,0.30677542750197406,40.71355028167756,127.70568416533376,43.754885477501375
670996,3338,0.9664680523752573,0.5953374332797992,4.298585048762587,2.1822156585993966,0.3529379152918089,0.2908672168071487,34.11032231308373,125.03174722510676,35.29375537607953
670997,3338,0.7807658092447216,0.5264245758139506,4.354936523059051,2.1359825719721255,0.38631181953228055,0.281020826729559,30.161906426104004,122.38278648750139,38.631132969498616
671344,3340,0.8312283433998195,0.5652055529140013,3.7693572480053383,1.9708148830214007,0.3895908098764505,0.2995719621929649,32.383892739330406,112.9193749986953,38.95903458710531
671401,3340,0.9643397043979886,0.5803256723765675,4.788829374022253,1.7733309423302517,0.3447977022394673,0.2121695523638402,33.25021177026906,101.6043786754806,34.47973482673456
672404,3345,0.9958356532417558,0.5333110492684082,5.311683204547098,1.8601601210169898,0.3068425184864584,0.20065075390966342,30.5564722907733,106.57932415281797,30.68422134423607
674556,3356,0.3297738234721328,0.6288241136244475,3.2137441851495603,1.8855738964266093,1.0925356747499606,0.33616684983309575,36.02896776673577,108.03542622528254,109.25323949049238
674557,3356,0.44384122072063703,0.6967141586277487,3.324166054701989,1.9477629749181968,0.8993932526629972,0.335719081966692,39.91878081637815,111.5985979546583,89.9391246546232
674558,3356,0.6249507048047043,0.7632553060113617,3.4079839848779105,1.999340672684513,0.6997561037926503,0.33613356907145153,43.73130772541716,114.55378235366956,69.97549952933255
674559,3356,0.8066969308443513,0.8320158545622598,3.4604201621505424,2.044520103264887,0.5909405941776829,0.33852066286484794,47.67099695438801,117.14237304672928,59.09398689605156
674560,3356,0.9881025486735845,0.8973091401696448,3.5270897331240905,2.0518426150904054,0.52031063171467,0.3333114001393018,51.41202665023345,117.56192206976611,52.031011040541436
675620,3361,0.9772254622984748,0.6743699046025421,4.172032015901916,1.8327925268204854,0.3953903214729569,0.2517029492055015,38.63854936436561,105.01127650993155,39.53899209144033
675621,3361,0.8161814354006564,0.6095733227798749,4.1379696472362,1.794169938523532,0.4279192928958072,0.24842706380622673,34.92597869905267,102.79836520664475,42.79187738450636
675622,3361,0.6501376455599974,0.5441630766719886,4.102659890331875,1.7614919983327249,0.4795637876612965,0.24600151999527528,31.17824766015877,100.92605715053058,47.95630574045227
676425,3365,0.9629312152339057,0.6203380270552066,4.415529233296146,1.8044401006689883,0.3691099622727669,0.2341436245937243,35.54275082173561,103.38680215249443,36.910958278721544
676426,3365,0.8080778234130459,0.551709211004994,4.3799442050455735,1.7922319630405186,0.3911827302026872,0.23444893895663416,31.61060930907875,102.68732739066826,39.11822509537677
677229,3369,0.9988927428978938,0.6780509702476819,4.422288208809517,2.0073256025641384,0.388925225227997,0.260071889132638,38.849458889942724,115.01128513548,38.89248397656035
677230,3369,0.8586723549240369,0.6110278546748444,4.46346321769456,1.9474597205401847,0.40771449819394995,0.24998799601696858,35.009317237801596,111.58122275867935,40.7714028123054
677231,3369,0.7038295451652272,0.5389947225172538,4.4769383169347075,1.8870580061292648,0.43877274765498936,0.24150535824246558,30.88212278006356,108.12045944757911,43.87721304822576
680385,3385,0.32752252670269,0.8038386298520028,3.214259352607311,1.9236904947104776,1.4062104355861957,0.3429074446155992,46.056560900098546,110.21934643634378,140.6206185056943
680386,3385,0.43968525588826246,0.8753635801593184,3.2887527030763084,1.9921054195249237,1.1406940958384653,0.3470593347748248,50.15463868259067,114.13923288391639,114.06915274453446
680387,3385,0.586487281553357,0.9420283720890354,3.3266791482554585,2.039762408602755,0.920297006936438,0.35131063641155214,53.97424990228125,116.86977722237717,92.02954534628809
680388,3385,0.754086076595059,1.0070671293294655,3.358968645587802,2.069672157392088,0.7651738604205125,0.3530353860165778,57.70069619693382,118.58347959430249,76.51728558652756
680389,3385,0.9243720294826128,1.0703533359214195,3.364181391329704,2.085782539235818,0.6634420570571502,0.35523214186089086,61.32672873604579,119.5065364802924,66.34413465132296
680446,3385,0.9771712474261735,0.694754760971327,3.9340266793419967,1.8592523431841106,0.4073647817387302,0.270784416900019,39.806515600277365,106.52731231425847,40.7364369026299
680447,3385,0.8058249686133161,0.626989101903719,3.90648842396904,1.818769562091382,0.4458018836993564,0.2667557361966043,35.92382933978099,104.20781981469311,44.58013360080656
680448,3385,0.6368098910243265,0.5617457530328924,3.8905893649032315,1.7852603793927986,0.5054202322610165,0.26291102764777285,32.185660808183,102.28788507113148,50.54194465237796
688027,3423,0.7281905206873517,0.5559501984644211,3.7291596809446275,2.0667603651569615,0.43743496583791963,0.317542438517603,31.853599991471828,118.41664618841078,43.743437113089016
688028,3423,0.8627688512860308,0.6151413526736111,3.6195162622367794,2.0458478486717895,0.40851037738694873,0.3238511404242819,35.24500331216644,117.21844725481266,40.85099086347397
689176,3428,0.9822308303839768,0.5794592923400848,4.8590404211747,1.466782112242543,0.3380119060173811,0.17295683311790158,33.20057185072421,84.04042449678191,33.80115653322429
690237,3434,0.8315651619503297,0.5763402526115053,4.469348103563004,1.9367747734458014,0.39710494320841294,0.24828905148179456,33.02186403814298,110.9690203858506,39.710447044519604
690293,3434,0.9138530760981456,0.6416768641433449,3.8526878458828926,1.9008304974357988,0.4023116700691938,0.28268463251317855,36.76537612660317,108.90956507282412,40.23112342353296
690294,3434,0.7936997234222922,0.5722920833426709,3.9301633685201676,1.887648156793027,0.41312752976367895,0.2751902711754774,32.789921024284205,108.15427258988953,41.312701446081675
692703,3446,0.9547225276897235,0.7799402506853089,3.630947414060387,1.9324880522016983,0.46806567219812073,0.3049435764806408,44.68728463664361,110.72340935061443,46.806518683769745
692704,3446,0.8412316390656785,0.7124645349465026,3.702391023385913,1.8807260355777822,0.4852552914589459,0.2910488473186243,40.82121090518555,107.75766425897802,48.52547203889276
692705,3446,0.748026715303292,0.6391356491232392,3.7748729506247836,1.8370903277366444,0.4895516963818124,0.2788372574694371,36.61977523111586,105.25752236361492,48.95510484697504
692706,3446,0.6796706932218397,0.5794620586761322,3.8231003132516164,1.8060885313219033,0.48848258712231063,0.2706736457904766,33.20073035010444,103.48125027172645,48.84818756056091
696322,3464,0.9441230964680867,0.8221518153383625,3.8802663686073346,2.033185403215507,0.49893736118934257,0.3002189313963118,47.105829137907186,116.49294257185305,49.89368380081321
696323,3464,0.7954503282519623,0.7626623171563367,3.883277411724291,1.9889196368969966,0.5493407930751877,0.2934549572672299,43.697331966725926,113.95670098489006,54.934010937856684
696324,3464,0.6746823580476945,0.6994375711496781,3.990594519828444,1.9562843805731749,0.5939805567428854,0.2808775426728861,40.074820859757786,112.08683853420746,59.397968516254444
696325,3464,0.5757309582837672,0.6344619628969452,4.125309170122412,1.9235382276646416,0.6314058950822942,0.26715724171245786,36.351992735580794,110.21062217725846,63.14048093481654
696326,3464,0.4910970295093189,0.5666326520918076,4.259877773005426,1.9028681294362317,0.6610844066908539,0.2559376544125394,32.46565949916529,109.02631278664973,66.108307401688
697269,3469,0.35328105606485716,0.7159597975373593,4.585234779848044,2.135229057386452,1.1611568985811616,0.26681210208211636,41.021474699931595,122.33961328194074,116.1153644678763
697270,3469,0.49492002421970993,0.7845035837648,4.709457153587005,2.1936690711276094,0.9082021590311453,0.2668842184101407,44.94874436261089,125.68797942399561,90.82003423369791
697271,3469,0.6712277852062679,0.8533354038215847,4.730197378196971,2.2484839559672034,0.7284042391755238,0.27235362587882644,48.892517148068585,128.82864097979999,72.84031648470493
697272,3469,0.8498572063506553,0.9273193423792153,4.685827331927062,2.3083299721358985,0.6251813076004252,0.28225018865621826,53.13148457917602,132.2575651269379,62.5180579326591
697328,3469,0.9843436943505975,0.7706329889577972,4.221192138480492,1.9532629667880084,0.4485630133629325,0.2651235014649605,44.15401782083355,111.91372427615477,44.856256222281274
697329,3469,0.8431692029123596,0.7050331709819161,4.261055200984243,1.9014478228878304,0.47909037113037833,0.255675953071368,40.395425113989134,108.94493521581154,47.90898086111316
697330,3469,0.6971593114456798,0.6407239394252123,4.277732477313659,1.8600346065344215,0.5265765863380321,0.2491322985220716,36.71077756206048,106.57213270269905,52.6575838574839
697331,3469,0.5962233753152149,0.5744300226589302,4.321198273798434,1.8098139172358398,0.5520148443449701,0.2399674635400032,32.91241592396094,103.6946991616525,55.20139277526291
702153,3493,0.9148043414008605,0.6531815205603919,4.235449500559065,2.211799658567709,0.40909888903281905,0.2992050436405242,37.42454438404806,126.72678556440621,40.9098446307048
702154,3493,0.7258243814784434,0.5882875531315542,4.273244619663045,2.170759203086334,0.4643877269797883,0.2910559807708368,33.706393934516235,124.37534067602887,46.438709357144866
706575,3515,0.9403769887476444,0.7848117281525081,5.371850037238472,1.9217276445518285,0.47817417690342934,0.20497013587160662,44.96639973550721,110.10688340643661,47.81736734968835
706576,3515,0.7861564916658095,0.7181639865592241,5.47609897001765,1.8988166255079277,0.5234042501835746,0.19867095008302169,41.14776542813352,108.79417871087723,52.34035910660146
706577,3515,0.6008146172527814,0.6510563450602047,5.513776496029498,1.8806603354043303,0.6208700505134056,0.19542667316764376,37.30278079716273,107.75389991632596,62.08690274685107
706578,3515,0.38731918967944834,0.5816772603977642,5.506969549405374,1.864192521285565,0.8604699195678029,0.19395488302108538,33.32765205952407,106.81036366951476,86.04677201853718
707780,3521,0.9014802251470311,0.6804616285349124,3.6008244600577552,1.936077801627035,0.43248401812481674,0.30806579927628763,38.987579435649266,110.92908684219573,43.24835431740735
707781,3521,0.7761034982268971,0.6150030562239411,3.592098214469684,1.9032310269875192,0.4540255150989087,0.3035749538859929,35.2370795092787,109.04710528473413,45.40249359433168
707782,3521,0.634556724074753,0.549481269979914,3.5435579378299527,1.8800674187294093,0.49614094376041734,0.3039880534738169,31.482957691337614,107.71992829325005,49.614016971021556
708585,3525,0.9038128846735347,0.681501835027637,3.9349211698274003,2.028456001024769,0.4320272382439142,0.2953603451640212,39.04717887750449,116.22196778670386,43.20267650193122
708586,3525,0.8104981066877146,0.6151181233012023,3.984930126288766,1.9728185302042651,0.43483965775513433,0.2836540959565665,35.243672367166674,113.03417552590672,43.483912661172205
708587,3525,0.678813343454451,0.548741476471744,3.985491093933857,1.9073986554061197,0.46316959567175026,0.27420935075185265,31.440570645608293,109.28589280369873,46.31689201735022
709075,3527,0.9410128495821629,0.8595116912581972,4.931904892046879,0.8925733444184809,0.523333893365846,0.10369357592404296,49.24639235124615,51.140685541055774,52.33333427888756
709076,3527,0.7590370376259135,0.8560472010219606,4.992485588182665,0.9413900150213541,0.6461857406822975,0.10803771723671038,49.04789168254552,53.93767473648076,64.6184897873569
709077,3527,0.5955170819496652,0.8471473381107109,5.027163228981104,0.9869838747619708,0.8150558188107967,0.11248890832276014,48.53796709948589,56.550010471329536,81.50544638473033
709078,3527,0.4113392419332761,0.8351743147928212,5.020450282098437,1.0259317424221277,1.163321107102155,0.11708423645147018,47.85196339535909,58.781558909290595,116.33183072596435
709079,3527,0.3198783577466515,0.8253186584885738,5.096001761294437,1.0802030972925394,1.4782892703218509,0.12145026879788738,47.28727588479421,61.89107849182195,147.8284695139545
709080,3527,0.277578052322518,0.8034074872065768,5.223640888204603,1.1340709081882419,1.6583392023488914,0.12439116312548913,46.031858246147536,64.97747670775453,165.8333287796635
709081,3527,0.2304382481370717,0.786265618037449,5.305820206537276,1.1840612115239706,1.9549575601718943,0.127862813545812,45.04970148979108,67.84171010547055,195.4949161394341
709082,3527,0.21516559890195458,0.7340000466773602,5.39871391239956,1.2156397137844843,1.954545851989831,0.12901410596949098,42.05510483701816,69.65102500834232,195.45368589565103
709083,3527,0.20937197032825078,0.7271102980335766,5.4979369795306905,1.2367121980700437,1.9897768198260724,0.128881777940873,41.660351317823384,70.85838942176062,198.97674113573072
709084,3527,0.19270820137865508,0.6679336390170649,5.600961872961282,1.2553413414318761,1.9858924659570238,0.1284168009268971,38.26977851049247,71.92576071233778,198.58822638829804
714007,3552,0.9892666918843905,0.9190282641732934,3.4238688231356535,2.168799344478919,0.5322775010021255,0.3629316866545346,52.656440790363796,124.26304904938162,53.22769683306045
714008,3552,0.8771903144931535,0.8508124029052103,3.589452275206021,2.1889602685697698,0.5557284261202903,0.34940758351290485,48.74795984385269,125.41818491087099,55.57277989239959
714009,3552,0.8235622260761121,0.7833346205192963,3.8206792119076707,2.209082100017766,0.5449711720158296,0.33127900453709813,44.88176770223761,126.5710809289148,54.49705169095266
714010,3552,0.7227794559370877,0.7185585473181199,3.934650019576774,2.165734360848775,0.56961181155032,0.3153709668975185,41.17037209437973,124.08743842309768,56.96110313470247
714011,3552,0.6581295572627246,0.6516577736751764,4.112135531505155,2.116298837257649,0.5673235480632042,0.29487109639125386,37.33724011847901,121.25499156330675,56.73226946606287
714012,3552,0.591965442509339,0.5885396994000475,4.287079050457513,2.0546891787072448,0.5696420409092856,0.274604261995026,33.72084085152087,117.7250181511265,56.96410882444384
714153,3553,0.40223416695963904,0.7327588414936155,3.376117047090929,1.836149471347233,1.0437698093141545,0.3116112785319821,41.98398901847983,105.20361526337373,104.3767240339097
714154,3553,0.5218343571824406,0.7997146025961153,3.4502669589753756,1.900417648616048,0.8780615924385805,0.3155869141633735,45.820271543739274,108.88591057787545,87.80599266239426
714155,3553,0.6814694847637985,0.8654947901160525,3.492250093243881,1.9432226968511244,0.7276803884141392,0.31881582330022457,49.589198664210805,111.33845918359923,72.7679331283125
714156,3553,0.8238781817407723,0.9299442076815431,3.4854109198682734,1.9560866463761544,0.6467203382360497,0.3215560846464911,53.28187828278973,112.07550919925278,64.67195611158735
714157,3553,0.9700144386409565,1.0019541810078703,3.464000113715725,1.9683868244559801,0.5918236157994277,0.3255780989104304,57.40774583723791,112.78025749048612,59.182301178287666
714211,3553,0.9500972398566031,0.7585812984688344,4.182125145344452,2.1275969938444095,0.4574637683287465,0.2914841706643421,43.46350681981803,121.90232825200606,45.74632916526391
714212,3553,0.7832840421990713,0.6896394136848757,4.179271388579709,2.0775183182921815,0.5044584742800009,0.28481766352793175,39.51342779002,119.03303149925841,50.445783669104834
714213,3553,0.6597453082696809,0.62102957255386,4.298529699983678,2.0300193982200954,0.5393349899544856,0.27058448282340775,35.582373460149725,116.31154384769864,53.933418064091555
714214,3553,0.5469370218473296,0.5523830878212436,4.4179723020696695,1.9738773938753114,0.5786629495476553,0.25598812295941326,31.649219606561562,113.09484394533739,57.86619021230894
714957,3557,0.32420598348379015,0.6682237473905764,3.5631398381898967,1.8854952044873539,1.180928214327116,0.3031902257896559,38.28640049589609,108.0309175092815,118.09246082390558
714958,3557,0.4391992777658046,0.7358866455432239,3.6553573066657923,1.9489073989320604,0.9600015337945884,0.30548085712857137,42.16319898966632,111.6641686206261,95.99993698580734
714959,3557,0.5368950519884165,0.803345584305087,3.6232432418875913,1.9597983460357242,0.8573055468359964,0.3099106687525542,46.02831147115255,112.28817392456627,85.73039660225628
714960,3557,0.6574095329367111,0.8748545613000672,3.5574988997163732,1.9674935973175738,0.7624695228235925,0.3168773405310653,50.125474050263016,112.72907934530889,76.2468374614384
714961,3557,0.7819441113194322,0.9440595380577287,3.4418183425522986,1.9847315094256972,0.6917454286695941,0.3303972705950463,54.09062713977797,113.71673895672181,69.17445528690239
714962,3557,0.916753969748664,1.0174108333103202,3.3365499348877723,2.0033692214902117,0.6358668526920503,0.34402182821710897,58.29334677956946,114.78460119779855,63.586616602199676
715017,3557,0.8906552668977941,0.7265301166746774,4.423116775789866,2.0296284066607093,0.46737621675128926,0.26291221171261486,41.62710937460629,116.28914168152059,46.73756972439644
715018,3557,0.7699255417934094,0.6603850520297555,4.475146303542703,2.0421485201933893,0.49144071458203753,0.2614584711831261,37.83727633483227,117.00649134596777,49.14400826694055
715019,3557,0.64540093424419,0.5946442441535633,4.520036968366447,2.056888941485175,0.527898290289072,0.2607302901243599,34.07060550174606,117.85105527423187,52.789748053118366
715020,3557,0.5543935754256908,0.5301853755223098,4.553543064448725,2.0666308763447323,0.5479389584506423,0.2600375687459838,30.377384376987017,118.40922702597588,54.793797997864246
715046,3557,0.8474338687094533,0.5355837127725679,3.4985174391181437,1.2847882540919646,0.3621130460885921,0.21041182614654813,30.686686317815063,73.61294452745119,36.21126230567712
715101,3557,0.9764942902849425,0.6512049355822693,4.5154751541819715,1.3291713100077653,0.38209433886163174,0.16865535418600006,37.31129440695268,76.15590631331972,38.20939514830143
715102,3557,0.8353115419785528,0.584924593999275,4.525908971444392,1.300744860955942,0.4012121045157309,0.16466789557999922,33.51371056956165,74.52719075610658,40.12116290051124
715706,3560,0.8797883101321463,0.5420464829342638,4.061181899240483,0.8526044841614455,0.3530050929452949,0.12028675303913054,31.05697577204332,48.85063853637947,35.300469571946145
715707,3560,0.7530078742532859,0.5337501171812604,4.114620150109949,0.8948717260034327,0.4061262792676517,0.12461022186848474,30.58162902909935,51.272373105584094,40.61257453230592
715708,3560,0.6397697643983302,0.5264751277669176,4.212778208233532,0.9536237509287115,0.4714946539639758,0.12969734778623265,30.164802839655156,54.63861617164999,47.14939243593527
715963,3562,0.31038609782382437,0.5874602958163831,3.1606747353138727,1.9651136788751917,1.0844233918127064,0.35623001142369665,33.658995581785604,112.59272006297505,108.44199329731947
715964,3562,0.41251471712554655,0.6601238018964817,3.182425132119861,2.013334161029043,0.9168716973657874,0.3624768691326909,37.82230780479845,115.35555017647663,91.6869496957554
715965,3562,0.552106061798842,0.7318506250578283,3.198991781212204,2.0258191341719374,0.7594908694484087,0.3628358371026502,41.93195204982481,116.07088644489866,75.94895075821823
715966,3562,0.7374544294912002,0.8020667776557903,3.2397646113949436,2.0334301922268714,0.6231577001426806,0.3596155324978859,45.955041247334584,116.50696794907543,62.31568635821258
715967,3562,0.9172812917203679,0.8734134957516673,3.2530444195332193,2.0422319795118296,0.5455568208191113,0.35969774083124173,50.04290707633799,117.01127321267545,54.555623201318156
716019,3562,0.9055139653511233,0.8262974510945971,2.767795925181922,2.071982572764012,0.5228340794163893,0.4289183864136028,47.343356570137956,118.71585664403588,52.28335078016082
716020,3562,0.7714604037232735,0.7605631201312031,2.770401752099935,2.0654267687093393,0.5648644578728916,0.4271591159063072,43.57705683681935,118.34023674038838,56.486373299435506
716021,3562,0.6723171134703921,0.6943344819308179,2.7818810700835535,2.0529660067120923,0.5917212874140093,0.42283003580043843,39.78243538503838,117.62628766842913,59.17204160942235
716022,3562,0.5968905864168732,0.629014969539943,2.7863583929225055,1.9937121387017056,0.6037941160664257,0.4099662519789122,36.03990300518876,114.23129111160873,60.379311461794074
716023,3562,0.46586321304654915,0.5578560746737877,2.745344495885468,1.9274317419955493,0.6860983454654286,0.4022580913948885,31.96279865454293,110.43370411589316,68.60968874496743
719841,3581,0.8875926900952578,0.6127639325255636,3.664065658948575,1.818864745701256,0.39555065254351485,0.2844197753249393,35.10878717155395,104.2132734338177,39.5550211356122
719842,3581,0.7329606994001301,0.5458643429551979,3.6037935586571064,1.763945039472794,0.42670395066075584,0.28044504805664905,31.275723038014572,101.0666060548285,42.67033743183474
720241,3583,0.9925322046445477,0.8109678223247526,4.0406161168057775,1.8085400652998374,0.4681463518719533,0.2564502778043182,46.46503354012355,103.62171282199499,46.81458849204335
720242,3583,0.8399381449058648,0.7436244073665195,4.094077886049706,1.7952783332194393,0.5072580622295184,0.25124551646661214,42.60654008501861,102.86187154475493,50.72574643463448
720243,3583,0.7256102711265755,0.6795885771194836,4.147491637347219,1.7778162338893893,0.5366180481041861,0.2455975216173286,38.937557274247276,101.86136695170484,53.66173159602838
720244,3583,0.6536580991402956,0.608472995645012,4.226123544127697,1.7575514145324753,0.533351213893663,0.23828048811209904,34.86293459814131,100.70027832995865,53.3350406106083
720245,3583,0.5740085598284983,0.540060662375571,4.318322585458774,1.7363477994777803,0.53907203239849,0.2303797330508036,30.943196635159914,99.48540067690458,53.90711026555912
720790,3586,0.8271827660364045,0.5864657395350427,4.2614001900086365,1.8940561217300815,0.40622233293331705,0.25466141841320283,33.60201170437657,108.52142193605056,40.622184675343036
720845,3586,0.8929509300461214,0.6888662284914469,4.606918865254542,1.869359079160926,0.4420077942872867,0.23249027936152916,39.46912754165453,107.10638563038302,44.20073042410685
720846,3586,0.7753828120549137,0.619728564700653,4.732330228983496,1.8302890315551097,0.4579393583539161,0.2215987293814054,35.50783120104759,104.86783679719454,45.79387736628796
720847,3586,0.6548996280668035,0.5537990187156019,4.817758167336178,1.7938430770320788,0.48450700880756636,0.21333498618963018,31.730346470890478,102.77963742269914,48.45062763881455
720987,3587,0.28168450318903415,0.6378735535726301,3.512881737006851,1.8524055083025508,1.2974608390414875,0.3021309147766059,36.54746248272372,106.13501757252213,129.74562790402942
720988,3587,0.4063329557384505,0.7083283452804741,3.6096148705107303,1.9182144696670012,0.9987923234409647,0.3044801092389499,40.58422469405649,109.90559331284464,99.87898899638057
720989,3587,0.5183323162542561,0.7762866588012438,3.5888641776206294,1.9693196184795467,0.8580971509734817,0.3143994778080438,44.477949241623435,112.83370265119152,85.80955120354608
720990,3587,0.6386401757583201,0.8439166551439562,3.5275551016701496,2.0178489875604373,0.7571221429345533,0.3277460649713867,48.35286260054605,115.61423068195921,75.7120969269356
720991,3587,0.8036821053864046,0.9093703191519761,3.5000491967947274,2.0589552813703693,0.6483046008411192,0.33705082659888386,52.103081301872926,117.96944782869305,64.83038022408368
720992,3587,0.9530676115765342,0.9749131333063151,3.405965750656449,2.101815454222177,0.5860907103100161,0.3535712432384895,55.85840793032686,120.42515484230283,58.60901015083033
721048,3587,0.8542445567204695,0.5615775787137814,4.4413634085260965,1.8768736370813919,0.37666057687674204,0.24212595986981708,32.176025129475455,107.53693808413232,37.6660140358263
722197,3593,0.9562437835577353,0.5726553456832303,3.315723815661098,1.990278003639637,0.34312101834596936,0.3439204700455949,32.8107344232543,114.0345296662743,34.31206631128596
722856,3596,0.9194545256841147,0.6732719960362239,4.928482532280194,1.9993990315571972,0.4195492255473224,0.23243894056236408,38.57564383722432,114.5571260707715,41.95487738085251
722857,3596,0.7680195383528389,0.6075454757487009,5.030054548395189,1.9390003270122413,0.4532409584798247,0.2208654676058477,34.80979162266827,111.0965352122879,45.32403742395257
722858,3596,0.6468147635758162,0.5425398898645426,5.16884587516641,1.8776413347847343,0.4805896089058199,0.2081333557094674,31.0852459067308,107.58092392247572,48.0588873327407
728685,3625,0.8985131954545145,0.5727874474309633,5.580560673410125,2.2891715719673016,0.36525120717913667,0.23502991383099955,32.818303295865704,131.15986965505456,36.52508047384218
730236,3633,0.7571091842798734,0.5937714959157527,3.611306696593213,1.9891173997487828,0.4493486668524852,0.31558668709464327,34.02060071114203,113.96803196164188,44.934807928255225
730237,3633,0.9401030841329477,0.6633125583049648,3.676188702336305,2.0391727946014355,0.4042642804399198,0.3178182731383986,38.00501008889983,116.83599482855976,40.42638547193593
730291,3633,0.9382486850790921,0.6071934447633727,4.10283562962384,1.4612230399715753,0.3707931800535939,0.20405865716161892,34.78962173295113,83.72191311764726,37.079278880886015
730292,3633,0.810130125476461,0.5420850242652198,4.205933363841133,1.4588804541124958,0.38338512132223185,0.19873755812360203,31.059184027643912,83.58769283477497,38.338465281626014
731039,3637,0.40813264488847756,0.5358288152237904,4.319510955581392,2.2561797094989156,0.7522242899727644,0.2992690056985206,30.700729653818428,129.26957517734,75.2222465320334
731040,3637,0.5093648504076831,0.6029636288907784,4.1813820994759245,2.3090505448497995,0.6782421368384784,0.31639981096790615,34.54727113533403,132.2988509022767,67.82408186116776
731041,3637,0.6338312930500165,0.665289825920895,4.051395130168602,2.2874781635620947,0.6013950241149979,0.3235005225755144,38.11829917826052,131.06284450044424,60.13940847796557
731042,3637,0.7531144037203386,0.7313998410428312,3.8911303025802684,2.257749998081468,0.5564376841664715,0.33244722148603023,41.90612402829351,129.35954608573783,55.64369527071167
731043,3637,0.8741487501736944,0.7952227653494309,3.7224375947695947,2.228296285935088,0.5212260235682448,0.34297948345774754,45.5629082272446,127.67197268875704,52.12254332646231
731096,3637,0.8910065601218458,0.8366322199033798,4.01455983749624,1.8670049161519469,0.5379926120922929,0.2664588549910337,47.93549520512465,106.9715020256827,53.79920143277959
731097,3637,0.7794795271592065,0.7778568663223954,4.118407407044807,1.8307078950400966,0.5717650480982703,0.2546902850673825,44.567915505545116,104.89183590707643,57.17643219128456
731098,3637,0.6816858457030999,0.7167422873702731,4.234775452462725,1.7935775391874826,0.6024227688062139,0.24266793868013095,41.06630806486946,102.76442322490277,60.24218939198274
731099,3637,0.5855544050629713,0.6571438857221438,4.317294596708503,1.7586708347662743,0.6430072119028769,0.23339712844308186,37.651571184706114,100.76441638485689,64.30061247689622
731100,3637,0.47956576424332875,0.591914387521457,4.378179456928445,1.7115156441495238,0.7071855011246635,0.2239803638044536,33.914196238050565,98.06262298038219,70.71840412369099
731101,3637,0.36386310342513134,0.5249916214694714,4.43233670020989,1.681035372217472,0.8266791295985447,0.21730350904614273,30.07980418993041,96.31623204026455,82.66768803732691
733339,3648,0.8698497914476983,0.5691596374094045,3.7008622005482996,2.052037378366175,0.37489742526216924,0.3176910527724102,32.61044509275512,117.57308118347186,37.48969985815768
733851,3651,0.2538223647209783,0.5282045481621283,4.6127641954379035,1.6321113798624642,1.1923255923585556,0.20272680240440522,30.263891329304574,93.5130937613923,119.23209418712464
733852,3651,0.4262293500256755,0.5979437308840195,4.751773880567032,1.6964830982260057,0.8037844263918577,0.2045579688389359,34.25965216596062,97.20132154362801,80.37825594516407
733853,3651,0.6079499728143005,0.6646741507913189,4.8044910517829775,1.741973761519024,0.6264170518681826,0.2077384332161279,38.08302359178464,99.80774455756865,62.64160317976356
733854,3651,0.7904918184239176,0.7354247715076669,4.773715459282203,1.7740412377242598,0.5330445431773083,0.21292654800611455,42.13673555676223,101.64507560376485,53.304387560122734
733855,3651,0.9752854357395337,0.8029482899209304,4.724607002315777,1.7945676621184221,0.47171367501369116,0.2176290066496911,46.00554817971613,102.82115309004473,47.17131961835535
735461,3659,0.5843904237004636,0.5882867697460785,3.7449625088225673,2.2006653153646467,0.5767779057641341,0.33668917661387826,33.70634904983474,126.08883469122057,57.677692866196665
735462,3659,0.6786763780255863,0.6518101444152637,3.6547955514043498,2.186678569436051,0.5502765526800579,0.34280290395298807,37.3459703188073,125.28745318039024,55.02757499808597
735463,3659,0.7832190646280535,0.7153855804243627,3.524454721679256,2.16867765805778,0.5233347323965261,0.3525540442161488,40.98857448283271,124.2560769310263,52.33340708948504
735464,3659,0.9129077511062973,0.7791504676405866,3.3895136556337375,2.1528571187868706,0.48900924390598977,0.3639154137415744,44.642033401450036,123.34962680118221,48.90087136020016
735521,3659,0.8873721852813646,0.6415047295402991,4.146506058064959,1.790814811763794,0.4142062793469226,0.24745202085635282,36.75551354034049,102.60613060358037,41.42058172367041
735522,3659,0.7776492869830907,0.5787905174317858,4.170144081416795,1.7323179345185817,0.426442279311358,0.23801217475200812,33.16225387103443,99.25450642273483,42.64417364222681
735663,3660,0.7161156577260452,0.5433695761413854,3.5010809275235846,1.832118138271528,0.4347451791911341,0.29982922064799367,31.132783428713815,104.97263689232433,43.474457817491306
735664,3660,0.8988368176884997,0.6103134257597713,3.580677360331101,1.886907167157195,0.3890403953088181,0.3019311873973623,34.968383476205794,108.11181701109342,38.90399668110582
736266,3663,0.9835904031574334,0.5490909920264693,4.318883834530765,1.9275421525837326,0.3198546467200331,0.255714286728192,31.460596411768226,110.44003017660962,31.985432478137113
736318,3663,0.9785435339084458,0.9029179983431173,2.602686681898206,1.9552862216348448,0.5286774500072849,0.430438471862519,51.73339055146088,112.02964823975788,52.867691514079965
736319,3663,0.8957896477295579,0.8395228060850879,2.6338588674037355,1.9494866621913172,0.5369688428371793,0.42408254640701004,48.10111359365536,111.69735796060851,53.69682493958928
736320,3663,0.8179910996985891,0.7757753399482552,2.672162043303453,1.9455416126741016,0.5433879696533624,0.41715779600827657,44.44865282936171,111.47132327330193,54.3387312001424
736321,3663,0.7384854321300278,0.7077677474461148,2.7265590475955928,1.9354587021930962,0.5491253109496419,0.40671635095747116,40.55210480414353,110.8936150575321,54.91245748033375
736322,3663,0.6368033895513958,0.6422668525920171,2.7695742149609086,1.9273152573542194,0.577873484981349,0.39871482425832255,36.79917997467356,110.42703003756687,57.787258659754464
736323,3663,0.55228794187323,0.575858509130687,2.800132821784323,1.876571825554616,0.5974105004097123,0.38398051812751016,32.994262169884145,107.51964555743966,59.74094295275153
737269,3668,0.4981338101687903,0.5250277065363805,3.5065712559988356,1.9182713955524964,0.603891374044321,0.31343682072442175,30.08187171196775,109.90885492582856,60.38901738622657
737270,3668,0.6261560767314167,0.597839476753253,3.5032062357094427,1.9567738502981196,0.5470469675233495,0.32003506279699945,34.25367884427089,112.11488308364622,54.7046102602201
737271,3668,0.8039515957032741,0.6652553942827059,3.506710321492827,1.9865359409383077,0.47411219929547227,0.32457806464545047,38.11632639071056,113.8201252668148,47.411161546617706
737272,3668,0.9527352430695415,0.7365240749849358,3.436213794439261,2.0129669615453896,0.4429322927901942,0.3356441646524518,42.19972100641379,115.33451119582391,44.293183253377684
738532,3674,0.9050125778904461,0.7718394684765647,3.9897198260065543,1.829003195373398,0.4886467282008813,0.2626604576719584,44.2231440053279,104.79416381083725,48.864619366717626
738533,3674,0.7932916075464469,0.7036252741167821,4.066877482431947,1.7950046562791315,0.5081959480463922,0.2528873594115184,40.31475856562726,102.84619101112524,50.81953138365385
738534,3674,0.6875087092181605,0.6348157658629252,4.197340259265965,1.7657835266708224,0.5290444053374833,0.2410382221159721,36.372264152310656,101.17194361196437,52.90436435242984
738535,3674,0.6196629312351962,0.5693074175282888,4.359072036892016,1.7446596119146331,0.5263976607160451,0.22931860582784458,32.61891226986314,99.96163244964059,52.6396819721987
740946,3686,0.9115998242676984,0.5991482360312187,4.317622344359901,1.8307538830655,0.3765760362919947,0.24294498735147269,34.32866522729691,104.89447082684018,37.657562732979756
740947,3686,0.7978012263334837,0.5350933033062145,4.339152200047523,1.7819704927838873,0.38428854868738704,0.23529801101917566,30.65858792515975,102.09938845336426,38.42880718202505
741091,3687,0.5624516494131747,0.5253601014717991,3.2792016248721225,1.962560888432738,0.5351733973067853,0.34290802599281495,30.10091653889876,112.4464559446411,53.51724553223108
741092,3687,0.675576201975978,0.5934811839463983,3.1140476385836813,2.0157437589435308,0.5033328062439978,0.3708793923555686,34.00396706055589,115.4936099673003,50.33320686532727
741093,3687,0.818354128711923,0.6618123720694791,2.9679156166436433,2.069068228471258,0.4633575362471667,0.3994347950857269,37.919055749122876,118.54887701601304,46.33569757032845
741094,3687,0.9481315482240156,0.730631354177973,2.8228224048765456,2.1086970995542265,0.4415219872307543,0.42800936905986386,41.8620929743259,120.81944407593517,44.152152621212544
742153,3692,0.859490542374328,0.5264384659492757,4.121021354476815,1.8206101697728196,0.3509369845766314,0.2531248194094766,30.162702272234995,104.31327886657886,35.09365803520433
743905,3701,0.7216434572050898,0.5595200466059898,3.033727421204272,2.0277383722006186,0.4442378914292239,0.38296403786580063,32.058137223486334,116.1808506838231,44.423728199405375
743906,3701,0.8422247428772784,0.6242698578511717,2.972123092220579,2.0788774869104185,0.4246850737871365,0.40076033874821004,35.76802813210398,119.11090612473002,42.46845745881668
743907,3701,0.9995024512306181,0.6887608536093621,2.938669948309169,2.074506640765712,0.3948273419662841,0.4044703106303452,39.46309000564438,118.86047508773731,39.48269508930286
743959,3701,0.9483587060170783,0.7189344730788085,4.112922207349479,2.0830317638942124,0.4343494751318935,0.2901803689828656,41.19191105387743,119.34892866282975,43.43490217111316
743960,3701,0.80143154116438,0.6514264613913504,4.14084705320103,2.0252623437855575,0.46571646507601494,0.28023006629948594,37.323986900866245,116.03898470568564,46.571588978205476
743961,3701,0.6985128050703352,0.5837597051929443,4.162436101186974,1.9834323297667207,0.4788311199986933,0.2730187284797186,33.446967357356876,113.64230144543322,47.88304413538256
744305,3703,0.6903049178770602,0.5438643450537901,3.326102189704923,1.8989024600412563,0.4514111132751254,0.3271068961050734,31.161131599228884,108.79909666737343,45.14104658853369
744306,3703,0.8410915231357488,0.6062157669012015,3.3737816644333805,1.9464063516670356,0.4129586798743757,0.3305515292026332,34.73360491772535,111.52086916797744,41.295819380526694
744307,3703,0.9842212150488976,0.6700604465676528,3.3878496850043316,1.9988676799865854,0.39007120177753085,0.3380512483691853,38.391635606977715,114.52668186833779,39.007080941645235
744360,3703,0.9486266696573709,0.7420061348752827,3.7270530259049393,2.0682262445076423,0.44816175649333356,0.3179472729443139,42.51381990116862,118.50063488848016,44.81612887859778
744361,3703,0.8275259185006713,0.6727211782804977,3.869908670329988,2.0774309352750038,0.4657749440476786,0.3075732133581598,38.54408430454034,119.028024821173,46.57743868244822
744362,3703,0.7115700199810489,0.6039700049742042,4.0227326135220425,2.086201780592728,0.48631801199439023,0.2971377131597365,34.60493223751723,119.5305572406407,48.631733538612714
744363,3703,0.6200612044884042,0.5382447627973261,4.037473727702925,2.026418869830301,0.4973565921027886,0.2875690501283686,30.839153253306893,116.1052487669464,49.73557980162878
746457,3713,0.9576225215163502,0.6541216953841338,2.9407680955336244,2.0659510247146797,0.3913693673655279,0.4025148197647485,37.47841243345293,118.37027439687878,39.136896276427805
746458,3713,0.8329222568266732,0.587582928182492,2.9016661015313714,2.067713784819333,0.4041916423612802,0.40828706183788166,33.66602189879535,118.47127311116945,40.41911619452002
748926,3726,0.29057326315965765,0.5744423086355527,4.350730235926862,1.8352708501694983,1.1326960494568354,0.2416910909991325,32.91311985856861,105.15327397809872,113.26921903088272
748927,3726,0.4699492984392369,0.645278341146274,4.517199700960194,1.8965707892479515,0.7867173096109531,0.24055943665285673,36.97172555888444,108.66550177170315,78.67156523077465
748928,3726,0.6550372896616425,0.712185914833422,4.558504578041789,1.962718988536973,0.6229453982192524,0.24669387129357312,40.80524714861857,112.45551441335435,62.294445672323
748929,3726,0.8384503082704036,0.7821684903290455,4.527812641266888,2.0287514893399026,0.5344974220585894,0.2567219692438746,44.81495336397345,116.23889802005644,53.449679095163944
748987,3726,0.8919848188173716,0.5860703257545977,5.471098797641069,2.0073089466693395,0.3764565839994901,0.2102143186710095,33.57935616359576,115.010330823004,37.64561661766836
750534,3734,0.39848194723215213,0.7202397693329209,3.4857554188191644,1.9146227597671768,1.0355976794254371,0.3147088363899107,41.266699020252304,109.69980349434934,103.55951065632614
750535,3734,0.5771100711486872,0.7837422238034973,3.618292725920508,1.9735584420338768,0.7781032270439339,0.3125136013136542,44.90512165013801,113.07656935095527,77.81018922537466
750536,3734,0.7610605350897068,0.8514389740965571,3.742712625703487,2.026085611467276,0.640998407333429,0.31016582294311745,48.78385972868135,116.08615446925762,64.09975735133055
750537,3734,0.94397360908683,0.9206559106257188,3.8557815011774017,2.08063571719223,0.5588047906853116,0.3091763497327613,52.74969806262721,119.21164529928993,55.88042046348633
750590,3734,0.9771642765294064,0.8280337807061141,3.2086888484662426,2.0244522262770586,0.48551550218054096,0.3614952197234343,47.44284092872147,115.992568391539,48.551501028796274
750591,3734,0.8867636616697558,0.7646749327724741,3.2247903450016526,1.9707035326377165,0.49407353669342935,0.35014057554636036,43.81264634731272,112.91299509166303,49.40729851008564
750592,3734,0.7782278217055765,0.6995384852150545,3.281891695605665,1.9402364200675688,0.5150240222321024,0.3387295136447165,40.08060280979736,111.16735812744359,51.50233670600401
750593,3734,0.6694849346608278,0.6339402877009174,3.295036640361489,1.9178332825960611,0.542538009827437,0.33348264241740616,36.32210294857173,109.88375290247482,54.25372075512398
750594,3734,0.5785161274968484,0.56983930400139,3.312771184998561,1.9100270050121546,0.5643643280414073,0.3303472521990971,32.64938711995193,109.4364861432094,56.43633622606929
752203,3742,0.9702237383588106,0.5576544991524481,5.416004325867877,1.899343419504425,0.329318358594751,0.200931083202523,31.95124922791702,108.82436178354936,32.93180225641777
755561,3759,0.5162386746881062,0.5494026843762164,4.7768482373640495,2.180431123361708,0.6097655212904757,0.26153123234872105,31.478455067915256,124.92950088759483,60.976435193465946
755562,3759,0.68267893522301,0.6132528890565629,4.6685778019343624,2.2231167679307062,0.5146899953925994,0.27283514016106275,35.136802317145566,127.37520816719395,51.46892490060877
755563,3759,0.8370884873939436,0.6803145352147927,4.536853987068229,2.2145459756567636,0.4656515019685882,0.27967428095505786,38.97915160921184,126.8841379428137,46.56509512568734
755620,3759,0.8864064066947278,0.5397144731441581,5.255711432646759,1.8138837769342446,0.3488621119034257,0.19774275296446592,30.92336145328707,103.92788494558148,34.886172227052306
755704,3759,0.951417356535335,0.6456913979103125,3.8781710049173226,1.437008727936845,0.38884503551669386,0.2123024872228324,36.99539196816317,82.33453523424438,38.88446309033263
755705,3759,0.819778422726024,0.5788712141369038,3.9801380063384815,1.3929368858669777,0.4045834353237116,0.20051918893429316,33.1668774516583,79.80940468827387,40.4582946731793
756165,3762,0.6097566441750345,0.5814061828087146,3.735694069689837,1.90094866485531,0.5463182768020846,0.2915558213382426,33.31212045775094,108.91633556723806,54.63173898019801
756166,3762,0.7918809922986467,0.64716134415639,3.7651196158696996,1.9098615326103845,0.4682472944361716,0.29063354194937613,37.07961368417451,109.42700527296208,46.82467090398297
756167,3762,0.9746981018668935,0.7192520367891244,3.7808960719331814,1.9269822522257112,0.4227986656840141,0.29201529969767187,41.21010611420505,110.40795024914713,42.279823624822384
756223,3762,0.8805108660448437,0.619611702657333,3.962790910439225,1.9451346252290387,0.4031879272025259,0.2812361460594858,35.50113549918007,111.44800461038501,40.318747387979016
756224,3762,0.7328542241056718,0.5560910818017002,3.953206536103442,1.9222416117967391,0.4347613826777378,0.2785999928815661,31.86167201210164,110.13633156037795,43.47607953669638
758172,3772,0.2314160492422931,0.6631567107724732,3.1248654225709305,2.0822570572997403,1.6418947244823034,0.3817909725042135,37.996080683040525,119.30454124460555,164.18877004718317
758173,3772,0.3200948934077003,0.7333559731825589,3.18744434241921,2.1380839617056573,1.312679511505743,0.38433043437250064,42.018202144069804,122.5031872503449,131.26754516201177
758174,3772,0.4131527332598032,0.8010507162135512,3.1804023841523708,2.137429299751594,1.1108924232921522,0.3850634690394527,45.89682521496831,122.46567788336927,111.08897613689732
758175,3772,0.5327408289455986,0.8735460257211453,3.134170842609027,2.130654174849751,0.9394905895201895,0.38950490436472796,50.050500484248076,122.07749182081969,93.94888436544942
758176,3772,0.6467130133769123,0.9466973561081948,3.015848752969085,2.123635389296179,0.8387300242998252,0.4034530727313527,54.24176298119311,121.67534503129262,83.87287403586906
758177,3772,0.7450631744840038,1.015057386006906,2.8797608456492454,2.113923035007643,0.7805848603572497,0.4205865493442765,58.15850418177739,121.1188681214237,78.058382315933
758178,3772,0.8314696733383851,1.0817646587852399,2.750693996949043,2.102728222359056,0.7454336654338302,0.4379892939740275,61.980549374803836,120.47745260422,74.54327778747707
758179,3772,0.9386812654681418,1.1509219376380455,2.630881603225717,2.0894633091374137,0.7025064982018703,0.45504681190966784,65.94296957567894,119.71742906101262,70.25057572893604
758229,3772,0.9651337531857312,0.9746152855183244,3.040597192473608,1.8916202233193986,0.5785865611499857,0.3564492368460519,55.84134250913769,108.3818552377958,57.85859676570111
758230,3772,0.8688468162721416,0.9073623150060154,3.1424049545974913,1.8838390002238854,0.5983566903515493,0.34348222209099855,51.9880311390646,107.93602399497318,59.83560085599714
758231,3772,0.7899257331022802,0.8374902201589574,3.238948390377676,1.8814395925711804,0.6074577948319543,0.3328195906133361,47.98465499859039,107.7985480631418,60.74570335167693
758232,3772,0.7191839228263527,0.7696295408059329,3.3227519877867953,1.8155129868284332,0.6131466856256736,0.31305746521481437,44.09652447677153,104.02123179645945,61.31458415934929
758233,3772,0.6339977334549618,0.7028306311070961,3.400951911263248,1.7699044913374262,0.6351635994081947,0.29817551039420853,40.269228874952674,101.4080574948833,63.51626075892363
758234,3772,0.5394189175247026,0.6320990097889605,3.4364182888775656,1.7289790528045752,0.6714003466933854,0.28827457537572126,36.21660549530595,99.06320259222886,67.13991144690614
758235,3772,0.43749349417661015,0.5627297722251438,3.4879626050824353,1.6794207746689356,0.736971878372009,0.27587372066155896,32.24204095485887,96.22372241512124,73.69702106889426
759034,3776,0.9949350072634344,0.8017396052459186,2.998012311268267,2.1032345463669992,0.46170146644776305,0.40195452826545675,45.93629564907581,120.50646283294131,46.170100703685776
759035,3776,0.8645942071798373,0.7327595422120344,2.9222876179413455,2.048013660687951,0.4855922967381483,0.40154342789734687,41.98402916668786,117.34253914255744,48.55917407133522
759036,3776,0.767020624784905,0.668275479278368,2.8865639152659197,1.9864085100642872,0.4991960160950591,0.39428478621019614,38.28936451473278,113.81282401555377,49.9195371779384
759037,3776,0.6725601218476998,0.60005472104058,2.8389254153580583,1.934744737580841,0.5111900239770774,0.3904741805063335,34.38060299252519,110.8527078985282,51.11892715129409
759038,3776,0.5468312655263082,0.5352354871478279,2.755023804301808,1.8901097122333637,0.5608079828587597,0.39308302442061843,30.66673445919915,108.29530932765829,56.0806967556741
759780,3780,0.29634228109511185,0.7044320863698423,3.988102793872863,1.6669972115356617,1.361971838492437,0.2394920827725863,40.36098550258705,95.51190468107032,136.1967288525537
759781,3780,0.41082770264464613,0.7743040711231125,4.043230983355725,1.73384331276218,1.079877378513794,0.24569930414933866,44.36435533515187,99.3419041582541,107.98747762647353
759782,3780,0.5420030712105673,0.8488630601079189,4.099705428038831,1.787537408030357,0.897343067130066,0.24981879978891286,48.63627072874367,102.418349201894,89.73414280840076
759783,3780,0.6964795325968032,0.9166948567695097,4.0792886823731145,1.8283177991459865,0.7541175753477685,0.25679695995914303,52.522746394242404,104.75489349971237,75.4116503420608
759784,3780,0.8739553443681369,0.9825738013713821,4.060830313685763,1.8548612756407237,0.6441671373408817,0.26170934071435337,56.297331878705855,106.27572267646552,64.41664076414291
759842,3780,0.8965879988628458,0.5594137435298184,4.896499959912685,1.8575739883603988,0.3574891275483874,0.2173616875734041,32.05204650587246,106.43114966633436,35.74887328143045
760790,3785,0.9296441577609659,0.5592348994509331,3.900894854149232,2.095053421295655,0.3446673534470035,0.30771841609441664,32.041799494961424,120.03771889468462,34.466698640300066
763601,3799,0.4739633879916506,0.5468697724298486,4.664616664662865,1.8065362898032213,0.6610917643910993,0.2218979868274559,31.33332990351011,103.50690494294716,66.10903835260737
763602,3799,0.6279516928878184,0.6129975935920664,4.587368453624509,1.8295073494287606,0.5593133166608445,0.2285036629205332,35.122174964501085,104.82304971043392,55.931243487438216
763603,3799,0.7641526150244818,0.6832320934323628,4.461710875601725,1.8542471804435348,0.5122839875124181,0.23811614050631003,39.14631538156232,106.24053761344734,51.22833238223724
763604,3799,0.9308993290628168,0.7521655672544001,4.345147478069437,1.879352777980162,0.46294922222339774,0.2478143324020797,43.0959124987406,107.67898239445012,46.294872988311624
763662,3799,0.8583158101482562,0.7710558645422522,3.9251200265823676,1.4584943636387155,0.5147085230172161,0.21289940358837622,44.17824680708195,83.56557148011716,51.47079293419767
763663,3799,0.7091629962243451,0.7043562289485298,3.8880433339158165,1.4190133385495725,0.5690742303009274,0.20911154578275587,40.35663919250109,81.30347537165915,56.907343586763545
763664,3799,0.5807955402690681,0.6369925564150273,3.898990450990582,1.3880794120998394,0.628396430498166,0.20397867791170632,36.49698506383005,79.53109194232134,62.83953593615061
763665,3799,0.44108912800373246,0.5689097336063644,3.8670739298172583,1.3505928682287793,0.7389918238993415,0.20010807239345002,32.59612665955666,77.38327118997759,73.899016527708
765065,3806,0.9914706649394223,0.7585617694754287,3.5322150159904937,1.841692452706603,0.43836281787732406,0.29873947062890194,43.462387890917746,105.52120470118531,43.83623801651785
765066,3806,0.8707031764924685,0.6961782474631987,3.5506256644625065,1.8537662405193216,0.4581133500744403,0.29913877587692794,39.888075368455496,106.21298178559059,45.81128291946412
765067,3806,0.7645784841747555,0.6294180854306989,3.57680396075566,1.8606085759276692,0.4716716480929559,0.29804546069092996,36.06299984438374,106.60501872650183,47.167103735863556
765068,3806,0.6648210540367054,0.5657835740544513,3.646330930035946,1.8782778440163757,0.4876050514151241,0.2951388532331325,32.41701091114753,107.6173932150699,48.76043253125558
766617,3814,0.5837770951422052,0.5666264537377947,3.6278843324323153,2.2012785027285187,0.5561250017116043,0.34765156723453144,32.46530435964043,126.12396773922119,55.612405860709885
766618,3814,0.702658120904659,0.6325027772216865,3.4677858401633226,2.1813882341291797,0.5157520858464698,0.36041539095965536,36.23973966510597,124.98433929509748,51.575135918605966
766619,3814,0.8210265044430438,0.6986194342896542,3.2766407422278356,2.1597607931009293,0.48753535198272996,0.377658668007393,40.02794507061433,123.74517820251066,48.75347641096126
766620,3814,0.9284919505856678,0.7672848370082543,3.0829217990350624,2.138626948658323,0.4734794129744116,0.39746158255442704,43.962182844956246,122.5342981110633,47.34789081298475
766675,3814,0.8821858267334988,0.6588383225819823,3.869859319292257,1.9456557297261212,0.427899130700166,0.2880669611294136,37.748655265426265,111.47786169875313,42.78986505069387
766676,3814,0.7177057944186975,0.5922528065324135,3.837381247240915,1.8787590736111257,0.472806350598902,0.2805167337405062,33.93358621908537,107.64496563982586,47.28056984129526
766677,3814,0.5574326205857045,0.5291614076096565,3.818741938080393,1.8298491111407005,0.5438991848284651,0.2745475673391065,30.318715337235158,104.84263121412725,54.389821886557165
766818,3815,0.602183688573655,0.5343537349251462,3.6169522128292106,1.9130711143642491,0.508419836850141,0.303047687690279,30.616213778263212,109.61090076146071,50.84190010008607
766819,3815,0.7284459020204115,0.5996109309427364,3.4943699528841696,1.9287275460998572,0.4716228772242243,0.3162457020748173,34.35517569292906,110.50794822214574,47.16222362624092
766820,3815,0.8576834099338956,0.6699959832821163,3.3534936401951483,1.9598529113367351,0.44757705746185006,0.3348487040656467,38.387942132782925,112.29130028602205,44.75765408367584
766821,3815,0.9907433048891505,0.7386966960693707,3.216190962181577,1.9844954300813402,0.427196453298991,0.35353377206184317,42.32420302503305,113.70321260665995,42.719602642347255
766875,3815,0.9108811334327583,0.6097212811895896,4.794641267797715,1.7845740045062315,0.3835237598598029,0.2132559095931624,34.93445609147279,102.24855868696741,38.352334302374
766876,3815,0.7783818109457799,0.5445951189200886,4.892272336655422,1.7559625228361417,0.4008701259188293,0.2056493065240662,31.203001857546244,100.60924154165536,40.08696160650413
767821,3820,0.2780354330576277,0.5933844970563016,3.1068701277568898,1.8935115237980127,1.2228091115265594,0.3491945719087559,33.9984273098191,108.49021877301146,122.28047574891872
767822,3820,0.42727081619019563,0.6656547968177373,3.157969291783713,1.9405804535490985,0.8926237911061444,0.3520840741901599,38.13921047029469,111.18706979394643,89.26217228734184
767823,3820,0.5955703110168203,0.7337699224198715,3.1947699734761072,1.9791536743459033,0.7059102545023078,0.3549462187711132,42.04191968830048,113.3971525478296,70.5909081089252
767824,3820,0.7521700656718339,0.8054163293034068,3.1928138738194156,2.005766538037654,0.6135175795020283,0.35993941864424633,46.1469564200041,114.92195731812387,61.35167719963538
767825,3820,0.93134083817576,0.8782442117312397,3.1565644659457233,2.0296149569337754,0.5402929208200874,0.3684016973361238,50.319686713993896,116.28837106893167,54.02923464982115
767881,3820,0.935232320685828,0.644419261934943,5.123198477094139,1.8405814128898417,0.39479499087388903,0.20584317994798024,36.92250394580774,105.4575468088139,39.479457295995
767882,3820,0.809346574965307,0.5796859289936658,5.142867212573739,1.8236133219294137,0.4103749591515368,0.20316555393801863,33.21355717445737,104.4853468103873,41.037445717782106
768426,3823,0.6972290622485464,0.5763850921168225,4.714786919379602,2.2341240455590605,0.47365255504980786,0.27149875622496294,33.02443315255311,128.0058787192274,47.36518825084834
768427,3823,0.8734218461089698,0.6421135864127865,4.632314734794152,2.2222532037457032,0.4212214087858996,0.2748641588465998,36.79039846946155,127.32572958405461,42.122093134339096
768484,3823,0.8681986072340885,1.3792180523451933,4.5170618636102065,1.9067398811042264,0.9101992546289246,0.24185665566106873,79.02337342763303,109.24814781654857,91.01982167371142
768485,3823,0.7464623675724077,1.3114415437296447,4.539820557188051,1.8519990536518423,1.0066155748960217,0.23373551413772792,75.14006553383004,106.11172943647307,100.66142398681255
768486,3823,0.6256005474195925,1.244973481533345,4.5873526879546915,1.8036723104683103,1.1402119971214566,0.22527766626821677,71.331726097569,103.34281101444408,114.02101927623053
768487,3823,0.4830589512807255,1.1792120960834696,4.636157261132961,1.7660458937018415,1.3986672781564229,0.21825613372860742,67.56387625635811,101.18697613552513,139.86644116786664
768488,3823,0.31591247032940195,0.5699844381815414,4.665863368289236,1.7258164102206375,1.0337579149100256,0.21192647212983012,32.6577026959377,98.88199652006088,103.37546753509947
769429,3828,0.34814533442637785,0.5643778925096823,3.317404618382477,1.95531817183763,0.928821017112036,0.33770821289942293,32.33647129129283,112.03147885153206,92.88183758870221
769430,3828,0.43092580189872803,0.6328927445677119,3.325473407255957,1.99889689033217,0.8414924830890176,0.3443971462937207,36.262083148181155,114.5283554978579,84.14905498661254
769431,3828,0.5372203124661308,0.6998173323508485,3.242765467815165,2.030683205801146,0.7463712353572696,0.35879738456723964,40.096579573807674,116.34957722050164,74.63698599324569
769432,3828,0.6392364847441513,0.7694360156109459,3.152260758853857,2.058008654765569,0.6896576879189935,0.3740655319018434,44.08543629986932,117.9152101194632,68.96566198322067
769433,3828,0.7533103007117066,0.8403184642977123,3.0866440315598065,2.06704467758398,0.6391350385963256,0.3836948300351896,48.14670145117366,118.43293609054207,63.91341986465099
769434,3828,0.8595777921318032,0.9096483285285426,2.990145324822887,2.0723613657409286,0.6063326662991653,0.3970962832479027,52.11901006581525,118.7375598829224,60.63319679695355
769489,3828,0.983998834686244,0.550383764417283,4.770432956133187,2.01780822804054,0.32047463250516284,0.24235094834003437,31.53466681363289,115.6118953334941,32.047431007636256
770291,3832,0.9533060756519895,0.6540422625428033,4.34674077702887,1.8952471666356367,0.39309369604265837,0.24981858616090558,37.47386126688996,108.58966378234943,39.30932878187303
770292,3832,0.7782491403298747,0.5821353998982753,4.34791935866611,1.8492132979012328,0.4285761379269601,0.2436846417915834,33.353901519331586,105.95211738920885,42.85755927418652
774312,3852,0.9476896380504647,0.7352352148062862,5.03519256519801,2.0434380037626854,0.4445112895814968,0.2325241220940506,42.12587475779469,117.0803733122399,44.45108252251351
774313,3852,0.7947285325622475,0.6660210940896373,5.217976002467492,1.9788889696342133,0.48016644318563406,0.21729112171869902,38.16019775802172,113.38198608503255,48.016584503902024
774314,3852,0.6779171261222322,0.5981432688448427,5.439937421365338,1.915441472142951,0.5055350133941615,0.20174260024636284,34.27108484896843,109.74671225811633,50.5534275134416
774315,3852,0.5420792181650835,0.5282697744302982,5.650236559150522,1.8608624803294052,0.5583617107344033,0.18869929616619693,30.2676285191841,106.61956637712109,55.836069099954656
775315,3857,0.9138104576930729,0.7343088193566122,3.3350934784662307,2.1035735281293566,0.46041053036502855,0.36138682610868783,42.072796208368246,120.52588505725629,46.0410031568016
775316,3857,0.7837652731885194,0.6641581699388904,3.334796210242363,2.0391033498194155,0.48552112326054525,0.35034229446004894,38.053460066630926,116.83201593564081,48.552050998343894
775317,3857,0.660581185701632,0.5965361260749087,3.362892461211341,1.9814944426909489,0.5174080426990242,0.3376000561026671,34.179002351176244,113.53126869481855,51.74072672709648
775318,3857,0.5711591491906161,0.5305088057706714,3.4529117755227112,1.9329455077739022,0.5321794297802867,0.3207426847351412,30.395915565185003,110.74961962421645,53.217850734612135
777673,3869,0.6654258943323021,0.5464555940797892,3.6356482613301635,1.6422468956066814,0.47051969315054715,0.25880890838292925,31.309599232086015,94.09381603672433,47.0518993126998
777674,3869,0.8404234800613171,0.6154651894985497,3.595106757859968,1.66059576876517,0.41959271977171314,0.26465174797621643,35.263557795486335,95.14512902752662,41.95922255014932
781949,3890,0.9849273237110265,0.7319087571828374,4.331312102107367,1.9402445019281203,0.4257703217275681,0.2566608415800725,41.93528277524196,111.16782118394381,42.576989376483375
781950,3890,0.8697763794744473,0.6678016066915268,4.414766028455784,1.9053904416496925,0.4399086256940057,0.2472856538265878,38.26221361547984,109.17083063109533,43.99081249802027
781951,3890,0.7268484998835915,0.6050468594263001,4.467233612203223,1.8767465039139948,0.4769443836147404,0.24070747801448342,34.66663145277221,107.52965389020433,47.69437339961607
781952,3890,0.5964340044016768,0.5399807436227396,4.510400526038942,1.8593477087241896,0.5187265796528278,0.23619360521532226,30.938617627918724,106.53277635721598,51.87257186381152
783099,3896,0.6205717586614579,0.5634627048213618,4.582890660977675,2.2048394900805453,0.5202304798512634,0.27565134399866015,32.284034899289736,126.32799728539177,52.02296499273456
783100,3896,0.8041768489611067,0.6342721915093102,4.527521889344513,2.2610862362552715,0.45190456839239357,0.28614041264229634,36.34111963599697,129.5506984525472,45.19040120658008
783101,3896,0.9881946368453375,0.7006944636651127,4.453143603626331,2.3125069602818646,0.4062644502715785,0.29753562969167674,40.146835496193766,132.49688891877793,40.6264043265323
783154,3896,0.9400650120049177,0.747286702956608,3.404884803163682,2.0329921650319243,0.45546183682426256,0.34210223614367363,42.81637416566006,116.481870839493,45.54613571694163
783155,3896,0.8198282677249574,0.679609365771921,3.3614502051831776,1.9691438268376897,0.47496225044041707,0.3356397486490552,38.9387483762937,112.82363053203943,47.49616768909642
783156,3896,0.6745378220569819,0.6104544678885916,3.317659446741896,1.9173387180924442,0.5185248763328976,0.33112324479379807,34.976464594920735,109.85541644372059,51.85241153097944
783157,3896,0.5358807717525492,0.5450837283885547,3.252985068139406,1.8800882456010264,0.5827974837198183,0.33114545255371075,31.23099711791948,107.72112158509418,58.279640704668005
786916,3915,0.6387927175443457,0.569372910175041,4.318864223531023,2.0182471891744367,0.510692487804606,0.2677487406435418,32.622664722111175,115.63704595383668,51.06916963353897
786917,3915,0.8197238476036242,0.6407055359197953,4.399351148970014,2.0762102365711432,0.44783036114367614,0.2703991557819527,36.709723118871835,118.95808393738471,44.78298202889505
786975,3915,0.935961245090351,0.6572846779974726,5.138975874180324,1.7607247363397285,0.40236321517641366,0.19630778301004226,37.659637987870504,100.8820962765511,40.236278958276905
786976,3915,0.8053687736003283,0.5924512880138533,5.277489506704939,1.7601208607127736,0.42148341308357523,0.19108990445658156,33.944958370283366,100.84749675177576,42.14828949755053
786977,3915,0.6979771236700796,0.5299056657094016,5.423104610817009,1.761234750005614,0.4349907285010029,0.18607665712319912,30.36135818521898,100.91131790710033,43.49901115177385
788268,3921,0.9450017580229643,0.5346540661595287,4.594900004601496,1.8492052325303647,0.32416258389164065,0.23058533361076156,30.633421490449287,105.9516552774979,32.416224429373436
789588,3928,0.9191646610719002,0.7102459538199565,4.091256858446769,1.9072315834190694,0.44272910884043154,0.267097187484716,40.694095570127075,109.27632028396587,44.272863199296395
789589,3928,0.7829652542046742,0.6432675138428382,4.181094216449597,1.8585590178686933,0.4707298692044309,0.25468832303805816,36.85651364106789,106.48758769985548,47.07292740030821
789590,3928,0.6220038484885294,0.5806602694005591,4.218770337577706,1.8019624631533881,0.534874218440157,0.24472733871130817,33.26938276758142,103.24484397968726,53.48733671196608
789988,3930,0.9060882330040189,0.653521240635369,3.9413959663181632,2.219834725411163,0.4132490317545599,0.3226957193513272,37.444008910560115,127.18716098264163,41.3248580235519
789989,3930,0.7794550507901146,0.5872481106970114,3.946328180082552,2.17569193350874,0.4316713042553492,0.3158834220224873,33.646838269970125,124.65796531070853,43.167075598249816
792143,3941,0.8707714763304171,0.5897485821157746,5.188377669366797,2.147949733639411,0.3880479007351946,0.2372002617180467,33.79010472905835,123.06845434378761,38.804745955517085
792201,3941,0.9252292032238354,1.0481794774144297,4.292116803301286,1.935182519383094,0.6490960225825246,0.25832892200075785,60.05626022807502,110.87779094814492,64.9095328047197
792202,3941,0.7637157718932033,0.9846791863134293,4.39023110861993,1.884796115370075,0.7387298113740558,0.2459799034163487,56.41796155013556,107.9908626533579,73.87288537644547
792342,3942,0.34074066839105815,0.6043067014531778,5.049839973533709,2.004619706917484,1.01614587633714,0.22744532323725494,34.624223524739335,114.85624873512387,101.61429239996043
792343,3942,0.5025904810794359,0.6724622559962495,5.182057081211976,2.069652499430909,0.7666131738322398,0.22883258750119084,38.529249150431035,118.5823532760931,76.6611663764778
792344,3942,0.6901455922497932,0.7382020693098877,5.164029208185869,2.1294643796761323,0.612854198612596,0.23626768250886926,42.295862999280445,122.0093215788863,61.28533194868226
792345,3942,0.8734870247082067,0.8020979713003263,5.115892008201496,2.1789245533408286,0.5261306314279327,0.24403013265269508,45.95682851151413,124.84318078385749,52.613003511829774
793348,3947,0.2593558217091264,0.5867143673034748,2.9203861535114717,1.9476025312398044,1.296144251110532,0.38210496475870775,33.616257026177486,111.58940520903685,129.61393035529545
793349,3947,0.4135906845466963,0.6595976419600914,2.998219861184269,1.9989618735357317,0.9137575278988176,0.38200026576410534,37.79216106109441,114.53207876116123,91.3755340669271
793350,3947,0.5960335488083777,0.7334165992022681,3.0715823536876425,2.0298909024630336,0.7050219763320008,0.37864581773253386,42.021675759127824,116.30418158313367,70.50208053063312
793351,3947,0.779571308766756,0.8084598834421188,3.1176941843837995,2.049317186384237,0.5941898850274532,0.3766155958302657,46.32133922687188,117.41722566344149,59.41891304496166
793352,3947,0.9618195771009572,0.8804340969476263,3.1526176556872656,2.061787368209919,0.5244763006600736,0.374709929902208,50.44515789451094,118.13171445181379,52.44757608176642
793405,3947,0.9835748726977499,0.8488742286797605,3.7201113659191947,1.8752567226485786,0.4944911820782982,0.2888201047065429,48.63691064077338,107.44429571129832,49.44906843573964
793406,3947,0.9083374775528977,0.784355163715129,3.8085726641485826,1.8180452207327473,0.4947526787784644,0.27350487183549216,44.940240520169624,104.16631811191657,49.47521395464886
793407,3947,0.8149885374711231,0.7159206301347808,3.873500301856665,1.763803187799228,0.5033105152256482,0.26089704509195316,41.01923057306936,101.0584785526163,50.33099038344742
793408,3947,0.7003746715436556,0.6480123128302994,3.8996948397005857,1.713514924013419,0.530121541741841,0.25175604005576696,37.12837059768736,98.17717327864887,53.012079240066925
793409,3947,0.5843993612953275,0.5818823817024539,3.903765876062356,1.6726057040420823,0.5704900840443045,0.2454892286785771,33.339404644571005,95.83324763111898,57.048911760892786
798975,3975,0.3006602141343595,0.7609408656282544,4.272737320718322,2.084292701419423,1.4500987014513436,0.279495709232323,43.598700059530465,119.42117506125399,145.00939266495172
798976,3975,0.42775124429680045,0.8278389276873883,4.362052230903977,2.1428377407959833,1.1088611943662952,0.28146283434586866,47.4316766731231,122.77555872895812,110.88586279914905
798977,3975,0.5617110285720008,0.8938169803020133,4.338945073902936,2.2042103601284473,0.9117132673522987,0.2910660272306791,51.2119406284332,126.2919507943713,91.17116604859886
798978,3975,0.7004110308179007,0.9690695670196912,4.207519490146709,2.272131812748045,0.7927287408256877,0.30940691626820216,55.52359624479838,130.18356336787204,79.27276203402893
798979,3975,0.8526949059592545,1.0402856689527793,4.0875763202666064,2.2535311270486527,0.699007079828607,0.315878682497474,59.60397831893779,129.1178225812475,69.90062682649484
799035,3975,0.9424794049326308,0.5976575540238985,4.363494055372482,1.92599845842821,0.36333160063903475,0.25289729139856,34.24325543968138,110.35158301663917,36.33312189883577
799036,3975,0.7800768209460474,0.5348490381001936,4.373637522794319,1.9235496307280648,0.3928406965068847,0.2519899618984934,30.644592559772857,110.21127552466612,39.284019795112634
799782,3979,0.8489859353176321,0.547498201912919,3.644319778182792,2.025839841147196,0.3694918206081184,0.31850133800981767,31.369336260611632,116.07207286718744,36.94913897453015
799839,3979,0.8635609379588663,0.6366223522706246,4.73072969896728,1.884950213097964,0.4223879509027424,0.22829393866675776,36.47577392879753,107.9996918027985,42.23874666710353
799840,3979,0.7022732109296176,0.5710276029902221,4.8211425460990025,1.8552701610563398,0.465879527536344,0.2204853908553496,32.71747163681167,106.29915008508478,46.58788707832907
802998,3995,0.7800532262482187,0.5469128608052446,3.702010380113746,2.074383223162031,0.4017135911938592,0.3210509729992329,31.335798685566377,118.85340377992878,40.17130813620527
802999,3995,0.962799891973339,0.6107474120178376,3.723803250412438,2.0979731392911507,0.36345297694191775,0.32280171106537286,34.993249057159666,120.20500641319492,36.34526032214007
803054,3995,0.950847975778054,0.8634610904019767,4.462268444472527,2.012580503057584,0.5203005842549596,0.2584164756827621,49.4726762537973,115.31236875551562,52.03000425310986
803055,3995,0.7970967398486833,0.8008837202602922,4.56059483653909,1.9597167962327533,0.5756798915609906,0.2462036318579029,45.887257051650806,112.28350146503591,57.56791765632379
803056,3995,0.6859349007657659,0.7347412149153824,4.66516845116959,1.9145283567171618,0.6137254422867758,0.23513490565463777,42.09757064896598,109.69439459801032,61.37245565069424
803057,3995,0.559610744059975,0.6729459072566523,4.77942486856151,1.893594527202525,0.6889960574681172,0.2270042469009986,38.556960326408294,108.49497451777523,68.89948385764407
803058,3995,0.4328115695656968,0.6109503754983086,4.875284043542165,1.8750700454698626,0.8087786847826821,0.22036377515022948,35.00487800798594,107.4335998968265,80.87768348112297
803059,3995,0.3318744218878298,0.544238507898099,5.057473578151932,1.857345715557675,0.9395893914960519,0.21041745200106368,31.182569551058393,106.41807059816065,93.95865886566845
805263,4006,0.8742573392678512,0.7521821762478944,3.5575096472293506,1.9720111859623368,0.49295398157146014,0.3176039673669557,43.09686412396979,112.98791810823003,49.29534233560907
805264,4006,0.7650860153304104,0.6868720679364101,3.696174632351045,1.9627281072946472,0.5143849090850097,0.3042497927212471,39.35487055817946,112.4560368796835,51.43842434861303
805265,4006,0.6631205413615453,0.6164571502301822,3.8362278594387513,1.9500308739233772,0.5326390938469688,0.29124583522814346,35.320392958851585,111.72853899601705,53.26382986493014
805266,4006,0.5799705862858859,0.5496527695994334,3.878887009791832,1.8856648020247446,0.5430065609774531,0.27853514211967945,31.492783895724177,108.04063473238979,54.30056340760185
806271,4011,0.9579938199717103,0.6295907012057959,3.762524730588335,1.9276603581173966,0.3765461621066955,0.29354438965771,36.07288999977417,110.44680285480366,37.654577298068695
806272,4011,0.8125261803659283,0.5634452944920748,3.7238666067528587,1.8838739148789605,0.39731688336547916,0.2898547009491765,32.28303736090166,107.93802445735214,39.73163992663326
808021,4020,0.18561027804779978,0.5759026155258076,3.153098058691578,1.9581242367647849,1.7777457072679346,0.35581593748352225,32.99678928017409,112.19225452889772,177.77362252565575
808022,4020,0.3013402343250714,0.6458546149696341,3.167276081992009,2.014899975534512,1.2280053631631058,0.364493847034765,37.004743616806834,115.44526473914037,122.80013287822412
808023,4020,0.46334783927463485,0.7150566052497715,3.2188204740745556,2.062276908971566,0.8842109801070975,0.36709025450770966,40.96972559376405,118.15976307135578,88.42090908849907
808024,4020,0.6191486845071745,0.7797940179831742,3.1911396226241893,2.124696554128422,0.7216183530120772,0.3814817253779642,44.6789061199845,121.73614529754785,72.16171991680433
808025,4020,0.7988205536322233,0.8475647187403521,3.1666832185474836,2.114939589703559,0.6079197689554312,0.3826625641704184,48.56188124801485,121.17711241514391,60.79190155448997
808026,4020,0.9570907050650286,0.9144499657113399,3.1285987605822188,2.104430553952162,0.5474311137537549,0.3853961401301654,52.39412361114262,120.57498901983678,54.743054749996766
808079,4020,0.9145703678399404,0.7060126414272296,3.0766507229511415,1.794954001526785,0.4423010586916566,0.3342702751604035,40.4515446366634,102.8432887076035,44.230057991212824
808080,4020,0.7693636447871098,0.6401630993191852,3.0052941241839894,1.7469036604421464,0.4767400118628269,0.3330462926101128,36.67864379100346,100.09020695928965,47.673939840519665
808081,4020,0.6387939769564429,0.5763154241574415,2.960159309481726,1.7083749296138695,0.516918476797823,0.33066690920531744,33.02044147251329,97.8826732928338,51.69176756811729
810694,4033,0.8970410250680596,0.8948612420244875,4.191505724386445,1.910321233510476,0.5715655183371625,0.2611313239928026,51.27177241783803,109.45334419437569,57.15648875418962
810695,4033,0.7322452113020627,0.8293633746625383,4.149847721587687,1.889519962531506,0.6489495549918834,0.26088070252484435,47.51902105089068,108.26151915877274,64.89486776093179
810696,4033,0.573517003002634,0.7602739409869927,4.106734211579552,1.873005931128851,0.7595326224809453,0.2613155102483792,43.560488092332896,107.3153348566541,75.95313113847071
810697,4033,0.42027728907761175,0.69074367615501,4.0597731979891964,1.840650503232554,0.9416805869813313,0.25977191333328553,39.57669736903339,105.46150539385643,94.16783687754297
810698,4033,0.3146032481101049,0.6239303416536426,4.058905873739006,1.805362854729752,1.1363065818726497,0.2548461950795903,35.74857528690923,103.43967206570474,113.63030061309908
810699,4033,0.25191327727993207,0.5587321195461916,4.097088483670268,1.773162893567052,1.2707941162635912,0.24796816165321808,32.01299232839575,101.59475019059687,127.07891221592926
812904,4044,0.9605526655648458,0.6104121605993588,4.458908305299383,1.8504312765523068,0.36410330693461274,0.23777547087404918,34.974040565805055,106.02190242545242,36.4102931669506
812905,4044,0.8306237632834611,0.5459108355912478,4.51783713004303,1.8386834568723174,0.37656503312197537,0.23318415133995937,31.278386869838666,105.3488019393083,37.65645843039298
813504,4047,0.9375210424787354,0.8206019851210907,3.3247166783367246,1.8750566240423887,0.5015037292569183,0.32313379146727605,47.017030407495675,107.43283090567719,50.15031996814315
813505,4047,0.8105464717887844,0.7564322140559273,3.4311448921549297,1.8522847269033766,0.5347055884752445,0.3093081182361376,43.3403733531411,106.12809730810578,53.470493538760806
813506,4047,0.707786575436424,0.6876066872502188,3.4675743033262028,1.8218296982514426,0.5566220377024689,0.3010264330896847,39.39696114440949,104.38315270139995,55.66212591414479
813507,4047,0.6356970718739667,0.6171017281763794,3.580774920255216,1.7993023568403923,0.5561976853898134,0.28790536440543246,35.3573245547359,103.09243111489648,55.61968191991909
813508,4047,0.5485922589475587,0.5503165492190143,3.6934411299022454,1.7873165611511572,0.5747586586836694,0.2772636458219221,31.53081566645296,102.40569560779723,57.475762146517845
814253,4051,0.5437030050332776,0.555275203442453,4.473899603845891,2.329788033361599,0.5851526430026044,0.2983683877451927,31.814925625520715,133.48702147170386,58.515157753111396
814254,4051,0.6840693915271657,0.6284723878579851,4.355711234560823,2.3135819879796484,0.5263912591965494,0.30433257859839197,36.00881536477147,132.55848346872062,52.639049739286214
814255,4051,0.8456910090436212,0.6944225231410963,4.248257814209837,2.2866122081542612,0.470473008212924,0.308392838503621,39.78747977481056,131.01322891032885,47.04724574588987
814256,4051,0.9827681331612566,0.7556881327044803,4.101261440774506,2.255913849330973,0.44056923225872546,0.31515752912403844,43.2977406320888,129.25434251177626,44.0568788447941
814310,4051,0.996487447873466,0.7048787411591377,4.955133309307856,1.755955110018749,0.4052893653383169,0.20303957600187783,40.38657693691298,100.60881681850445,40.52889626879173
814311,4051,0.8126342067867033,0.6487928741808865,5.0326221683338215,1.7089813769636422,0.4574394321680903,0.19456541082702683,37.17309346872703,97.91742016647267,45.7438874888472
814312,4051,0.6438725114222728,0.5828612444327188,5.146271250475407,1.6521074799635422,0.5186661681720687,0.18393664288726339,33.395489347737836,94.65878590390518,51.866537068700765
819938,4079,0.9142005774491431,0.6920484160835556,3.9953826744879017,1.89827957436099,0.4337281555565295,0.27222275445365884,39.651453460301255,108.76340794677503,43.3727685867038
819939,4079,0.8169642992351751,0.6258476255813259,4.130459418804494,1.8747665805199851,0.4389228165629862,0.2600587525128132,35.85842756409375,107.41621263596836,43.892228467553785
819940,4079,0.7081008965760068,0.5559978038152857,4.271415889219167,1.859169429567208,0.4498840106164895,0.24938466360397865,31.856327577158613,106.52256171394579,44.98833816319145
820743,4083,0.8979445406667417,0.5299366209064827,3.5850240286916635,1.9627481988231925,0.33814038700742155,0.31368600831059923,30.363131787365727,112.45718803947311,33.81400142019807
826168,4110,0.9969492057364706,0.7928754574365164,3.6785915496571517,1.947238033469755,0.4556743380058518,0.30329140709377744,45.428417390616936,111.5685210251711,45.56738855082325
826169,4110,0.8848301526698321,0.7261503719939919,3.764434591064699,1.9127744510759448,0.47020720317188375,0.2911297839418112,41.60535160711047,109.5939032071044,47.02066770770127
826170,4110,0.743430379482521,0.6566587702285346,3.8221457567022035,1.8921154641613271,0.5060833757486649,0.2836370904331536,37.6237761143459,108.41023044788082,50.608270181620014
826171,4110,0.5998454880981736,0.5887645306929895,3.8219676512111773,1.8811078081999884,0.5623735252271226,0.28200013127481266,33.733722735708916,107.77953821896408,56.237259707333486
826172,4110,0.4838357134783058,0.5240881712757416,3.828091196892211,1.8828192343326071,0.6206247048266127,0.28180518666609994,30.028040306829414,107.87759571331154,62.06234349385686
834209,4150,0.9894525705974984,0.6048856263347518,4.9504519191999465,2.2275276383783735,0.3502683620894714,0.25781066911289147,34.65739347710864,127.62793242782426,35.02680116276723
834210,4150,0.8311567554361797,0.540500249367679,5.022970812581033,2.184457090204881,0.3725937681357231,0.24917558993873512,30.96838311453655,125.16017179616824,37.259332433570066
837369,4166,0.5913072645689808,0.5581285839763428,4.323527547844377,1.9451984786185967,0.5408087074654593,0.25777946745800745,31.978412287457388,111.45166314011429,54.08078020145253
837370,4166,0.734171889094371,0.6257359832709886,4.214560812512151,1.9974021766330088,0.4883329227817242,0.27154125786966415,35.852030930896326,114.44271471131559,48.833226428615625
837371,4166,0.911219319561464,0.6931609666536106,4.133681130236137,2.041340583049222,0.4358467453886622,0.2829444168275006,39.71519791246028,116.96019995749515,43.58462718607253
837425,4166,0.909622672666157,0.7278226429159541,3.851401707754481,1.8499976481708198,0.45844465477611895,0.27521683043522294,41.701165673141354,105.99705734931614,45.84441558222967
837426,4166,0.7746568984383576,0.6629832424435784,3.8100860530648517,1.8210324117432282,0.49036084576451394,0.2738454455422117,37.98614167991567,104.33747154941655,49.036021909145184
837427,4166,0.6372843641842303,0.5913818277906273,3.81984941813293,1.810302898732513,0.5316885865357823,0.27153613693189355,33.8836828131354,103.72271573767186,53.16877605765963
837428,4166,0.5357905142437545,0.5242532631558299,3.82717856638516,1.803514619613361,0.560620205390661,0.2699998809347127,30.037499374790354,103.33377599398766,56.06191695138533
838228,4170,0.9597625171985952,0.6797034060158323,3.346909414170781,2.0754822122395957,0.40576846232001135,0.35530202985778897,38.9441364853742,118.9163712158042,40.576804376818004
838229,4170,0.8423920546559625,0.6138856448345323,3.3581408779231072,2.0112426014050833,0.41753784286952655,0.34315329964816643,35.17305655268573,115.23571263742376,41.7537352169298
838230,4170,0.7483376621088673,0.5442568006454975,3.3625410859657725,1.9553014132893463,0.41670516947787,0.33317219168519274,31.183617648280027,112.03051865744463,41.67046182059143
838572,4172,0.2704219564523053,0.5834101149626709,4.142642737101925,1.764147662918413,1.2361028858392964,0.24399452642592537,33.4269373126032,101.07821552309287,123.6098360550937
838573,4172,0.3452899026615932,0.6495359529671619,4.19475305938721,1.8254936719812003,1.0778093243488445,0.24934264592514224,37.21566874702632,104.59308293236188,107.78062341103733
838574,4172,0.44912370962881865,0.7183588147779029,4.150300856882478,1.86106952586265,0.9164273999335849,0.25692457639207217,41.158928262793864,106.63142921234305,91.64253798640887
838575,4172,0.5717584712052702,0.7834074021582227,4.010825287220107,1.856489247754102,0.7850506683933104,0.26520476641416213,44.88593778297414,106.3689986077271,78.5049309080171
838576,4172,0.7208208238408365,0.8534451558251398,3.864440076632452,1.8465642430148095,0.6783766947205452,0.2737792160124153,48.898805474665394,105.80033772451829,67.8375763016058
838577,4172,0.8655113193206919,0.9186185755061396,3.692810803760521,1.8825496876695285,0.6081141352607276,0.2920868608410931,52.63296735882154,107.86215182713529,60.81134396808029
838632,4172,0.9060887024579772,0.5370348152616181,5.227247449750572,2.143913657756699,0.33958957818388696,0.23499404835097487,30.76982836607857,122.83720422991365,33.95892071459185
841185,4185,0.2367679736462455,0.7481343343731149,3.5256137214833156,1.8056548206603047,1.8104196018517862,0.29344224399126184,42.8649398684086,103.45640048128702,181.04120319604348
841186,4185,0.33160279761608635,0.8188169586986153,3.583150501513931,1.873324782133004,1.4147876570901694,0.2995509212593351,46.91475592716849,107.33360367348557,141.47834332550065
841187,4185,0.4109117486963394,0.8842680620782487,3.5327158460913806,1.917719185951062,1.232985594669654,0.3110276063012569,50.66482791529593,109.87721564625977,123.29826240737242
841188,4185,0.5208110688561431,0.9444392562728856,3.4398334597115787,1.9380518943140541,1.0390021562090745,0.32281270299646275,54.11238339091071,111.04219402152957,103.90001811931404
841189,4185,0.6619000135243542,1.0094088036471838,3.3352458510195504,1.9583271364079664,0.8737703912501108,0.3364186164908909,57.83486425233325,112.20387982211673,87.37690843587936
841190,4185,0.8416211432201023,1.0768508627698279,3.2471326441282784,1.9760904774774741,0.7330971823327841,0.3486819183426502,61.69900960173253,113.22164429545093,73.3096319990679
841191,4185,0.972218097367187,1.145092908984293,3.096535115554503,1.998026891872915,0.6748381905047045,0.3696987233027424,65.6089908351581,114.4785082579597,67.48375033244069
841241,4185,0.9470372407948693,0.8450921883250496,4.009699794064863,2.167591176904387,0.5112810045207845,0.30973347685658154,48.420215690500285,124.19382614641637,51.12804700458576
841242,4185,0.8401842626737693,0.7741440934135232,4.063218190762389,2.1175037624441835,0.5279221562482004,0.29859097566643095,44.35518928757623,121.32402869112418,52.79215341914257
841243,4185,0.7618942709122878,0.7055514714824491,4.144540060298389,2.071235076184852,0.5305870191962117,0.28633582069893126,40.42512154518919,118.67302824484955,53.05863297561153
841244,4185,0.6881555273313221,0.6384210160420848,4.267116695555977,2.0152366154596253,0.5315488692210275,0.2705915041782779,36.57882977166528,115.46455278606496,53.15481045209053
841245,4185,0.5946706871889832,0.5717042218974215,4.30489145922007,1.9481535452101935,0.5508298828136675,0.2592887109514415,32.756239044532954,111.6209759839929,55.08289658008085
842192,4190,0.5916491251004026,0.5840913902877334,3.6194494640544157,1.8641807235302061,0.5656388140876185,0.29509926433170913,33.46597151341569,106.80968770792497,56.56378676119867
842193,4190,0.7593300347334582,0.6480167556330618,3.599747779597509,1.908563535012985,0.48896557444355876,0.30377860305885424,37.128625151534855,109.35263548881296,48.89649369404191
842194,4190,0.9133304692849511,0.7174002056347017,3.6020459614868843,1.9528902546999118,0.4500452458004711,0.3106355952485121,41.10400400468579,111.89236944653332,45.004475797670906
842251,4190,0.980508849379161,0.8374135692972301,5.082437658429536,1.8491591986374072,0.48934043551730416,0.20846102725044327,47.98026322771738,105.94901772971689,48.93399414406444
842252,4190,0.8143258745825765,0.7688702161636203,5.148867220422373,1.8185213566154346,0.5409752927363756,0.20236217798127623,44.05301837948673,104.1935986884693,54.09746350575532
842253,4190,0.6760842625472105,0.7037503149827894,5.240116004511417,1.805662602364821,0.596403799301521,0.1974323584699478,40.32192287951614,103.45684634011323,59.64029259800717
842254,4190,0.5204608958001224,0.6437858387275127,5.316609809846778,1.798521953059546,0.7087220396058356,0.19382223026271983,36.88621146937634,103.04771727193794,70.87206915055714
842255,4190,0.369846490385506,0.5750969051251471,5.402033790174932,1.7911904248022954,0.890927058667871,0.18997965477760104,32.95062547470645,102.62765164541658,89.0924673853019
844401,4201,0.30668376613137677,0.6605858434502145,3.4780344523211,1.8688138607015587,1.2341305207998157,0.3078610866963377,37.84878083578701,107.07514691374865,123.4126536939675
844402,4201,0.4007753010672337,0.730596571818574,3.5378296118466306,1.923834012687153,1.0444780138891443,0.3115683376328235,41.860100091930825,110.22756941069153,104.4475433813349
844403,4201,0.5165694213344667,0.8032549075572365,3.528875656404407,1.9663828554049978,0.8909376607382299,0.3192672374212195,46.02311607620074,112.66543852158999,89.09359532686425
844404,4201,0.6536662786805282,0.8774213712737414,3.498795117692645,1.9940561158971093,0.7690857292035869,0.3265438397603445,50.27254142856663,114.2509995531541,76.9084564398652
844405,4201,0.7661848867636263,0.947290639414424,3.334815409756302,2.0097221668116547,0.7083897873732179,0.3452922685616265,54.27575561069561,115.14859815219462,70.8388872052404
844406,4201,0.8581423684409659,1.0163857442527453,3.13517292226552,2.0188511743122017,0.6786124886262274,0.36894823428299145,58.23461350294537,115.67165175311924,67.86117057426343
844407,4201,0.9636080377466454,1.090424571150316,2.972751803485099,2.0315144302772334,0.6483624327378222,0.39154699139970056,62.47672580427585,116.39720287480942,64.83617666182828
844461,4201,0.9552819930178313,0.6267660984599712,5.2128687925146,1.4896788132072243,0.37592095391926944,0.16373385185842151,35.91105218363736,85.35230882683128,37.592056433655195
844462,4201,0.7786793518537386,0.5624030415140567,5.253745236122705,1.4566224889401806,0.4138201452696118,0.1588549064530803,32.223320664076276,83.45832096011378,41.38196191462252
846672,4212,0.8504397876941593,0.5602825111034108,5.322382675122453,1.881565326397277,0.3774732004341334,0.2025516736743984,32.101823221217124,107.80575208071916,37.74727610167467
849430,4226,0.6949229552364861,0.5571613713050164,3.5999937040741177,2.1771561014877086,0.45937458798235636,0.3465057604648734,31.92299508349881,124.74185595640164,45.937393354982646
849431,4226,0.8709431324329515,0.621869025712288,3.529209405982297,2.16274669922491,0.4091021428068658,0.351116194636319,35.630470583226575,123.916258021437,40.91016777814912
849487,4226,0.9500163051138597,0.623612268721322,5.8244383843901675,1.8940793421073638,0.3761024993136841,0.18632311824293943,35.73035105030991,108.52275236566754,37.61021073824295
849488,4226,0.8318113818905615,0.5628591892046227,6.018708863388945,1.847892619261231,0.3877015428735953,0.1759122268650751,32.24945600158035,105.87644807704368,38.770108144198424
851984,4238,0.9528222587620796,0.8400219547873697,4.781390073118011,0.9137075941095008,0.5051279161451208,0.10949031127238142,48.129712707645545,52.35158885152687,50.51273913083975
851985,4238,0.8039604842164287,0.8347918026808979,4.872056945639016,0.9741966648864979,0.5949303157283902,0.11456630704842811,47.830047065733254,55.81735731371693,59.49295831298464
851986,4238,0.6770037517650972,0.8297928538338919,4.972257920057133,1.040936204276543,0.7022653503555336,0.11994802378791387,47.54362839479802,59.641251247413635,70.22643234163651
851987,4238,0.500876487673108,0.8150136333602919,5.009328983595117,1.097078122541991,0.9323025067876838,0.12548176871226033,46.6968414371674,62.857946217792225,93.23006640626572
851988,4238,0.3613504490433878,0.8014899772520211,5.116076054456145,1.151122189229624,1.2708436330798532,0.12891607223147947,45.92199301857717,65.95444314671717,127.08401513304372
851989,4238,0.3028467554070417,0.7788710473371151,5.22578977255462,1.2091138984022054,1.4735512772398665,0.13256775762455214,44.626023797350854,69.27712332905618,147.35464602460524
851990,4238,0.27183809815640253,0.7719633971511455,5.429375211097427,1.279124003664867,1.6270803565883443,0.13498497322323527,44.230244595342036,73.28840688387332,162.7074430989106
851991,4238,0.22116005911507325,0.6708536067939344,5.599671903040107,1.3551870716237806,1.7379755981366525,0.13866258748823898,38.43708034042129,77.64649965473583,173.79678183048458
851992,4238,0.19284934610097665,0.6181596821650779,5.763905063056276,1.4325992331987392,1.836559974546266,0.1424067342463056,35.41794085320735,82.08188979596576,183.65505465394642
851993,4238,0.1631147542039735,0.607703486635878,5.896285531207678,1.4709391327216146,2.134622524793647,0.14293507944379544,34.818844979620636,84.27860422558217,213.4609569108834
851994,4238,0.15387810225911006,0.5642561939288981,5.976734726890335,1.490113107189932,2.100980964843307,0.14284922419616983,32.32949847624117,85.37719203910835,210.09674479256444
853506,4246,0.8772964603157016,0.6688287484495394,4.442622947427292,2.170149135388546,0.4368086023346873,0.2798805740735952,38.32106450317561,124.34038637172837,43.680810941120825
853507,4246,0.7549074660538788,0.6041497921594479,4.517123041997448,2.119797753855254,0.45853610385985494,0.26887791924001453,34.61523328444223,121.45546471721778,45.85355025276892
853508,4246,0.6362441350657985,0.5388978039218957,4.596053559672619,2.0559238824658066,0.4852943636974458,0.256297625081493,30.876569753593206,117.79576146544103,48.52936085774557
855056,4254,0.6314858003934813,0.5575353681965634,4.410820114163812,2.3202422096836233,0.5058613036297802,0.30139539206029653,31.944423526935463,132.9400860629798,50.58605105764807
855057,4254,0.8040173911471963,0.624678880307757,4.424203716433284,2.3057308237101646,0.44515782048403485,0.2986043434268317,35.791463392592384,132.1086448918153,44.51572723544807
855058,4254,0.9865077896226643,0.6930898885109551,4.392532185178782,2.2878465637217857,0.40254243757687325,0.29842456799438716,39.71112543487049,131.0839522747665,40.2542033609856
855114,4254,0.9402096807538629,1.0158857766190619,3.941428783886398,2.030347552631415,0.6190743196974757,0.2951476527774329,58.20596746764217,116.33034571049588,61.907366783977075
855115,4254,0.7825937785211184,0.9475889791505993,3.936257378907441,1.9762657116125792,0.6937551768847754,0.287663313864869,54.2928492184395,113.23168447181908,69.375429926887
855116,4254,0.6364016211934507,0.8845976470173236,3.954899446916771,1.9140243597707571,0.7964107767330562,0.2772902798029379,50.683711741295994,109.66551770009386,79.64095378213314
855117,4254,0.5159246750414056,0.8209524072528007,3.9891400031042923,1.8550923248571505,0.9117049344695664,0.26644580153182945,47.03710811669063,106.28896082142658,91.17031850162462
855118,4254,0.4027968066419566,0.7537338893268302,4.048068281384639,1.7985057649034064,1.072147766569754,0.2545579331708012,43.18577073440805,103.04678975891305,107.2145131435522
855119,4254,0.29316068676206514,0.685261625037587,4.159596769534307,1.7361793693444079,1.3392859073737418,0.2391475799542677,39.26259897693008,99.47575034111951,133.92813846372857
855120,4254,0.2138841146610312,0.6196335383847803,4.2519772996958185,1.6770544770731188,1.6598888136494683,0.22598461033810882,35.502386594205404,96.08814354980899,165.98811305999578
855121,4254,0.18612440747269365,0.5541684544629826,4.3921194174203,1.61530763240062,1.7059295073240417,0.2107190195558597,31.751513580016653,92.55030995182496,170.59204334945457
855718,4257,0.9800428692630039,0.6359714134847694,5.352553814168159,2.0898715640672796,0.3718049348111027,0.22370783046552228,36.438477883646655,119.74082034545935,37.180455922905274
855719,4257,0.8291073558405396,0.5687630477345191,5.472114701920078,2.0362828111694746,0.39304586499661187,0.21320900075595797,32.58772217818572,116.67041097504567,39.304539567869504
859074,4274,0.149104857152406,0.5528168411190464,2.922174642975813,1.8320817801998448,2.124281550614992,0.35922067019973736,31.674071839875545,104.97055372826566,212.42674462814986
859075,4274,0.2704448198324612,0.6270951572610414,3.0005189967175174,1.9002505704661976,1.3285484468831832,0.3628583503763496,35.929905864150314,108.87633770504016,132.85435835691072
859076,4274,0.42539801444032643,0.7013342881221362,3.07848241827934,1.9410257331028378,0.944609340630525,0.3612578113536264,40.18349473721047,111.21258243307916,94.46071423103233
859077,4274,0.6044832502656503,0.777969760024396,3.161665167293046,1.978626687261507,0.7373964966145531,0.35856724875939683,44.57438383820336,113.3669584120358,73.73952889362201
859078,4274,0.7599175913440119,0.84961067619712,3.2294755222042117,2.002981110875598,0.6405840039664263,0.3553591378946546,48.67910597535097,114.76236409759697,64.05831694320813
859079,4274,0.9407589485116133,0.9227666277763052,3.272825828524713,2.008575424774673,0.5619997850538568,0.35163158796485516,52.87063324710169,115.08289467328535,56.199919363859934
859133,4274,0.9956513773242797,0.756000383172633,4.010259235261151,1.99325086786159,0.435048168641352,0.28478174415833946,43.315631266064926,114.20486223925764,43.504773606297746
859134,4274,0.8466608453092251,0.6850792357035325,4.013744517300811,1.9345306510540112,0.46361123927861914,0.27615220871725216,39.25214883786055,110.84044164409022,46.361069717892555
859135,4274,0.7139084216807019,0.6234423272805236,4.029527120787934,1.8858664838023467,0.5003528819360402,0.2681510428890512,35.72061412298779,108.05219024705109,50.03521880814166
859136,4274,0.5803460023189728,0.5528586369911016,4.012234997210504,1.8373215018795288,0.5458203536261259,0.2623743810548226,31.676466566945376,105.27076766633475,54.581942252430586
859279,4275,0.9008132760038574,0.5517164751706364,3.856879701770082,1.9505494639958947,0.350916510738235,0.28976338483519676,31.61102551511174,111.75825201846969,35.09161250789988
859334,4275,0.9330602457920586,0.6842812465338692,5.3061618735806215,1.414747163856933,0.42019180629508274,0.15276398147205864,39.2064274263417,81.05904156710538,42.019136046166054
859335,4275,0.7799614251559961,0.6198898856154506,5.399996435755853,1.3700011367868137,0.45536961967240197,0.14536173098355104,35.51707420861268,78.4952830660094,45.53690416754255
859336,4275,0.6361739924226657,0.5528525202630832,5.500822806317759,1.3334027838323257,0.49791591582832856,0.13888531671654172,31.67611610424549,76.3983519045871,49.79151409837299
861343,4285,0.9613370227809354,0.7634719173291149,3.317847280685985,1.9302782843387973,0.4550299962249273,0.33333902765458506,43.743718639719184,110.59679897836656,45.50295276283613
861344,4285,0.8239507942216424,0.7009897592165154,3.246976968267557,1.8781892122109358,0.487453310066727,0.33142309202359893,40.16375468499813,107.61231498668757,48.74527243786074
861345,4285,0.7117483977732764,0.638720694688484,3.2013856328075487,1.8234480826200938,0.5141704525592927,0.32634581069630353,36.59600009331415,104.47587929535362,51.41697373795544
861346,4285,0.6339428238086061,0.5705034413609598,3.1866386269008595,1.7817820416800565,0.5156212460245417,0.320364505150655,32.68743938767224,102.08859100047017,51.5620440803299
865707,4307,0.5004192590996501,0.6797918028739454,3.37730074940057,1.9146259880006657,0.778331364464509,0.324815573955498,38.9492012522663,109.69998845850354,77.83298246626389
865708,4307,0.6722733122990674,0.7535424403510242,3.5076269148760777,1.973891353196111,0.6422209551384748,0.32242780141020755,43.17480151610227,113.09564375550408,64.2220009395444
865709,4307,0.8550742638427697,0.8236954930193552,3.5903981485231746,2.0218916464401935,0.5519318823832917,0.32265462731139205,47.19427535395661,115.84585797378033,55.19312433605218
865764,4307,0.9093900119916777,0.8833566146803505,3.071572338999373,1.9158458829101805,0.5565555438501543,0.3573735885597095,50.61260582614818,109.76988328826823,55.65549379611788
865765,4307,0.8088712558876578,0.8134589916137713,3.055780614564334,1.8624550709449958,0.5762074756764838,0.3492096724485923,46.607767026436925,106.71081509788658,57.620677044101946
865766,4307,0.7489037856026279,0.7465461117207488,3.069014228644371,1.8328607502872631,0.571154020912414,0.342178879798969,42.77394141350095,105.01518542664166,57.115326588655265
865767,4307,0.6733455849856851,0.6759592841769928,3.0922403578023405,1.8082034334471766,0.5751818144269482,0.33504001278923295,38.729614106025934,103.60242523758785,57.518096875547826
865768,4307,0.6039479617292016,0.6135240526636078,3.1043135543609526,1.7982491565810532,0.5820425018853842,0.33189974224225716,35.15233884738678,103.03208718505428,58.2041547794702
865769,4307,0.536145742991741,0.5447354286481234,3.1017291940769787,1.793615071986948,0.5821372423194044,0.3313202634221804,31.211041012787266,102.76657369590545,58.21361673975151
866310,4310,0.13107694738491762,0.5922957102031815,4.637307069256012,1.8062689246395642,2.589016795582932,0.2231717336779959,33.93604441834599,103.49158604748078,258.89972413659274
866311,4310,0.24304583492955,0.664591079773661,4.718253759349555,1.8734335152754582,1.5667111685908666,0.22749906823777935,38.078263973072985,107.3398336236414,156.67047869234923
866312,4310,0.4056023483685069,0.7332889570833468,4.749198300268397,1.939575702891128,1.035851038278572,0.23399633909054718,42.014362404425526,111.12950182178174,103.58485099648092
866313,4310,0.5894427091544783,0.8001108966465224,4.689860539608971,1.9982637301909367,0.7777342230307444,0.2441268282562376,45.84297752027374,114.49207809400933,77.77329167874697
866314,4310,0.775153327255135,0.8721329985698876,4.606716977062679,2.047997844974807,0.6446407128825478,0.25471856269547677,49.969539992143616,117.3416329689443,64.4639889569972
866315,4310,0.958584104749223,0.9375624019702972,4.50260535369597,2.081959440219619,0.5603928527138109,0.2649299225817256,53.71836866304601,119.28748904200359,56.03922739556793
866369,4310,0.9848420046809143,0.7810710101323499,4.849798189856907,1.994053052395535,0.4544086433508134,0.235578511350873,44.75207238060361,114.25082402744337,45.44081865627214
866370,4310,0.8681901887112575,0.7108710427190064,4.92242834494671,1.941503208837374,0.4691358021125168,0.22598589914609793,40.72991052586311,111.239939777488,46.913526715610374
866371,4310,0.7779421805852246,0.6423364192139358,5.030789100229617,1.8930558775491337,0.4730835567719816,0.21560059423967623,36.803165848504484,108.46411216599974,47.30829547322274
866372,4310,0.6618150517287025,0.5784715155410859,5.132736236390218,1.8511757943579874,0.5008042023472009,0.20664330887464558,33.14397640904063,106.06456015349028,50.08034532022397
868320,4320,0.38661081866747765,0.624432642355049,4.859845458247056,1.669487682525129,0.925410059528318,0.19682641924058777,35.77735499714628,95.65459815776657,92.54076898233201
868321,4320,0.5677169927081803,0.6947213189724212,5.017919208391764,1.7307245738553356,0.7011345322581798,0.19761819444608425,39.80459951488158,99.16321358148868,70.11333096032774
868322,4320,0.7512786809744721,0.7632069960037912,5.0422075237841755,1.7800723288303462,0.5820548391856488,0.20227376796103141,43.72853976587512,101.99063167000249,58.205407218195454
868323,4320,0.9339645761814849,0.8303908213339635,4.999098748057307,1.817737916928881,0.5094185594698013,0.20833497384516525,47.57788940883811,104.14871090092672,50.94180194880431
868725,4322,0.7266687067785199,0.5676329805035596,3.6201787116754165,1.9609182659016402,0.44756260100843626,0.3103502595979005,32.522974095285704,112.35234060627612,44.756199125826925
868726,4322,0.9092257100288191,0.6335034726387536,3.665085094737287,1.970148827728627,0.3992086287212765,0.30799070039490484,36.29707528908201,112.88121284149702,39.92081940480117
868784,4322,0.9625157593409568,0.5303567920040061,5.620610379613486,1.2197132842830638,0.3157060568340983,0.12433600367426587,30.387205817927196,69.88442340545993,31.570573211352254
870189,4329,0.9244086883439033,0.6290004508989718,3.9903419856519533,1.9259822978082104,0.3898607965600234,0.27654435935957783,36.03907114833685,110.35065708131887,38.98603790371507
870190,4329,0.7434517674967638,0.5592561531679971,3.9120273768307663,1.8587565723207868,0.4310033039552137,0.27223456332309054,32.04301724324816,106.49890673618447,43.1002730020608
871997,4338,0.9766277590760326,0.6928043499200054,3.2683182100799235,1.9699469209243956,0.4064472313364115,0.34534472114835707,39.694765278720965,112.86964443375959,40.64468193244209
871998,4338,0.820934800718576,0.6285381380382833,3.1914665920645184,1.9106339636169873,0.4386777378959293,0.34301240137932176,36.01258257260478,109.47126230960546,43.867720887653434
871999,4338,0.679942806091002,0.5604484712889284,3.1255811535439704,1.866678157785659,0.4722651858287563,0.3421852594898043,32.11133203941449,106.95278015037381,47.22644982093828
872141,4339,0.9006472521504284,0.571261083372282,3.547661802155339,2.0026624603630307,0.3634147401853315,0.3234358652082899,32.73084907730281,114.74410676808718,36.34143407168465
872198,4339,0.9889524216886741,0.6125517438023025,4.229890243267832,1.173441792291825,0.3548869341806661,0.15894800615842697,35.096629653250815,67.23326220258855,35.48865789181662
872199,4339,0.8730060611610619,0.5460771310742959,4.2588230456830285,1.1126604923918015,0.3583928672747691,0.14969100479515918,31.28791489916941,63.75075024499827,35.83924608531554
873346,4345,0.4053466378020754,0.5406585226622508,4.4343864971508555,1.772041491729127,0.764221233215945,0.22896177055026282,30.977451506325142,101.53049859814556,76.42193667217305
873347,4345,0.5713168226125727,0.612240408539175,4.439112369506035,1.7965288390301746,0.6139989136369104,0.2318786087173144,35.07879145666002,102.93352024996665,61.39978496775861
873348,4345,0.754457853586856,0.6854364412871767,4.376508224611407,1.8225520586345914,0.52054086922113,0.23860240928328508,39.27261521022187,104.42454090264184,52.05401861680276
873349,4345,0.936933839627706,0.7575409461877887,4.292224809936568,1.850532993793847,0.46325467952891225,0.2470227791927808,43.403899024907304,106.0277303940964,46.325419003688644
873407,4345,0.8809370085876393,0.5380155625165197,5.502683230253097,1.7697643911808023,0.34992309772581964,0.1842737913849748,30.82602104455347,101.40003034719962,34.99227044815012
874810,4352,0.9698046058993103,0.7550726885364206,4.154774050370186,2.2397585018341832,0.44609478620201537,0.30887048830811514,43.26247827873304,128.32870928364295,44.60943308181367
874811,4352,0.8120722786040787,0.68818404847359,4.288334308260046,2.2528855557728793,0.4855484180299011,0.30100459640503086,39.43004150576317,129.08083407177082,48.55478260969481
874812,4352,0.6957445676520128,0.6185485085934771,4.347697310216345,2.2130220836094607,0.5093854857787155,0.2916413356801024,35.44021896651777,126.79682536006969,50.93847609568058
874813,4352,0.5810527811075787,0.5500656259006325,4.50707437929971,2.1670411611613507,0.542402330763319,0.27548316677543555,31.51643881932826,124.16231256567464,54.24014066176978
876219,4359,0.9498115050502395,0.599331695767992,4.809338336139768,1.812798925370482,0.361536748626471,0.21596677142282555,34.3391766959246,103.86572752957971,36.15363717927493
876220,4359,0.8066275265874638,0.5362069168634163,4.9068366655175115,1.778411647302364,0.3808745906688333,0.20766022667055065,30.722393281995963,101.89548162733377,38.087412320973364
877627,4366,0.9426868267626712,0.5698795511137879,4.537618157922092,2.005336465217016,0.3463683997302939,0.2532106310153303,32.65169310962992,114.89731596061802,34.63680359781524
880181,4379,0.6324751229658218,0.5239387388314929,3.495656495039908,2.0477685608149456,0.4746349207072124,0.3356408039094092,30.01947845845164,117.32849595427504,47.463417777233396
880182,4379,0.8167370089678292,0.5860023175187732,3.590181702635083,2.0516912480504375,0.411092662619146,0.3274298037993684,33.575459578710884,117.55324937721856,41.10921643176937
880237,4379,0.9965142525674677,0.683705308831279,3.7003357635996603,1.314975635046121,0.3931045454963434,0.2036100469265935,39.17342862672082,75.34255405067796,39.31041549619295
880238,4379,0.8704038583692195,0.6172921763132893,3.7564263165778478,1.2812589049116312,0.40634282215981593,0.19542703977870435,35.36823642919696,73.41072771499013,40.63423599847832
880239,4379,0.7465744298201478,0.5539937574816385,3.81215204786289,1.2689967921854204,0.4251619461809943,0.1907273353850033,31.741504180291958,72.7081604078646,42.516138239291614
885064,4403,0.8997297890966016,0.5545254468001763,3.8939543045268015,1.9325044374981175,0.353127880905555,0.2843493765344822,31.771967734256364,110.72434815894532,35.312749234865954
886872,4412,0.8775767778761869,0.6594743280366411,3.715915992803396,1.8666079169817613,0.43056170372473923,0.2878126296936626,37.78509569372551,106.94875564876087,43.05612180058691
886873,4412,0.7236384722620269,0.5906365273623805,3.6874929846571063,1.8489634526887433,0.4676503678790519,0.2872895012044698,33.840980244127564,105.93780231300165,46.7649728093797
886874,4412,0.5856635609133635,0.5249352840492029,3.668020176066881,1.8457822347555148,0.5135469881900775,0.288317747959602,30.076576293520368,105.75553195171634,51.35461200967144
887274,4414,0.8583879166518296,0.5686138185538971,3.9001517430162895,1.9021300022929553,0.37953902850232324,0.2794353351310244,32.57917197595589,108.98402121659593,37.9538590771091
888420,4420,0.3583210165045906,0.6474493313815421,4.221472843782386,1.7466013070334356,1.0352759506915,0.2370567971209032,37.09611413672941,100.07288338504912,103.52730903503989
888421,4420,0.5147542209584295,0.7126749188625945,4.352523049494052,1.8011597506873347,0.7932574918253108,0.23710121815004453,40.83326501565505,103.19885194321985,79.32559661974298
888422,4420,0.6943150455927439,0.7808712914842635,4.422991451634172,1.8442906048209675,0.644385124369551,0.2389108565288282,44.740629344978196,105.6700678518714,64.43842055642357
888423,4420,0.8770420270063626,0.8503282275532894,4.439112800317112,1.8823179727213089,0.5555060827636238,0.24295141877876258,48.72021863964336,107.84887553855222,55.55054557122648
888480,4420,0.818184052690301,0.9778519040877708,3.521806142168649,1.766691007299591,0.6847699637271949,0.2874205281277371,56.02678709306064,101.22393842198268,68.47691351588144
888481,4420,0.6612270402697056,0.9110907584775831,3.397652788754813,1.7204774231118947,0.7894664199361807,0.29012998364041725,52.20165521413854,98.57609509185517,78.94652379358598
888482,4420,0.538182647172777,0.8408444581824038,3.3536228381352085,1.674436575553882,0.8951763502358567,0.28607316083537093,48.17683868081618,95.93814884157582,89.51747035403628
888483,4420,0.40205440989748054,0.7779233067226797,3.259253071544321,1.6400626370189708,1.108599235681475,0.288313502778859,44.57172226007057,93.96866723828332,110.85965059252865
888484,4420,0.2872107389491903,0.7036028183157077,3.2212038286090383,1.5936508894303594,1.4036198885485256,0.2834638059448549,40.31347194300011,91.3094699816294,140.36150503629602
888485,4420,0.2292174273213297,0.6335757854715949,3.2201133830608004,1.5565274400816111,1.5837023104974073,0.2769543867776912,36.30121850920845,89.18245301297844,158.36954704483514
891238,4434,0.8997707986533959,0.5276763334665092,4.351790492626522,1.9568559436034043,0.33601475582228213,0.2576401290822607,30.233626856568815,112.11958668356532,33.60143861123081
891293,4434,0.9442162676669943,0.6158988402026381,4.114971543765326,1.9119605322167166,0.37373221565090375,0.2662163459948232,35.288404150613474,109.54726909160452,37.37318237973483
891294,4434,0.7807791543926117,0.5458054402670653,4.131699870819293,1.8830542560209387,0.40052744218539904,0.2611299575872214,31.2723481625826,107.89106146414697,40.05269343315999
893504,4445,0.8298875750841216,0.6119840922837771,3.1345051782784434,1.9966601877535641,0.4225163292863436,0.36497052966407595,35.06410561700512,114.40020188007776,42.251582525341846
893505,4445,0.6883020237793518,0.5463141326691416,3.1066178742423696,1.9715995616627326,0.45476393435045737,0.3636248099455818,31.301494090291943,112.96433377311769,45.47632802543987
894310,4449,0.9100277615309205,0.534098833814038,6.139079786055154,1.9454821704695404,0.33627115542774133,0.18157105167045168,30.60160902040352,111.46791748585562,33.62707896058487
901143,4483,0.9249894091510936,0.7148919933084007,4.195704173794575,2.107629954941225,0.44281905475045585,0.2878141449053894,40.96029402426605,120.75830119348005,44.28185808094724
901144,4483,0.7984472257561046,0.6454662390241024,4.216799275117928,2.060042953621755,0.46318015340415325,0.2799084302512398,36.98249131426346,118.03176685819095,46.31795791047345
901145,4483,0.7049184865963054,0.5793601753233072,4.338194028991793,2.0168381604877474,0.4709039842799737,0.26636963104520817,33.194892863984926,115.55631455687652,47.09033229350211
902894,4492,0.8173327526299128,0.558139528104875,4.374305677276478,1.8303278908063123,0.39126095027604807,0.23974104867274945,31.97903933983273,104.87006326828349,39.12604763590716
902949,4492,0.9975655668417975,0.7975753391277421,3.4691346410992905,1.966595850660903,0.4580921980127839,0.3248004288767075,45.69770077573497,112.67764225080967,45.80917433952264
902950,4492,0.8531905138919588,0.7242498295623687,3.425434276978765,1.9028081432877162,0.4863680196270876,0.31827460899759014,41.49645854699293,109.02287583351054,48.63674552703967
902951,4492,0.7224305355738152,0.6546767599750613,3.3665227650869873,1.8682940956682614,0.5192224432049237,0.3179701244356985,37.510215291870225,107.04536657100223,51.922173167698844
902952,4492,0.6074123559176943,0.585347506732763,3.3173921451372586,1.8351400488675802,0.5521445325470593,0.3169531206996947,33.53794168429286,105.145779615544,55.2143632627619
903699,4496,0.7178746349643909,0.5798439115503988,4.71708972672306,2.14314007777515,0.46279122882021856,0.2603149149482976,33.22260890819486,122.79288136185511,46.279059059920336
903700,4496,0.8167015357681137,0.6488009660831163,4.560644509969609,2.187863286161079,0.4551669737028725,0.2748631951027138,37.173557100573035,125.35533244865292,45.516642195326455
903701,4496,0.9539444455970891,0.7126953718095114,4.434729852708454,2.21652671623587,0.4280588523116166,0.28637060193051905,40.83443688319199,126.9976260183068,42.80584080741964
903756,4496,0.8587395303464681,0.7624753032341288,3.6010116868635977,1.8530633214531274,0.5087295367888542,0.2948413291249026,43.68661685827323,106.17270748975838,50.87289502994274
903757,4496,0.703461621890195,0.6893587544324442,3.5550502213182753,1.8073223348643932,0.5614712360821353,0.29128123449625776,39.49734719937438,103.5519420074594,56.14704459100544
903758,4496,0.5947611463848901,0.6225737819071008,3.572863023323877,1.7704181257557359,0.5997508370518271,0.283910929787019,35.670850138775045,101.4374865792651,59.974983874799705
903759,4496,0.4748634774769569,0.5590052675476043,3.563629748519478,1.7433918204817975,0.6744810540442603,0.2803012661807367,32.028642556059125,99.88899335123627,67.44796478825548
905766,4506,0.991004199311295,0.6734333143297216,4.097289945906065,1.9886061243102708,0.3893513905598324,0.27808317024917584,38.584886694599994,113.93873803684646,38.93510016033699
905767,4506,0.8943239446312974,0.6054767036826987,4.142091063541369,1.9366045641492082,0.3879048473974281,0.267882251117803,34.69125971451178,110.95926811152192,38.790441799444515
905768,4506,0.7653565315821884,0.5361084313671713,4.162565894099579,1.8917419130517086,0.4013390989671098,0.26038945699122396,30.716750478717877,108.38882754586724,40.133857982972415
910789,4531,0.9625916845797814,0.7421514938766411,4.357189376632833,1.967670096230651,0.44174647047026216,0.25874292344047023,42.5221483584607,112.73919198811686,44.17460161462134
910790,4531,0.8775427702442016,0.6723891065124147,4.40829001759457,1.9473496937291905,0.4390105971017508,0.25310249096214327,38.52505799373374,111.57491868677609,43.901010183244814
910791,4531,0.7720088465666264,0.6012748819532495,4.565079944738158,1.9420361156502923,0.44624504978298546,0.24374265991388142,34.45051306314799,111.270473088742,44.62444775330313
910792,4531,0.6504243033187539,0.535469568236793,4.711467302808067,1.9425391360325421,0.47169433382828113,0.23623064035929564,30.680146317660682,111.29929403365396,47.169361587129494
912400,4539,0.8739821327012995,0.837036126549997,4.410510955492725,1.9150512885506528,0.5487370394441103,0.2487792395110493,47.958637351293106,109.7243563850424,54.87364178649874
912401,4539,0.7428253390809424,0.7729854931012596,4.474551108673018,1.881427625129068,0.5962209883431837,0.24091324363098557,44.288806379540986,107.79786237921718,59.62201937311089
912402,4539,0.6187469597698837,0.7050396295553687,4.558968693768954,1.8517017807161933,0.6528645332681488,0.2327164405936526,40.39579516298964,106.09469695189692,65.28634886814511
912403,4539,0.45459357052404503,0.6392423927925386,4.625625503406968,1.8385478152703163,0.8056843026827385,0.22773358963596502,36.62589119285646,105.34103024798725,80.568254809192
912404,4539,0.33070754587857404,0.5734424359230932,4.724694132194655,1.8172417873224447,0.9935010793692924,0.22037465629472852,32.855831372094386,104.12028476838643,99.34981052518079
914812,4551,0.9491520091784078,0.6533837186364273,4.8338893252083075,1.804888528604359,0.3944165815802143,0.21393227690875666,37.43612948043056,103.41249518060692,39.44161701898357
914813,4551,0.8037021293294626,0.584227923219161,4.921664277180784,1.7912046764787721,0.416495025160423,0.20852391024239705,33.47379427415103,102.62846820632969,41.64945121226359
915757,4556,0.36303048999218546,0.5429182024385644,4.59267412520295,1.7390827187113027,0.856867993769906,0.21695878495392398,31.10692162055898,99.64210000629457,85.68656570599036
915758,4556,0.4697966274158095,0.6123370372611018,4.52575777246079,1.775753615060986,0.7467981905445947,0.22480917558688326,35.08432787460616,101.74318759809312,74.6796616823985
915759,4556,0.5645380374065326,0.6815773482974989,4.368232000615598,1.7883410621994655,0.6917426672757668,0.23456720005934875,39.051505469164816,102.46439519397202,69.17414542059961
915760,4556,0.6981850840446342,0.7482919883813387,4.222903042574182,1.7760173067618261,0.6140774580180633,0.24096763471189428,42.873972777703145,101.75829601964388,61.40765872807379
915761,4556,0.8568576165562133,0.8222737515765528,4.094164970794505,1.8151950826910417,0.5498324821951551,0.2540274212665327,47.1128155697252,104.00301723109716,54.983184692797465
915762,4556,0.9916030358178735,0.8909244218248029,3.9162383878189817,1.842659964851427,0.5147847160311149,0.26958685437155405,51.046209235694256,105.57663906371138,51.47842020791234
915815,4556,0.860594986787361,0.6259648232509994,4.1798445165834215,1.935440439073782,0.41674821059640094,0.2653030942959918,35.86514249593481,110.89256865787466,41.67477311836046
915816,4556,0.6828201603965136,0.5555379063622735,4.134397896123844,1.8832077309475217,0.4661546154327651,0.2609808184400458,31.829977394092197,107.89985492970126,46.61539395704808
916017,4557,0.9772957624630463,0.5599379009633804,4.486954480664454,2.146409227212082,0.32827399256788514,0.27408388046515986,32.082078514615965,122.98018982718885,32.8273660026875
916562,4560,0.517924637007273,0.526204023764492,3.7638608313370585,2.0734555282194504,0.5821169140862241,0.3156340146009255,30.149269724507068,118.80025077504328,58.21158013864391
916563,4560,0.7011064938160083,0.5912418624567446,3.782840703856576,2.1250280732270315,0.48317428530253353,0.3218616620486718,33.87566339022578,121.75513994272615,48.31736030354822
916564,4560,0.8851184305768545,0.6596123798977865,3.800712198597944,2.1466688905242233,0.4269824664153693,0.32361057793544684,37.793005482723075,122.99506743906895,42.6981988838415
916620,4560,0.9901398503863221,0.7860267355497136,5.344304349701601,1.8962168461214048,0.454844980323008,0.2032916073111348,45.03601453144426,108.64522232436437,45.48445255427307
916621,4560,0.8252551094085896,0.7176210496248705,5.471534210401761,1.8667073864168127,0.49822965609373143,0.1954743414173995,41.11665743325329,106.95445482757987,49.82290584036884
916622,4560,0.6648078291743411,0.6515214899339343,5.591764418328157,1.837164182597053,0.561507091758288,0.18824425686130764,37.32943163528959,105.26175393541287,56.15062555900596
916623,4560,0.5230699502919021,0.5896082534777477,5.715386472237566,1.81371580318745,0.6458421827837776,0.1818219311708511,33.782064490354585,103.91826075882115,64.58409604185121
918629,4570,0.8943803042216145,0.6575575530831852,4.27863185420684,2.057579136568899,0.42124443013266855,0.27553340479182387,37.6752725786161,117.89060053956993,42.124396385281244
918630,4570,0.7750756901030661,0.5872290992707765,4.340219500300515,1.9921091343769572,0.4340962952523254,0.2629808134320756,33.64574899548434,114.13944572925942,43.40957407841834
920639,4580,0.8136113890473234,0.8075012526959573,4.3096298312766965,1.962504466702808,0.5686549350854692,0.2609115570453095,46.26641373100534,112.4432232176433,56.86542431486288
920640,4580,0.6531720749759649,0.746572453507445,4.379282055305189,1.9092519896933666,0.6548879180633922,0.24979455400473594,42.77545068670347,109.39208103638485,65.48869254642423
920641,4580,0.5160756406467744,0.6810637100264877,4.497974637497848,1.8656939618997335,0.7561309299350758,0.2376544962061111,39.022076164039476,106.89638987989613,75.61294794341971
920642,4580,0.4135775395390247,0.620102281231236,4.6129580668699415,1.8276365629780633,0.8590708954242151,0.22700371388046997,35.529243580984264,104.71586154243872,85.90688390307973
920643,4580,0.307681193092423,0.5544035449135133,4.721622667927769,1.7908317272611294,1.0323992155313482,0.21731321367513076,31.76498327063589,102.60709979018604,103.2395893677675
923394,4594,0.2402614825946477,0.5741031970141761,3.3700806059183073,1.9310418064316948,1.36907874160991,0.3283023707185305,32.8936901938799,110.64054557185457,136.90731003298418
923395,4594,0.4158367049230811,0.6468538768540889,3.510689609017423,1.989186683895828,0.8912632236494531,0.3246427739822622,37.061997105414385,113.97200165085475,89.126110178657
923396,4594,0.6002338051745897,0.7200755233854086,3.6057773971871354,2.0457401093707968,0.6873536175008274,0.3250679701246875,41.25728842065772,117.2122742475781,68.73524838110188
923397,4594,0.7830995211668166,0.7866007749653203,3.5980521401095737,2.072483252983501,0.5755194936725363,0.3300245203613351,45.06890456723268,118.74454350749828,57.551876609761656
923398,4594,0.9649362710500562,0.8561995765582218,3.563232039561516,2.102165345374475,0.508392347982711,0.33802233605145143,49.05662215767432,120.44520212861848,50.83918263856708
923452,4594,0.9878547169832839,0.7940702717164942,4.985386013583007,2.0505375855349777,0.46056240825106165,0.2356630937470756,45.496875206161626,117.48714938410026,46.05619466889364
923453,4594,0.9182693066541872,0.7263495207946473,5.163203308643914,1.9991327511657824,0.45320867460232966,0.22184264740180734,41.61676199288311,114.54186932817633,45.320818599174885
923454,4594,0.787573834559385,0.6623726876242344,5.319782009836547,1.9488209287344285,0.4818742995056926,0.20989434120964023,37.95115946560588,111.65921424324813,48.18736937784199
923455,4594,0.6670945812211655,0.5946194175107373,5.44406268582246,1.890163703791393,0.5107099276210068,0.19892938209393926,34.06918303989265,108.2984028160627,51.07091697043864
923456,4594,0.5113478888532959,0.5249175847245433,5.502057572495322,1.836723960922006,0.5881624284437655,0.19126759310224278,30.075562196917144,105.23653109138249,58.816128972846386
924348,4598,0.9446674502039236,0.6228773741031234,5.005306795824963,0.9365365865825845,0.3777863236931681,0.10720540388917568,35.68824469030025,53.6595937707705,37.77859277781141
924349,4598,0.7882075459500144,0.6213565221342322,5.046141648794203,1.001334488182636,0.45167172050652526,0.1136952625057038,35.60110629121863,57.37224005375745,45.16711532010759
924350,4598,0.6534177331632676,0.6143774740393,5.082711797011403,1.0603775175281762,0.538724830457574,0.1195329555398254,35.20123629036019,60.75515644492397,53.87240142312323
924351,4598,0.5086523235279159,0.6082339583021827,5.078955796996271,1.1161697934587016,0.6851288487274496,0.12591528813280606,34.84923876725117,63.9518183851724,68.51275152503466
924352,4598,0.3516445312109351,0.602522640170117,5.051226254978375,1.1508730091165056,0.9817301364595657,0.13054288744711218,34.522004342827266,65.94016617789688,98.17273725602728
924353,4598,0.20573773373578486,0.5918685703563141,5.024033462760398,1.155752565284779,1.6482911930544437,0.1318059374231285,33.91157110785863,66.21974415223599,164.8283261595688
929625,4625,0.2580619701371425,0.5936475817037803,4.443896758763073,1.5706813250255522,1.318036114103226,0.20251012921038006,34.01350094977432,89.99341088398003,131.80310577568923
929626,4625,0.40682612045460553,0.6645207484129336,4.56462931459181,1.6290777032432633,0.9358846797866712,0.20448380417626,38.0742342829359,93.33927689470457,93.58824023430437
929627,4625,0.5831406436496659,0.7329655107627404,4.5934208383729,1.6884941015030974,0.7201663960919046,0.21061337278322848,41.995830295355745,96.74358574886152,72.0165173464881
929628,4625,0.761265427994791,0.8044877951909539,4.514912685254259,1.751269983874177,0.6054886119044068,0.22224212434806198,46.09375533422663,100.34037886393408,60.548782448793375
929629,4625,0.9374866406073055,0.8734958481336652,4.431094989461536,1.8172156113831228,0.5338489405458562,0.2349730371616744,50.047625520259324,104.1187849975385,53.38483767939428
929685,4625,0.8972173090366897,0.7020447482435302,4.605316403969511,2.0299458957418297,0.44832171927829023,0.2525501442487427,40.224201103678695,116.30733246591028,44.83212245954492
929686,4625,0.7492762416908596,0.6341811622982197,4.739699926753022,1.9849676890050838,0.48494669308404476,0.23995247076282195,36.335904046389075,113.73027104982785,48.49460523369361
929687,4625,0.6220406256037139,0.5675347458149317,4.904984869387047,1.9386795461942818,0.5227527560264007,0.22645973138891917,32.517345662225544,111.07815582527007,52.27519240479491
932037,4637,0.32062275641460464,0.6024552557484301,3.6501495129206973,1.781193775585435,1.0765967708987785,0.2795909734523907,34.51814349985967,102.05488583601772,107.65934466572591
932038,4637,0.4804486947369827,0.6713684932696625,3.7947638146649525,1.8478162467183932,0.800638669292845,0.2789951552835203,38.46658116240888,105.87207225266839,80.06370195212013
932039,4637,0.6505591654790907,0.736901377972229,3.8960590815553666,1.89164720679149,0.6490007437692406,0.2781872623846548,42.22133887518337,108.38340127686325,64.89997561423147
932040,4637,0.8316898338774473,0.8050804195212965,3.960483357632622,1.9245531563196034,0.554626349555245,0.2784225132893508,46.127710207192024,110.26877330569465,55.462568935789314
932099,4637,0.8665650613046709,0.6013135823242476,3.570544765745276,1.647697243577226,0.39757811123405773,0.2644025041041782,34.452730431071764,94.40609797231423,39.757765702479695
932100,4637,0.689690242608312,0.5352215472821787,3.5159681632833495,1.5991201543105307,0.4446334517235266,0.2605906289838265,30.665935763730477,91.62283577630235,44.46328134855876
932841,4641,0.23125033811038276,0.6439824870725533,3.3137354756896777,1.883615035660556,1.5955642398420573,0.3256843892241815,36.8974785895954,107.92319177073392,159.55574091417017
932842,4641,0.30429084183455823,0.7132283122021579,3.351574535782324,1.944196262203596,1.342957629913922,0.33236390492807727,40.86497211842268,111.39424036937602,134.29532606608868
932843,4641,0.40034124856038933,0.7809299064869479,3.346126585591564,1.9808428539108118,1.1176461776172084,0.33918004046010686,44.74398773724817,113.49393540773862,111.76434138076935
932844,4641,0.5339070740083196,0.850236809553267,3.3337915174280526,2.0087754377638873,0.9124243193842217,0.3452356082451499,48.71498077407055,115.09435457341512,91.24226275197974
932845,4641,0.6811759557804187,0.926085575888994,3.325618460839658,2.0438553303732347,0.7789587071762033,0.3521278384532673,53.060794966381664,117.10428436570288,77.89575750634482
932846,4641,0.8409289931439057,0.9970333281614067,3.3093477143953645,2.05320402139016,0.6793177726533335,0.3554776792953602,57.12580173753061,117.63992490494456,67.93169729142346
932847,4641,0.9894040384989027,1.0761545107827435,3.255720578992731,2.0631267568331966,0.6231944539277415,0.3630792401740694,61.65911157181704,118.20845576705544,62.31938303585405
932901,4641,0.8994170992894673,0.6169436967907534,4.540760100197361,1.9605085753491802,0.39301309323806155,0.24737899457505466,35.34827002330892,112.32886706671377,39.30126606439625
932902,4641,0.7730686395744011,0.5485508857206364,4.58660660490585,1.898081372160361,0.40655704531879056,0.23710786847025286,31.4296505999556,108.7520517971888,40.655652467814676
933645,4645,0.21932159432493348,0.5470803915615579,2.9242707498737452,1.8752514318023303,1.4291978935373069,0.3674214920261937,31.345397490841762,107.44399256813826,142.91914422826198
933646,4645,0.34909006244633645,0.6151970712573748,3.0114280189729907,1.938128710737658,1.0097163607330897,0.368750620004923,35.24819575185654,111.04659527839935,100.97134972418559
933647,4645,0.5124724212686735,0.6817501661149301,3.1397581485495745,1.980414366878687,0.7622148005899188,0.3613953023746245,39.06140720072828,113.46938490922177,76.22133281376485
933648,4645,0.6761655960755485,0.7509401922622624,3.224524097831509,2.0196649623071483,0.6363190215055532,0.3588693230408769,43.02570368337023,115.7182783706481,63.63180898478301
933649,4645,0.8418798627106359,0.8183879810205458,3.277005781520963,2.063017677231793,0.556969929281425,0.3607018525023804,46.89017731670979,118.20220596626406,55.69692743191204
933704,4645,0.9698138074496848,0.681802455395854,4.702696535375075,1.8057476953903095,0.4028031200727423,0.2200050988046218,39.064403155838995,103.46172181133971,40.28027088858994
933705,4645,0.8231892591364198,0.6124204908267651,4.809933561680807,1.774604823335722,0.4262581003821247,0.21139037611524705,35.08910941170399,101.67736668069593,42.62575877478767
933706,4645,0.6674385094519621,0.5465178986878452,4.923568515788897,1.7125593393992666,0.4691543582004119,0.1992912697352339,31.31316902317184,98.1224223132903,46.91536623129074
937062,4662,0.449861429875258,0.5711501603545113,4.768649567781967,1.5758320707541835,0.7274349556522972,0.1893377263371308,32.72449365653369,90.28852687557564,72.74333548059978
937063,4662,0.6229009616325649,0.6412317452282462,4.9130108914115675,1.6433813495478589,0.5898188374164005,0.19165195711768687,36.73987269138657,94.15881545960579,58.98178999965736
937064,4662,0.7873181295341076,0.7089747343941626,4.969330313058318,1.6877397804732186,0.5159446737278466,0.19459436191784157,40.62126006219404,96.7003663374515,51.594402496267904
937065,4662,0.9683715412890985,0.7746893113443685,4.93178770499325,1.7296052384177987,0.45836154433534526,0.20093946883355257,44.38642797392852,99.09908038505837,45.836107573683634
937122,4662,0.9918243697461657,0.5986249414294315,5.181698119986455,1.4290266084471885,0.3458140710752691,0.15801227980089214,34.29868265517253,81.87719347591793,34.58137258976392
937123,4662,0.8810277845233925,0.5352089004171897,5.316842970835578,1.4079154125225806,0.3480617903585144,0.1517208827488952,30.665211151742536,80.66761104896412,34.80613992462392
939474,4674,0.24484367417374414,0.5965321628586666,4.411900878724497,1.7638344646024495,1.395942696702709,0.22906287591300492,34.17877527561228,101.06027058143755,139.59370523762627
939475,4674,0.32418575423165086,0.6686065537251387,4.456928297445653,1.821604767329069,1.181678466789914,0.2341753286327427,38.30833368323737,104.37026510886596,118.16748581857165
939476,4674,0.42778538976603064,0.7456481735676659,4.386821792209835,1.8647741717582011,0.9986898423936816,0.24355602895227416,42.72249334706552,106.8436897867486,99.86875311865755
939477,4674,0.5317586606459376,0.8147773331244585,4.226214561462832,1.8817269345563736,0.8779039253699257,0.25511012212721595,46.6833024309562,107.81501154617027,87.79022909381504
939478,4674,0.638465369124541,0.8861132740870835,4.046642570854638,1.9091205088877183,0.7951966141895622,0.27030938748742317,50.77055077570902,109.38454774113423,79.51953811651053
939479,4674,0.7531463882075617,0.9562094403567152,3.882011574103841,1.9293890588361422,0.7274384554370179,0.284764348882149,54.786765263006195,110.54585011002902,72.74374992309922
939480,4674,0.8925919647924093,1.029348048785765,3.7458850588930077,1.9492431966823447,0.6607419796617271,0.29814958644070816,58.97729884545069,111.68340841448739,66.07412468141855
939533,4674,0.9877682404339025,0.7470006361603697,4.228862576193372,2.0416587056349593,0.43329985274152905,0.27661912548528633,42.799983745576775,116.97842703902568,43.329941846312
939534,4674,0.8588313229749123,0.6831704506050063,4.2688322830667005,1.9897170907809003,0.45576799547043256,0.2670575555567106,39.14278350771754,114.00239172679407,45.57674700939377
939535,4674,0.721979120306125,0.6163693938373009,4.362598133168115,1.9397695813501632,0.48914661664721804,0.254757845192023,35.3153648879142,111.14061023922295,48.91459459152451
939536,4674,0.6208275356119005,0.5485078739918755,4.476819654754391,1.87529238840848,0.5062144299420985,0.2400059579230529,31.42718620942804,107.44633920881381,50.621362271070225
942489,4689,0.42422343326488776,0.6001938789291544,4.0479081020313785,1.8869235547999037,0.8106241344789146,0.2670830289662927,34.388576152226456,108.11275595385679,81.0622242749372
942490,4689,0.5851759685693566,0.6705050003309208,4.1936747464233886,1.9520758259391715,0.6565051893500842,0.26670095468065674,38.41710666137963,111.84570611582883,65.65040786772923
942491,4689,0.7583326718276665,0.7388278397322425,4.2498599498242795,2.000489619473222,0.5582209235846374,0.26970209192560524,42.33171700342549,114.61961215554769,55.822019483061396
942492,4689,0.9227994449084662,0.8128154572680403,4.230511184251202,2.034649494855697,0.5046697305328844,0.2755620384649292,46.57089522445482,116.57682884365633,50.46691891124332
948721,4720,0.44235869653339444,0.589074330887549,3.1006211475611227,1.9438472052576379,0.7629887799394213,0.3591997706910034,33.75147297934951,111.37424087956289,76.2987072372258
948722,4720,0.6226329789491283,0.6604764836409198,3.2269244843612057,1.9875639172788953,0.6077820425823592,0.3529026606341869,37.84251498026607,113.87902397256977,60.77810761972236
948723,4720,0.7985489140814728,0.7276398598843469,3.291569395735466,2.0111129694164935,0.5220806355079394,0.35007095724855647,41.69069297686365,115.22828527158768,52.207998825994636
948724,4720,0.982609775570979,0.8015175847227224,3.331045838701906,2.030523076008119,0.4673632960356275,0.3492608860503203,45.923574810131385,116.34040245918689,46.73628251577635
948780,4720,0.9289571124391022,0.7147218564978444,5.521204976656351,1.9962256161474201,0.4408227776494159,0.20715641429284318,40.950545903081355,114.37530276114948,44.08223078601498
948781,4720,0.8173472032890182,0.6483208076711576,5.691887627119777,1.93118907901466,0.45447082275589856,0.194397694971518,37.1460460500701,110.64898366929647,45.44702722853491
948782,4720,0.7006400949392803,0.5784300798429983,5.8818439772928155,1.862995901497304,0.47301891634209536,0.181476765851953,33.14160231841903,106.74180240596557,47.30182479703276
949726,4725,0.44752930037219973,0.5252333275449369,4.0644811033255115,1.914410542747234,0.6724398208222174,0.2698687514997963,30.093652927937253,109.68764435476578,67.24383332907094
949727,4725,0.6356512137844015,0.5898220411348458,4.1427302330617275,1.9584087298323336,0.5316486833710646,0.2708565322806056,33.7943136208183,112.208554780969,53.16478553519291
949728,4725,0.8008951565848906,0.6565797270387664,4.178192278077827,1.9850372113176387,0.4697149994497501,0.27220923917133205,37.61924727317294,113.73425438491923,46.97144188278484
949729,4725,0.9738719405492958,0.7243867862990484,4.184192422668976,1.9919990320635037,0.42617826262036573,0.27277219957730686,41.50430558998056,114.1331373313839,42.6177829384712
949783,4725,0.9567429225014115,0.731425718766714,3.8202471349402964,1.9276392216995681,0.43802368733561126,0.28910588147038363,41.90760671265541,110.44559182726807,43.802323408637676
949784,4725,0.8266740672810011,0.6651061866391142,3.8476123798788464,1.9081406711456181,0.46097704609053763,0.284146104377595,38.10777742246167,109.32840717390427,46.097649403895936
949785,4725,0.7103081021417421,0.5991976348361236,3.897668336407199,1.8979170410925614,0.483332443815313,0.2789940719835694,34.33149557033096,108.742636320561,48.33317701661679
949786,4725,0.587716996562951,0.5323893656854751,3.9567723082535267,1.9107803789166682,0.5190195854602595,0.27668928733472425,30.50366371142474,109.47965128833332,51.901871118145124
950529,4729,0.1649283367251818,0.5310612256329316,3.155310542880812,1.876818588272286,1.8448961319252661,0.34080253660459675,30.427566891811708,107.53378401970333,184.48850578058472
950530,4729,0.2829958073135441,0.5990025126242307,3.2479073649864225,1.9373911763370386,1.2127499345008046,0.34177186986578456,34.32031589110023,111.00433766999816,121.27456919708392
950531,4729,0.4406104615011406,0.6705678190151438,3.3169710240611083,1.993267565400879,0.8719880346003241,0.34430755579423955,38.42070590686017,114.20581893778716,87.19860753499876
950532,4729,0.6242322201384768,0.7464853224387219,3.3592945559336957,2.045441391069232,0.6851690185031487,0.3488683610484793,42.770458444201175,117.19515894963511,68.51679318622804
950533,4729,0.8029948801643898,0.8173043772397052,3.3997480578702386,2.0527787564849267,0.5831679873307353,0.3459537491387695,46.828091393403206,117.61555902069966,58.31672683528156
950534,4729,0.9761209529773894,0.8822370924136086,3.4400983245409007,2.046901166679514,0.51785038783522,0.3409169928475078,50.54846192519295,117.27879793114039,51.78498626222767
950589,4729,0.9124452916857979,0.6369042027284627,4.207341107062717,2.0595722068185776,0.39993545589050056,0.28047356220912417,36.49192277048549,118.0047950531496,39.99350219623834
950590,4729,0.7937933210041797,0.5674430433798893,4.242960600064618,2.002162219150209,0.40957879374720213,0.270366509615339,32.512091499726544,114.71544505785398,40.957828293099304
951279,4732,0.9728098807433566,0.6165339527020584,4.431975624304744,1.7825247612294914,0.36312124036232196,0.23044157757883577,35.32479341634626,102.13114569601466,36.31208708248969
951280,4732,0.7890442927230927,0.5508857213430938,4.447844886364298,1.7610345326667018,0.40002097116790264,0.2268510900213081,31.56342682697921,100.89984629859532,40.00204692692599
954208,4747,0.9956885816157305,0.9217120427504563,4.7901946314550266,1.8863616133548824,0.5303888225764073,0.2256287419834239,52.81020997598285,108.08055908072359,53.0388295218339
954209,4747,0.8637030351865657,0.8556068872120611,4.86070449534213,1.86270071592845,0.5675870176999055,0.21956670972572323,49.02266355957695,106.72488951869707,56.758636711692255
954210,4747,0.7501779083457383,0.7917857715807973,4.944336033415049,1.8506835160773432,0.6047363149548356,0.21446025058690016,45.36598299008913,106.0363546856634,60.473551689327294
954211,4747,0.6166503252283161,0.729895874003794,4.991665887807397,1.8408089969492782,0.6781793615492964,0.21129336092231718,41.819953064429896,105.47058641490408,67.81782727693968
954212,4747,0.4587739564148831,0.6596926440593819,5.003331036766832,1.8355293262597212,0.8238829368588699,0.21019613250483088,37.797604280428644,105.16808356717354,82.38811589847813
954213,4747,0.32298230989788673,0.5897463264370898,5.044742372309678,1.8345604375943547,1.0461865373582284,0.20836063047426692,33.78997548818977,105.11257033582997,104.61833306145971
954214,4747,0.22922869242121574,0.5237096022864834,5.101111612452498,1.8089106442765428,1.3090136437780235,0.20317717608286198,30.00634990149039,103.6429454333365,130.90079903938846
955613,4754,0.8375505457190056,0.6613310992960316,3.3963546622161664,2.067006784907335,0.4524082826007007,0.3486996395544821,37.89148085040978,118.43076500009583,45.2407747846509
955614,4754,0.6755952745021561,0.5942975244702017,3.3369930737840585,2.004386937735305,0.5040109176059037,0.344150884224056,34.050739927215325,114.84291204338432,50.40101790423159
955615,4754,0.5339290938800363,0.5280805273460454,3.289840147618053,1.9376381176245956,0.5666817043704248,0.33745860298557345,30.256785459971255,111.0184863635627,56.6680653643197
955758,4755,0.9474098743897718,0.5758011695531642,4.67014136261227,1.858000057914893,0.34822284839621,0.22794933420621347,32.99097685409303,106.45556165358589,34.82224845196394
955814,4755,0.8595553016256131,0.7907122997241979,4.2321142986616325,1.9893639031223427,0.5270687874361326,0.2693267413200576,45.304477583279905,113.98215556458261,52.706818038095946
955815,4755,0.7137608823457983,0.7217490680443106,4.301528526848422,1.9744064236283854,0.5793701491620104,0.2629882706771677,41.353175466439474,113.12515511742538,57.93693455656543
955816,4755,0.5896779068464849,0.6532694220057966,4.391140436133872,1.9561918901483288,0.6347461842568402,0.25524471512155633,37.429580765882854,112.0815392232184,63.474511859429875
955817,4755,0.494492413699472,0.5843890135574283,4.521198006489632,1.936989186749969,0.6771190510899194,0.2454688004340483,33.48302407065409,110.98130536325085,67.71176954644612
956102,4756,0.8858859127007525,0.5257061772425113,5.176707254187416,1.0710563099935193,0.34000704208195137,0.11854447827873645,30.120745219952305,61.367006183484236,34.0006662115878
956560,4759,0.37865405103235994,0.5538453847762169,3.733034608455803,1.8919387326810058,0.8380473449554382,0.29038065691657533,31.733003050476366,108.40010447995131,83.80451538665586
956561,4759,0.5572301248364743,0.6230920366383357,3.827411781969332,1.9507642060827188,0.64067863016892,0.29202647091239387,35.70054394758749,111.77055583372855,64.06774919126102
956562,4759,0.741727304445919,0.6949638677840367,3.8552381698055065,2.0176246432984444,0.5368347068067469,0.29985534307097217,39.81849653811307,115.60137670258904,53.68339902824393
956563,4759,0.921107353704295,0.7679343801522651,3.8566263632348976,2.068762339293504,0.47767937440835556,0.30734465666609584,43.999398925719724,118.531350857129,47.767886100232815
956619,4759,0.9405595919419649,0.6744707411603205,4.961752980275943,1.793443997593958,0.41086526354904407,0.20709771739259766,38.64432687354694,102.75677185520436,41.08648310871544
956620,4759,0.7971375973994256,0.6103709305008423,5.044831336630673,1.7588194485911064,0.43871569890250744,0.1997548072585241,34.971678255171156,100.77293132979706,43.8715154043002
956621,4759,0.6602277720332941,0.5427252024850241,5.14549847912329,1.7330145096614946,0.47098689852174064,0.19297336778628738,31.0958635377749,99.29441723853748,47.09861922861913
958629,4769,0.9759405828993073,0.6499376528067592,4.660811319339202,2.1807039457055515,0.38156712327989445,0.26807592847610145,37.23868445246632,124.94513245645392,38.15667362163051
958630,4769,0.8450588158379935,0.5836562956193976,4.761780747032405,2.1315231577797884,0.39572443246267447,0.2564739686824448,33.4410424252314,122.12728087517974,39.572396886568306
962589,4789,0.512968313412102,0.5691907458166607,4.160633098880458,2.260824086302342,0.6357551915929648,0.31133646004538046,32.61222747319828,129.5356783666448,63.57539646235862
962590,4789,0.6483674098738461,0.6430596187823927,4.264231491247004,2.331750093492917,0.5682673280944878,0.3133025005732224,36.84460213152274,133.59943923637925,56.826646040160476
962591,4789,0.7870309902452346,0.7050528673634775,4.285166905670853,2.3213330111462644,0.5132777949145197,0.31037900506672317,40.396553633524285,133.00258438307583,51.32771492672992
962592,4789,0.9694946939848252,0.773583381338075,4.2544991741628415,2.2981652888266093,0.4571769466089295,0.3094962908052321,44.32306285213103,131.67517167322856,45.71764797629393
962649,4789,0.8878554205243829,0.5901066348155128,4.483337414281261,1.9988442945143814,0.38081221869226467,0.2554466263440756,33.81061963759661,114.52534197947858,38.08117940694452
962650,4789,0.7474257218430247,0.5301526501406506,4.441720218898883,1.9435881457158821,0.4064017073085529,0.2507123189269038,30.37550935073499,111.3593978611777,40.64011690113815
964658,4799,0.9979302943544548,0.746138531997226,4.309419612166996,1.9718012146228672,0.42839253030984625,0.2621603314180151,42.75058881552798,112.9758876366597,42.83921053220666
964659,4799,0.8826707796895913,0.6819330411131452,4.335504977151734,1.9325137000867931,0.44265524159970077,0.2553909618240941,39.07188516630447,110.7248788661838,44.26547451199228
964660,4799,0.7794127112660607,0.6141983098387155,4.386977846438146,1.879053348356471,0.45150624281142643,0.2454122857783552,35.19097093782686,107.66182634075143,45.150566931474046
964661,4799,0.6569715144300449,0.545899948936716,4.383737559074783,1.829462809701262,0.47609008834311317,0.23911216426705637,31.27776311048098,104.8204977720276,47.60893709170761
965144,4801,0.9844774476449182,3.399048728337117,4.172193590487598,0.4614364369484072,1.9782184445229751,0.06336800945097187,194.7511464930263,26.43836035069825,197.82164552094815
965145,4801,0.8734534966965966,3.0018778743117527,4.212417705364426,0.5304013004982049,1.969136668329969,0.07214326313355222,171.99493281176643,30.389755966797267,196.91344364503357
965146,4801,0.8430322346424937,2.8624445892617576,4.31242488890887,0.6122528827947229,1.945429668877108,0.08134519904968385,164.00599405475717,35.079506178855475,194.54273842988815
965147,4801,0.8322531674779214,2.8242146358666127,4.4246560355988835,0.6933586705598942,1.9443071345741574,0.0897844377110369,161.8155790742335,39.72652551188358,194.43048217421662
965148,4801,0.8313388391915716,2.821564240667571,4.444450341855208,0.7204498647314432,1.9446188852174444,0.0928770339006085,161.6637226152867,41.278736599882755,194.4616569470495
965149,4801,0.8312767964103767,2.8213900527849916,4.54712129634364,0.7510953243936136,1.9446439638178588,0.09464139881143357,161.65374238477258,43.03459209976353,194.4641647868206
965150,4801,0.8312725358952643,2.8213782895264172,4.608590023004044,0.781957490252648,1.944645822816219,0.09721598933571192,161.65306839970293,44.80286395011894,194.4643506852482
965151,4801,0.831272242783393,2.821377493512154,4.680163535152054,0.8057542257804635,1.9446459598545942,0.09864252822932472,161.6530227914452,46.16631646205179,194.46436438898775
965152,4801,0.8312722226111732,2.821377439638805,4.760334834685073,0.826861736557102,1.9446459699122751,0.09952175485822214,161.6530197047297,47.37568774558008,194.464365394749
965153,4801,0.8161211581411733,2.7903797252232136,4.852377661328101,0.8525970603503086,1.9589858434661853,0.10067273508404194,159.87698149416448,48.85021318333342,195.89834671111683
965154,4801,0.7707511538576677,2.668362804540469,4.947966072375385,0.8755392266979167,1.9835964456369437,0.10138449143098353,152.8859269098607,50.164702487938435,198.35938977874545
965155,4801,0.7371080861374124,2.496362715773219,5.086385820374003,0.8976728198150608,1.9404351749374598,0.10111868362771985,143.03104774762176,51.4328639590106,194.04325687684957
965156,4801,0.6500248703128989,2.2211302005632656,5.18430875687693,0.9227212231993085,1.9577925414187545,0.10197701204497768,127.26138624132119,52.8680317564692,195.77895596687893
965157,4801,0.4849825545760152,1.5264646118833378,5.167709754286072,0.9562484433871448,1.803363383041417,0.10602182102153568,87.45997983699051,54.78899997203803,180.33597018243273
965158,4801,0.4541708019319153,1.4334031695756542,5.259236406502659,0.968510930406572,1.8083053732143368,0.10551263402128352,82.12795195736004,55.491588724585164,180.83014314849916
965159,4801,0.42838175230767916,1.3497154719917392,5.346667466059052,0.9708730562627559,1.80523558407445,0.10404037433767063,77.33300008863453,55.62692856682323,180.52314121435808
965160,4801,0.4040021103114059,1.2752392194080073,5.439590713707589,0.9701195318827658,1.8085505364505776,0.10218370760475903,73.0658251416364,55.58375480008959,180.8546104640561
965161,4801,0.3863493210008584,1.2413169425305033,5.545956960685981,0.9652030647566989,1.8408786074725514,0.09971599541063662,71.1222218450812,55.30206198365114,184.0873890329269
965162,4801,0.3592306374231599,1.146998133989823,5.673383748276982,0.9656870100878203,1.8294138503607211,0.09752520253529126,65.71815218699776,55.329790008639456,182.94088087120377
965163,4801,0.26388034867811994,0.8884817799084009,5.681874290696099,0.9587835193301548,1.9291415404326435,0.09668332352510428,50.906256163022675,54.93424912431765,192.91343028990528
965164,4801,0.1677664867186024,0.5933259251692946,5.633076997880154,0.9560343768222181,2.0263325546408706,0.09724123207388304,33.995071387895486,54.77673486133287,202.63205972034177
967473,4813,0.8460988073626136,0.6601783417491222,3.700533385702329,1.9706606835068219,0.44705691500758976,0.3051196353164583,37.82543270817001,112.91054001730697,44.70563919175925
967474,4813,0.7325290209420376,0.5946698635797123,3.7220081303171075,1.916642322001529,0.465129325221705,0.29504372840379034,34.07207338673794,109.81551588684174,46.51286966085167
967475,4813,0.6125926162785869,0.5262976716920185,3.7518980007416296,1.8628002998786868,0.4922461365344798,0.2844709396502376,30.15463535551448,106.73059525875287,49.224534102557755
968825,4820,0.8136865678262915,0.5601996726467746,3.6513524979431273,1.963584375085821,0.3944648689304383,0.30811897006796224,32.09707692727049,112.50509741025074,39.44643889916563
968826,4820,0.9486445290420892,0.6250163818901477,3.455362917748004,2.0286726438218805,0.37749440738891477,0.3363883416448957,35.810800808842366,116.23438050464026,37.749401343832744
979621,4873,0.9169661780965099,0.7432862389272428,4.42829018169193,0.566506792589446,0.46443549406209156,0.07329792510383532,42.58716446068353,32.45844828086836,46.44349926361407
979622,4873,0.7654078270926261,0.7359362981768404,4.395381388138094,0.5952035658182191,0.5508964219151511,0.07758747008158864,42.16604387601426,34.10265227252106,55.089570937116356
979623,4873,0.5968507855314087,0.729501647092298,4.365148218133269,0.6232472364596768,0.7002983968382959,0.08180578155899751,41.7973655262307,35.70943624233153,70.02972352510648
979624,4873,0.43946009162996413,0.7200750185183072,4.319972256093855,0.6515186964716246,0.9388169560986267,0.0864109056316752,41.257259493903604,37.329271581689014,93.88148411701285
979625,4873,0.2916774189722656,0.7119344697366241,4.300722602186102,0.6763708077295059,1.3984914962230903,0.09010856119608354,40.79084040579279,38.75319266875516,139.84867495346447
979626,4873,0.17630707507302718,0.6907038993181995,4.302108593261501,0.7053355947679409,2.244630061677321,0.09393708166715072,39.57441832416177,40.412752720552724,224.46174576955684
979627,4873,0.14637148583715667,0.6124344097411702,4.287977097623305,0.7533455831374183,2.397318323903278,0.1006617370970998,35.089906906754806,43.16352242859595,239.7302109482056
979628,4873,0.13337535801479178,0.5279691488494197,4.314339993719572,0.7862761149639854,2.2680652651568485,0.10441991794930333,30.250403942186093,45.050302919379476,226.8048430204643
982748,4889,0.9056863518240057,0.6155799507038932,3.8582139851427417,1.8589830830521867,0.38942988008754065,0.2760652596750728,35.27013312820435,106.5118848451081,38.942945440468165
982749,4889,0.7195016183897804,0.549146378151443,3.8884565773613415,1.8317288434964922,0.437299494003754,0.26990228535879396,31.463769802972802,104.95033194472829,43.7298892301289
984100,4896,0.6193751137734682,0.5624118282668649,3.8467179480354416,1.8569013805904677,0.5202634537791582,0.2765802256378198,32.22382410792781,106.3926120798496,52.026262219910876
984101,4896,0.7673086174623116,0.6273969044229334,3.7391505117035226,1.8827119552877214,0.4684841720324905,0.2884918605193357,35.94719470300677,107.87144907680938,46.848356758375196
984102,4896,0.9070831996588462,0.6996649043470985,3.6377585271239665,1.9121533515318077,0.44194232310385523,0.30116984320566065,40.08784609251319,109.55831682456784,44.19418407639578
984155,4896,0.8952484636411588,0.5872257546538775,4.466605491401389,1.5885989466040673,0.3758236774893184,0.2037789434298241,33.64555736305194,91.02001497934148,37.58232618895824
987256,4911,0.9444094768674002,0.6638267207611306,3.8911350816322714,1.8062837679255646,0.4027328183009076,0.2659697853402186,38.034469427622206,103.49243650512271,40.273239612696955
987257,4911,0.8151663551360273,0.5915669161630854,3.9388058220577613,1.7786661763680724,0.4157959533825741,0.2587334065546489,33.8942875957142,101.91006506856228,41.57954484089741
987372,4912,0.9247156698267838,0.6057153584279152,4.272557930595243,2.058320196625902,0.3753038299369416,0.276024484144905,34.704933624173464,117.93306015320194,37.530342813733775
987373,4912,0.7477504606443095,0.5409311970631371,4.227795055125982,1.9936480757826134,0.414484187110863,0.27018249185954246,30.993074598677186,114.22762057672145,41.44836383465117
987715,4914,0.34417923671277917,0.5350958293980366,4.165605630664149,1.9006017515986922,0.8907780742847874,0.26141807049314125,30.658732659559817,108.89645890177673,89.07755120508197
987716,4914,0.5039619024334564,0.6059077629217846,4.1817820356967506,1.9634054911608532,0.6888607399317197,0.26901174400538114,34.71595758963153,112.49484811632735,68.88593867128036
987717,4914,0.6652838303641316,0.678063448944782,4.136634632554054,2.0136976368308406,0.5839638889373355,0.27891362369541706,38.85017386662038,115.37637580587476,58.396301994976255
987718,4914,0.7951349638886455,0.7506339745592865,4.037912354161296,2.0504693112827956,0.5408912966190391,0.290950439143577,43.008158701377525,117.48323755760082,54.08906231714679
987719,4914,0.9431254122185642,0.8196819902877964,3.9145500371298,2.082763966169989,0.49796471900733413,0.3048462365961204,46.96431858637407,119.33358498346853,49.796419629366035
987775,4914,0.8940746372196046,0.6444326399375448,3.8328220723683817,1.9793211483707172,0.4129774909032396,0.2958831525844087,36.92327044889514,113.4067481026295,41.29770336178613
987776,4914,0.7951709586921656,0.5742793510695312,3.895013711917488,1.9721571219860716,0.41379507518884145,0.2901049590419458,32.90378307779586,112.99627962646896,41.37945600082947
987917,4915,0.6335808836671091,0.5512622906594743,4.403263854136321,1.760415844264203,0.49851570612697604,0.22906734907671156,31.58500265950194,100.86439806429844,49.85149271739128
987918,4915,0.7533285015079977,0.6133390923207725,4.286827244258668,1.7981059770583365,0.4664862787420458,0.24032665067234227,35.14174140036503,103.0238836026899,46.648566570164974
987919,4915,0.8605399941382095,0.6743179256155242,4.1303059356562075,1.8320769828779988,0.4489689148905731,0.2541464972403966,38.63557118778612,104.97027886197091,44.89683983791823
987920,4915,0.9739832168405679,0.7362969867996154,3.9613944829856864,1.8624671371388573,0.4331358964842136,0.26937864085190266,42.18670981181765,106.71150643986962,43.31354562260142
987975,4915,0.9449816368100974,0.6199687393272201,4.7555153087081745,2.1417696393364216,0.3758971649174727,0.258046400440507,35.52159219349601,122.71436102323347,37.58967711132071
987976,4915,0.843660921611672,0.553500658538297,4.882543195761104,2.081732539256947,0.37590044179684023,0.2442876254197574,31.71325169195613,119.27448857447501,37.590000069427546
991332,4932,0.1953680499842227,0.6428678444345449,3.6908395524790696,1.9152874211040145,1.8853447320788648,0.2973249959151482,36.833614270772195,109.73788578375567,188.53351784096174
991333,4932,0.291689246958582,0.7138725645507308,3.7458685024205782,1.978936320777903,1.4022417378486138,0.3026926832315637,40.901885058937296,113.38469910572108,140.2236978624283
991334,4932,0.3917755286627533,0.7775018635175817,3.717008256925607,2.0370948271690414,1.1370688301563734,0.3140077387055592,44.547575343113984,116.71693606471794,113.70659568394196
991335,4932,0.5045109532342891,0.8492834975652672,3.5930581807909707,2.095698411354425,0.9645055026881869,0.3341851640773092,48.66036002059894,120.07467410288002,96.45036100463147
991336,4932,0.6329798550299551,0.9201969735492029,3.4502606814708137,2.148102769940466,0.8329396528685109,0.35671861834151336,52.723402905080775,123.07722267795033,83.2938350127283
991337,4932,0.7436342202131068,0.9893498085407467,3.26772516885897,2.1918136046325483,0.7622775578151665,0.38430915132419885,56.685568491460835,125.58166902480068,76.22765429966617
991338,4932,0.8617281393497578,1.052329773783359,3.107374618012202,2.1720954603093827,0.6996876536903173,0.40050498402526297,60.294054693743135,124.45190257525344,69.96868498521441
991339,4932,0.9642779280200112,1.120030440887709,2.9094139992177146,2.1465099452991385,0.6655033228366863,0.4227172900070224,64.17301718904257,122.98596054849784,66.55026395817997
991392,4932,0.9997032004088484,0.9037316585028461,4.313834260926591,1.9617330368740742,0.5179538217487051,0.2605548022597622,51.78000984457128,112.39902354426634,51.795330882269816
991393,4932,0.8395204891389698,0.8373810446979099,4.376995308913002,1.9007755179264696,0.5714976555623554,0.24881547053156558,47.97839970544597,108.90641497897985,57.149698162763634
991394,4932,0.6816418147683957,0.7656195985816993,4.451837716026445,1.8332082432826424,0.6435457760552828,0.23593648684593435,43.866771711231635,105.03509530868726,64.35448413864145
991395,4932,0.533594711679213,0.699844376630422,4.550027016553278,1.7838078674175364,0.7514716219586863,0.2246242971059416,40.0981290968872,102.20466226525674,75.14702277253942
991396,4932,0.4072204121668027,0.6332243264171749,4.66304369400098,1.7475067953304904,0.8909445453562572,0.21471976331030287,36.28108138871852,100.12476404286885,89.09423793721672
991397,4932,0.2973106608910999,0.5618003699942778,4.775937277567124,1.7168335861351198,1.0826651473048017,0.20596442685276725,32.18879012956021,98.36731861185226,108.26615422040378
991791,4934,0.9978044422159436,0.7925228575926504,3.5055600475254742,1.6726557978064331,0.45508130182084267,0.2733831861949202,45.40821490770644,95.8361177923962,45.50808502994641
991792,4934,0.8484428482495665,0.7314260486079429,3.4787979002178706,1.6077263351999123,0.49393574598088913,0.26479242541921905,41.907625611165734,92.11593361899006,49.39351696358669
991793,4934,0.7404905523410239,0.6651947475499905,3.501959536895075,1.550121665107362,0.5146973307585831,0.2536163766402997,38.112851588884716,88.81542914244345,51.46966426341125
991794,4934,0.634749178788128,0.6008841325699662,3.528762838761728,1.4869276837472611,0.5423894253156774,0.24142931778421095,34.42812477263851,85.19468071988128,54.238857936785564
991795,4934,0.5142628561257261,0.5351111810032223,3.534906164501679,1.4267760543782702,0.5961856136478286,0.23126001707167548,30.659612241745712,81.74824622620292,59.61844659417425
994408,4947,0.8626449666298633,0.6370718751256016,4.890442664355997,1.9813549057343618,0.4231350170702282,0.23213292001438182,36.501529691182384,113.52327381612001,42.31345314669992
994409,4947,0.6807237488344501,0.567698394386463,4.876098420017573,1.9253525620475238,0.4778255733337498,0.22623533438316074,32.526722034697634,110.31457588002307,47.78248784165775
999372,4972,0.3034573231596951,0.6671466003867731,4.5006026696611015,1.9702123588912746,1.2596395058460217,0.2508216364424433,38.22468451866299,112.88485290898429,125.96353964081992
999373,4972,0.4143367542867577,0.732455050718013,4.573328231895605,2.0343597821805197,1.0128616793497527,0.2548695902959811,41.966583089182805,116.56022953009723,101.2859259263598
999374,4972,0.5271852878169155,0.7991086852382256,4.501967304843997,2.087223536015111,0.8684907417941536,0.2656374228211869,45.78555503639848,119.58909951403783,86.84891108605457
999375,4972,0.6573253308797271,0.8676587532925364,4.399484723188038,2.14262878884477,0.7562949658187792,0.279040828890599,49.713184621245055,122.76358666403257,75.62938267619955
999376,4972,0.7713982796630332,0.933519685032733,4.237719777253197,2.195651241559961,0.6933738220773334,0.29686141543017636,53.48673804475752,125.80154942404499,69.33729322138062
999377,4972,0.8863866176718341,1.002631893783479,4.071391561405166,2.251866400024635,0.6480984045290762,0.3169001027926188,57.44657591900239,129.0224407487299,64.80976806725965
999432,4972,0.8998442345225082,0.692940977963533,4.036305172925541,1.949123357742808,0.4412162852699685,0.2766801247374628,39.70259348897822,111.67654214903061,44.12157998485808
999433,4972,0.8178431550687355,0.627683326812301,4.143877644881725,1.9052417312218988,0.4397371896365122,0.2634303404749745,35.96360549707559,109.16231015121316,43.973665733483216
999434,4972,0.6953297494573922,0.5646601366557116,4.21094679736498,1.871642383061558,0.4652848846121487,0.25466293974475346,32.35264268965258,107.23720930723499,46.5284222147507
999573,4973,0.2570136517653432,0.6366409236616122,3.7537347452489147,2.0503423988397365,1.4192567718219053,0.312957557392613,36.4768379911208,117.47596601024584,141.9251304957684
999574,4973,0.39040723614834794,0.7037169667727343,3.8755939344707695,2.1129233769631144,1.0327680278891331,0.3123691327550762,40.320012167825666,121.06159193451593,103.27654089885749
999575,4973,0.5254640817995614,0.7718582590735045,3.899188704249776,2.1726295470175376,0.8416221263716045,0.31925231788499325,44.22422062722708,124.48250348952476,84.16205407174212
999576,4973,0.6558788147504901,0.8374404817198199,3.85109794915317,2.232222241658599,0.7315650907650741,0.33210506390336825,47.98180519594825,127.89691338226946,73.15639865239866
999577,4973,0.842534027906252,0.9042501145993967,3.869644348249559,2.2187140945632886,0.6149272653662365,0.3285132735613217,51.80971519076646,127.12295356466626,61.4926542811123
999632,4973,0.9982623513040918,0.654069006851974,4.80858046847303,1.2514609967541128,0.37540625646723785,0.1491155938020515,37.47539360293143,71.70343333924588,37.54058841684918
999633,4973,0.8221126685996845,0.5756472822708262,4.813965767130866,1.2154797606904126,0.40118782523185603,0.14466629717637638,32.98215976229432,69.64186037113195,40.11873421162454
1001439,4982,0.9535062074685392,0.8787164874224318,3.289975544018527,1.4777764608803539,0.528016967225775,0.25735861219030526,50.34674611786583,84.67035427222388,52.80164190004511
1001440,4982,0.8513142610361852,0.8148678579449216,3.2619725418729706,1.4337097666431808,0.5484283619994127,0.25182774339463343,46.68848912110991,82.1455186753404,54.84277242285383
1001441,4982,0.7558079351595641,0.7515352808086263,3.3003199651629007,1.4012387625576355,0.5697188025249297,0.24326449492438623,43.05979974551346,80.2850671846866,56.97180562759926
1001442,4982,0.6710038323599337,0.6891191513662059,3.3744428091118275,1.3721198426176549,0.5884261231061789,0.2329767614460236,39.48361895492054,78.61667596814637,58.84252549427413
1001443,4982,0.6024595612318344,0.6262436011537957,3.4430833862697368,1.352561107918703,0.5955771475224687,0.22507744976854224,35.88111529318655,77.49604301728036,59.55761688337146
1001444,4982,0.492292576244751,0.5604421306747261,3.4639027652769876,1.3361406102058084,0.6522740672153188,0.2210085639447707,32.11096874898118,76.55521780082728,65.22727554953255
1001845,4984,0.9060070248780028,0.6193545125960396,4.2154393113267075,1.8074826870591254,0.39167907342919944,0.24567102410303435,35.48639959413525,103.56112951145323,39.16786454393008
1001846,4984,0.761223504131424,0.5527525413265297,4.282546437202411,1.7839509870079207,0.41604584127012306,0.23867309712547852,31.67038773314077,102.21286241375141,41.60453001874587
1003453,4992,0.8249822757071489,0.604518628904096,3.59476000829107,1.9177102499802898,0.41984375511227756,0.3056579663003025,34.63636607323992,109.87670365284868,41.984325128955795
1003454,4992,0.7006181810674122,0.5355604761891755,3.5755977867403685,1.8749063657686027,0.4379754244306209,0.3004370956897998,30.685354959656372,107.42422174075234,43.79748055556573
1003999,4995,0.7200564214008223,0.5826079970020159,4.108475734920471,1.9117307928736307,0.4635883783975867,0.266605215163508,33.380979338786034,109.53410599685759,46.3587741014399
1004000,4995,0.8964474342818523,0.6500948511735948,4.017732590726362,1.9102230930676436,0.4155033459353731,0.27241166109814,37.24769125543235,109.44772116120184,41.55028870709289
1004801,4999,0.5987162467159934,0.5779035445631372,4.22844694905119,1.9918891918475956,0.5530405045411181,0.2699025080740287,33.11143406911825,114.12684395059158,55.30395900692157
1004802,4999,0.7747222545287414,0.6462117794141089,4.179937821679714,2.0366359088386923,0.47791588453430556,0.27916836728252353,37.02520763206737,116.69064198124774,47.79152738172231
1004803,4999,0.9532868695137593,0.7151105995825132,4.117359457329249,2.060185755364838,0.42980576069657733,0.2866884704432768,40.972819241147775,118.03994879537672,42.980531433853926
1004858,4999,0.8946839399013917,0.650865324456943,4.563641212441365,1.909145839239335,0.416815749594099,0.23969018100169218,37.29183612279579,109.38599906337545,41.68152883729767
1004859,4999,0.775979008969392,0.5821594530998965,4.640852625166851,1.8698190115908662,0.42984770014231455,0.23084710125390154,33.35527966626826,107.13273781747979,42.98471517400126
1005262,5001,0.8999065742617093,0.7457965644346125,5.217671048996517,1.9518401039420987,0.4748381250317966,0.2143335579720623,42.73099551745985,111.83220024025817,47.483760265621356
1005263,5001,0.751422611191,0.678382147960962,5.30965711280001,1.897316557635413,0.5172646241814792,0.20473681941908986,38.86843397518246,108.70823115279897,51.72639426857552
1005264,5001,0.6485869858594491,0.6123112407081198,5.463183608353581,1.8394854779448053,0.540912014347523,0.19291819884612418,35.082849840994314,105.39475436184242,54.09111887033453
1005265,5001,0.5242015798260379,0.5425011017065593,5.544020471922144,1.7957780027261685,0.5929593521320399,0.18558824022051443,31.08302350898327,102.8905004986419,59.29582322791791
1006410,5007,0.574565732593594,0.5420204304410613,3.010818937321011,2.0503996944049416,0.5405035624635807,0.39019034641338524,31.055483074137022,117.47924880431691,54.050263115569855
1006411,5007,0.6883222884991609,0.6120339579007863,2.9535778336764884,2.065921151915428,0.50945556729549,0.40076330835492474,35.06696270640256,118.36856281155941,50.94548345569353
1006412,5007,0.7870109535073474,0.679053261390363,2.8579973996476573,2.0716847382232073,0.494362693104954,0.415321552011092,38.906885942261695,118.69879198185455,49.43620712350269
1006413,5007,0.8877195939453771,0.7434688695002387,2.759888901142266,2.066276330226922,0.4798545422721943,0.42896260263165326,42.597628421726256,118.3889130297826,47.98540071308445
1006464,5007,0.9095646999067313,0.9218746756226662,3.471452887388554,1.925247482172261,0.5807121536035276,0.31775904356829904,52.81952815317057,110.30855524665876,58.071152153810104
1006465,5007,0.8245708976434639,0.8567258244018315,3.673572289258047,1.9256017739003206,0.5953008223195239,0.3003312462087003,49.08677393809102,110.32885466739297,59.530010758765414
1006466,5007,0.7245748925440296,0.7880583342122317,3.752503986978087,1.8815970681439262,0.6231573354519719,0.2872950191009912,45.15241656047097,107.80757074883654,62.31564840218201
1006467,5007,0.6329977575885218,0.7229860217964295,3.843836609053167,1.8668890541581389,0.654410644348691,0.2782763010587574,41.42404769588875,106.96486362243152,65.44096208608403
1006468,5007,0.5448069533246451,0.6537076024224828,3.9145808642583177,1.8584834071702678,0.6874854613799306,0.27201700244888843,37.45468665442426,106.48325552594966,68.74842121129134
1006469,5007,0.46467594456833655,0.5874995240599723,3.96794650585152,1.840427506803854,0.7244025188660943,0.26575138605923515,33.661243194580976,105.44872863964544,72.44009755175334
1010230,5026,0.8678520065944402,0.5301197584777739,4.337897424241384,1.8447712424479068,0.34998622134290697,0.2436609162887105,30.37362479727099,105.6976063593702,34.998582209746274
1010287,5026,0.8516520638681446,0.5676916247093683,4.555433254246702,1.911628940794797,0.3819204480186268,0.24043436474470595,32.52633416077144,109.52827030260579,38.19200040570424
1012239,5036,0.6920890075368459,0.5313476497530973,3.761561757172419,1.9184543402555652,0.4398852895166359,0.2922172855022011,30.443977785047956,109.91933688519867,43.98846602828196
1012240,5036,0.8737506995133144,0.5973865239975276,3.741639190683855,1.9386027955732725,0.3917333192451895,0.29685854883685847,34.227726563049,111.07375833861123,39.173287539370826
1012297,5036,0.862688762861834,0.6159366100462205,5.08972977141713,1.7171706301784098,0.4090764747774881,0.1933042303586676,35.290568203243616,98.38662981304279,40.90760053321237
1012298,5036,0.6795188320515944,0.5558974171488344,5.135189368986955,1.6646621838564006,0.4687224823477849,0.18573437201807377,31.850575844851566,95.37811745000243,46.87217994607878
1013846,5044,0.7305783299703511,0.5559012789408861,4.427045560156682,2.183993483377172,0.4359668959051001,0.2826571515891542,31.850797109237487,125.13360908158708,43.59663051311632
1013847,5044,0.9007763505279966,0.6224863442152473,4.449517081701572,2.2265717721597276,0.3959455630824469,0.28671238405993077,35.66584032806148,127.57316532771672,39.59451279181887
1013906,5044,0.8750232393595844,0.902221504047621,5.756270337334164,1.7166245469064734,0.5907669813997245,0.17086643887712524,51.69348436787401,98.35534154629813,59.07663130075986
1013907,5044,0.6963856970806154,0.8386595943637849,5.8502200770236685,1.696557806961017,0.6900149545952111,0.16615717117112905,48.05165520519848,97.20560203883691,69.00139736534327
1013908,5044,0.5463131806201241,0.7764371051988026,5.970496147091859,1.679774429953527,0.8143052364294824,0.16119930879783007,44.4865691852465,96.24398537033083,81.4303760791081
1013909,5044,0.41924856975074154,0.7119958309154748,6.055479070768377,1.666526272774719,0.9730350468120991,0.15768351373041678,40.79435614236689,95.48492187765919,97.30327491241208
1013910,5044,0.303475731272243,0.6479219048361551,6.163925754095424,1.6536354336887271,1.223267152938134,0.15371101929154057,37.12319060118865,94.74633120364958,122.32631624032543
1013911,5044,0.2181423514344623,0.5815366943953855,6.256417792903978,1.6465314093540737,1.5274244764630516,0.15078804447479063,33.31959822084474,94.3393005917157,152.74175445523528
1014106,5045,0.8705656708904036,0.5304139141853641,5.1210062637393925,1.790883443954384,0.34908886652587306,0.20037089871306363,30.39047867783559,102.61006293843991,34.90884695453896
1015454,5052,0.6017968194933014,0.5660488010553014,4.562411528612557,2.151997963435674,0.5389228674769904,0.2702526937390409,32.43220729890915,123.30040082561257,53.89219809107359
1015455,5052,0.789320869105736,0.6352843745243906,4.524199519027016,2.192526973402308,0.4611446930441572,0.2776679968214421,36.39911345085589,125.62254204454436,46.11441146574889
1015456,5052,0.9721448313416591,0.6999401094437541,4.469549442425178,2.238885327799155,0.41252715107457616,0.2870058413316166,40.103614183052045,128.27868009665545,41.252673097106246
1015511,5052,0.9469598428127042,0.8442608755601756,3.764435850945884,2.0349412648775775,0.5108198075550844,0.30972382142062116,48.372584977617656,116.59354603449853,51.08192735186315
1015512,5052,0.8405363112344868,0.7768049381345832,3.7828561398558795,1.9927705161164169,0.5295148268508459,0.30182839523497995,44.50764446003263,114.17734011157748,52.95142031787358
1015513,5052,0.7487466520338598,0.7107794171038675,3.832746734662598,1.9492881752055138,0.5439044049184517,0.29139933560589476,40.724660764820364,111.6859854940337,54.39036857637947
1015514,5052,0.6154182344078862,0.6442397648491325,3.851093802298609,1.906848032804621,0.5997907903408085,0.2836969177526151,36.9122195203559,109.25434445252833,59.97898254816536
1015515,5052,0.4989908868586034,0.5799571007381537,3.862022468779984,1.8684968860432445,0.6659258591716493,0.27720446007718225,33.229094170939725,107.05698560361465,66.59245379746159
1016917,5059,0.9670284695310926,0.7537722847847688,3.8335952838061496,1.8570067390962226,0.4466049505909283,0.27754272562226634,43.18797063210041,106.39864867756516,44.660449337745646
1016918,5059,0.8364274330435568,0.6836884742245125,3.84569055109554,1.814560695864044,0.46833068905850617,0.27034590508944645,39.17246407480334,103.96666954333149,46.83301347404511
1016919,5059,0.7274535690310833,0.6186771050443122,3.9371822915320105,1.786603174953091,0.4872831479862215,0.25999512785997647,35.447587000410984,102.36482158948515,48.72824848378449
1016920,5059,0.6229344725508215,0.5508884719648357,4.035631668665957,1.752697072308071,0.5066918802880844,0.2488387271292912,31.56358442599606,100.42214500818814,50.6691075028176
1019271,5071,0.46631016407529213,0.7193662459779454,4.650658662324986,2.0956305744749693,0.883889138821387,0.258180175746945,41.2166498187061,120.07078733599188,88.38872622841843
1019272,5071,0.6086638286036685,0.7839108167425622,4.771053909310058,2.160890863902737,0.737924260738749,0.2595022579579427,44.91478131400213,123.80992649000521,73.7923060496869
1019273,5071,0.7308314784601162,0.8496428005333097,4.733487249414228,2.211176824835046,0.6661035728880059,0.2676485493189314,48.68094656423429,126.69109982018625,66.61026705710502
1019274,5071,0.8650669527290084,0.9172946419023186,4.619334450995108,2.2630217793115253,0.6075496327494261,0.28069324270753143,52.55711155096705,129.66159690073638,60.754893745822436
1019330,5071,0.9925706320882909,0.6626128621215194,3.881050340178822,1.9851391881642408,0.38249086604830235,0.2930652451406536,37.96492045064699,113.74009722783758,38.24904845484235
1019331,5071,0.8701446056220887,0.597323851284821,3.9930261536948852,1.9332348687175767,0.39331549108825514,0.2773991309952979,34.22413568112028,110.76619878504492,39.33150435972448
1019332,5071,0.7473835540668203,0.5259075203408283,4.077934578468683,1.8989387120180772,0.40317024321163636,0.2668046075587017,30.132281329719955,108.80117375264427,40.31697091645536
1025362,5101,0.8795035949482253,0.7077451141938252,4.586585762798375,1.825461792970919,0.4610647163486935,0.228037284334496,40.55080801431068,104.5912563996177,46.10641973587168
1025363,5101,0.7429974729302619,0.6359283775811879,4.59768782977158,1.8208200396802767,0.49039213382400937,0.2269081920352948,36.43601210800391,104.32530352652294,49.039148040649884
1025364,5101,0.6134325477436554,0.5700056059531297,4.626656676457751,1.8245794628859593,0.5323961877738986,0.22595301465873466,32.6589155199114,104.5407026096121,53.239532855739846
1025704,5103,0.3520261643450724,0.575640746520679,4.446206028131758,1.7821813644881361,0.9369128688443678,0.22965978102747225,32.981785291394935,102.11147051203645,93.69102339802605
1025705,5103,0.5306267016046556,0.6477316991206836,4.54542395301511,1.8270302323531236,0.6994049075332538,0.23030001647459558,37.11229261645287,104.68112135664013,69.94036026431088
1025706,5103,0.7165376298126793,0.7192121144495862,4.578073973479688,1.8456057630824088,0.5750963584189934,0.23098233285707867,41.20781873264122,105.74542086964374,57.50955638416026
1025707,5103,0.904229219195959,0.7849956350890086,4.587771444103678,1.8699996822178218,0.4974063586374594,0.23354059929478127,44.976936826791864,107.14308948188632,49.74058140501578
1025762,5103,0.9330177639040441,0.6442899372495923,3.6041186991000695,1.984630635921501,0.39565263620526486,0.3155028136103201,36.91509418715028,113.71095933066667,39.56522163893672
1025763,5103,0.7547673137878798,0.5801068763892973,3.57675432910376,1.9480305061208996,0.4403698283706465,0.31205365474283236,33.237675683624076,111.61392636346123,44.03692507548111
1027311,5111,0.2220705042118885,0.5571135518460806,3.5192282706879867,1.7534354788276705,1.4373927733542549,0.28547296331025723,31.92025523032319,100.46445258532613,143.73863654233918
1027312,5111,0.2943617297096822,0.6252452873070246,3.549273789797941,1.806410305045679,1.2170031390108256,0.29160806515955234,35.82391612313709,103.499686548057,121.69990459888973
1027313,5111,0.3971032545799488,0.6921409091298432,3.521461133487012,1.8444306791504501,0.9986508915618284,0.300097286932221,39.65675292148784,105.67809351976888,99.86484018771391
1027314,5111,0.4894934377023618,0.7577375325859755,3.4439325591990513,1.8763672167051815,0.8869406281048287,0.31216616520142537,43.41516259583309,107.50792233391604,88.69388342719387
1027315,5111,0.5812816261935461,0.8264339451383865,3.336838009004496,1.900552254366446,0.8145995702332752,0.3263377553812411,47.351177102775765,108.89362291927144,81.45981828641398
1027316,5111,0.6726833179296038,0.8927964919037138,3.1671861494079683,1.9231110721861846,0.7604391074714101,0.34789918377183016,51.153470950168575,110.18614797114698,76.04379883213178
1027317,5111,0.7672027705965074,0.9618050338405428,2.989217833466036,1.9475478161998696,0.7182894867854093,0.37329587909453604,55.10736915350042,111.58627026817271,71.82885599044172
1027318,5111,0.8498935399473768,1.0307626161379912,2.8024798303264364,1.9722515052869891,0.6948911141663211,0.40322033994758544,59.05834758457026,113.00168739126805,69.48903047221246
1027371,5111,0.9365588544532617,0.7431001532013749,4.958249027841181,1.661638141250017,0.4546057290143606,0.19201305106901417,42.57650253396367,95.20485257158892,45.46052484688091
1027372,5111,0.8060737015835203,0.6745292979408083,5.032555049931665,1.6465282769952663,0.47945592784570473,0.1874577028910978,38.64768192993077,94.33912112077611,47.94553389903943
1027373,5111,0.6933022461919526,0.6057819646703276,5.135714696711352,1.6305703461235677,0.5006294090458463,0.18191197207660062,34.70874988075292,93.42479903206626,50.06286941737933
1027374,5111,0.5733539494101683,0.5375924182275237,5.197286770900915,1.618616912690261,0.5372209637194436,0.1784391003522253,30.801776662668935,92.73991774564722,53.722003611124094
1029120,5120,0.3865380265995002,0.628913288471654,3.46744055358163,1.9198108146319046,0.9322259052724235,0.3172283853897155,36.03407710911942,109.99705714198056,93.22235176644908
1029121,5120,0.532707455306944,0.7006318663407763,3.5686698283507043,1.980888969096676,0.7535702340978101,0.3180360827823558,40.143248933700484,113.49657761326009,75.35688336422244
1029122,5120,0.7137785178188139,0.7734978448595671,3.678289135272622,2.0418064706713404,0.6208951410789408,0.3180470287452055,44.31816197291811,116.98689335196991,62.08942799079849
1029123,5120,0.8978982250865437,0.8390292094568541,3.7587516787253707,2.0814896213927883,0.5353928843110176,0.31728770688369895,48.07283259007568,119.2605704060904,53.53922940009464
1029180,5120,0.8993391349522735,0.6007923233762099,5.100275579122933,1.834232705440641,0.3827573244923365,0.2060551255127056,34.42286449331578,105.09379266661145,38.27569031503586
1029181,5120,0.7888635091164526,0.5364484180176938,5.320884589663377,1.7920867015531687,0.3896267165872871,0.1929735603117821,30.736230278883603,102.67900452051732,38.96262276180852
1030988,5129,0.9624910239754845,0.7300364241599059,3.542096914437969,1.9552268303327431,0.4345807339359632,0.3162709766520098,41.82800599518501,112.02624536880766,43.45802869349326
1030989,5129,0.840068570982667,0.6628662374973839,3.5730776760641145,1.9080355206394772,0.45209925296682657,0.30596139266737193,37.979437790316574,109.32238249368872,45.20987201796909
1030990,5129,0.7146556124516843,0.5956421643532398,3.6079394169062313,1.8765027411441757,0.4775416444692653,0.29799748441033225,34.12778211747837,107.51568731229128,47.754098294005
1030991,5129,0.5748094800536858,0.5257538603888156,3.607706303529156,1.8495138318302642,0.5240601935812852,0.29373049662482303,30.123477262989443,105.96933671494284,52.40592909888488
1033140,5140,0.5046229658113954,0.6049139343853867,3.812259952984153,1.633903280975321,0.6868299120389277,0.24556500092187689,34.65901540893626,93.61576213246379,68.68285645769382
1033141,5140,0.6799641519911868,0.6738336564465124,3.951466296789988,1.6938630265461914,0.5677920509103809,0.245608072951515,38.60782460825344,97.05120249435289,56.779122422958885
1033142,5140,0.8532034719397404,0.7408647630987626,4.047434377394488,1.7591050178443712,0.4975181772466875,0.24902020291340743,42.44842411551867,100.78929324276784,49.7517599960689
1035152,5150,0.5948307375169776,0.532702554141234,4.557702592064465,1.901038950416912,0.5131141625670721,0.23898336082642063,30.52160808813194,108.92150854886883,51.31133085725911
1035153,5150,0.7756186451528115,0.6014192914180081,4.587107100683048,1.948946275320135,0.44427486222867296,0.2434353359953648,34.458787116000394,111.66639607358549,44.427429515676295
1035154,5150,0.9584645147120431,0.6737081122569354,4.555095159783127,1.9975914718264622,0.40273406538072226,0.25126491601366885,38.60063145604828,114.45356052698259,40.27336493962986
1037219,5160,0.8898278781103925,0.6687260826230397,4.462274305793543,2.259605121362726,0.43059093445567026,0.2901341953855362,38.31518218461695,129.46583682023038,43.05904553916214
1037220,5160,0.769153012401655,0.6000207049075309,4.594234912533831,2.2346977003313038,0.4469676775672012,0.278694383015917,34.37865401166612,128.0387467165745,44.696710226239404
1037221,5160,0.6605756161460563,0.5287231261840708,4.725221913264539,2.1941177686358784,0.4585940271222188,0.26604821940435974,30.293603661310122,125.71368789749746,45.859333983163694
1039832,5173,0.9896549445494589,0.7514488125867058,4.588084093851015,1.9163564512372275,0.43504905708208347,0.23931369655233872,43.05484548133542,109.79913669856109,43.50486218817808
1039833,5173,0.8734293087888513,0.6844924318859433,4.700963284145154,1.870573247378402,0.44901775807220734,0.22798721376605155,39.21852745571053,107.17595234486332,44.90172491276745
1039834,5173,0.7541999510995265,0.6143905087794533,4.796513422072979,1.8227396055269702,0.4667460215012219,0.21773166702652308,35.20198312595803,104.43528654803593,46.67454088282192
1039835,5173,0.6383548439274576,0.548283869152942,4.897101435164959,1.782432280018122,0.49211424467583925,0.20854345791376355,31.414351677566646,102.12584691291893,49.21134814759612
1043192,5190,0.6478372547312432,0.5609142402244975,4.53781701518782,1.9377940101139441,0.49608166098601064,0.24467143062178612,32.1380186336509,111.02741834526016,49.60809028942481
1043193,5190,0.7963609958175242,0.6312843994998377,4.440619049592892,1.9500159267707096,0.4541901411491153,0.2516038441664853,36.169931763791276,111.72768258725345,45.41895765211671
1043194,5190,0.970863625538605,0.6974829722062972,4.348335374105986,1.9462180840400913,0.4116214587385508,0.25644314979733557,39.96283058966133,111.5100822275346,41.162103900418884
1043249,5190,0.8909887049651865,0.6459420415137274,4.6947575931235,1.8786239813189924,0.4153784685168192,0.22927110304913093,37.00975278880079,107.63722542164187,41.53780069798547
1043250,5190,0.7755500539745184,0.5778640106155433,4.800587274840042,1.8303733233343484,0.42691207800430886,0.21845799302842375,33.10916894077363,104.87266636039257,42.69115330460433
1043854,5193,0.9684309585712583,0.6833186594920133,4.7276574697257505,1.8392270150823005,0.4042753332144043,0.22290097364831318,39.151275251429375,105.37994553066002,40.42749199354162
1043855,5193,0.8262798990521029,0.6167194735900492,4.767831321636944,1.782804109622461,0.42764470723699405,0.2142423757781618,35.335422980239656,102.14715117994557,42.76441948588661
1043856,5193,0.6781466283980286,0.5484607488074067,4.789026276418034,1.730777745204859,0.4633877742059239,0.2070697760767128,31.424486135249204,99.16626007540738,46.33870977250557
1047214,5210,0.6446371684666444,0.5236424901426812,3.5642305456252035,1.9329485759720528,0.46541691452332007,0.3107256775076788,30.002504658896445,110.7497954190212,46.5416199761508
1047215,5210,0.7676820500891349,0.585351747742178,3.4038422551765697,1.9266543057187198,0.43687597274761275,0.32430750809971565,33.538184676233215,110.38916029839046,43.687540935466956
1047216,5210,0.8862343037299084,0.6594824161218603,3.2339909699308826,1.9284082541726235,0.4263608226569815,0.3416510894060813,37.78555910687292,110.48965414228265,42.63603463757809
1047271,5210,0.8647031677243098,0.5573803331081495,4.4061328591127795,1.801657543133723,0.36932373435633203,0.23428111774181992,31.935540670692912,103.22737334947139,36.93233115175038
1047294,5210,0.14324852589605885,0.5245343985395398,3.857665997413556,1.921735127849559,2.0980044967130147,0.28542468932305753,30.05360724574872,110.10731216781339,209.79899973669347
1047295,5210,0.1480060546297901,0.5894273994896713,3.5797941593680247,1.9463637783037426,2.281778277437711,0.3115219049413349,33.7717023201297,111.51842989394108,228.17630149186348
1047296,5210,0.23226849234637104,0.6686636988669727,3.3809393282313183,1.9752333116537595,1.6494534330596342,0.334736950266057,38.31160785868414,113.17253231140923,164.9446402610296
1047297,5210,0.4011928289868368,0.7423679573775298,3.2683133398306703,1.9642116931695082,1.0602021439589009,0.34433981091405735,42.53455080348024,112.54104008885825,106.01995277668094
1047298,5210,0.5835159567279673,0.806701628818264,3.2556915382266385,1.975391783858878,0.7921051229633872,0.347642307090124,46.22059865761563,113.18161209993264,79.21037790708701
1047299,5210,0.7635987444402406,0.8747685716094213,3.233976569687062,1.9685409343947033,0.6563728255508806,0.3487628452475376,50.12054720390737,112.78908733955598,65.63719745695883
1047300,5210,0.9505327104770677,0.9465468132724169,3.2762840440022143,1.9952087469437383,0.5705551880933437,0.34892286066531775,54.2331375120671,114.3170404474617,57.05545938486262
1047353,5210,0.9257328185369892,0.7322860617079481,3.6386906538745403,1.8929554418745962,0.4532290466400537,0.2980697389380384,41.95690073212199,108.45835762573618,45.32285619469948
1047354,5210,0.7568391864295985,0.6691762576665997,3.6980606532758142,1.8802016316724135,0.5065934150283079,0.29130841253699985,38.34097531465506,107.72761812844023,50.65927523686211
1047355,5210,0.6288137761270887,0.6041280112676324,3.6892617446838707,1.8278283610805195,0.5504647972885155,0.2838693964484014,34.61398533126718,104.72685076422806,55.04639306419766
1047356,5210,0.5281918651136093,0.5456464023498745,3.7721815180432543,1.7839906535927534,0.5918916483601832,0.2709708808596816,31.263235961145014,102.21513514165002,59.189053896857516
1051433,5231,0.5829856727175318,0.5554145957394316,3.6841635100328785,2.173221584007611,0.5458609560957789,0.3379774649884715,31.82291221583423,124.5164247103716,54.58600291408898
1051434,5231,0.7631676018315842,0.6218380095036037,3.6326009307051987,2.1580442016072885,0.466852797904571,0.340380974329576,35.628693485372466,123.64682475477697,46.68521922923002
1051435,5231,0.9431261034600816,0.685684694763745,3.573440169370083,2.1414952699189254,0.4165597635988003,0.34336279510690587,39.28683908667869,122.69864081358347,41.65593263362463
1051490,5231,0.9725371866285528,0.6801691141246313,4.446474926524725,2.248059241049702,0.4007128953996993,0.2896773476658833,38.970819594493406,128.80430660753092,40.071248749204905
1051491,5231,0.8020007055316122,0.6173403008258652,4.518793602594035,2.245119806050093,0.4410344414370349,0.28466865366319805,35.370993760658685,128.63588938790028,44.1033897019119
1051492,5231,0.6532035074811875,0.5546859306977795,4.644024291137418,2.2562594328518824,0.48654304414679067,0.2783666376537515,31.781162784268837,129.27414298899362,48.65423067397333
1053241,5240,0.4801601771698083,0.5369189131499412,4.302235628490242,1.8798329177290625,0.6406859312007777,0.25035005384650527,30.763187664242828,107.70649237563859,64.06846102296078
1053242,5240,0.626727449665058,0.6040805394851962,4.316813947818888,1.9360830696264735,0.55225385236806,0.2569705105669603,34.611265398487625,110.92938867633003,55.225298001047975
1053243,5240,0.8129302122368027,0.683419295533644,4.3181277953404615,1.984835761446187,0.48167776521015426,0.2633611539168771,39.15704127188172,113.72271215750159,48.16771786156424
1053244,5240,0.9870149722360784,0.7511136198579722,4.260035201187548,2.0235660590532705,0.43601810638333416,0.27216158787887723,43.035640352655506,115.94179474967311,43.601766904702195
1053299,5240,0.9060521499609886,0.7363301596628699,4.3514240511209925,1.951405664602075,0.46563114510640297,0.25694417994925806,42.18861047687649,111.80730869962036,46.56306363340051
1053300,5240,0.7461751212311594,0.6696672809138947,4.4185187620409785,1.9108780889807973,0.5142105019107293,0.2477872230744219,38.369108874367875,109.48524966262386,51.42098196744818
1053301,5240,0.6477643647942053,0.6023278524613276,4.564728094763806,1.8749836923252197,0.5327684752681359,0.23534512847320943,34.510843829212604,107.42865222609078,53.27676610214669
1053302,5240,0.5584552974420366,0.5353846211806551,4.733859040026263,1.8457277399148535,0.5492879877956175,0.22339577184232914,30.67527920986192,105.75240962734121,54.92870140486825
1059876,5273,0.5344824986112333,0.5770431847303188,3.3824683512162332,2.034331682379748,0.6185822463627823,0.34459633345453355,33.06213908183518,116.55861953010788,61.85811005904141
1059877,5273,0.6798516793853605,0.6430562557674409,3.2998302068603147,2.039579537557831,0.5419477515496036,0.35413730950829303,36.84440944495957,116.8592994833079,54.1946962366461
1059878,5273,0.817583533962609,0.7088610374832282,3.164641966816434,2.043413401954973,0.4967656945760552,0.3699595865509838,40.61474570905382,117.0789637324896,49.67650930504426
1059879,5273,0.9880688193624872,0.7753712169014483,3.074685889615001,2.050664967194563,0.449619469455782,0.3821347989734302,44.42549828437571,117.49444781558188,44.96190189579872
1059932,5273,0.9978449619858535,1.0556008178011989,4.187102817907398,1.7820681382126402,0.6061209246783109,0.24385592453995186,60.48147171056687,102.10498312432055,60.61203233232538
1059933,5273,0.854214555625646,0.9876551139297324,4.1973573648550415,1.7496847840146041,0.6624620080230016,0.2388396904272608,56.58846964268615,100.24955360229582,66.24612402573204
1059934,5273,0.7255373124693887,0.9224093220782563,4.236173009041461,1.7135943106993334,0.7284278768558777,0.2317698577451337,52.85016113860751,98.1817218007013,72.84268829130552
1059935,5273,0.6137878184636727,0.8526615540655895,4.272430991270193,1.683370695308819,0.795941303093396,0.22574978078879118,48.85390840102414,96.45003619719817,79.59400192937137
1059936,5273,0.4946343273787057,0.7845366937490806,4.29401772370115,1.6724133074184575,0.9087650821652211,0.22315283741038605,44.950641424969916,95.82222411659271,90.87632632950726
1059937,5273,0.3664096367523586,0.715556813216905,4.292200380400015,1.6528199463633468,1.1189221070609194,0.22063184056705532,40.99838539915962,94.69960722165887,111.891908386024
1059938,5273,0.2687757927803831,0.6524938381309908,4.311227400888651,1.626806477439522,1.3909415466892123,0.21620094780065488,37.38514308319808,93.20914524182898,139.093642335949
1059939,5273,0.19574403185570002,0.588248463423743,4.351801234509484,1.5916651267730852,1.7218482841016698,0.20955850012063706,33.704154259236255,91.19569416225292,172.18395756824313
1060075,5274,0.3980608121315565,0.536539073067529,3.457614035508749,1.980700954312388,0.7722795794375079,0.3282199912018699,30.74142443063071,113.48580515963432,77.22776587388618
1060076,5274,0.5561937586141736,0.6098358659435592,3.5032536377024535,2.0261525181465236,0.6282166986755664,0.3313776266692402,34.9410213142718,116.08998793959975,62.82155804799666
1060077,5274,0.7176084695163323,0.6794092831352486,3.5024081590494864,2.0540664331191536,0.5424585354941108,0.3360240491020726,38.927284485658525,117.68933745721849,54.24577871289164
1060078,5274,0.8677329393422687,0.7487932723013382,3.4799787257491777,2.0656521808603343,0.49442278598705536,0.3400973422322135,42.902694230656884,118.35315190529137,49.442222189876055
1060133,5274,0.8832787080546621,0.6327927786747471,4.351542931917031,2.2527389791946177,0.4104746869059656,0.29661303490572777,36.256355524419014,129.07243585246096,41.04742268365943
1060134,5274,0.7799868750817975,0.5692631443770545,4.421009786763314,2.2138824101956476,0.41816569264150094,0.28691661921972444,32.61637560515167,126.8461184424611,41.816516188448674
1061082,5279,0.5405097245568746,0.5583283898064717,4.068847481279495,1.8771979668389083,0.5918461458325461,0.2643390322220862,31.98986031824588,107.55552081040851,59.18450618065356
1061083,5279,0.6762859710856437,0.6267104126331191,3.9299909531694315,1.89958785761644,0.5309567642247596,0.2769430466271219,35.90786162078003,108.83836705571996,53.09559869701042
1061084,5279,0.8150995099219105,0.6959948088406078,3.7829531052592906,1.910065670866346,0.4892355367035643,0.2892943639508065,39.87756510958135,109.43870153346583,48.92349424907335
1061085,5279,0.9376027615879348,0.7618335268476064,3.6137966183979278,1.9388539857311722,0.46554732027944484,0.3074001165465745,43.64984577993434,111.0881504745141,46.554682871588035
1061139,5279,0.9634502841616666,0.7300104325567789,4.987826254639895,1.8316190079406809,0.43413258617994244,0.21040034929628096,41.826516786023056,104.94403883093983,43.41321400844652
1061140,5279,0.8376569203833724,0.6645208665333723,5.030198668868817,1.8093350223804543,0.4545326334650271,0.20608979311910777,38.07424105073851,103.66726050760838,45.453209626804465
1061141,5279,0.6810682561712561,0.6011250008048541,5.018179760188368,1.7945875246753715,0.5057044530871719,0.2048995768178082,34.44192550591635,102.82229113072827,50.5703717996865
1061142,5279,0.5362164305793827,0.5325997200323538,5.04182594070882,1.7751836549820843,0.5690932582136206,0.20173352330177488,30.51571612770312,101.71053129108111,56.909220751609844
1061539,5281,0.9494247987689013,0.7784923089365351,4.574528655693547,2.211629646374961,0.46980364609700426,0.27700568483394633,44.604323685458084,126.71704458329599,46.9803156216057
1061540,5281,0.8163425169344272,0.7110563779535615,4.63054469594997,2.1673612340243675,0.49906170643331776,0.2681772000393335,40.74052945259819,124.18065138986218,49.906110120882694
1061541,5281,0.7050297413546371,0.6428090512139999,4.713966666543463,2.113895655405716,0.5223927869229024,0.25693287139356347,36.83024566737098,121.11729938578854,52.23920533820385
1061542,5281,0.5836227073614824,0.5729360812105242,4.790029307443637,2.050603005143175,0.5624664429194153,0.24528220990983496,32.826819384127624,117.49089765154737,56.24654888084505
1062947,5288,0.8761798389374859,0.5312526284066269,3.643453276718005,1.9063236444877059,0.3474005194235333,0.29978235102756473,30.43853346293155,109.22429921514313,34.74001268943898
1064898,5298,0.36086223835765274,0.6252454729284925,3.400372809896945,1.916318383199374,0.9927313516862668,0.32289681566148193,35.82392675846379,109.79695556065774,99.27286282056413
1064899,5298,0.4893667134393582,0.6908444033513997,3.4838441924071115,1.9802357858007005,0.808850841636226,0.32567229294800065,39.58246861226871,113.45915296715225,80.88492053159065
1064900,5298,0.653640047250619,0.7545114765896239,3.561845210918066,2.0249746456353646,0.661378119704097,0.3257370649755551,43.23032320276927,116.02250081590586,66.1377117985583
1064901,5298,0.8337995463254521,0.8223989150993172,3.614211677039942,2.0604694374754327,0.565123674555381,0.3266444049372376,47.11998691132859,118.05620258303715,56.51230035646504
1065156,5299,0.9346529509904484,0.7537156486029963,3.1648433764615156,2.076124665387761,0.4620402162119554,0.3758580332239623,43.18472561791711,118.95318106972897,46.203972681177305
1065157,5299,0.8080575064943062,0.6867734338724119,3.1797538766259734,2.0768824697931687,0.4869606239579284,0.3742321082281062,39.349219242596135,118.99660006385525,48.696002735382876
1065158,5299,0.6764227411782527,0.6178763979133536,3.173234865530574,2.075515587060767,0.5233666342463379,0.3747541172234086,35.401709861181025,118.91828345219932,52.33658682575999
1065159,5299,0.5786369118336702,0.5493568925713058,3.1315737575212865,2.01021661923421,0.5439651395042737,0.3677924798825425,31.47583139075759,115.17692818917705,54.396420882642296
1067167,5309,0.9598342359278766,0.7936548996253762,4.400993635629702,2.0868665227019183,0.4737596760204569,0.27168556418320805,45.473076138413035,119.56864415796191,47.37591873719246
1067168,5309,0.8521582128513652,0.7266051075459024,4.437875912378463,2.02272853330136,0.48854080050684334,0.26114702187694844,41.63140603502949,115.8938080588551,48.854023294225534
1067169,5309,0.7494342522732585,0.6576310077423555,4.591450349416417,1.9744723589912567,0.5027723326430124,0.2463904084325492,37.679481220572136,113.12893293543857,50.27716684834231
1067170,5309,0.6184464065354073,0.5912123679236213,4.696796777436072,1.9432176023747174,0.5477268939114268,0.23705127628564174,33.87397347795911,111.33816729160229,54.77260171196103
1068718,5317,0.39254369259086597,0.833488939126462,4.881860351693711,2.0949668838602666,1.2165625933517112,0.24587503896408633,47.75539848278267,120.03276066486698,121.65595251737682
1068719,5317,0.5480525317322775,1.028316075425426,4.839824795685427,2.150726611440565,1.0750460337453327,0.2546116082079246,58.91817112733334,123.2275577220173,107.50440917898268
1068720,5317,0.7322336860589991,1.0956518490759306,4.7622295850292975,2.2117923187367707,0.857325019397869,0.2661072140565106,62.77622676775547,126.72636502307111,85.7323860272543
1068721,5317,0.8929156970542896,1.1683976678557824,4.663744284436735,2.2584939736335725,0.7497264818188966,0.27746412447889773,66.9442551610645,129.40217274493432,74.97256505776178
1068777,5317,0.914664807684137,0.6581657722462922,3.741950279774938,1.943080999816242,0.41228349708651,0.2975195604435114,37.710120969681114,111.33034054153096,41.22830508463
1068778,5317,0.7612411427318352,0.5898003500961404,3.6206670855825704,1.9144560268083022,0.44392070363741376,0.3029559125535975,33.79307081584722,109.6902503995001,44.392012631586
1069320,5320,0.28213166453726,0.5952574736046189,4.082280784704499,1.8520758915416846,1.2088589846249416,0.2599432456016272,34.10574096116466,106.11613192326773,120.88547427538462
1069321,5320,0.46246683198004057,0.6611187931210241,4.232489580978553,1.9019557417625657,0.819070972535845,0.2574703008270696,37.87931660261728,108.9740368236689,81.90692191592711
1069322,5320,0.6395200555850806,0.7280884955474407,4.2990211128758835,1.9148280370774589,0.6523078813599494,0.2552012699683257,41.71639790689798,109.7115650178583,65.23068715655151
1069323,5320,0.8160696026661853,0.7941303795120882,4.327349939719988,1.9284299272602112,0.557554385348459,0.2553315474887351,45.50031912916499,110.49089591873044,55.75537089623231
1069324,5320,0.9999965270504911,0.8652928683392235,4.296071799510294,1.950421081952455,0.49577801084028633,0.2601234365352793,49.57762939860672,111.75089626921533,49.57775200188418
1069379,5320,0.8926038890525414,0.7264809665638707,4.234513174619997,1.8188350841875751,0.4663243497465871,0.2461004828908608,41.62429328069447,104.21157395426982,46.63238325400247
1069380,5320,0.763811909468679,0.6566265896407046,4.301554245803908,1.7891092196641298,0.49255492541477325,0.23830550837848533,37.621932302481,102.50840737469875,49.25542870000906
1069381,5320,0.6529297617180899,0.583964133376954,4.416350206518123,1.7472242379313028,0.5124391883903914,0.22667716505361618,33.45868022951415,100.10857469642521,51.24384114093908
1070730,5327,0.8108601684066222,0.5656912781982668,4.101614263204249,2.2769697459453395,0.39972024291305247,0.31807173427774604,32.41172274812161,130.46075652164325,39.97197548849462
1070731,5327,0.9956195574978074,0.6313433846587442,4.019106024696524,2.2473473591871285,0.3633246326743191,0.3203785062391773,36.17331136445053,128.76351878129353,36.33242714007559
1070788,5327,0.7937730195428255,0.5679232665989312,4.377923596711632,1.736310653657938,0.4099359017292772,0.22723848407424685,32.539606263401836,99.48327237820106,40.993539045461624
1071191,5329,0.9610420149703395,0.5329885298980173,4.532434164632155,1.7741122718061533,0.3177591874089083,0.2242705390533523,30.53799329203868,101.64914555685894,31.77588600753856
1071994,5333,0.8913975277547852,0.6581482148091697,4.757376868946317,1.821248927292772,0.4230336455451187,0.21934330542194963,37.70911500263493,104.34987697660436,42.30331757178797
1071995,5333,0.7140560983106774,0.5888674634745803,4.819624469594654,1.8136059075446358,0.4725065713601865,0.2156017852474688,33.73962034966761,103.91196420230102,47.250591625640446
1072137,5334,0.5759839101700206,0.5290014051014328,3.7188645482400027,1.836344513752608,0.5262221184899672,0.28292181315638437,30.309547868802436,105.2147903700278,52.622121402200605
1072138,5334,0.7442992788366474,0.6003915229293528,3.6604725854494395,1.8556418738869862,0.4621783311529365,0.2904555214909824,34.39990031928391,106.32044766147168,46.21777164056888
1072139,5334,0.9278999301434971,0.6731062286860593,3.660928644016181,1.8823963202747427,0.4156282848958334,0.2946065731283231,38.56614606767882,107.85336452269915,41.56278414519391
1072195,5334,0.9170174607439472,0.5715941199798292,4.615943992955091,1.764495200653612,0.3571352969182761,0.21901939864049277,32.74993066933862,101.0981279685413,35.713491136012316
1073142,5339,0.8998923011974723,0.5565349839748539,3.9324193256142754,2.148029946131387,0.354343573518351,0.3129703108374557,31.887105733140032,123.07305018104206,35.43431836942048
1073198,5339,0.916959927749141,0.7707529057473633,4.2119344161214975,2.0190933148059282,0.4816010681466636,0.2746612688554756,44.16088854676845,115.68552538145899,48.16005481844241
1073199,5339,0.817816672929994,0.7028996000369386,4.212543560584307,1.9819491058315069,0.49244752942998615,0.26956948235937545,40.273180503550186,113.55731897387268,49.24469333031595
1073200,5339,0.6898139054902337,0.6392618187743038,4.287907418063297,1.9650712962942012,0.5309693440091678,0.2625763116598174,36.627004219624496,112.59029171995941,53.09685819791706
1073201,5339,0.572963174186226,0.5727219418994431,4.359945238019323,1.9524065533912922,0.5727165551130659,0.25657353255484894,32.81455010537484,111.86465540300446,57.27155655409161
1075554,5351,0.7086517478156058,0.5378244763849833,4.102768570657365,1.8879735905768622,0.4348408407350789,0.26365834788293685,30.815072615692955,108.17291857221426,43.484023325499265
1075555,5351,0.8564613466513544,0.6046227224121109,4.006321438529276,1.897999818878406,0.40448211612688056,0.27143947517803046,34.64233019192388,108.74737913832733,40.448164857883654
1075613,5351,0.8899036867123964,0.5302780050167222,4.826935209901492,1.8815869382945047,0.34141550111904423,0.22334459743053625,30.382691656075277,107.80699035121758,34.14151213015748
1077162,5359,0.9441224885798541,0.544720209725236,3.915491136637052,1.939351666974249,0.3305733003893384,0.28378729857356827,31.210169032737085,111.11666550928523,33.057295375293826
1077216,5359,0.924095972359209,0.7910807292972515,3.6543085281242,1.8828624488853412,0.490485706118404,0.2952133641681303,45.32558704286368,107.88007172479674,49.04851806531513
1077217,5359,0.799285023406135,0.7168358359416022,3.674006127776431,1.868912209855503,0.513855086566054,0.2914550980309341,41.07166800318609,107.08078190518835,51.38544501023591
1077218,5359,0.707370665481861,0.6511078384735602,3.741472007298608,1.8625473078414285,0.5273858875618226,0.28522490450113797,37.30573115242073,106.71609988276755,52.73851494604055
1077219,5359,0.5963743962387195,0.5863287330122923,3.7548299125394116,1.8610681860999834,0.563306564759085,0.2839845070199114,33.59416180885721,106.6313524495967,56.33056296542791
1077562,5361,0.4470347001462031,0.5451528294841488,4.0683728547800575,1.670761452189022,0.6987143416411968,0.23529696752304588,31.234956319056753,95.72757978357943,69.87127942766395
1077563,5361,0.5971667484101069,0.6070332090393636,4.0902354672175685,1.7060810626482246,0.5824242627777445,0.23898683814515811,34.78044090223819,97.75124439693786,58.24232972198728
1077564,5361,0.7414337066159096,0.6698729854870755,4.035345306690844,1.7326126498164056,0.5176578029580009,0.2460047023853336,38.380894878237676,99.27139236545808,51.765711175590255
1077565,5361,0.913804155735805,0.7336375147401257,3.970551146822863,1.7598017759770772,0.45999279564707857,0.25394261542217317,42.034333287075924,100.82921454311331,45.99922972991924
1077619,5361,0.49319080602371823,1.0157583518849647,4.158664187374923,1.1754643027447322,1.1800435992987746,0.16194898245949765,58.198666568172825,67.34914351556122,118.00412305587652
1079371,5370,0.43925412918309636,0.5651123103295087,3.224282889891843,1.9373522713606501,0.7371256738293724,0.344269135263449,32.378550332768086,111.00210857904904,73.71240124841346
1079372,5370,0.5726023655564428,0.6337564428241612,3.27683911687876,1.9988901332875195,0.6341498212919863,0.3495074488347163,36.3115694130485,114.52796834771746,63.414872488151985
1079373,5370,0.7147265432499821,0.7030338587186665,3.290838683200593,2.050867364900298,0.563584391488077,0.35707020399599104,40.28087295937618,117.50604434990363,56.358361084298664
1079374,5370,0.8739776696386057,0.7672406213544819,3.2951392214950888,2.097171964140669,0.5029836630700252,0.36465561548943204,43.95964947460668,120.15910245842156,50.298309331489975
1079429,5370,0.9262521817724054,0.6974055035827058,4.65247035320935,1.9453855086530631,0.43139862252874706,0.23957676346129983,39.95839196448485,111.46237917173141,43.13981614403052
1079430,5370,0.8032335589459836,0.6295819315572659,4.7798365545548345,1.8911818764972295,0.4490896413014757,0.22669549126103697,36.07238753592559,108.35673981492255,44.90890877909974
1079431,5370,0.677375570387575,0.5644447787002148,4.913430869966215,1.8300616405666772,0.4774353331310505,0.2134044638356224,32.340303587718054,104.85480825325804,47.743463534934314
1080236,5374,0.9493609284290686,0.5808268013839569,5.223054134280729,2.2104670738709555,0.35054027399159193,0.24248347918070384,33.278924347384056,126.65043408543852,35.053990844620735
1081385,5380,0.8454345041752349,0.5817115782414929,3.601045102187421,2.2082041800556564,0.39423063251263735,0.35134461212978746,33.32961832713171,126.52077982033563,39.42301708708867
1081441,5380,0.9266831045364154,0.6253866401626436,4.1852680511013665,1.971660013763258,0.3866695581597123,0.26991771082307364,35.83201504518618,112.96779742334049,38.66691450708714
1081442,5380,0.7173759200411235,0.5628260422591997,4.069419241204958,1.929358460811978,0.4495210317365301,0.27164587905178555,32.24755682150386,110.54409697238297,44.952041138506765
1084457,5395,0.8568116479317174,0.5681846243315306,4.935285511916584,1.7445299535861682,0.3799502569445349,0.20252972828170698,32.55458095842289,99.95420357464083,37.99498179328614
1086666,5406,0.9578940392619705,0.6643581682607793,3.913191164134564,1.8185548348146519,0.3973813090885445,0.2662673818153898,38.06491912638486,104.19551684799013,39.7380898388541
1086667,5406,0.8313429450591112,0.5964421534045546,3.876700851500088,1.7976424071301378,0.4110652277235636,0.2656829264934312,34.17361811377538,102.99732300229493,41.10647382094727
1086668,5406,0.695302753595633,0.5333015371596613,3.826775182911988,1.7857116907805053,0.43946218664619363,0.2673628267957845,30.555927287087833,102.31374330889327,43.946156092317324
1089222,5419,0.4988669060484623,0.5394259916006066,3.6019890753614687,1.953701863820065,0.6195406366729622,0.3107696013812299,30.90683267837415,111.93887122373243,61.9539407198741
1089223,5419,0.6430424016922107,0.6065979741976689,3.538229558172193,1.9894894151932019,0.5404854042402977,0.32216492649855477,34.75550378271204,113.98934687652078,54.04845721338663
1089224,5419,0.7779981024051831,0.6776905095938228,3.4355604268096718,2.029878899493219,0.499086121118684,0.3385284468219787,38.828806015796076,116.30349386362167,49.90854860340697
1089225,5419,0.9112876400161134,0.7497283212985264,3.311389911915751,2.070107423480944,0.47137990502860605,0.3581831838019852,42.95626859183371,118.60841850415909,47.13793929338805
1089277,5419,0.9305375496305213,0.7909598460542382,3.882452929243356,1.4535592602769993,0.48701592401299065,0.21451080589855348,45.31866094322517,83.28281088602999,48.701540587672966
1089278,5419,0.8307345723599352,0.721090236873986,3.9321052218953185,1.4183450454711886,0.4973360697661113,0.2066709312345113,41.3154272209682,81.26518499878995,49.73354770832824
1089279,5419,0.7112642887786339,0.6586747531200072,3.989335853382476,1.4015615407844702,0.5305943724492129,0.20129556338411475,37.73928342559787,80.30356101480294,53.059363392248166
1089280,5419,0.5956195540882725,0.5924618663757997,4.064543872386682,1.4041023305596863,0.5699202395700057,0.19792906627031776,33.94556446577706,80.44913754555282,56.991929228732154
1089281,5419,0.5052511460833428,0.5265304202254601,4.140852816844187,1.396749295714721,0.5970886063483295,0.19326414878481502,30.167970864168545,80.02783968232367,59.70874364023434
1091832,5432,0.43219532855438253,0.79365948820062,3.825765911027812,1.7344056159672228,1.0521478365895574,0.2597496130448367,45.47333904440849,99.37412175870973,105.21454265127257
1091833,5432,0.6027698670387428,0.8610372023888777,3.969907620794317,1.7994909942266215,0.8184516111355623,0.25971193496095635,49.33379770063438,103.1032392409858,81.8450266898242
1091834,5432,0.7703430395035789,0.9253679166390775,4.008142141457754,1.8478181689561373,0.688260589284211,0.2641427833348496,53.01967612023292,105.87218238877834,68.82597047729426
1091835,5432,0.9341171357040983,0.9903290216522276,3.9791359792907044,1.8853053377103266,0.6074363748801878,0.2714660650829957,56.74167326999256,108.02003894428807,60.74357311050718
1094303,5444,0.9682656861022052,0.7200358850921629,4.211457847777245,2.038173344066082,0.4260712475906301,0.27728813744484737,41.25501731374764,116.7787305310519,42.60708119559633
1094304,5444,0.8561053930159439,0.6494410198028215,4.267816517462398,1.9691635967015784,0.43464542270481155,0.26436179375519286,37.210229477373794,112.82476326180179,43.464492008157215
1094305,5444,0.729717327152274,0.5843269089136716,4.346398689821534,1.907442399448454,0.45880047015646447,0.2514458674883893,33.47946573667866,109.28839915270332,45.87998477074337
1094447,5445,0.6836507183639566,0.5745322040674237,3.6095838656994914,2.1612319407272076,0.4815071369292473,0.3430574631779142,32.91827048741233,123.8294687525371,48.150643965598256
1094448,5445,0.814512686540837,0.640678949552373,3.631106668411244,2.1580792287340103,0.4506768278520694,0.3405265738857553,36.70819983222596,123.6488316613066,45.06762800772842
1094449,5445,0.9666649535668502,0.7086636275879428,3.6424786887120484,2.146792972201835,0.4200362740509308,0.3376881156202879,40.60343495521985,123.002176795511,42.003584387553275
1094505,5445,0.9215228729597196,0.7561092897046213,4.82134463042284,1.670906403361426,0.4701117243184389,0.19856677340866774,43.32187115070927,95.73588487399367,47.011121927389176
1094506,5445,0.7639892347242015,0.691879296404809,4.863588822303498,1.6540473054011846,0.5188785560821221,0.19485596538305475,39.64176361647647,94.76992971447422,51.887788370471824
1094507,5445,0.647303795042932,0.6223916852485873,4.9162495941526725,1.645058155565121,0.5509069542147005,0.19172112271891473,35.660416768778795,94.25488936745705,55.09061116473522
1094508,5445,0.5181777990471585,0.5510117624565898,4.945731248571656,1.632034986671735,0.6092628418202769,0.18906954677716475,31.57064845082766,93.50871675397997,60.926167780080235
1095249,5449,0.33102895329071624,0.8422438471996802,3.6079899812462477,0.9156101893056254,1.4577883846079898,0.14540117808992617,48.25701776540307,52.46059952638668,145.77840248499484
1095250,5449,0.4655287135075387,0.9091948961342697,3.7123785051760168,0.9768765936509753,1.1190078650965416,0.15076831657254494,52.0930303033289,55.9709059213172,111.90054854035718
1095251,5449,0.5967257052241447,0.9741376687236412,3.712086542144081,1.0343160402957996,0.9353372187356245,0.1596459106197379,55.81397708257777,59.261943791632504,93.53356669635343
1095252,5449,0.7385098529172169,1.040051992166459,3.6119129211008767,1.0991776464629237,0.8069030979480805,0.17436256432198452,59.59058962531146,62.978240077448426,80.69020162658495
1095253,5449,0.9075592479459584,1.1062232459942485,3.561629349633123,1.1646056874257886,0.6983777934036218,0.18734961993154473,63.381923194732686,66.72699068642966,69.83770315875142
1100162,5473,0.4218039025867285,0.5356036397695296,3.2164047342603688,1.9955631309826076,0.7275377760828502,0.3554818321955568,30.68782805063934,114.33734515721571,72.75360685104775
1100163,5473,0.5854222041311845,0.6026532970103783,3.189101377649076,2.0287537682442616,0.5898220052955011,0.3644883447162731,34.52949042833875,116.23902859165813,58.98210078567573
1100164,5473,0.7549050350361395,0.672333474100967,3.1534421102596055,2.0457971103866255,0.5102876281547369,0.3717066484656561,38.52187049135365,117.21554016521303,51.02869589525735
1100165,5473,0.9375047993639356,0.7367874487912887,3.150795983749549,2.0574889148124806,0.4502890096381841,0.37414491908573055,42.21481121395211,117.88543121370691,45.02885341359313
1100934,5477,0.9182402894461068,0.7571797467814273,4.230565179669113,2.18067911529856,0.47246024651204505,0.2953357392625405,43.38320382336016,124.94370977892972,47.24597371299801
1100935,5477,0.8073462836252406,0.6958852419625073,4.307416779758652,2.137764799742384,0.4938560776795921,0.28435813527051595,39.87128738989176,122.48490061686823,49.38554720944532
1100936,5477,0.7063405865843659,0.6308355453518844,4.429513079616273,2.095594663117462,0.5117108444605664,0.27106530071722096,36.14421431549661,120.06872976677013,51.17101272527088
1100937,5477,0.5965167153985325,0.5628117516171768,4.532383807524139,2.037183077426557,0.5405839711616701,0.25752892325825816,32.24673802802941,116.72199243201452,54.05830739911122
1101227,5478,0.8736003037043424,0.5940400679250215,4.612704435633944,0.594938813878894,0.38960595846680834,0.0738991268691507,34.03598875376848,34.08748310377983,38.96055169497259
1101228,5478,0.7123515742464049,0.5807311600964574,4.641467057241969,0.6191463916941355,0.4670930091418697,0.07642944489511841,33.273444505263136,35.47447514482769,46.7092359994108
1101229,5478,0.5547163787145679,0.5804271347190405,4.665828514334246,0.646368753937824,0.5995140185300047,0.07937325903988644,33.25602513427228,37.03420160976732,59.95129485817732
1101230,5478,0.3840319176868265,0.5714165164271978,4.733859010968102,0.6725007807944285,0.8525268962023699,0.08139544563558501,32.73975473534631,38.531456458773285,85.25246984698622
1101231,5478,0.25909606889684966,0.5587728251096282,4.8107143571283135,0.7119046229380395,1.2356545387214906,0.08478809423588872,32.01532458538337,40.78913031020192,123.56498173327132
1101232,5478,0.2311713032295658,0.5470920807539056,4.945380396627635,0.7541962954429127,1.3559670010223472,0.08737905095302471,31.346067232229203,43.21226465328062,135.59611940666167
1103691,5491,0.36428572985481855,0.6333190926769312,3.2108581574816,1.9048315899792998,0.996100234664808,0.3399054243327408,36.2865110954428,109.13881078900799,99.6097527623482
1103692,5491,0.46911044761914267,0.7043372382107643,3.284344951959376,1.9685909389233287,0.8602569064052034,0.34342297686267786,40.355551103377294,112.79195238800276,86.02550909424991
1103693,5491,0.6286757015587691,0.7752793893007331,3.342591765045466,2.0206019619302973,0.7065683647977147,0.34635388430848735,44.42023695041192,115.77196449445988,70.65672521388879
1103694,5491,0.796193663255538,0.8485391523645668,3.3569928044708446,2.07031001164687,0.6106267082392923,0.353352040075021,48.61771218209798,118.62002595104595,61.062594897718085
1103695,5491,0.9363260444197742,0.9199570428921168,3.3189072046485846,2.0926130016808258,0.5629412493889988,0.3612571409689412,52.70965589105394,119.89789315051397,56.29406541783401
1103748,5491,0.930075256185202,0.8235929265097064,3.135294467290721,2.0482918713298193,0.5073610754039547,0.37431405658445277,47.188398725834354,117.35847943815212,50.736053535418854
1103749,5491,0.832338985671094,0.755319751667487,3.2662905996888094,2.046259182264929,0.5199400025529691,0.35894544896249003,43.27663395341643,117.2420149336715,51.993938412707166
1103750,5491,0.7266000757800934,0.6831973101926098,3.3418822199759735,2.0048627459317117,0.5387326978732805,0.3437289705021173,39.144322448726676,114.87017384489613,53.87319638455055
1103751,5491,0.6306852878749918,0.616980122575757,3.4534067469529894,1.989605643057113,0.5605070735938081,0.3300972467638469,35.35035706705508,113.99600624258471,56.05061937554264
1103752,5491,0.5381143546534546,0.5453557440390543,3.4936417217982205,1.9827633142699765,0.5806680609014666,0.3251734963177451,31.246582466654615,113.60396968104092,58.06669926149452
1105098,5498,0.22972661300228464,0.7352149006186398,4.210920252656673,1.9848687516458314,1.8336886813575537,0.27007066214300046,42.12471084057832,113.72460235670651,183.36807791651665
1105099,5498,0.308571648282868,0.8041903194361868,4.249343895730101,2.0434016316286785,1.4932256411809677,0.27552086143132165,46.076711228971,117.07828934246943,149.32208504343058
1105100,5498,0.4528894770049542,0.8720798452657025,4.218256719030148,2.102105189406763,1.1032822789194057,0.2855249530372888,49.96649453214664,120.44175544555605,110.32798671896133
1105101,5498,0.5844816986323693,0.9415541732139756,4.09304466669133,2.1654654318177036,0.9229900527481248,0.3031289412284747,53.94708030809047,124.07202992462875,92.29884893825121
1105102,5498,0.7265126813287369,1.0099410882973303,3.9724414795014438,2.228250201143245,0.7964810884508413,0.321387571250817,57.86536191628625,127.6693322246847,79.64800031082004
1105103,5498,0.8799547972661019,1.0782476366227145,3.8647731486041237,2.276855781191328,0.7020705874700099,0.33754691793953184,61.77903884843716,130.45422682222514,70.20697976009237
1105160,5498,0.9498885240675035,0.7307355348117113,3.844687841803316,1.6190453817429709,0.4407681594561786,0.24127958052695783,41.868062084946104,92.76446721401946,44.076770007593815
1105161,5498,0.7451016205605054,0.6595643157536147,3.7248827339782133,1.6100113870224808,0.5071825112191509,0.24765036589009862,37.79025161011612,92.2468574443919,50.71818373378999
1105162,5498,0.5376729870099173,0.5923197740525401,3.5946216545054726,1.6052822922427716,0.6311907676986632,0.25587087837587696,33.937423175353075,91.97590027259723,63.11896055095391
1105299,5499,0.3603963382398221,0.5838620845131655,4.740065487640587,1.6554425225776885,0.9282234246739405,0.2001024454565121,33.45283326031497,94.84986977019204,92.82208748737813
1105300,5499,0.5084071973037007,0.6468806741983514,4.851796323125913,1.7133922839192577,0.7290127273511018,0.20233773179758624,37.06353248014278,98.17014651885434,72.9011307778003
1105301,5499,0.6565289899955384,0.7131969990577817,4.888101322941928,1.7534341984580553,0.6224123840330638,0.20552842992124712,40.86317800740664,100.46437922555097,62.241144547995944
1105302,5499,0.8353844685996545,0.7788100246995278,4.833690316740199,1.7646344565453287,0.5341555726838805,0.20916959902061852,44.62252745776234,101.106106743409,53.41549396659063
1105360,5499,0.8565799565782579,0.6792211457778141,5.255153976517604,1.727666797857847,0.45432424907818963,0.18836368292174796,38.91650500910878,98.98801592213617,45.43237239894597
1105361,5499,0.7119612988862885,0.6150217617594312,5.396762478466958,1.7022621613175892,0.49494475075672845,0.1807239760444253,35.23815125751582,97.53243746831556,49.49440625246352
1105362,5499,0.5502137451703015,0.5452556907081417,5.490664183817367,1.66797709595981,0.5677947804739536,0.1740555323536208,31.2408498330671,95.56804792298462,56.779375884224045
1109066,5517,0.9489517398552051,0.5259578361849941,4.636686041968932,0.8832028529632461,0.31756266027046626,0.10913785268514979,30.135164215233296,50.60379592870741,31.756232897152955
1109924,5522,0.6386555646689449,0.5829990926403025,3.697855966332178,1.87003068917282,0.5230266327129595,0.2897486184841031,33.403387468245825,107.14486604954328,52.30258219542589
1109925,5522,0.758100788163309,0.6488051308379316,3.6504837469704525,1.8994871212040878,0.4903542617750777,0.2981319806632133,37.17379572344665,108.8325952844489,49.035362142476224
1109926,5522,0.8848638953494494,0.7139704796897455,3.543170168008326,1.9210761894706803,0.4623026765567767,0.31065275515955143,40.90749518315328,110.06955777974446,46.23021593256692
1110726,5526,0.13886332653765426,0.5735448760409041,3.671754360938695,1.9097133396177273,2.366477831935644,0.2980006378039831,32.861700758497776,109.4185144399294,236.64609606979977
1110727,5526,0.2952935561443446,0.6438617764277375,3.78783475486571,1.9720233641636784,1.2492843261296251,0.29829341267945925,36.89056237910515,112.98861586776897,124.92801377981539
1110728,5526,0.4728590721874227,0.708682917696552,3.833713383081191,2.0220794663763315,0.8587027663547229,0.3022046965548314,40.60454019702951,115.85661926342945,85.8700968538014
1110729,5526,0.6545269081067867,0.7799632841835381,3.828550808402029,2.079487496478149,0.6827619021100149,0.3112035408430415,44.688604358879566,119.14585709842359,68.27608694049542
1110730,5526,0.8416627089354801,0.8496768844644288,3.8032222728748226,2.1384219045337334,0.5784133992677006,0.3221545858621144,48.682899429636635,122.52254994811037,57.841271891370745
1110785,5526,0.9364860010974184,0.7223444294477221,4.8183045094030925,1.3700974461389097,0.4419423960603573,0.16292204211936587,41.38728716213994,78.50080118541216,44.194192886436674
1110786,5526,0.8213050240273772,0.6539966940880049,4.909098935523306,1.3204617361334905,0.45624035935839663,0.15411562351571503,37.47125038675107,75.65688448896636,45.623980940753476
1110787,5526,0.7282437203415328,0.5881373580762659,5.039247785133236,1.2788119301199132,0.46272679032802433,0.1453997290183118,33.697788391744474,73.27052638684978,46.27261612818951
1111991,5532,0.9932511472141861,0.650617327467315,4.0238864411321025,1.9079530727185494,0.37530917201760244,0.2716718274816972,37.27762694195816,109.31765857578993,37.53087979372832
1111992,5532,0.8640367608597865,0.5878518375402876,4.061629063246913,1.8618419782167623,0.38981476721821523,0.26264261346453,33.681429270068605,106.67568747210863,38.981432057498154
1112796,5536,0.8447655850664488,0.7091005257127282,3.945716141371309,1.8836474039326134,0.4809436796565019,0.2735246079437424,40.628467373847236,107.92504633611294,48.09431160283337
1112797,5536,0.6936270652873537,0.6464689081545939,3.9952624824104728,1.8863127057539786,0.5340036648417147,0.27051478366418635,37.03994002368868,108.0777568816057,53.40029026700917
1112798,5536,0.5745238939284665,0.5813020764336199,4.04096389550162,1.8838915136604406,0.579717490849337,0.2671120933456015,33.30615560183761,107.93903279325552,57.97164919016464
1114143,5543,0.4016071078556577,0.5601141480681248,3.212472053260714,1.8028151066388074,0.7990938233670333,0.3215395957342154,32.09217672986922,103.2936968528311,79.90918535291001
1114144,5543,0.582550245796913,0.6287190771467496,3.3652818024430045,1.8605272859340758,0.6183663857565447,0.31676503512663157,36.02294961986876,106.60036115295227,61.83653348915326
1114145,5543,0.765124756548643,0.6996894853430398,3.5116294993891723,1.9149108805549133,0.5239570882102424,0.3124370361569298,40.08925447983685,109.71631159947664,52.3956410259575
1114146,5543,0.9542104046895117,0.7754497206476496,3.6154607013880935,1.9627345660487956,0.46562053330937486,0.3110430894320559,44.42999621770901,112.45640693903711,46.562005022530585
1114948,5547,0.5461684314597562,0.5651326806102797,4.123512218607921,1.7767658787956133,0.5928522229761534,0.2468797966247551,32.37971746388376,101.8011860378414,59.28511483577896
1114949,5547,0.6804788659836926,0.6318940074217452,4.136984976108533,1.828430500661379,0.5320497226682751,0.2532311603079642,36.20485972487432,104.76135082088909,53.204894861271256
1114950,5547,0.813763645410165,0.6998498339983223,4.07692981033398,1.876696208517831,0.4927529205125798,0.2637444766401857,40.09844178103514,107.5267721762752,49.27523210451612
1114951,5547,0.9728690811729439,0.7641409964254782,3.9750369768906046,1.9095751004093762,0.45003027072548063,0.27524421603511157,43.78205404810122,109.41059391672765,45.00298127712515
1115009,5547,0.9393958455585847,0.615564921816213,5.393288246907727,1.5676413608966544,0.37544632358844765,0.16653890815956757,35.2692720363695,89.81923376952302,37.544592791769134
1115010,5547,0.7768488407275139,0.5503215911975614,5.512578793167491,1.5507353193545432,0.40588467783682025,0.16117790259947712,31.531104550544104,88.8505889408872,40.58841605864972
1116357,5554,0.7569117748529326,0.5425794175050782,4.115649073943767,2.1504171686854088,0.41071510968412106,0.29936912852657915,31.0875106737076,123.20982795814594,41.071457249149844
1116358,5554,0.9390598914087026,0.6074923596301606,4.033244080626744,2.175959438244075,0.3706552504375652,0.30911417559076976,34.80674829325179,124.67329220304299,37.06548596762191
1116413,5554,0.8879213843408242,0.9003100802025191,4.039495480410561,1.7937272985010755,0.5809519646385359,0.254420394936668,51.583967848689,102.77300380151442,58.095131689898665
1116414,5554,0.7789447466194235,0.8343253703644739,4.1732283497045675,1.784493469304457,0.6136933595912164,0.24499963948064798,47.80332246257364,102.2439443598035,61.3692579618505
1116415,5554,0.693197499965752,0.7701040855386031,4.362132385247282,1.7957821090014168,0.6365244140782281,0.23587256517703756,44.123713887143694,102.89073577088314,63.65235050180238
1116416,5554,0.5849867950255261,0.6983580343551014,4.5006716382001075,1.8107712113781882,0.6839977861697835,0.23052014495937023,40.01296795759946,103.74954807576165,68.3996628610918
1116417,5554,0.4807090023536599,0.6252397735482378,4.606582828360298,1.8207167603296726,0.7452242268691598,0.22645720204340167,35.823600208029355,104.31938605562247,74.52226921143576
1116418,5554,0.3966448016254699,0.5584300384159289,4.718616603830514,1.8255813743362501,0.8066583355380668,0.22167113047620146,31.995684354561153,104.59810790715959,80.66563221756438
1117362,5559,0.5867448106254826,0.5587799701200629,3.8842708699415893,1.9132526052653374,0.5456500481793158,0.28221847242991854,32.015733964325854,109.62129942411309,54.564912751906064
1117363,5559,0.7636800692435376,0.6272234466051245,3.797334894996768,1.9401004943149598,0.47057998864813105,0.29273048845183847,35.937256302122776,111.15957015549196,47.05793786105021
1117364,5559,0.9332885589641393,0.6980476587077712,3.6881877380977386,1.9603034255674716,0.4285403901103666,0.3045319829718099,39.9951847429438,112.31711285005383,42.85399355301324
1117419,5559,0.9740921036544933,0.6108683777589652,4.528723243510999,1.5405483836085905,0.3593107817317406,0.19490464657570356,35.00017988359195,88.26692051647316,35.931041655343
1117420,5559,0.8109433482512507,0.5452678570835554,4.545113386723729,1.4912328700425252,0.3852494332329294,0.18798507818574223,31.241546915030273,85.44134972461747,38.524896292083
1118223,5563,0.9868702856470506,0.7045555346105522,4.96229223891065,1.8392267403485816,0.40905130840218823,0.2123613936940353,40.36805856576804,105.37992978957745,40.90508980540494
1118224,5563,0.8809413806591571,0.6373173652988341,5.066999849535478,1.8031033198361381,0.41450652255876014,0.20388832270879356,36.51559524202054,103.31021025263813,41.450605673776394
1118225,5563,0.7654004962216638,0.5711210604250507,5.184061719831981,1.767128103515017,0.42752553842595425,0.19530821094919573,32.722826353391476,101.24898219036773,42.75249854478308
1118364,5564,0.1987907953532631,0.5747313398362546,3.241656905253004,1.7915441304738629,1.6564991558839164,0.31665262602157823,32.92968012651643,102.64791748758724,165.64909063776358
1118365,5564,0.33249296766142644,0.6467789326747924,3.3429603846051643,1.8561903986889527,1.114540925973391,0.31813681068196975,37.05770312024162,106.35187581758261,111.45376074304276
1118366,5564,0.5085917952085521,0.7147281151274394,3.462617400293029,1.9070838663463667,0.8051821534826036,0.315564336950212,40.950904496142684,109.26785671913798,80.51805861573494
1118367,5564,0.6897534138876855,0.7801275656185951,3.5795591491291776,1.9548470125650748,0.6480289251748461,0.3129002160170591,44.69801699176069,112.0044834137362,64.80279950631672
1118368,5564,0.874481040023552,0.8436649258418158,3.681874130051815,1.9769436703728962,0.552767147700362,0.3076436736804781,48.33843957395363,113.27052864746916,55.27665219133803
1118424,5564,0.9691233342597049,0.5706090915690257,4.924724258914653,1.9633217128916276,0.33735120397572355,0.22841897704838857,32.6934926986991,112.49004797508582,33.73508593577213
1119718,5570,0.9007307814677884,1.2589930889949086,4.632862025475896,1.0950800664992575,0.8008496114360534,0.13543132853699982,72.13499043554671,62.743466039312985,80.08487312171783
1119719,5570,0.7223480474013424,1.2537804679840874,4.67544377919029,1.1822630887039467,0.9944835943749566,0.14488183007022792,71.83632925142544,67.73868525683702,99.44822314067876
1119720,5570,0.5596163273048271,1.243306741653764,4.734496683227771,1.2651489394239066,1.2729476283698984,0.15310538665731577,71.23622893692287,72.48769468444209,127.29453764414988
1119721,5570,0.45066365716024837,1.2273356410392426,4.842972302235883,1.3488576889411479,1.5603909833833352,0.15957938174628486,70.321152277532,77.28385274009779,156.03875555860827
1119722,5570,0.39372319883439905,1.2082394761323334,5.007984540005545,1.430010030842729,1.7582662406014609,0.1636058150949574,69.22702262348027,81.93353942866105,175.82618195280716
1119723,5570,0.35455078289795944,1.1946201175509743,5.199144640565698,1.4851011819497546,1.930518623231291,0.16366159357838372,68.44669085709312,85.0900298756111,193.05132327255055
1119724,5570,0.3281864900024592,1.1838397420508413,5.375484228534707,1.5325621842619994,2.066782784753821,0.16335150677234456,67.82902083936925,87.80934499956336,206.67765501622563
1119725,5570,0.26246325181954944,1.1018249157850903,5.529832683122114,1.570520497733725,2.405285867408238,0.16272498853509296,63.12991743684304,89.98419615892782,240.52767948088564
1119726,5570,0.22038102853908817,0.7497303620116572,5.664129010965008,1.5905109080164426,1.9491869990649981,0.16088892389555162,42.9563855160833,91.12956229886245,194.91782429284754
1121641,5580,0.9356594313373783,0.5249145651759066,5.193064756468008,1.8890498297165967,0.3214352130785554,0.20842139930845135,30.075389189524227,108.23458253266783,32.14348729756181
1134100,5642,0.989288705546467,0.8141557118381033,3.717281096017962,1.9226222810207467,0.4715275270174808,0.29634062950463297,46.64768615479255,110.1581423003041,47.15270551514043
1134101,5642,0.8596508890003484,0.7432305124773739,3.6401678207782804,1.8657823540933731,0.4953635437340657,0.2936717738002692,42.5839715702988,106.90145437953359,49.53629732590693
1134102,5642,0.7408750068912282,0.677244636192151,3.6016830998355784,1.832619299193122,0.5237490597875033,0.2915341191768035,38.80325935168314,105.00135129798856,52.37483599246863
1134103,5642,0.6195616415981587,0.6094528277020559,3.56301446471111,1.7989226786265742,0.5636093639683447,0.2892794230481723,34.919074839641546,103.07067715567165,56.36084633761643
1134104,5642,0.5152038844115436,0.5433024393575162,3.54122625942352,1.7638930699466027,0.6042061621040913,0.28539161502596305,31.128936774348027,101.06362842031444,60.420500108229476
1135050,5647,0.8123849748017369,0.5373935542529238,4.291254314893735,1.955951006473326,0.37901220692479415,0.26115380054539716,30.790382596227165,112.06773760528715,37.901174504817824
1135051,5647,0.9560263975253721,0.6027124774252073,4.127056860792622,1.9734081138993793,0.3612126291126724,0.27396752631032006,34.53288121633828,113.06795618330648,36.121225506428864
1135108,5647,0.8404082538097064,0.5551096887604122,4.661161291257406,1.7098932716200848,0.3784522797123998,0.21018295988859864,31.80544233279233,97.96966788164735,37.84518338965604
1135449,5649,0.38830369949845067,0.5261213698042312,4.361101352818377,1.7212470817339027,0.7763133151717768,0.22613598051944483,30.144534001424077,98.62019328256208,77.63113359266556
1135450,5649,0.5225892814715378,0.5983727082922556,4.4550123014400125,1.7730164173645027,0.6560454131086276,0.22802710883992036,34.284230760959005,101.58635772239168,65.60441702899568
1135451,5649,0.6528348828753241,0.6656994498038897,4.444844525946713,1.8114543207032123,0.584248319356117,0.23350352642856942,38.14176889794388,103.78868735703156,58.42474333664657
1135452,5649,0.7854962958275057,0.7318561462869237,4.354705623645228,1.826458033994164,0.5338315162255899,0.24031093168983877,41.9322683929497,104.64833680562744,53.383084341206924
1135453,5649,0.9246121658526071,0.8028996527181618,4.261990575374679,1.8579247550602283,0.4975357525532249,0.2497688462361303,46.00276147327016,106.45124711782832,49.75352198327173
1135506,5649,0.9982215389508264,0.8478491228593499,3.7194509458153315,1.9234763486110484,0.4866472423358051,0.2962993142747034,48.578176403709556,110.2070767686473,48.66467596971638
1135507,5649,0.8703644898259104,0.7808609844636134,3.817732375555173,1.8802783062111574,0.5140379554214868,0.28218848357083054,44.74003879619559,107.73201125590637,51.40373707273762
1135508,5649,0.7593839918544407,0.7101555996377237,3.9461384139308633,1.8418402465460662,0.535814799330248,0.26742516690355583,40.68891865682378,105.5296726644246,53.58141007957009
1135509,5649,0.621413417836708,0.6426634146157905,3.99608063253503,1.802174160004033,0.5925507827073673,0.25839561948945394,36.82190130495094,103.25697331576542,59.25498386911712
1135510,5649,0.5193883177602502,0.573819100820957,4.133539096249489,1.7595016538526709,0.6330025324752568,0.24388790385369485,32.87741268103271,100.81201881204632,63.300132591885344
1137115,5657,0.8861745722221355,0.7208079112673906,3.661122545379533,2.193950344246346,0.466039671908683,0.343348503867712,41.29925115526182,125.70409518658971,46.60391512677517
1137116,5657,0.7477229820868878,0.6524441356737234,3.622579549257817,2.145052994880798,0.49994845334141175,0.3392678654205927,37.38229534216522,122.9024834385671,49.9947791400668
1137117,5657,0.6067577777549906,0.5873185507928185,3.649095782276519,2.0937290721546433,0.5546014384863013,0.32874401250909246,33.650874190168366,119.96183927830288,55.460053358728004
1138264,5663,0.6665702435997288,0.5583029333126583,3.6021354425659706,1.9738061234618662,0.47989542881398983,0.31395476916583737,31.988401768589178,113.09076045144283,47.98947160672593
1138265,5663,0.8497577454041618,0.6309823555392333,3.7482468720159643,2.018004048097904,0.42544626029834015,0.3084725169814271,36.15262591962123,115.62311499632507,42.54457646378954
1138320,5663,0.9275736314175826,0.8711410098177731,4.368677450449557,1.3814628661874995,0.5380996289097105,0.1811806719611766,49.91270322332301,79.15199178658972,53.80990545962109
1138321,5663,0.8302249357754466,0.8090961416852047,4.574808691860767,1.340260652691137,0.5583763096347582,0.16785680855992283,46.357794138881104,76.79127884665118,55.837564380088956
1138322,5663,0.7312316966285661,0.7465350462796753,4.712703052576348,1.3071663544529066,0.5849487518483107,0.15892177851474812,42.773307410428984,74.89511523165335,58.49479598989531
1138323,5663,0.633380766138119,0.6822612358979894,4.894988049099103,1.2738801015318364,0.6171751782660654,0.14910752088107052,39.090689342334244,72.98795342347103,61.7174213597584
1138324,5663,0.5196940914273054,0.6106217211338555,5.049758592817676,1.2348224276702338,0.673204629490644,0.1401059320224247,34.986047499984224,70.75011355360276,67.32033470606302
1138325,5663,0.381991384437012,0.5423366985784055,5.181406922759672,1.1975753065189898,0.8134634537879663,0.13242737272534277,31.07360390360131,68.61601071262402,81.34613455553101
1138866,5666,0.3418259017129784,0.7079464820933966,3.058282711015605,1.945897721592595,1.18663752966582,0.3645566384207737,40.562345545085535,111.49172681137857,118.66340929229877
1138867,5666,0.46119131347837106,0.7728750736988477,3.138612207635662,2.008622688875386,0.9601759087708247,0.3666767180096987,44.282479813806425,115.08560270677867,96.01738476476838
1138868,5666,0.5892741449350747,0.8431081332351626,3.1966989871424576,2.016965489032371,0.8197633869221814,0.3615092007361274,48.306537707528314,115.56360994509498,81.97620096949896
1138869,5666,0.6842919106059066,0.9087579233508212,3.1750909793419013,2.020681182210561,0.7609032349961343,0.3646399547943907,52.067993607075216,115.77650348217082,76.09021341602335
1138870,5666,0.8166655292761091,0.9763598857287022,3.153927313772972,2.0254057897076505,0.6849964648651178,0.3679450781154503,55.941300738129975,116.04720355160993,68.49956344815084
1138871,5666,0.943085311996444,1.0414936297155963,3.16294080282097,2.028000966866205,0.6327443337379142,0.36736664745316816,59.67318937246461,116.19589624988384,63.27436695178078
1138925,5666,0.9767382169649769,0.6614314335376811,4.608391182771809,1.410042125373399,0.38799781285058516,0.17530947209140854,37.89722957899694,80.78946271955225,38.7997419585087
1138926,5666,0.7963861302237012,0.5952633261583925,4.660338390493276,1.3674869934118994,0.42826054554659915,0.1681234848809325,34.10607628779527,78.35123326153605,42.826001316991444
1138927,5666,0.6515414497688861,0.5288681251392422,4.822386995050258,1.3230447204866107,0.46508032658771875,0.157193685433296,30.301911489475252,75.80487859094848,46.50796199115482
1143350,5688,0.8705710729990964,0.619971739166972,5.2138601218433624,2.100597887384576,0.4080283019426902,0.23083740330157554,35.52176407165301,120.3553934012332,40.802783793973
1143351,5688,0.7235752771393372,0.5533589537914054,5.253737022770023,2.0418621712495018,0.4381732374162316,0.22267974972917934,31.705132608022275,116.990084760015,43.81726379058292
1146450,5703,0.9453488835833495,0.7154046130016778,4.021340067084843,2.145033431439435,0.4335929861176925,0.30562290226654526,40.989664969186116,122.90136253594426,43.35925320455402
1146451,5703,0.8289380852709134,0.6468590034063002,4.075896648098174,2.092817056944714,0.4471056529632271,0.2941919158271112,37.06229083521954,119.90958465592219,44.71051189859972
1146452,5703,0.6935746322333014,0.5766584002010228,4.118382094311769,2.030393985061132,0.47637399841920286,0.28247259031879424,33.04009255228459,116.33300609275118,47.6373318449728
1148172,5712,0.9531837222366928,0.6607681572439092,3.692970357662602,1.9291924532954208,0.3971870833115687,0.29931078356384877,37.859226646712735,110.5345854423168,39.71866707837519
1148173,5712,0.7799241569308943,0.5921404513715696,3.651221985822513,1.8871898569390897,0.4350057374945868,0.2961419877132105,33.927148742562494,108.12801394250745,43.500518531893725
1148174,5712,0.6415846143074853,0.5262159642768934,3.6179707313997955,1.8621963692614325,0.4699294952402608,0.2949056258591652,30.14995386547289,106.69599258326546,46.99287701145879
1149870,5720,0.8675425377099371,0.6207452831557526,3.075755271834766,1.8512538392712776,0.40996358013058953,0.3448552374243552,35.566084877477856,106.06903179763427,40.996311229937795
1149871,5720,0.7462212238745729,0.5549413611041779,3.011537770961832,1.8157966040026086,0.42609076806113916,0.3454629808107849,31.795797868514775,104.03748186353711,42.60902027739541
1151131,5727,0.8345805359337094,0.541744595314754,3.836549804529817,1.1531037554218266,0.371919511385587,0.1722067527343003,31.03967888555816,66.06797852635619,37.19190702060252
1151132,5727,0.9769848231111864,0.6093590579336778,3.7870479605809946,1.182790392538545,0.3573617628892524,0.1789491394551406,34.913702227667564,67.76889754108056,35.73614007671654
1151790,5730,0.9883201452045964,0.6895840585646243,5.560515115468202,1.9082044164941458,0.39977183473584005,0.196622178065081,39.510256175255165,109.33205951333849,39.97714342849154
1151791,5730,0.7784473584863671,0.6172733970191906,5.68768383813947,1.8691584869968305,0.4543295010897356,0.18829262561949425,35.36716045490287,107.09489254597695,45.43289232913483
1151792,5730,0.5924009859645265,0.5506994367908449,5.774880944585119,1.8236155182993614,0.5326249233759943,0.1809309550704358,31.552753508346864,104.48547265311555,53.262403327318125
1155148,5747,0.5334247075924485,0.5499307455943748,4.03310880778688,1.8670303812317126,0.5906871149363163,0.26523698194183204,31.50871074704027,106.97296106727823,59.068601866323554
1155149,5747,0.7139112766061194,0.6175579646492829,4.136004754563234,1.8990263270578298,0.4956283174524882,0.2630707649490196,35.383464979093205,108.80619372464398,49.56276301523109
1155150,5747,0.896044759968933,0.6841962843955119,4.19038204769316,1.9168784199279463,0.43749554451118094,0.26209792278950106,39.20155945439542,109.82904330157724,43.74950611423527
1155207,5747,0.9098975682340471,0.6747991891118387,4.559375680433885,1.7858541886031238,0.4249175564352759,0.22442087421618426,38.66314555495865,102.32190783271912,42.49170941107975
1155208,5747,0.7956307055316154,0.6063270690850568,4.685984418959529,1.7657156967767413,0.43663450121956,0.21589499235227283,34.73998206311085,101.1680572453087,43.663395791773674
1155209,5747,0.7075462646992512,0.541324003409865,4.81985531055679,1.7513387542422159,0.438354095747223,0.20818948379592955,31.015580744510647,100.34431911577826,43.83534824022544
1157563,5759,0.9230418610724656,0.5772078976834581,3.80016672632806,2.1316222162260434,0.3582890167317756,0.32138841524645095,33.0715764388812,122.13295650607527,35.8288632452625
1157620,5759,0.9038876292365275,0.864468031830397,5.109484644409924,1.921081034082904,0.5479704290424714,0.2154225774229081,49.53036974786266,110.06983535557826,54.7969828868172
1157621,5759,0.7556984796969168,0.7952193572723487,5.223018932676107,1.9002751020276776,0.6029218475358483,0.2084574926013812,45.56271295881153,108.87774325997783,60.29210576813557
1157622,5759,0.598759429557099,0.7286572998526848,5.3013071417500734,1.8816543804490715,0.6972581179486534,0.2033665498261969,41.74898799295734,107.81085450203553,69.72569650910117
1157623,5759,0.44433084411586937,0.663569573156402,5.371827944565695,1.869713349513039,0.8556627477695898,0.199423147450795,38.019735955159355,107.1266838263657,85.56608412978132
1157624,5759,0.30841922165832136,0.5937743600133197,5.482848609741418,1.8567477452955838,1.1030688530322985,0.19403017811366416,34.020764811844735,106.3838094258685,110.30653122846829
1157625,5759,0.1811824546302485,0.5263690136288766,5.567961847897167,1.845436189612749,1.6645497680443695,0.18990019638074118,30.158722947398736,105.73570502551485,166.45406728194567
1157760,5760,0.6535539617913155,0.8590530994628965,3.899175291524375,2.1002444724650653,0.753114801551117,0.30861691232729005,49.2201169768561,120.33514421792827,75.3113660738642
1157761,5760,0.8330609335752668,0.9265397820593766,4.044004068733183,2.166639769748017,0.6372501252446127,0.3069712891354093,53.08681906297339,124.13931453175782,63.72493679448266
1157820,5760,0.9667339648508241,0.7839548911015022,4.7308284297055145,1.7450930250499264,0.4646294405416473,0.21135085845409016,44.91730658875413,99.98646519307843,46.4628964730631
1157821,5760,0.8316973870190932,0.7156512774032442,4.796741441191914,1.6891735129215757,0.4930134198485494,0.20176720830272057,41.00379779835199,96.78251315569331,49.30128329972421
1157822,5760,0.7102475433222445,0.6550489588156956,4.871592981344633,1.641326421306402,0.5284290039299847,0.19303968314112246,37.531540714578234,94.04107674416808,52.84282673642869
1157823,5760,0.5800691931372889,0.5901055247627686,4.913217749074872,1.6021396957697012,0.5828710756129758,0.18683446828390154,33.81055603625933,91.7958427579776,58.287008083273754
1159171,5767,0.854797951018637,0.5825294093115262,3.3096730281941182,2.0263940405368883,0.3904604142483628,0.35080149855701803,33.37647659579929,116.10382615322555,39.04599620299673
1159228,5767,0.8644367588933739,0.54000098744648,5.171584422965439,1.29170967322445,0.35791834205743506,0.14310800411615032,30.93977751358025,74.0095126319837,35.791793215035376
1159712,5769,0.8993680136286301,0.5476917274841562,3.235422612380224,0.4777630379954205,0.348916390561258,0.08460658429948086,31.38042445907138,27.373805684485987,34.89160064839533
1159713,5769,0.781344480968603,0.5448153065135424,3.3895200126923526,0.5301498987154982,0.39951158596709985,0.08961549571127318,31.215617677352288,30.37535170568611,39.95110797678835
1159714,5769,0.6368964694658424,0.5391473268529131,3.3480613362030063,0.531215214398947,0.4850217792119065,0.09090750333088833,30.890866364432238,30.436389798196824,48.50210252890469
1159715,5769,0.5182692916317976,0.5286629987277944,3.3919071434253114,0.5288318812468118,0.584448249519362,0.0893297885138384,30.29015861183263,30.299834867405863,58.444713310621545
1159716,5769,0.4179330193043804,0.526404036111048,3.432302350788795,0.5301513008031482,0.7216641775840404,0.08849870683423773,30.160729587815233,30.37543203939096,72.16624681095712
1159971,5771,0.31051771284455354,0.756235422775667,2.942480216246033,1.996628698984579,1.3953824485898325,0.3887822140183434,43.32909804333721,114.39839770651285,139.5377999812458
1159972,5771,0.461796514716227,0.8234874854311706,3.0715663116526413,2.0454744476323885,1.0217131327707676,0.38155468799427356,47.18235739704694,117.19705295118919,102.17109424254988
1159973,5771,0.646706490300764,0.8889298758565767,3.2092364012682473,2.046663789933815,0.7875586552165956,0.3653990613895461,50.93193016967006,117.2651972454573,78.75574495972386
1159974,5771,0.8275496302018472,0.9614684341905639,3.325685407128929,2.0483982361784823,0.6656770873676479,0.3529034138063189,55.08808341417105,117.36457369506905,66.5676291017198
1161840,5780,0.8727178577978087,0.581974843578138,4.577283426196355,1.815622357871518,0.38207883154672473,0.2272690772718987,33.34470231981357,104.02749829562914,38.2078398121871
1164044,5791,0.23612576345929548,0.6580617205897821,3.9218193295025974,0.3384787122185937,1.5967828795873216,0.049450012829015844,37.704159248911736,19.393401665148588,159.67761848144477
1167611,5809,0.6800675555626382,0.530028504338327,3.583328116800175,2.185632760757306,0.4465496938542127,0.3494726922168446,30.368396320217585,125.22753275692001,44.65490437959306
1167612,5809,0.8302898395213372,0.5916933737886881,3.6305015063319113,2.1828574420710347,0.40830961746061023,0.3444937790185975,33.90153308394848,125.06851870939288,40.83091306113015
1167669,5809,0.8695437315552245,0.6438550097553009,4.672613616123643,1.4679271430609298,0.4242474865192311,0.17999782704024145,36.890174677333185,84.10602993008789,42.42470035020884
1167670,5809,0.7640904218324356,0.5742282778742638,4.772383687344429,1.4338586523869612,0.4305885197431175,0.17214468577998648,32.90085679926079,82.15404920008868,43.05879618483128
1169219,5817,0.5441974710234638,0.5586582293103769,4.104586128376417,2.2132405036249123,0.5881827800734755,0.30894549567249696,32.008758729736336,126.80933990511625,58.81817100576939
1169220,5817,0.6949614155307874,0.6264398113021055,4.072495478900777,2.2754252024665296,0.5164654610746057,0.32012868044753134,35.89235730658233,130.37226069903298,51.64647253502052
1169221,5817,0.8227412950628953,0.6926511807124226,3.995898704415039,2.261571452707651,0.4823629138996647,0.32427873819716646,39.68598932957511,129.57849930741887,48.23623334757729
1169222,5817,0.9425643804963656,0.7576339232996679,3.8805678059767126,2.2364199451952405,0.4605438807013438,0.3302027696849174,43.4092262210093,128.13742407856614,46.054339698058406
1169276,5817,0.9632058598302475,0.6899645676580094,3.6278996235323016,1.927852744077354,0.4104216863559967,0.30446770009124985,39.53205774037248,110.4578257583468,41.04212645177743
1169277,5817,0.8045067394123382,0.6204262393744109,3.6129953464687157,1.8751258145920624,0.44185838144047157,0.29736211822082914,35.54780501532708,107.43679523215569,44.18578377044996
1169278,5817,0.6708415007609265,0.5518101040309574,3.579568373835558,1.832535335936618,0.4712944793441108,0.2933217899451091,31.616390053648757,104.99654055775672,47.12937838283466
1170624,5824,0.4255859150336312,0.7252823748683326,4.7397501485414475,1.9482270002638282,0.9764331146970344,0.23550858360623006,41.555619035180705,111.62518464855007,97.64308433189694
1170625,5824,0.5702221216310832,0.7904961782152206,4.844107784907147,2.014262675232195,0.794288615269955,0.23824562748762565,45.29209473295351,115.40875012153519,79.42872362558475
1170626,5824,0.7461861180166325,0.855831644182431,4.854711312882325,2.0710871659032692,0.6571489249703968,0.2444317400514663,49.03554118539529,118.66455360996827,65.71480531013708
1170627,5824,0.9279246695271417,0.9244881094447986,4.81732725972431,2.1301229472373104,0.5708358452995124,0.2533501418674647,52.9692668812155,122.04705472066603,57.08352362771462
1170686,5824,0.8492150358036394,0.5497147957152977,4.063811962017519,1.5908844110153453,0.3708876554415824,0.22429916313052808,31.496337730382788,91.15096244433506,37.08872230677654
1174101,5841,0.8939004681838496,0.752039004352776,4.629393582820428,1.977798335921542,0.48202973407261696,0.24478259431655416,43.088660978634614,113.3194973763018,48.20292002224626
1174102,5841,0.7699441890480028,0.6865030161601386,4.7375806356675705,1.9180752079194563,0.5108646249638801,0.23196990705152856,39.3337254489773,109.8976142024627,51.086396809117545
1174103,5841,0.6304782896886809,0.6198211393275942,4.823802016981052,1.8569311906441461,0.563272920796752,0.2205611247622007,35.51313533646132,106.39432007011243,56.32720363264755
1174104,5841,0.4912514770227988,0.5527462120397468,4.906945352716305,1.7985404208732079,0.6446804931554536,0.21000595641984807,31.670025091720785,103.0487753997176,64.4679193958568
1174302,5842,0.8931977512920447,0.5938475358716954,4.764481973934277,1.8164562863666456,0.38093420017615703,0.2184398623601791,34.024957479691906,104.07527887881565,38.09337779578572
1174303,5842,0.7061365167064567,0.5266933104023689,4.825114986163402,1.7853866473148323,0.42735792077746976,0.21200555794315767,30.177303783829554,102.2951196901519,42.73573216245688
1175508,5848,0.9221739204043216,0.6028850013636552,4.171707733490357,1.795907935071678,0.3745797291703015,0.24665664854932973,34.542766109876325,102.89794507366183,37.4579327040593
1175509,5848,0.7621266737862537,0.5368171776359253,4.153307158204619,1.7719976228838052,0.40357278262270296,0.24445094231338724,30.75735864866312,101.52798509845651,40.35722583836961
1185699,5899,0.37098136208575405,0.5310810575713987,4.082147196861832,1.9472704391754632,0.8202218620063679,0.27331297006584565,30.428703178185437,111.57037773534032,82.02196731701149
1185700,5899,0.5289526642362521,0.6057442822410112,4.200795457606529,2.009164009456077,0.6561379217281335,0.27403528445769676,34.70659083659128,115.11661809141583,65.61366936875952
1185701,5899,0.698075782545754,0.6731072007354258,4.257940160969002,2.069218998243225,0.552464391027816,0.27843865983829486,38.566201762005,118.55751548762491,55.24636075327037
1185702,5899,0.8651897635449225,0.7418587875899514,4.298475114051251,2.127556018986269,0.4912838642259964,0.2835888938463356,42.50537752359643,121.89998056556844,49.12833020713294
1185759,5899,0.9946245161001627,0.5317163631112072,4.770202313077311,1.8904413326697371,0.30629752941814936,0.22706439358988864,30.465103504317746,108.31430977906277,30.629722454505973
1185900,5900,0.48665030848025503,0.7797453196953337,3.703382226845159,1.8735540469102414,0.9180332205091197,0.2898613556807977,44.67611591362173,107.34673957761228,91.80313529442483
1185901,5900,0.6649220928992202,0.8526631944226203,3.8473906462004015,1.938935161983936,0.7347327179160342,0.2887484309714131,48.854002386558896,111.09280153119416,73.47316239769026
1185902,5900,0.8418130583703142,0.9207410144783191,3.9398100735269797,1.9841115896372266,0.6266780136394217,0.288544924143746,52.754574154201514,113.6812201692058,62.66772766462254
1185903,5900,0.9952021421232986,0.9889361016807264,3.953289744575813,2.0125804855933818,0.5693503044937753,0.29168711355250393,56.66186483442606,115.31236775489056,56.93497381201602
1185958,5900,0.9496646159558793,0.8607020402762461,3.2844951970300573,1.99980551216294,0.5192843134121226,0.34885243689407497,49.314594326127896,114.58041569393447,51.92837720726641
1185959,5900,0.8487533488409483,0.7979376153169165,3.294626911251629,1.9487326949410826,0.5386542179323516,0.3388977310270432,45.71845767239275,111.65415881927899,53.86535896378673
1185960,5900,0.7633776619107666,0.7301918285816225,3.360189467114866,1.903398530797546,0.5480499568181957,0.3245552171651331,41.83691001266704,109.05670254610104,54.80492460707196
1185961,5900,0.6507100982042353,0.6663875225081877,3.362673651522423,1.8776571526512198,0.5867619402020194,0.31992944022632114,38.18119255989831,107.58183021946624,58.676104749506784
1185962,5900,0.5669598753721969,0.5999829421706273,3.3895219145903313,1.8575147507661538,0.60633020524285,0.3139904622834349,34.37649036621868,106.42775560219562,60.632914649800654
1185963,5900,0.460032424076109,0.531723838443251,3.3707242875519987,1.8360156070459506,0.662247475452003,0.3120870653238585,30.465531809294315,105.19594540388277,66.22460502838165
1187366,5907,0.8279107533045691,0.6898664863622466,2.9222861310833865,2.045928959199958,0.4774238945548681,0.4011348953743879,39.52643809607609,117.2230945457508,47.74233236611058
1187367,5907,0.6695660549194431,0.623336224781148,2.8375806870438622,1.9862927940534538,0.533398222651482,0.4010676915552465,35.71453489757778,113.80619397651093,53.339743398627434
1187368,5907,0.5493633788610739,0.5539105739119925,2.7919103132981187,1.9228318761486998,0.5777002755611765,0.3946049065300813,31.736738112826412,110.17015121654232,57.76992344975494
1188714,5914,0.1875698226357689,0.5930188009675341,4.343216251029328,1.9897613015568076,1.8114573111192775,0.262489634330674,33.97747446734829,114.00492481766256,181.14477502360185
1188715,5914,0.23927162843824498,0.66489422268911,4.3817165859064096,2.0575345576011013,1.5921499527220329,0.2690453473485625,38.09563278271751,117.88804635286007,159.21433651383904
1188716,5914,0.36118547359413244,0.7290874127231481,4.315544831930648,2.118696728457491,1.1565700600550872,0.28129097264687875,41.773631645149145,121.39238060878927,115.65668899353757
1188717,5914,0.4783626977409496,0.7944013424411265,4.144496351991951,2.165162094433609,0.9514923179599493,0.29932382402461016,45.515844161403386,124.05464997275159,95.14903487942303
1188718,5914,0.6335905727025384,0.8580448395409859,4.012636172337491,2.20178293852063,0.775932428303775,0.3143890052540381,49.16234793867843,126.15286978114449,77.59312158932298
1188719,5914,0.778037170551891,0.9246872715781016,3.863109065029661,2.2305445059146454,0.6809530361172638,0.33082365453018286,52.980678030892584,127.80078620500267,68.09521696514123
1188720,5914,0.9287795142563549,0.9895261196130207,3.7245682139267133,2.2182960408273975,0.610431958189195,0.34124492614607804,56.695670371783564,127.09900084999003,61.043130752132534
1188775,5914,0.9469137345695928,0.7373445517444178,5.213538171408403,2.085703197800663,0.44615183911099926,0.2292147604808273,42.24673086192068,119.50199055091751,44.61513726589475
1188776,5914,0.8192296419112248,0.6744385089595746,5.330205328777217,2.0499635031479664,0.4716928887318551,0.220355970213291,38.64248010447978,117.45425688623172,47.1692318714163
1188777,5914,0.6912067362293007,0.6129485723027395,5.455037041688435,2.01869530919924,0.5080877240145726,0.2120292130814647,35.11936625151636,115.6627213399732,50.808699629290444
1188778,5914,0.5393695869381819,0.5533139141471436,5.551390621306869,1.9780474288247194,0.587770467717497,0.20415383617434305,31.7025520264953,113.33376934836052,58.77693888808359
1190524,5923,0.38123523844098606,0.532381408178524,4.8512841968388285,2.327305477849478,0.800115097032608,0.2748649137695891,30.503207779860993,133.3447815184524,80.01130192816856
1190525,5923,0.5619884245358634,0.5969169575924935,4.875906437183058,2.392024337867169,0.6085680823322511,0.28108188813085855,34.20082238983942,137.05289905236404,60.856701027933475
1190526,5923,0.7457646578210335,0.6592174557237339,4.8297033213075204,2.3741636287788426,0.5064651038601656,0.2816519907562633,37.77037799432217,136.02955580249198,50.64644315303961
1190527,5923,0.9323127529121575,0.7171873043206782,4.771689094063549,2.347207346618862,0.4407512939068402,0.2818395575873424,41.09180565793945,134.4850746033613,44.075082588437496
1190927,5925,0.49531168455511715,0.528095858986869,4.840093765330662,1.8279905071931561,0.6108812739715447,0.21639279301978256,30.257663898283457,104.7361410521466,61.08800529802798
1190928,5925,0.6691608963689089,0.5949139182359714,4.754422644110384,1.850902949499611,0.5093850576758057,0.2230532180452237,34.0860566885121,106.04892729464346,50.93843040596631
1190929,5925,0.8483527785327403,0.6637735413333941,4.658332063381941,1.8835944993172902,0.4482972530405992,0.2316752292985136,38.03142247085598,107.92201512493816,44.82967298929552
1190985,5925,0.8701978322446736,0.5450595380650218,4.568411086356844,2.075920498620904,0.3588794363580502,0.2603563485574298,31.229611114475993,118.94148317567124,35.88790280713129
1191529,5928,0.49417379247957005,0.9862701508753866,3.5391891964978837,2.1376560422583566,1.1435069366556874,0.3460642031999151,56.509117104890585,122.47866927204299,114.35046458227988
1191530,5928,0.6746332681970278,1.052154481049099,3.6346668779611253,2.1366720722749837,0.8935819371525975,0.3368184643008681,60.28401115989073,122.42229194482816,89.35806258552627
1191531,5928,0.8563266306111874,1.1181126784815927,3.7646278706570984,2.1360236274620044,0.7481156659022001,0.32509226057273827,64.06313749706324,122.3851387937973,74.81148010060052
1191587,5928,0.9180007523346676,0.97916947088877,3.904440324151033,1.8547982159566438,0.6111354196188753,0.2721826959248892,56.10227810998445,106.27210962271032,61.11347605525239
1191588,5928,0.8014508340703981,0.9178833011634241,3.974594609879417,1.8574002702034016,0.6561954439414153,0.26775358628232204,52.590839242199685,106.42119634911363,65.61946333705713
1191589,5928,0.6880879272769007,0.8485767093417143,4.051192956127932,1.8569366083016106,0.7065937564723529,0.2626254324802266,48.6198640383798,106.39463047902,70.65927398482056
1191590,5928,0.5808517920987455,0.7817607662591864,4.149049688836591,1.861249714416187,0.7711363265762928,0.2570269362786376,44.791592495564636,106.64175325597729,77.1135012258838
1191591,5928,0.43349449411143737,0.7171087893028225,4.171898699382906,1.8722504710589947,0.9478161012215673,0.2571300447486847,41.08730707878792,107.27205018306067,94.78139366363456
1191592,5928,0.3173609119615453,0.6498228404365092,4.187686889880631,1.8649908823996886,1.1731786622653726,0.2551673726966725,37.232106188215106,106.8561063918814,117.3175002573293
1191593,5928,0.22249114701986525,0.5811802823641471,4.208796107466304,1.8416882843278701,1.4966517214306168,0.2507153184084388,33.299177315687096,105.52096587067652,149.66450619362297
1192740,5934,0.974081596732423,0.591962690645377,3.144466751933562,1.9376657087255933,0.34819427416316423,0.3530648457194526,33.91696380318848,111.02006721720198,34.81939202790762
1193189,5936,0.3005278582293726,0.9311576699688718,4.703877255861237,0.4841098215433064,1.7752564800324089,0.05896720519595538,53.35140455045196,27.737449595262913,177.52506319953
1193190,5936,0.26418860268605865,0.9121173048144712,4.747470287200177,0.54079396545696,1.9781500593600205,0.0652667839230105,52.260471986716844,30.98521180682744,197.8142646621068
1193191,5936,0.25086394327686995,0.8953329364358762,4.792583500337075,0.5970944717217352,2.0448851995971613,0.07138319682162983,51.298798516830516,34.21099320024891,204.48771297715368
1193192,5936,0.24427265988713717,0.8720382215453932,4.839907916203543,0.6695656358997035,2.0454236526636613,0.07926449351721158,49.964109668645285,38.36328504404617,204.5415362906112
1193193,5936,0.23126107662286352,0.8259457074909371,4.9548986335057394,0.7581850716203866,2.0463106801600115,0.0876724385686657,47.32320314617752,43.4408046936722,204.63019201955464
1193194,5936,0.20288174846629428,0.7254490647391142,5.141030493142052,0.8560795031123347,2.048738633550906,0.09540838636537088,41.56516966126407,49.0497424559934,204.87286363911548
1206865,6004,0.9441877589997114,0.6681636036546388,4.609242579095143,1.8776586703239846,0.40545912339258877,0.23340476248795172,38.28295451366271,107.58191717571034,40.54586982609312
1206866,6004,0.8061167930653462,0.5994841958535072,4.641586550145689,1.8440598314782557,0.4260910351525778,0.22763088470764953,34.34791430720001,105.65684551330989,42.60905118666158
1206867,6004,0.6804880167333955,0.5346559344338553,4.658311978000831,1.8156364848366189,0.4501699858223208,0.22331760513050505,30.633528534683172,104.02830771110675,45.01693308987658
1207264,6006,0.9280085575783115,0.806682099552704,4.224975274090765,2.0062943424780477,0.4980501401375451,0.27207780059169023,46.21947971312205,114.9521982849667,49.80496088179754
1207265,6006,0.8420944746097758,0.7400443479680154,4.428321612206983,1.9963120968636732,0.503523281128327,0.25829257108971077,42.40141779107818,114.38025774120005,50.35226891668887
1207266,6006,0.7210197310195154,0.6745453238145743,4.527855020361281,1.939170331249247,0.5360269344388795,0.24538390693286485,38.648600144860566,111.10627573756767,53.60261984452495
1207267,6006,0.6316082295766527,0.6068223005255441,4.7010826414906415,1.892606410018602,0.5504734510404281,0.23066677957488782,34.76835673453295,108.4383595734721,55.04725882146633
1207268,6006,0.5319374359216352,0.5374221016723268,4.823061089611273,1.850344037278881,0.5788654000382447,0.21981248380167118,30.79201824287495,106.01690398327734,57.88643227016445
1208815,6014,0.6255677596030266,0.5477520853680289,4.248308523388464,1.8207711070670323,0.5016863757382073,0.2455624375546367,31.38388271107763,104.32249989430349,50.16855817894936
1208816,6014,0.8066753562115202,0.6179729381009617,4.325204129652057,1.8615553178146236,0.4389280085838168,0.24659937334077553,35.40724120648437,106.65926304091256,43.89274699059131
1208817,6014,0.9561532285061903,0.683308913876667,4.3419101541707645,1.8834425029209565,0.4094606940825396,0.24853878199374665,39.150716868801275,107.91330637292704,40.94602701278312
1208875,6014,0.8864951507446915,0.5343452614573241,4.860874719287219,1.7746336799206914,0.34535697023546896,0.20917844154386525,30.615728284319168,101.67902004122584,34.53565845559595
1210623,6023,0.33046932868451917,0.5447398856821092,3.646310922099535,1.9025368906231424,0.9444536218175296,0.29895238291673243,31.211296382023797,109.00733420064878,94.44507924891317
1210624,6023,0.4714260262913953,0.6244874431438793,3.770120777355795,1.9664681662362198,0.7589842752966617,0.2988507075158937,35.78049485106024,112.67032647216577,75.89826814244596
1210625,6023,0.6439105620304567,0.6913574785331897,3.8403940015700995,2.0201709815992013,0.6151765070396229,0.30139426004654407,39.61186565475818,115.74727114043492,61.517556121914396
1210626,6023,0.8248327267372975,0.7553109968581906,3.8551011968126545,2.061173415339113,0.5246655523273247,0.30633835847110563,43.2761323397933,118.09653754349668,52.46649226017449
1210684,6023,0.942316916200171,0.9141960489948925,4.75182316790939,1.882053815172604,0.5558594332605215,0.22693129855334263,52.37957525494237,107.83374042588491,55.585884927413055
1210685,6023,0.8238514074629646,0.8454932494251599,4.82470619560725,1.8443458074179455,0.5880088784461088,0.21902521360758398,48.44319479886348,105.67323072769639,58.800817185256804
1210686,6023,0.6867525483141387,0.7774844757677755,4.945277805523548,1.808830732314994,0.6486554517945907,0.20957036324608408,44.54657909843486,103.63836681520712,64.86545167154799
1210687,6023,0.568363687664881,0.7088944978938801,5.035375473277059,1.7786876428910583,0.7146245092049033,0.20239065656213107,40.61666284936496,101.91129500973018,71.4623264443785
1210688,6023,0.4440521450511701,0.6423842419040205,5.051542545361017,1.7518985171184114,0.8288644806277317,0.19870443545919766,36.8059058868113,100.37639116611237,82.88626327051463
1210689,6023,0.3283779442757664,0.5704134874204007,5.021873508010564,1.7254458892546771,0.9952642977695632,0.19686032887513732,32.68228540652763,98.86076723249025,99.52612972371844
1212489,6032,0.8860382612902871,0.8064447979498935,3.7408661667592726,1.9092464332057184,0.5214885725593131,0.2924236193016138,46.20588333280932,109.3917626730937,52.148798988345504
1212490,6032,0.7828379000635475,0.7394326008931266,3.8074410624614554,1.8738432205081752,0.5411895198345524,0.2819828487454743,42.36636726555758,107.3633080043205,54.11888354311271
1212491,6032,0.6863695501087624,0.6730495587728731,3.9009143233601278,1.8485856691349762,0.5618387143322204,0.2715162340377991,38.56289912082788,105.91615690980134,56.18379039531517
1212492,6032,0.585772052265936,0.6035415398337165,4.013243052549437,1.820472079435516,0.5903385501099503,0.2599029394616313,34.58038299329881,104.30536687305981,59.033755239391944
1212493,6032,0.5006843808386499,0.5381722123927445,4.120341241436314,1.8097146179553945,0.615856954711002,0.25165150992245905,30.834996421322398,103.6890097319743,61.58557369834458
1218119,6060,0.9017976492077552,0.6466008376088298,3.9241127264569697,2.0553705790276724,0.4108183099206172,0.3001036601715309,37.04749902460986,117.76405951364586,41.081785892179695
1218120,6060,0.7486358928634174,0.5811025963730014,3.9418019633045134,1.9921083468977776,0.44473857196695943,0.2895614781844051,33.29472623626716,114.13940061002597,44.47379838431434
1218322,6061,0.9096472251500606,0.6015214838337231,3.827353650968195,1.8927694108946334,0.3788792069975745,0.28334904072672484,34.46464231011911,108.44769883572563,37.88787946509062
1218323,6061,0.7578096564229073,0.5382543979212635,3.820666886385588,1.8668730072945237,0.4069584576667701,0.2799614494162303,30.83970530524359,106.96394420487195,40.6957926018304
1218866,6064,0.3850021837942163,0.5561703821279997,4.324464989333863,1.7638626077954105,0.8276891950165123,0.2336980021417302,31.866215586112613,101.06188306761624,82.76870666904684
1218867,6064,0.5190780358349695,0.6231030438042466,4.208221206558296,1.77668547678726,0.6877804772943349,0.24189930638996437,35.701174611738594,101.79657934209838,68.77791655428952
1218868,6064,0.6249933851019231,0.6932251235153523,4.039179076120618,1.8133766895315153,0.6355086972301136,0.2572275919495049,39.71887382986488,103.89883097756083,63.55076905752935
1218869,6064,0.7455561888145228,0.7617402463989339,3.8728062667306213,1.843173060084796,0.5853951891663108,0.27268608267239,43.64450120391432,105.60603725507171,58.53944118399755
1218870,6064,0.8970668136064613,0.8274054917772091,3.734648745633333,1.870420873278388,0.5284650081494661,0.28695395193557277,47.406842624780424,107.16722195202541,52.84644249378625
1218926,6064,0.9852934010641113,0.5430011505739875,6.395734731016582,1.8669590838375973,0.315760501889856,0.16725033222766642,31.1116741986372,106.96887602750515,31.57601846213355
1219870,6069,0.5677457556069166,0.5360735324512669,3.255127817103068,2.046616911379156,0.5409948039910627,0.36023934398448665,30.714750918126967,117.26251130212566,54.09938606393822
1219871,6069,0.7500964865362209,0.5987499889095618,3.38557730835681,2.0936906167625633,0.4573524540701034,0.3543254950823559,34.30584734802274,119.95963594663716,45.73518504433246
1219872,6069,0.9343032787682242,0.666801343189418,3.506060922652838,2.0964457828288254,0.4089132854148141,0.34259956584155976,38.20490273840803,120.11749533409164,40.891285212540105
1219928,6069,0.9396833220073855,0.7730751688877329,3.668037687571893,1.913674758909957,0.47137097056950134,0.29892137455085904,44.29394442363042,109.64548704625587,47.137047395883116
1219929,6069,0.8298921237871919,0.711506643600936,3.6859973890166136,1.8566675125695489,0.49122441476600537,0.2886036014503666,40.766327773852474,106.37921242928788,49.12238287722711
1219930,6069,0.6939586507495191,0.64914295776118,3.683331918169854,1.800714938258308,0.5359563023564506,0.28010879301780894,37.19315178035468,103.17336606836167,53.59555377633813
1219931,6069,0.5699495252747298,0.5802367732257667,3.6816573056759445,1.7418403749339415,0.583299330318796,0.27107384938914847,33.24511822412588,99.80010206919975,58.32983171320167
1220128,6070,0.9201237991064273,0.736960016465446,4.308374200637926,1.8366446332227677,0.45890235852464223,0.24424987432425538,42.22469861336171,105.23198594901766,45.89018647727779
1220129,6070,0.8032086022869115,0.6695424417045749,4.418634062239095,1.8008538616355336,0.4776088743039144,0.2335140772117986,38.3619561145561,103.1813257915524,47.7608285624715
1220130,6070,0.6885743257068514,0.6022506620917969,4.534642164277232,1.7863859336430963,0.5011284818130364,0.22571213040773236,34.50642114681944,102.35237457928655,50.11277613149608
1220131,6070,0.5465702877787316,0.5333704785734746,4.6024970395503475,1.7497186178369861,0.5591207107910678,0.21781978577763003,30.559877339133003,100.2514921375231,55.91196980604029
1220733,6073,0.8480602480217563,0.5884635639116723,3.6727800038476768,1.8766486706807388,0.3975717325560708,0.29275929419523916,33.71647860936581,107.52404845884266,39.75712684433476
1220734,6073,0.6426698207273583,0.5302487721902829,3.6193705374975855,1.8350513809684879,0.47273133553060304,0.29049443249694745,30.381016738497067,105.14069931914771,47.27306073132838
1221134,6075,0.9666971134510535,0.7151024257627209,5.415248933946506,1.7938380858253509,0.42383855213618743,0.1897961709821521,40.97235091577117,102.77935144761895,42.38381180811698
1221135,6075,0.8245029671297939,0.6471021206378432,5.555452754704219,1.7632924464017492,0.4496796428265328,0.18185595217007863,37.07622042651386,101.02921522611815,44.967910288632126
1221136,6075,0.708922966777049,0.577996951060675,5.743739995219348,1.729048991791906,0.4671422277461498,0.17247857617337095,33.11678586720627,99.06720980102634,46.714157539014664
1224149,6090,0.8640480129429355,0.6534261075768553,3.9538622465595763,2.1331462051360366,0.4332925623774927,0.30911616720050256,37.43855818781511,122.22027463864262,43.329206592459435
1224150,6090,0.7146939670320119,0.5880769249125036,4.01395990134103,2.077727051923928,0.4714510952847874,0.29657742898490486,33.69432582651827,119.04499105539993,47.14504422277409
1224151,6090,0.5824331742232449,0.5237589117113631,4.087852427250432,2.018745265429617,0.5152380725601614,0.2829495080769919,30.009175123426214,115.66558362113419,51.52371967776019
1225899,6099,0.38340617229642115,0.6942465131464811,3.6559659774449305,2.0835752440621675,1.0374740153306674,0.32653495189142767,39.77739514496699,119.38006778270264,103.74713364572676
1225900,6099,0.5260931354704431,0.7673425853967731,3.769330225630551,2.1510835709797806,0.8356978600163519,0.3269758877373974,43.96549158389206,123.24800999707128,83.56962874063841
1225901,6099,0.6683584973091191,0.8354952918103534,3.824548076440149,2.2099935213788764,0.7162376703562195,0.3310804274502512,47.87035402378439,126.62330152626448,71.62366094372135
1225902,6099,0.7904423907585968,0.9039122861471928,3.7864905016712727,2.199275801887307,0.6552072484541811,0.33278631240455636,51.79035904625573,126.00922143339245,65.52064278322572
1225903,6099,0.9349485819079647,0.9714550629356801,3.7294353267772777,2.1804714305724775,0.595329792189359,0.33498854126430133,55.66027509283024,124.93181032065586,59.5329161806175
1225959,6099,0.938234587486722,0.5636843281336009,4.2707777492347,1.5844266720786067,0.3442287575648671,0.21256306550198503,32.29673297972275,90.78096125806263,34.422839434429164
1225987,6099,0.18027634988829738,0.5616190978882628,3.223605984514412,1.8330040756790518,1.7849486212657302,0.3257947700351898,32.1784040029421,105.02339736668822,178.49388191517312
1225988,6099,0.3324280638720286,0.6270167046656525,3.127795137763488,1.8791605215102547,1.0806972601048284,0.3442295988825474,35.92541086154268,107.66796691014035,108.06940417030586
1225989,6099,0.4898571941374681,0.6915621463261625,3.1679481379478154,1.9411244548932909,0.8088804639561504,0.3510734190743143,39.62359225549778,111.21823877501811,80.88788292143641
1225990,6099,0.6685056548328567,0.7616664165440111,3.1757163720029715,2.0039479410154293,0.6528033098378657,0.3615491611114783,43.64027106482518,114.81775938411533,65.28023430931488
1225991,6099,0.841729525210271,0.8279850921868931,3.1754767861540105,2.0513028451961715,0.5636020752225173,0.3701207820988217,47.440051282059365,117.53099553291828,56.36014123428453
1226043,6099,0.9844592854593683,0.8597738128937585,3.503829074437318,1.280579444412722,0.5003905295210456,0.2094046134326201,49.26141081468288,73.37179749605679,50.0390026314739
1226044,6099,0.913851717401853,0.7928697189166188,3.6913123816303846,1.2776396475613487,0.4971056817586975,0.19831255601619419,45.42808859764615,73.20335954384724,49.71051432314101
1226045,6099,0.8334207806603338,0.7288639259058415,3.8607432483737147,1.2519299730686244,0.5010773340637786,0.18579402695887734,41.76082679374066,71.73030370275899,50.10767388470802
1226046,6099,0.7263821928202023,0.6607989397356626,3.895504105727645,1.2045521223549964,0.5212268445809464,0.1771677060635725,37.8609903535731,69.01575281446723,52.12261341920204
1226047,6099,0.6202689024053816,0.5900380743427087,3.971101460226433,1.1632062932664557,0.5450328194067042,0.16782953497137512,33.80669141186352,66.64681130722462,54.50319494910608
1226048,6099,0.546045342811121,0.5242158077627495,4.096511542449023,1.139982284518183,0.5500523570839029,0.15944340150469158,30.035353338846843,65.3161736225737,55.00513598208669
1227909,6109,0.2517293294371753,0.5390674438317897,4.718071770710231,2.010011317044547,1.2269642256847648,0.2440937115688568,30.886289404467114,115.16516524018458,122.69594003044219
1227910,6109,0.40771692047868674,0.6127567862441283,4.818694138173339,2.0738475901637106,0.8610968810779804,0.24658696031745478,35.10837771978849,118.82271426975707,86.1094790206156
1227911,6109,0.5918409102811686,0.6873403807416749,4.825346600183242,2.1315065797570782,0.6654102742119253,0.25309338559579253,39.381702905413064,122.12633102444578,66.54091611508865
1227912,6109,0.7662100202870814,0.7527307382631794,4.753917650059899,2.1839746199292187,0.5628782279982372,0.2632198057129488,43.1282944122468,125.13252828563228,56.28775007188964
1227913,6109,0.935916872787019,0.8219080018210958,4.645316263057746,2.24229244970269,0.5031628397614447,0.27656651614260824,47.09185965237957,128.47389380201457,50.316230752327954
1227968,6109,0.8952995667549746,0.6560460170436334,4.969651219138388,1.8708937504414185,0.4198445851969293,0.21569786464930654,37.58866794296787,107.19431581769518,41.98441209437446
1227969,6109,0.7652209519627778,0.5910225371885591,5.073318160136469,1.807339021281126,0.4425270433151747,0.2041127613053448,33.863096978018184,103.55289806871339,44.252647079922454
1229117,6115,0.2743734432041532,0.5902412899292065,2.886535034920176,1.938399865731279,1.2325658482031745,0.3847593380533478,33.81833480730111,111.06213131512774,123.25614008494946
1229118,6115,0.3738626026515123,0.6592086606103024,2.838647453300214,1.9923476941891205,1.0102607961670815,0.40213910207413817,37.7698740714422,114.15311419965782,101.02581209716865
1229119,6115,0.48595505994039834,0.7281079359802115,2.759320165005641,2.042318293140408,0.8584643795724624,0.4240762622593017,41.71751176164766,117.01621861930744,85.84626306906068
1229120,6115,0.6059055737659673,0.7990008133537441,2.66957315393922,2.0495610864173948,0.7555529385973108,0.43988755090976095,45.779374432689565,117.43120010596452,75.55517040878308
1229121,6115,0.7337347193708459,0.8649849678104605,2.602001248747223,2.0507295601941364,0.6754483059605869,0.45156837771252645,49.55998799779876,117.49814872184352,67.54473946054419
1229122,6115,0.8460870357624509,0.9374631902947093,2.4858830735579023,2.058501655878786,0.6348363861823844,0.47445295308796287,53.7126842527564,117.94345700254578,63.483564336603926
1229171,6115,0.9906914534691609,0.8899185601962043,3.5750802767257723,1.9492845049803158,0.5146766626115036,0.3124007469714956,50.9885776096014,111.68577520561999,51.46761482945789
1229172,6115,0.8897254877966314,0.8232944062686476,3.762992264505898,1.9704392029390778,0.5301780705705325,0.3000214772706521,47.171294775922455,112.89785011553107,53.01774806405966
1229173,6115,0.809151246519844,0.7571753905872226,3.968442366701078,1.9913511394418189,0.5361538263983843,0.2875083092763223,43.38295423181749,114.09601581858371,53.61531704127024
1229174,6115,0.7376641120114047,0.6908329764707432,4.052395272297674,1.950159547173445,0.5365831510458378,0.2757280661101472,39.58181390023409,111.73591143018217,53.65824309123912
1229175,6115,0.6121590615286675,0.6217134469522466,4.15974410619655,1.8996793145440156,0.5819003300554073,0.2616593812294351,35.62155657689433,108.84360715167728,58.1899388992174
1229176,6115,0.5265632895559975,0.5564952004305457,4.308643467562877,1.8426962463935221,0.6055269391323446,0.2450393456612167,31.8848263039571,105.57871784294767,60.55258006736954
1231125,6125,0.36003414708638376,0.76584213068361,3.368285752269937,1.890270493871692,1.2187599703477354,0.3215419625322101,43.87952186147729,108.3045214369577,121.87566190850033
1231126,6125,0.534369770748928,0.835676570906759,3.513718857290405,1.9507872315577015,0.8960226097332212,0.3181013601764302,47.88074055092237,111.77187509626634,89.60209497203009
1231127,6125,0.6870614052280033,0.9058348897128357,3.5526898851016213,2.0019508286081287,0.7553984980952618,0.32286334202744377,51.90051611624387,114.7033332719638,75.53974096286139
1231128,6125,0.8606912079473442,0.9699032998123646,3.543159322703904,2.020485965838808,0.6456597262325035,0.326729078592221,55.571365615060216,115.76531840797752,64.56589835708142
1231184,6125,0.8364437096131616,0.6264584555044541,4.414076691558919,2.274832190277536,0.42911943384892987,0.2952787013360512,35.89342554068929,130.33828360340382,42.9118925951355
1231185,6125,0.6555567849741442,0.556581270620091,4.416054458635533,2.2302887875267667,0.4864530122644477,0.28936720669597293,31.889757762559938,127.78613462063333,48.64522776404478
1231786,6128,0.9491638131096602,0.7573905259700492,4.093884312098439,1.959171152571506,0.4571948437636964,0.2741949443471091,43.39528058127739,112.25223838612838,45.719436689931094
1231787,6128,0.8318470763092316,0.6909569875377207,4.151748379190872,1.9258548097321482,0.4759158247056479,0.2657756256133019,39.58891921098482,110.34335255262226,47.59152583081531
1231788,6128,0.7225527475133787,0.6267104880874071,4.274979357310176,1.9146559249939474,0.4969583960563242,0.25661341095757007,35.907865943992284,109.7017037218699,49.695771515360406
1231789,6128,0.6252443394533841,0.5627485865298927,4.3801886358921,1.916413250754606,0.5156882899190341,0.2506795938438905,32.24311893511546,109.80239107118524,51.5687473389306
1233397,6136,0.9076607767904352,0.6147559176285499,5.029864555359254,1.9877815456198862,0.3880625892780848,0.2264305364052608,35.22291951080799,113.89149315801099,38.806216601253226
1233398,6136,0.7927013883472208,0.5466069514393214,5.086398461564468,1.9495841265137757,0.3950828323916663,0.21961107231258864,31.318271369985453,111.70294225493848,39.508233897571365
1233739,6138,0.4018779684730084,0.5295607462568568,4.864123546705373,1.8438421376278726,0.7549952319259529,0.21719097252129282,30.341595756316202,105.64437257445698,75.49933720493775
1233740,6138,0.5780763333889242,0.599846056923824,4.904235483541654,1.889782199600873,0.5945347498189586,0.2207816985515231,34.36864741929924,108.27654423607935,59.45337316344211
1233741,6138,0.7562332624158967,0.6723453986983191,4.856990949491308,1.9106449071695857,0.5094004075936576,0.2253903502024382,38.52255372045432,109.47188932898223,50.93997407283373
1233742,6138,0.9373829914330191,0.7495109825236145,4.78159288490744,1.9339211067691613,0.4581245438807467,0.23173348247014855,42.943815997306714,110.805517329142,45.81240600413568
1233797,6138,0.9863853784746082,0.7919476106695047,4.362258469304651,1.796212003035376,0.4600154890473661,0.23592221179216252,45.375255686832304,102.91536688466687,46.00150273466126
1233798,6138,0.8714523112648748,0.7209127283337229,4.382877860655456,1.7427487733719453,0.47398183151122764,0.22782325315142957,41.305256730783604,99.85214946581365,47.398129305207306
1233799,6138,0.7602394569453235,0.6559895712538666,4.505471876892053,1.7095695073810737,0.49438940586001046,0.2174047913652903,37.58543383744295,97.95111755719476,49.43887620564515
1233800,6138,0.6057807592197753,0.5850092253964597,4.599079559346179,1.6884395688262215,0.5533117143121824,0.21034743973865172,33.51855959143464,96.74046125663097,55.331081006145375
1235347,6146,0.46059606148661514,0.5326010758621627,4.59246937473998,2.041133297922039,0.6625283127695041,0.2546523745659617,30.515793811028903,116.94832339455171,66.25268887416836
1235348,6146,0.6004478565413707,0.5996690620079546,4.5704102811484395,2.1033233202006008,0.5722146463028088,0.26367774777755476,34.358506357624655,120.51154919893787,57.221370285443065
1235349,6146,0.7593062217030433,0.665201328905406,4.490312946989712,2.1526903554749386,0.5019480557572874,0.2746803466676799,38.113228672773495,123.34007196723088,50.194740130733486
1235350,6146,0.8937670124476369,0.7331760750309377,4.349316635215893,2.183078993039418,0.4700094508320352,0.2875881956822195,42.00789473923971,125.08121264482827,47.00089302166743
1235405,6146,0.8687637835626014,1.0566354428882276,5.097529488281364,2.041374639829499,0.6968608937208147,0.22944869923107397,60.54075136143198,116.96215126726881,69.68600996137124
1235406,6146,0.7414530669203334,0.9854471092508423,5.3210560213938045,1.9887096850245527,0.7615041605594045,0.21413920649666854,56.46196029344061,113.94467162869816,76.15031437882348
1235407,6146,0.6139242390418304,0.860311859941555,5.519955969860771,1.9553768635583229,0.8029042461937763,0.2029632882004359,49.2922386397011,112.03484163942012,80.29029514511053
1236958,6154,0.8912711603919449,0.5524674725782783,3.9312473342395338,1.851635409415619,0.35515627060027893,0.2698657318317772,31.65405449699489,106.09089415649323,35.515587610270174
1237014,6154,0.9011029351697601,0.6084555919187522,4.667158637567834,1.9307887831301813,0.3868807401524043,0.23703082915814147,34.86193743807882,110.62604840455938,38.6880315104951
1237015,6154,0.7658376508720188,0.5426220665254619,4.776648517114617,1.8789492746742495,0.40596011231904505,0.22537949515626676,31.08995428257595,107.65586335800175,40.59595875342085
1237504,6156,0.9745058530592909,0.6833916270962324,4.951810656007433,1.9952652882430066,0.4017980544957481,0.23086561206802478,39.155455987192305,114.32028002527795,40.1797646309728
1237505,6156,0.8376137539930063,0.6143767261627047,4.98506479064354,1.9617146978474924,0.42025567097153854,0.22546943177335022,35.20119344018768,112.39797279544284,42.02551742597599
1237506,6156,0.718369853692115,0.551842679564862,5.049587117640728,1.9374179929427728,0.4401389603365668,0.21983158492443292,31.618256494256872,111.00587414832759,44.01383537730231
1237761,6158,0.6623047113746812,0.5858202574427573,3.303366564969438,1.9454191986859621,0.5067913185802103,0.33742640103288996,33.565028304737346,111.46430946842818,50.679056103970176
1237762,6158,0.8439369736085606,0.6582608907400983,3.368267336488804,1.9747870445418338,0.4469003206455435,0.3359203752258817,37.71557085792985,113.1469630893604,44.6899796399294
1237817,6158,0.9002409824122939,0.6213513738177371,3.2189288316603104,1.9870128738766688,0.39545867844804095,0.3536811688343245,35.60081131441186,113.84745151129367,39.54582435604225
1237818,6158,0.7775215502011676,0.5503055101444204,3.210529992864603,1.9701876358573358,0.40552165737900847,0.35160374231906355,31.530183174069,112.88343638348283,40.55211410384332
1238420,6161,0.9204090086859975,0.6529731802324925,4.821870243920322,1.9421245497062771,0.4064780614163079,0.23077257190079903,37.412607362557054,111.27553998691515,40.647762420541596
1238421,6161,0.7988511089137489,0.5855649796343259,5.001701727969775,1.8898093618218854,0.41998316293693866,0.2164825217280077,33.550401963710875,108.27810051670556,41.998264246096234
1240974,6174,0.20412283162213357,0.5552971058299709,3.2089590328852027,1.8889889603085628,1.5586781120157032,0.3372778945635109,31.816180539886755,108.23109497248603,155.86705524313143
1240975,6174,0.35458955105944445,0.6268804626955291,3.3268755084756525,1.9536680591606839,1.0129346353103927,0.3364626471227592,35.91760477166206,111.93693435942201,101.29318072449355
1240976,6174,0.5085420496563469,0.7023099466821563,3.3816509828410344,2.004846532070821,0.7912697699407137,0.33968391505296086,40.23939585494543,114.86924485909748,79.12682295459078
1240977,6174,0.6907368035085437,0.7756016153426544,3.3918935658338687,2.0566168049110627,0.6433521172404335,0.3474031845710702,44.43869914266321,117.8354629970841,64.33511951559713
1240978,6174,0.8713259156093225,0.8442844065298816,3.405418184264469,2.090512042842031,0.5551761032364729,0.35172630861564674,48.37393320286966,119.77751707612032,55.51754724464303
1241032,6174,0.9670475734751662,0.6227617159638761,3.191164903697042,1.5570096849449793,0.36897479065952654,0.27955334813765315,35.68161796705505,89.21008360834131,36.89744129276806
1241033,6174,0.7928857592648497,0.5595714409504928,3.1632790667899657,1.5502921253479776,0.4043594064280369,0.2808010094542262,32.0610819025172,88.82519579480551,40.43589015440699
1248817,6213,0.9807550696997931,0.5840547395911083,3.929941102179023,2.17929077322394,0.34120518237260694,0.317725279013915,33.46387158318286,124.86416363753355,34.12048379514599
1248870,6213,0.9676898146611749,0.7655156985750389,3.310536469453986,1.9798834177004272,0.45325286637912066,0.3426603647662608,43.860818679358616,113.43896376217155,45.32524026769433
1248871,6213,0.8454315397028298,0.6973332406209092,3.35502149802241,1.982887358525629,0.47259002358976027,0.3386299510202836,39.95425160175879,113.61107689336266,47.25894701876833
1248872,6213,0.7194310713705457,0.633436382137314,3.3640888671126756,1.9373767440502299,0.5044712721802902,0.3299660467239118,36.2932312865041,111.0035107608753,50.44705779847165
1248873,6213,0.6066712672917276,0.569101399046069,3.367173010190818,1.899640013174856,0.5374757220400036,0.3232425381661181,32.60710828033025,108.84135534909535,53.747484495859815
1250682,6222,0.9921195297518245,0.7606187250073624,4.622646566587824,2.148125441997111,0.4392640303450236,0.26625120404934477,43.58024276154363,123.07852169110899,43.92635920198635
1250683,6222,0.8060146126679374,0.6919876915556549,4.599690936014419,2.0905103897063966,0.4919014256826185,0.2604031961369303,39.64797420113962,119.7774223584255,49.19008214977816
1250684,6222,0.6249163455272898,0.6225213021948311,4.601760335833774,2.0293599621728786,0.570761878086168,0.2526723518981238,35.66784327275194,116.27376094533433,57.076097387977434
1250685,6222,0.4844577771277277,0.5569658548604426,4.652894843641894,1.970451285258406,0.658711525840037,0.2426415079916707,31.91179281639933,112.8985423814353,65.87101797514916
1250823,6223,0.2781121195527684,0.6165281908065354,4.257805010315792,1.7242010752430796,1.2701518391468938,0.23201965372294092,35.3244632840508,98.78944464334695,127.0147317784066
1250824,6223,0.38689335703481076,0.6826413431484653,4.345592404643705,1.789240464658981,1.0109366356758887,0.23590782884637196,39.11246788354884,102.51592715898595,101.09340488527648
1250825,6223,0.5214860426380579,0.7477054296851707,4.355250904799511,1.8073996605890863,0.8215054884643246,0.23777360815938023,42.84036543997602,103.55637244513211,82.15039289041302
1250826,6223,0.6939707440030467,0.8169407736287345,4.319040496944229,1.8303125551270831,0.6744845970969171,0.24280667067136133,46.80725844107887,104.8691845985877,67.44836348967166
1250827,6223,0.838031839191473,0.881439796001552,4.198044338785996,1.855669056487323,0.602635571124008,0.25326555957059793,50.502780205761184,106.32200510974717,60.26348592077351
1250828,6223,0.9831725379802881,0.948513192168073,4.091592177691092,1.8836201497267688,0.552759562249305,0.26376891888154147,54.34580272371179,107.92348478514405,55.27590056517711
1250884,6223,0.9939447534447907,0.5723130235835325,4.4650693203865846,1.633949818162038,0.3299088844541105,0.20966847676864095,32.791120811707565,93.61842851685309,32.99085558548942
1251285,6225,0.9120434484775686,0.7862336640694447,5.203468405240798,2.111736694911659,0.493922413932797,0.2325249053246044,45.04787066228574,120.9936000613436,49.392187779314874
1251286,6225,0.7610586329396368,0.7238944781309934,5.316768346877349,2.064234946496138,0.5449790077874572,0.22245082429565474,41.47609840973119,118.271950357642,54.497829886900405
1251287,6225,0.6374361069499689,0.6566968787035561,5.440392603557096,1.9984102670861228,0.5902702807171109,0.21046362307440622,37.62595956912832,114.50047403964645,59.026936397164434
1251288,6225,0.5049169404602964,0.5913405023294177,5.552195893665295,1.9413390441602885,0.6710274829897175,0.2003361116291246,33.88131503862166,111.23053383434588,67.10261672963048
1251289,6225,0.3725025296356068,0.5261018494594141,5.661906021235036,1.896747079158172,0.8092136928123661,0.1919417274677447,30.143415568051417,108.67560243952953,80.92115421708496
1251486,6226,0.9977111445091489,0.5949283414701597,4.069049740201184,1.8774228266633406,0.34165081672087744,0.26435755503852487,34.086883078958024,107.56840432933053,34.16504777109632
1251487,6226,0.8560955485407853,0.529863506434345,4.102022778598259,1.8376308935436585,0.35462095713284303,0.2566745723489387,30.35894263669091,105.2884945029059,35.4620547045046
1253037,6234,0.7635000445975748,0.5745714093364567,4.034307587924809,1.9774224119636403,0.43117897091984253,0.28083619250642916,32.92051678386259,113.29795852009617,43.11784118280322
1253038,6234,0.9017813331251722,0.6438044643743005,3.993611236120237,2.020797517002893,0.40904903302271833,0.28992098088481805,36.887278640327985,115.78316897478197,40.90485839580962
1253095,6234,0.879229116235568,0.650883358868259,4.10614339077255,1.7759227077788768,0.4241541630691894,0.24780643529894836,37.2928694184502,101.75287589717466,42.41536854779267
1253096,6234,0.7314614394433571,0.5862823811357362,4.109542868872189,1.7567407335046425,0.45923822872034076,0.24492707022479265,33.591506041958034,100.65382972853251,45.92376071630031
1254843,6243,0.26394120271090565,0.6004184177693037,3.3169706800114085,1.8646091097024078,1.3033751314079023,0.3220837396884759,34.401441280103775,106.83423242759389,130.3370242680875
1254844,6243,0.3764382365448666,0.6683708812302841,3.368600890159127,1.9319645717341283,1.0172938322666063,0.3286035342564213,38.29483064393489,110.69341612916513,101.7291156878931
1254845,6243,0.5241307440923995,0.7319933952062756,3.4259819793637645,1.9817331281987856,0.8001845312320223,0.33142306270014815,41.9401321767713,113.54494436704852,80.01830198130043
1254846,6243,0.6885255305990777,0.7967030272717199,3.439712387870395,2.009374176956294,0.6629778896545819,0.3347043196793077,45.64772098796568,115.12865980216907,66.29769363897744
1254847,6243,0.8365015529331179,0.868279305051607,3.395638911785541,2.0352801785379837,0.5947238095236752,0.343419801230044,49.74873961800922,116.61296435685914,59.4723105668595
1254902,6243,0.9058753340574676,0.6859687590291309,4.439718638755432,1.7996313242017674,0.43386890953621593,0.2322473285220576,39.30311477019578,103.11127955630084,43.386843537632856
1254903,6243,0.7831734021561977,0.6164062974610216,4.567530843722058,1.7659029385364549,0.45095350227183584,0.2215174645737506,35.31747930980213,101.17878540788888,45.095293222771026
1254904,6243,0.6768481430853767,0.5549211647168982,4.707736579860947,1.7472238996295464,0.4697455486260551,0.21264689177547905,31.79464070076224,100.10855531316237,46.97448615481473
1261163,6274,0.5640718135720586,0.5428227891097546,3.257840819685274,2.0026926484451253,0.5513740190487597,0.35221437269809125,31.101454839508882,114.74583641778278,55.13730513363194
1261164,6274,0.6927008155647083,0.6116867328325315,3.2394069742855396,2.0122623605930263,0.5059481219309809,0.3559112550362085,35.04706817545042,115.29414053501259,50.59473988368162
1261165,6274,0.8553284719372487,0.6828491770302249,3.246393486345106,2.023452898933261,0.45741930397547365,0.35712032839799324,39.12437588781348,115.93531115238737,45.74187745360871
1261166,6274,0.998807014092892,0.7488858141754465,3.2158339925223185,2.0290533230617545,0.42959245834739895,0.3615117936039251,42.90799648947152,116.25619181843328,42.95920325433127
1264952,6293,0.9157497305972875,0.6578088607994855,4.32106288392362,2.0264954769790475,0.41157174039204775,0.2687061977193764,37.689671450119185,116.1096380332501,41.157129544998064
1264953,6293,0.7805157128309022,0.5933413860956122,4.453101091393514,1.9683992413149003,0.43555762221443467,0.25326388589920934,33.995957233720844,112.78096892409705,43.555706975727524
1264954,6293,0.6373782455886337,0.528652346735246,4.5533266256854255,1.9371485419037833,0.4752209230866073,0.24375680600454083,30.2895482976162,110.99043574100808,47.52201849566523
1269518,6316,0.5647229125880723,0.5245795914941165,4.658111590771974,1.8096321811541785,0.5322290880909343,0.22258866969611632,30.056196611309694,103.68428645118806,53.222815505660456
1269519,6316,0.7352415210014974,0.5943067039234934,4.6106304001261815,1.838907832697108,0.46313033792806546,0.22851898407578083,34.05126587114717,105.36165772709357,46.31297143256194
1269520,6316,0.9149284713504342,0.6596337270815602,4.558989399921746,1.8551132324439465,0.4130839661967187,0.23314412292029046,37.794228586257795,106.29015873790979,41.30835192189578
1269575,6316,0.8891175531479729,0.7240065596394599,3.4386880133983517,2.074771142380149,0.4665583262156749,0.34570053783604876,41.482520207127784,118.87562991391896,46.65578067205622
1269576,6316,0.7927572885276931,0.6563322455193835,3.492085156500102,2.0115479359644772,0.4743578860320158,0.3300412261552246,37.605067626604814,115.25320701901653,47.435729365182375
1269577,6316,0.6838080462888867,0.5945038580908473,3.5712521391447405,1.9616819130392407,0.4981304572179484,0.3147246110617392,34.06256197284997,112.39609436429787,49.81297360383218
1269578,6316,0.5806558093282062,0.530295515911145,3.6208572954341944,1.915913606108492,0.5232651416733209,0.3031706424248141,30.383694956421202,109.77376354170661,52.32642495241513
1271728,6327,0.32986544003955454,0.5912328982515511,4.581271743459553,1.7562308284226984,1.0269384009461888,0.21964340849982986,33.875149779101505,100.62461431938483,102.69353188835916
1271729,6327,0.5096030718158013,0.6573157336541783,4.62448945942898,1.7858718641044637,0.7390343325973577,0.22126317129873635,37.66141734592974,102.32292056434667,73.90328968867153
1271730,6327,0.6922339181234248,0.7296729821842094,4.596770095681943,1.8121813024675522,0.6039458715526222,0.22587673074093778,41.807182303879706,103.83034034391122,60.39450078192317
1271731,6327,0.8747081795087307,0.800785709992418,4.539332453436131,1.8474329199896053,0.5245365486142475,0.23318430650662036,45.881641476952666,105.85010924893429,52.45359549412927
1271786,6327,0.9796737825418187,0.8307436187900057,4.7777973543695555,1.9161139753488423,0.48585665531172706,0.2297821265343877,47.598103214092276,109.78524385352293,48.585616433441764
1271787,6327,0.8245699331893341,0.7705518066876825,4.871240887530686,1.8884021219289924,0.5354229411833813,0.2221148037760306,44.14936641938469,108.19747161008034,53.5422298341522
1271788,6327,0.6737490898576217,0.7053753669579104,4.965251124090892,1.8725344612430348,0.5998528459291533,0.2160783386874412,40.41503149917997,107.28832162202931,59.985196451284416
1271789,6327,0.5476750091538578,0.6368700910540065,5.060897028750969,1.859630532690426,0.6662704530851704,0.21053378513925033,36.48996831550702,106.54898097682648,66.62692487093395
1271790,6327,0.43246068762061735,0.5695755086779379,5.145201178084179,1.8518537734215759,0.7546182333057178,0.20621818586639146,32.63427276126284,106.10340549243212,75.46165058184688
1278420,6360,0.8756711729720774,0.7254699080457453,3.7799192545059372,1.8864942741251784,0.47468004775133227,0.2859536207504062,41.56636389476513,108.0881599829685,47.46795110970206
1278421,6360,0.7804407215768567,0.6595064449013646,3.772954563300416,1.863827217290417,0.48417431748056006,0.28303927656075323,37.78693585452536,106.78943329235351,48.41737032994354
1278422,6360,0.6568621524704186,0.5929814413930434,3.716955694015688,1.8559033906657234,0.5172368856447204,0.28608205191760433,33.975333921405564,106.33543146916517,51.723610608429766
1278423,6360,0.5544891450624856,0.524531910305544,3.6773794541886335,1.8430460757621128,0.5420027498473905,0.28715764205915756,30.053464680442325,105.59876158931763,54.20017821426852
1282524,6380,0.9175917703337564,0.6045536012136771,3.16793575744212,0.35090627227521454,0.3774921548052632,0.06346545473765089,34.63836983897874,20.105448406038324,37.749174752520894
1282525,6380,0.778531684122648,0.5913547429732017,3.280171139634608,0.4165842974956573,0.43520554427255376,0.07276608740547665,33.88213096740803,23.86852205792347,43.52049908552115
1282526,6380,0.6894191621263355,0.5788436428123829,3.4516686643654486,0.4780103601705403,0.48106143652544314,0.07934706017614894,33.165297731127666,27.387976201300347,48.10607457263509
1282527,6380,0.5785949403632367,0.5735174947546782,3.5969877222958617,0.5433551113486303,0.5679298083353492,0.0865500718215314,32.86013192635939,31.13195465713742,56.7928836585513
1282528,6380,0.47117636659795287,0.5717711166431736,3.618381600005056,0.5636118303482078,0.6952825620773808,0.08924591887518064,32.76007183113615,32.29257916259568,69.52811012055622
1282529,6380,0.3472357774017272,0.5643453626363262,3.7174090686056167,0.5904879417458071,0.9312003151746738,0.09101087935173378,32.33460746684143,33.83246691540156,93.11976602476268
1282530,6380,0.25542384283793307,0.5566145669755515,3.854890763473595,0.609546052650968,1.2485782024216945,0.09059768042218629,31.89166550320099,34.92441623575953,124.85733630630533
1282531,6380,0.16878302837133288,0.5443265628374968,4.000872095450582,0.6245555665476452,1.8477931804282686,0.0894414944827436,31.187614727451166,35.7843980345821,184.77823422271288
1284591,6391,0.25710260090156084,0.7100136857391968,4.2746413783674635,2.2875975621429014,1.582278275849939,0.306621476814132,40.68078758938394,131.06968553520431,158.2272183148446
1284592,6391,0.3709812054676338,0.7812884361125317,4.359448729811316,2.35207832906357,1.2066521997669717,0.30913119842156517,44.764529971624526,134.7641613395254,120.66489797050386
1284593,6391,0.5403377591924166,0.8502023432823672,4.380549440137108,2.338521303517104,0.9015287988292658,0.305868938401707,48.71300600221244,133.98740099296185,90.15271470626737
1284594,6391,0.7143810576096361,0.9214888760718639,4.354725382129905,2.317520405009593,0.7390652672786395,0.3049196589582286,52.797423467171555,132.78413814249888,73.90642430723247
1284595,6391,0.8975322750875665,1.0118055974263205,4.271086658087257,2.2933501711376607,0.6459064635717813,0.3076483713935926,57.97219042024099,131.39928575179303,64.59057511219851
1284650,6391,0.9448626677517007,1.1176987484698924,4.532363410616691,1.9260473461807037,0.677764320279437,0.24348088146804361,64.039421054379,110.35438407852693,67.77636101381752
1284651,6391,0.7855388041880773,1.0538304134439775,4.60706895765061,1.8884766297740434,0.7686448323406468,0.23486025790996617,60.38003501286652,108.20174059514238,76.86438636330396
1284652,6391,0.6483964465634324,0.9821503521113725,4.667437680570832,1.855124203754491,0.8678805914751971,0.22772834774512063,56.27307002326936,106.29078734769972,86.78792663592668
1284653,6391,0.514409147833605,0.9057910867937131,4.737055221785069,1.8344115643135837,1.008885740145302,0.22187632481024094,51.8980063938478,105.10404052515952,100.88837985100386
1284654,6391,0.37736913838552166,0.8342171407642648,4.748535458506766,1.8194308610228918,1.2665879436024685,0.21953233822058074,47.79712136326327,104.24570945246514,126.65846208115623
1284655,6391,0.2769643074393614,0.7602083176101908,4.837146724492078,1.7929345638533944,1.5726476447400506,0.21237227045318355,43.55672814980475,102.72758345192851,157.2642023381973
1284656,6391,0.21484551266052443,0.6861758904841614,5.015833065435819,1.7658076557233553,1.8299186337010476,0.20170792086426706,39.314982528373434,101.17332610483814,182.9910201544412
1284657,6391,0.16797360572507047,0.617204721511223,5.157373798263006,1.745343109888438,2.105284540401922,0.19389867346560527,35.363225638140406,100.00079399884535,210.52721323853294
1284658,6391,0.15384496535879721,0.5369573424927051,5.328333644363514,1.7219637435608472,1.9997656362608938,0.18516343266114316,30.76538950339266,98.66125498058413,199.97527677532582
1288469,6410,0.8060830341067362,0.6632855705074687,4.6483441759639526,2.2224480012809167,0.47145841957411005,0.2739403227609217,38.003463802004944,127.3368906606819,47.145784054783526
1288470,6410,0.6364784775897231,0.5987968222673221,4.653765139493112,2.1820470033235786,0.5390367682603951,0.268647170567314,34.308530701762834,125.02208398960977,53.90359298258196
1288471,6410,0.5161753257549327,0.5331912918931783,4.8017855180441025,2.146263498938252,0.591845611025306,0.2560960698763913,30.54961069860706,122.97184021214268,59.18444758954565
1288671,6411,0.9302878534037726,0.5904530901877514,4.579061726184156,1.9259775064761486,0.3636559327393061,0.24098906919340027,33.83047006821551,110.3503825582135,36.36555457418997
1290021,6418,0.8005144662251555,0.5805218001191872,4.069272955496708,2.116796107348231,0.4155009066046092,0.29804705673258014,33.2614490621666,121.2834830407752,41.55003927533284
1290075,6418,0.9812185324919289,0.8286299590217178,4.135385697108381,2.1009569015748064,0.4838575442069095,0.2910876322665683,47.47699943004278,120.3759633991187,48.385705601955394
1290076,6418,0.8356627934577996,0.7639945376733461,4.237422878882758,2.127080035634685,0.5238196841908598,0.2876104460759573,43.77366257973131,121.87270872840419,52.38190636285099
1290077,6418,0.705154187911702,0.6951240997421698,4.272482870959728,2.084029502842088,0.5648080557558327,0.2794770587045083,39.82767715305721,119.40609489359885,56.48072627956662
1290078,6418,0.5930922240098131,0.6294114586263567,4.358127844825521,2.042258213502892,0.6080440459091663,0.2684932159116928,36.062620156463275,117.01277630964312,60.80430309530327
1290079,6418,0.48144996528444456,0.5623477500825499,4.452780100300786,1.978304330769272,0.6692315786156552,0.25455667232100393,32.2201526984077,113.3484887455321,66.92302024853521
1290621,6421,0.4211649977739711,0.565078657220357,4.055790135361693,1.941170706029387,0.7687396045262606,0.27422742494975777,32.376622151646195,111.2208887699141,76.87377975137939
1290622,6421,0.5858101403965009,0.6370447937953776,4.186599769748648,2.0037660883900785,0.6230683783910577,0.2742257345723218,36.499978045256945,114.80733999618937,62.306732542765005
1290623,6421,0.7484119192208589,0.7201930215164435,4.268607129023062,2.0706492284590983,0.551354393971579,0.2779348339605669,41.2640205676667,118.63946164272652,55.13536646404357
1290624,6421,0.9151811112686641,0.7898754229258055,4.28909228088971,2.1358235784157262,0.4945089777641285,0.2853136946660696,45.2565280747596,122.37367682774995,49.45084428280956
1291482,6425,0.9943084915867272,1.1547368925707044,3.586954036841937,1.9992868636918253,0.6654026420046864,0.3193536851311006,66.16155039235291,114.5506993254887,66.54019794860025
1291483,6425,0.8508695583672305,1.0855223283715483,3.5635040505864897,1.949927050575972,0.7309680624993349,0.3135189085150313,62.19584798290398,111.72259035639581,73.09672120075945
1291484,6425,0.7415684526883515,1.0191242511348033,3.575430902351467,1.9218987841465425,0.7874056318114248,0.3079815879046043,58.39151838945483,110.11668898292129,78.740458061983
1291485,6425,0.6231939152348975,0.9483625167974239,3.5540968783187554,1.8893254982769596,0.8719143024447162,0.30457913945314047,54.33716966089703,108.25037717772108,87.1912917332068
1291486,6425,0.5170150523272565,0.8819212660323101,3.5245756134288366,1.8781288217307242,0.9773480520863687,0.3053101035816698,50.53036640648566,107.60885486704866,97.73461806269289
1291487,6425,0.40567943852993166,0.8150484329068252,3.492599589617817,1.8703708240556418,1.1511264737106153,0.30683263651098386,46.69883530431272,107.16435434279414,115.11236645655327
1291488,6425,0.30660839396425027,0.751040650617144,3.4769115777244872,1.8720812152877166,1.403466407533276,0.3084989360109313,43.031459523121775,107.26235254170821,140.3461875931274
1291489,6425,0.206936774257873,0.6843711126726402,3.4902946273877835,1.8753359575731743,1.8948577227309742,0.3078503298463217,39.21157637681441,107.4488355380677,189.48486576429195
1291490,6425,0.14280903284830787,0.6221751045675715,3.5000905480738145,1.869484120265728,2.4962010037206066,0.30603079600574973,35.64800760983252,107.11354995795382,249.61836993411842
1291491,6425,0.13817171748138687,0.5881819242657051,3.5846144722525093,1.8545806490473047,2.439018637213471,0.29643255776356675,33.700341846308326,106.25964395704348,243.9001161777691
1291492,6425,0.13158899554391662,0.5492160857869145,3.699248665622616,1.8312164005853018,2.391367244262902,0.28362778588010595,31.46776375628516,104.92097112867569,239.1349253126402
1292432,6430,0.6167867941641214,0.5250871779535475,4.3046334158814865,1.8262825991326017,0.4877743649841066,0.243082917349816,30.08527917317308,104.63828512848046,48.77735820622882
1292433,6430,0.773018463066126,0.5920483982815253,4.273924744717303,1.8561677713623128,0.4388235944021231,0.24883587211001096,33.92187448901182,106.35057936726447,43.882303240416675
1292434,6430,0.9243816549879814,0.6612866691176258,4.208292752617842,1.8820772375229669,0.4098841054922561,0.2562442503658569,37.88893518870411,107.83508242770698,40.988366651250864
1292488,6430,0.9534404423070719,0.7971248293364086,3.772212505694742,1.8317921624260776,0.47902192901033763,0.2782291809262689,45.67188846606224,104.95395985215683,47.902143162089274
1292489,6430,0.8225917639587097,0.7305816703599715,3.8130697969539495,1.7660923422169352,0.5088702273279171,0.26537578004699436,41.85924630124432,101.18963743940465,50.886961489665445
1292490,6430,0.6972579355948041,0.6619119597482539,3.8698776557242294,1.7047479394673917,0.5439129369899975,0.2523978029853967,37.924761702808176,97.67486206510509,54.39121647176319
1292491,6430,0.5823811875064226,0.5962503026951006,3.932888448997022,1.6540110870404074,0.5866024868951976,0.2409624771800134,34.162625877827075,94.7678545552608,58.660148972104885
1292492,6430,0.46414112592062395,0.5313964544896814,3.9724609719258104,1.6115434001518736,0.6559809448926197,0.23243685904273328,30.44677409047447,92.33463533086474,65.59795457066825
1292890,6432,0.9220758535338986,0.8121421218254888,3.6278430936152843,2.0372111656797873,0.5046473699795458,0.3217437977239396,46.53231594540005,116.72360177037852,50.464682815822755
1292891,6432,0.7323693614649167,0.7428435095760976,3.5801165376083994,1.9691543797788627,0.581152074290906,0.3151412354058677,42.56179793739634,112.82423517103008,58.11512887040174
1292892,6432,0.576097115994246,0.675070395684127,3.557448224759685,1.9078879871129586,0.6713917289584483,0.30728185550862125,38.67868454692698,109.31392944528253,67.13905752004456
1292893,6432,0.4621576657673945,0.6076368834999698,3.546591615564534,1.857021033834613,0.7533149556203256,0.3000048467345261,34.81502890103076,106.39946770574417,75.33133419281863
1292894,6432,0.3838749219248043,0.5395122478202117,3.5550676110977486,1.811523680532059,0.8052564057964968,0.29195692584447297,30.911774795714276,103.79266138249223,80.5254329073795
1294038,6438,0.4707606456503248,0.5933431664855395,4.403008495466133,1.8493268276641643,0.7221516674027539,0.2406505052941215,33.99605924254957,105.95862216547395,72.21501487358078
1294039,6438,0.6432133014503578,0.6609386935380426,4.564914515769179,1.9146638349926355,0.5887471074134174,0.24031590583380327,37.86899765662037,109.70215693141068,58.87462012463203
1294040,6438,0.8245483363033242,0.7263396738345617,4.661140841446065,1.949979510364071,0.5047150720780167,0.2396958161995608,41.61619780362918,111.72559608084804,50.47144660889032
1294098,6438,0.9489630242996396,0.5593831889220392,4.050412747418447,1.8953583020736615,0.33774019321475485,0.26811102442585844,32.050295855802034,108.59603137390259,33.77398408696894
1294440,6440,0.28744944798179906,0.6805535939361013,3.313748428838676,1.8376922983614095,1.356511469486493,0.3177429267283339,38.99284866499862,105.29201273980482,135.65067975635088
1294441,6440,0.3910358635794858,0.7514422181796389,3.3831996328313805,1.9036974330774767,1.1010362618531064,0.3223984390526378,43.05446764964209,109.0738283852279,110.10334743258916
1294442,6440,0.5050703711071328,0.8126693966271022,3.426096867229416,1.9360087379013482,0.921901744943137,0.32376530424293876,46.562526566176096,110.92512978219644,92.18999379059939
1294443,6440,0.6388078984017218,0.8845301322084522,3.4176846099339975,1.9575670151914006,0.793350282004061,0.32817635492257685,50.67984342769304,112.16032808448917,79.3349052502122
1294444,6440,0.7734073252633623,0.9565271609379737,3.3879641868652146,1.9737647022412572,0.7086171388937558,0.33379451676306693,54.80496931137675,113.08838719031965,70.86162318296027
1294445,6440,0.8844732493098912,1.0298715744499403,3.3305519272604736,1.9859343536431195,0.6671461690375475,0.3416420431124865,59.00729465647473,113.78565685379183,66.71454222948267
1294499,6440,0.9347256698595443,0.672162372227516,3.742478581257604,1.5266412617597394,0.41201464671351606,0.2337223820964245,38.51206707613812,87.47010112935982,41.20142103351464
1294500,6440,0.81690002407606,0.6047210755376604,3.6994911108724375,1.4611852550137172,0.4241396005094766,0.22630071397303309,34.64796541091979,83.7197481990329,42.41390864959154
1294501,6440,0.6872628043948961,0.5380418417833357,3.6995104140603923,1.4089908542545069,0.44855513916860135,0.21821598013693794,30.827526735630727,80.72922932131574,44.85544930272144
1294903,6442,0.8591636328959917,0.5747707644102716,3.9387449502382874,1.8524613474289606,0.38330228775990427,0.2694721744877229,32.93193898821671,106.13821691879711,38.33018460875515
1297458,6455,0.797964381837837,0.5851292203377592,4.12780945630032,1.9923289771923267,0.42013697776563286,0.2765438732739008,33.52543479513401,114.15204179473638,42.013645652045426
1297459,6455,0.9763002821892808,0.656241460819765,4.146614622711066,2.028270900899789,0.3851260349636627,0.28025599826424163,37.59986604647231,116.21136233075515,38.512564443383184
1297513,6455,0.9975475061336538,0.7995002398150762,4.094925340017825,2.210127781020697,0.45920609013840286,0.30923883395468615,45.80798946110105,126.63099403709974,45.92056344071512
1297514,6455,0.9057645945289698,0.7273210315445374,4.1591248134304,2.1549763660804486,0.46008008317210153,0.2968678651606595,41.672425458603406,123.47105072684876,46.007958030548224
1297515,6455,0.8019336643825584,0.6597803664258067,4.325345433926242,2.104539800399522,0.4713934781564009,0.2787783078679196,37.802630401793685,120.58124838019731,47.139289621429995
1297516,6455,0.7145714889345522,0.5889000787307628,4.46340559376495,2.036047173556784,0.47219192364240925,0.26136300459886974,33.7414890661946,116.65690993434396,47.21912694470524
1298320,6459,0.9216062109139499,0.6129731265357757,3.8584210315983696,1.9368354139641624,0.3810822052677717,0.2876111591638254,35.120773105438516,110.97249483162017,38.108179590532444
1298321,6459,0.7846844045947753,0.5394954828345314,3.8136550773894076,1.88490117423307,0.3939267004398715,0.2831847128491526,30.9108142327912,107.99688208280794,39.39262034414169
1299063,6463,0.4151472985551741,0.6278461384960121,3.2913679321938862,1.8891277111436646,0.8665101080530494,0.3288573222767483,35.97293391940766,108.23904480974127,86.65080416950518
1299064,6463,0.5957247181863554,0.6989339727816818,3.4250944452858434,1.9458812294899457,0.6722226710416944,0.3255115540286521,40.04596679870192,111.49078188350147,67.22215539161044
1299065,6463,0.7803599289827966,0.7730434020033111,3.5565043167636263,2.000819995118191,0.5675858293412627,0.32233488491205614,44.292124315224775,114.63854128565832,56.75851092770588
1299066,6463,0.9640066093779969,0.8450130765306012,3.598528869787498,2.0130049856909205,0.5022339260471862,0.32051066886447593,48.415682918568685,115.33668981888242,50.223341027160316
1299122,6463,0.9265934897015986,0.6531973574588776,4.124405635558437,2.110785746949065,0.40390367279226996,0.29322798276835227,37.42545177149187,120.93911475655041,40.39032412500575
1299123,6463,0.7987671158001335,0.5851696345220195,4.142465916409679,2.047176664582368,0.41974374350646315,0.28315159347586755,33.5277503573246,117.29458279823865,41.97432232724955
1299322,6464,0.9166640889353118,0.7109135371668922,4.568676624588499,2.2534132919489136,0.44435410228991806,0.2826005897416353,40.73234527837971,129.11107112735397,44.43536223866616
1299323,6464,0.8009573511325594,0.6410544828225357,4.74448086623466,2.259471819223048,0.45857267922148753,0.272860619627933,36.72971630367303,129.45819917022678,45.85721124167944
1299324,6464,0.6983744096859166,0.576600797476847,4.886947720529147,2.224195755367758,0.47305272398377163,0.26077019158067827,33.03679215930086,127.43702959348465,47.30520533957322
1300329,6469,0.9995319395421357,0.5982191292959043,4.678289879852113,2.047342821033136,0.34291481476252017,0.25074141539637396,34.275431332646214,117.30410286160652,34.291447511821914
1300330,6469,0.8431038671073867,0.5303843412005377,4.72378808139212,2.0081155649583535,0.3604393847040368,0.24356839134317504,30.388784270617432,115.05654664664257,36.04389614648826
1302279,6479,0.4211314776086217,0.7508102389122987,3.8776774598574812,1.8753071568618398,1.0214923170233883,0.2770915998405879,43.018257904883725,107.44718537886126,102.14899156949521
1302280,6479,0.5925051662874716,0.8164732141429847,4.017194554934744,1.9343468721956194,0.7895368872385539,0.27588883261605474,46.780469255874095,110.82991189114064,78.95355680260919
1302281,6479,0.7556504271388405,0.8792025058677756,4.084320155593821,1.9468863475675424,0.6666388378505483,0.27311367959578653,50.374592923549535,111.54837090726006,66.66379644684228
1302282,6479,0.919663689679038,0.9461927087128038,4.104635208438476,1.9603686326805652,0.5894855786328761,0.27364392440495233,54.21284881529493,112.32084894242833,58.94849440638539
1302341,6479,0.9286427754106529,0.9542136582745129,3.7292931425747082,1.828691773404843,0.5887346160632866,0.2809549058219081,54.67241537286817,104.77632064639138,58.873398843051135
1302342,6479,0.8030420017158758,0.8868135354981422,3.6953624111549366,1.8056399125832918,0.6327274545767586,0.279960487012421,50.810672799118564,103.45554631139353,63.27266745435864
1302343,6479,0.6753281055039917,0.8224692925206469,3.6225161348386177,1.7985012260357633,0.6977944225730264,0.2844612020508856,47.124019240543795,103.04652970095333,69.77933996399516
1302344,6479,0.547319919193983,0.7537578955482835,3.5930418664406565,1.803571017813261,0.7890658440517493,0.28760312550317924,43.18714618957939,103.33700737281407,78.90644167809137
1302345,6479,0.43339436239072404,0.6871566509051475,3.5963227004966045,1.801307751430849,0.9084376371577473,0.28698017410939314,39.37117596120942,103.20733176118803,90.84355620241884
1302346,6479,0.35722401653017166,0.6187165015691863,3.6396827484085517,1.814682507856539,0.9923700989362094,0.28566678954694924,35.44984425501375,103.97364885639554,99.23673487189724
1302347,6479,0.3054521130672321,0.5507635306233996,3.661561357282311,1.8077817560571128,1.0331054666625865,0.2828800462784517,31.556425814445063,103.5782649028211,103.31021182782742
1304088,6488,0.3714486912164636,0.6388955692191766,3.700453455755304,1.7741773744360554,0.9854932739294954,0.27470383455298775,36.606019665867166,101.65287566278752,98.54906473602338
1304089,6488,0.4779595737618981,0.7150341171296166,3.7863395494939147,1.8397749329758604,0.8571527491286579,0.2783990639433566,40.968437119389996,105.4113389134807,85.71509737076958
1304090,6488,0.5824584655700653,0.7839314583666183,3.7877186957561997,1.8742867079339693,0.7711444828403013,0.28351819737534073,44.91596399194283,107.38871796208564,77.11431721344357
1304091,6488,0.7124777294403459,0.8510689510780788,3.7620003073906734,1.8978564330752254,0.6844095790235231,0.2890461312145358,48.76265897139985,108.739163736963,68.44086280260332
1304092,6488,0.8327071685353511,0.9157014849804157,3.6629459023251245,1.9169980067792225,0.6300633852529305,0.29985672120864104,52.46583038323996,109.83589512344062,63.006263617567264
1304093,6488,0.9717588049071741,0.9786672472705873,3.5642140903242967,1.9355117275449318,0.5770310693980906,0.31113914614812094,56.073502816290784,110.89665318639948,57.70304815359915
1304149,6488,0.9747143851140809,0.7160480109198021,4.734771519805399,1.6837789987549132,0.4209082081899527,0.20375519632598854,41.02652895444214,96.47343026142002,42.09077806814385
1304150,6488,0.7813717438918583,0.6510091299246403,4.701419542123584,1.6671380608481732,0.4773665721006864,0.20317262412600284,37.300075569165756,95.51997475222456,47.73659672767914
1304151,6488,0.6332719064401544,0.5840922714419882,4.711911322770647,1.6498609893197336,0.5284621207894381,0.20061937671419375,33.46602199983558,94.53007147129932,52.84612946408783
1306156,6498,0.9597541447797193,0.7645043289735046,4.38768302703068,2.1294136980196443,0.4563967892352226,0.2780657050752632,43.802871469662875,122.0064177338708,45.63963184559579
1306157,6498,0.811405743685157,0.7010147920424519,4.509800854821648,2.090159317485298,0.4950074457551671,0.2655489920541943,40.16518896027358,119.75730740185226,49.500684179497675
1306158,6498,0.6985064519064343,0.6336895370103668,4.601940592478991,2.0288628187538413,0.5197909822222468,0.25260055869254666,36.307735992293196,116.2452767256108,51.97902455184779
1306159,6498,0.5756806510258794,0.564718910599335,4.701375829914756,1.990774059262181,0.5620478918105085,0.2426161095044849,32.356010188567545,114.06295155984981,56.204692525649044
1306962,6502,0.914680467046732,0.5668642837708174,5.2488949155877584,1.7595804578955843,0.35508499232038054,0.1920719225291496,32.478931016774084,100.81653395111383,35.508460799626874
1307709,6506,0.5588162755639141,0.5511533345495306,3.766200882153324,2.2230544888306065,0.5651009240430989,0.3381966163912772,31.578759934250005,127.37163983760637,56.509992291099486
1307710,6506,0.711112402929893,0.6133886890430579,3.6376028464069887,2.1997682398415512,0.4942197948483075,0.34648487211255136,35.14458308322966,126.03743604984271,49.42191068039043
1307711,6506,0.8594940245203622,0.6792777218257416,3.4854862284747896,2.176903551712357,0.4528216021836103,0.35784787942452567,38.91974657787656,124.727385920157,45.28210806059706
1307763,6506,0.9546222250092635,0.7552049438021246,3.4616388445471054,1.9828891305543754,0.45326888857618497,0.3282005523883428,43.270055947276255,113.61117842313101,45.32684185098929
1307764,6506,0.8483216373435244,0.6896151466999279,3.602955915973603,2.0044658729878257,0.46576717118949995,0.318758922007002,39.51203739420099,114.84743470020854,46.5766627635103
1307765,6506,0.7418484205933812,0.6287509662889565,3.6417140491301323,1.9760562869870029,0.4856083163014098,0.31089669173996415,36.024776733129514,113.21968532464744,48.56076682558364
1307766,6506,0.6440626192295704,0.5623844876085095,3.7196721746552344,1.9488889067724626,0.5002969609048625,0.3001961021150491,32.22225760359493,111.66310909792706,50.029619189078296
1308716,6511,0.8290006830426455,0.5575503680759077,4.1637835359780295,2.2305823409908747,0.38534687877603224,0.3069394760412998,31.945282956715104,127.80295399518816,38.534641859191225
1308772,6511,0.8422243286418523,0.6392171157096306,5.877014566991686,1.8011589369293568,0.4348537704544016,0.17559732746340637,36.62444292268742,103.19880531832217,43.48532593023166
1308773,6511,0.688215458989491,0.5684643510065817,6.002979791572122,1.7640055131619166,0.4732617847742376,0.16836650177553078,32.57060811632054,101.07007094198681,47.326110398673116
1309464,6514,0.9278605113219182,0.733045356148219,5.339649642890019,0.2554842355774185,0.4526586069113006,0.027414099018255672,42.00040509895726,14.638168430712152,45.26581239383403
1309465,6514,0.7231301975651657,0.7245206734890746,5.395063152577484,0.2642141434046321,0.5740595030689412,0.028059644249868964,41.51197676089993,15.138355304749716,57.40587171549742
1309466,6514,0.5345325895365574,0.7163223259266464,5.4824358231151225,0.2840279294494543,0.7678155847215918,0.029683159304842367,41.04224604659142,16.273601621293235,76.78141626642248
1309467,6514,0.36373730933693854,0.7065347780256132,5.573807026922424,0.3059195036447533,1.1129311925945424,0.03144690211460817,40.48146086008009,17.527896429581368,111.29281634885825
1309468,6514,0.24879114505930033,0.6912629893798311,5.723614511496265,0.3139518561432917,1.5919557837826115,0.03142789623541337,39.60645182506097,17.98811632730898,159.19494490318678
1309469,6514,0.19720417701933832,0.6627161937631667,5.909746004768547,0.3184497029131186,1.9254581503322759,0.030874125416760743,37.97084091760354,18.24582396411661,192.54484842393384
1309470,6514,0.1680640331693014,0.6272788496184091,6.128291787700528,0.32736382074715253,2.1384961341642392,0.030606514691625716,35.94043066095629,18.756565294089057,213.84835371883372
1309471,6514,0.15440378691568032,0.5804000997808118,6.36348407967649,0.33321751663777777,2.1537343517901046,0.03000236520453933,33.25447614641237,19.091957363174956,215.37205426521183
1311183,6523,0.9703517774629542,0.8390173688798825,4.729882847074828,2.0278933584572667,0.49540954936225634,0.2456503348035738,48.072154174988206,116.18973074221157,49.54090439218997
1311184,6523,0.8574175417440931,0.7724799723592636,4.857259419254673,1.9851079408093675,0.516199395318399,0.2341614825044152,44.25984217456829,113.73830688628239,51.619879929979604
1311185,6523,0.7362255586858988,0.7064119539503861,4.966976181849601,1.939929113862373,0.5497557444410747,0.2237774985941251,40.47442355894699,111.1497507788677,54.97550051874026
1311186,6523,0.5990008187912309,0.6402277194671145,5.0681515874633405,1.913051305135268,0.6123922453792827,0.21627167946417672,36.682346252751316,109.60976577624469,61.23912332482608
1311187,6523,0.45765384756819566,0.5701942104802125,5.146287940931561,1.8921800415515628,0.7138522099847513,0.21066433027745488,32.66972176331031,108.41393045979329,71.38506657780383
1316609,6550,0.9710971322176116,0.680084183842728,3.9825827514508703,1.8139800826295014,0.4012570087355449,0.26096985067448897,38.965953447787484,103.93340285546276,40.12565996682987
1316610,6550,0.8383088601486496,0.6152158475906586,3.94329760663297,1.7932419289933712,0.42048071792748665,0.2605565294991576,35.24927155650843,102.74519417721862,42.048022136180066
1316611,6550,0.6927463295054848,0.5460749862348425,3.922503055797602,1.772170931186884,0.4516486082229711,0.25886000145708177,31.287792008921002,101.5379149327775,45.164796277534094
1317414,6554,0.9554332744821278,0.6278592667808186,4.4750691720891735,2.100428884279331,0.3765169865755523,0.2689248039298356,35.973686114719314,120.34571023657806,37.651659643692454
1317415,6554,0.8300186763062165,0.5571050435571075,4.568532156679516,2.0678017530324193,0.38456685696227916,0.25933124468864394,31.919767741274157,118.4763133185106,38.4566398272926
1318359,6559,0.3982397376309975,0.7140884425956902,3.6669563908694456,1.8598843332333637,1.0273774580058617,0.2906048259845916,40.914253959803006,106.56352267677494,102.73749040137977
1318360,6559,0.5612644369851886,0.7775517322308877,3.782375728875585,1.9173067622735185,0.7937511960577084,0.2904354117468569,44.550432609916164,109.85358551016526,79.37497959827485
1318361,6559,0.722981210393121,0.8448309732044382,3.846114916470245,1.9591043867761018,0.669522911538752,0.2918488270210151,48.40524916654425,112.24841298783588,66.95219947420827
1318362,6559,0.8993404602937767,0.9107737231068384,3.8419017670668265,1.993910693528727,0.5802417677077554,0.2973596778219035,52.1834904254385,114.242667465199,58.024112897444276
1318419,6559,0.9837270162166168,0.622230021616935,4.790808894018751,2.0470508091255435,0.36240901362746497,0.24481747062244094,35.65115412498435,117.2873718117339,36.24086489078295
1318420,6559,0.8007423166821326,0.5561015655189446,4.809886576901809,1.990141208289523,0.3979091853040209,0.23706731917665388,31.862272684853355,114.02669187005574,39.79086933485025
1319220,6563,0.9754329129476336,0.5694749668567126,3.7038945157820025,1.6353886905656583,0.33450287940500184,0.2529793145582495,32.62851213924207,93.70086983283836,33.450253990701405
1319221,6563,0.8400484970934222,0.5558404362450103,3.699944095826918,1.6398110045250012,0.37911276325865606,0.25393424081846294,31.847311079549605,93.9542497583905,37.911231647351194
1319222,6563,0.6956671699488565,0.5541202655867861,3.725617486911425,1.6547532973213879,0.4563784734407794,0.25448232447499236,31.74875256079111,94.8103800718722,45.63778239720985
1319223,6563,0.5708739753126979,0.5450509502301432,3.791215215733047,1.677698589194117,0.5470405005524371,0.2535467989351336,31.22911906778229,96.1250484558754,54.7039551885708
1319224,6563,0.45787550053307524,0.5342403009240172,3.8800758094997536,1.724250421702736,0.668516087552014,0.2546142822537838,30.60971448874524,98.79227198721917,66.85146421165616
1320171,6568,0.9292636840989188,0.5268540548604355,4.49050691262181,1.84615478118178,0.32484335667636205,0.2355566512028792,30.186513762856887,105.776877289614,32.48430106017413
1320225,6568,0.9871758761952782,0.8074259405933066,3.954659072387966,1.636619371466451,0.46863076086347866,0.2371162234236348,46.2620986653772,93.77138265438116,46.86302908925297
1320226,6568,0.8359236903424213,0.7416943620763562,4.001697603790212,1.5997701047854287,0.5083712379277612,0.22905297711535627,42.49595663562315,91.66007519540652,50.83706358549531
1320227,6568,0.7345935759887159,0.6729619888052469,4.133702047117917,1.564461946007098,0.5248872637429085,0.21684452695540132,38.557881731270804,89.6370667150304,52.48865563617106
1320228,6568,0.6504706405481356,0.60354955589857,4.259161805166711,1.5214728171721954,0.5316280181256878,0.20467400594507393,34.580842279983216,87.17397106784632,53.16272090024222
1320229,6568,0.5339252858744599,0.5366146196452226,4.335940646210032,1.4698808216919992,0.5758437213643153,0.19423228809544288,30.745752930689207,84.21796747017306,57.58426536414868
1320972,6572,0.3194813023955203,0.7839752025581123,4.698785040121669,1.890479918222407,1.4059811515324014,0.2305202715446118,44.91847034949365,108.31652056838094,140.5976794729757
1320973,6572,0.4881219404683684,0.8428005475771922,4.8423235280785875,1.9547397482190765,0.989279713832847,0.23129048841676264,48.288914347487854,111.99833761941827,98.92777073979194
1320974,6572,0.6627516423229003,0.9046671747439797,4.865217976579916,2.0177545653138247,0.7820970463850349,0.23762310549008978,51.83361097685418,115.60882068573616,78.2095878111947
1320975,6572,0.8393440757408366,0.9693027631919693,4.805134561967208,2.0741579161576023,0.661670920719594,0.24731980521999683,55.53695740126852,118.84049463948027,66.16701402846687
1321033,6572,0.9146226146433534,0.6421378010268355,4.505560830927336,1.573276290584948,0.40226192610308137,0.20006852563101143,36.79178586464909,90.14209145851521,40.226149068975886
1321034,6572,0.7170378883229058,0.5678231948810608,4.478633925759914,1.534062353045679,0.4537259836950509,0.19625470534133263,32.53387257631923,87.89529833942548,45.372535724545216
1321320,6573,0.9698451340267088,0.7552384554969456,4.053190023414714,1.9102930135658696,0.44617407523733654,0.27003847934176733,43.271976025953826,109.45172731065163,44.617361979155085
1321321,6573,0.8289034561593319,0.6838423058232492,4.071561465935223,1.8748254184121569,0.47268807015261377,0.2638289620180458,39.1812779761667,107.41958379886525,47.26875055987789
1321322,6573,0.6848688374752523,0.6177082268385811,4.090606762712143,1.8489017957374672,0.5167715614286176,0.2589695747256577,35.39207436836038,105.93426962991589,51.677081441974394
1321323,6573,0.5199516827322552,0.550978875237916,4.065865170825777,1.8328775330753095,0.6071480215038708,0.25828733206602883,31.56876415199773,105.01614700956519,60.71468654822533
1321434,6574,0.9028104970640287,0.6645381858687893,4.500041230085781,1.8377211118014434,0.42174114144266955,0.23398377483826097,38.07523337556187,105.293663628312,42.174067897211906
1321435,6574,0.761253738559551,0.5967615640864625,4.597301794941089,1.7998651603641562,0.44915271763821546,0.22431565678517537,34.19191899778011,103.12467738150325,44.915213352206095
1321436,6574,0.598231341721764,0.5279083636573105,4.670254057206399,1.7714572218076272,0.5056057513563602,0.2173265542665852,30.246921207221344,101.49702239754717,50.56049146418282
1321977,6577,0.16194245016792108,0.661386310529535,3.1259847608787785,1.9039853555510615,2.3400067024903524,0.3489790677934869,37.89464422107123,109.09032512779127,233.99923974558914
1321978,6577,0.23380426003452942,0.7302622896690361,3.1625633297958995,1.9636424520738234,1.7895715561318217,0.3557507404225175,41.84094713559575,112.5084249765501,178.95639785613244
1321979,6577,0.36142281929238507,0.7962355632112577,3.1928460490064325,2.0163237409298804,1.2622594250492285,0.36183028668554734,45.62093727022714,115.52684048731176,126.22559675105603
1321980,6577,0.5110452014724367,0.8661807474834836,3.1933629675555064,2.0645766643570593,0.9711176234936161,0.3704293253860175,49.628501126290516,118.29152934885704,97.11157422420882
1321981,6577,0.6499299486485128,0.9318650976981866,3.175637089661984,2.1014162878256504,0.8215029398656631,0.37914371357254284,53.39193717365222,120.4022842924584,82.15016885205591
1321982,6577,0.8018488553421886,1.00010857574224,3.101040763885371,2.1258300659228175,0.7146234523935702,0.3927748766321037,57.30200044487018,121.80109073939501,71.46225700872218
1321983,6577,0.9270543966962526,1.0659184567049418,2.989775696516291,2.121400604734138,0.6587814958124854,0.406543210057033,61.07262887429133,121.54730130776666,65.87807923014726
1322035,6577,0.929275111623007,0.7499565800588447,3.711269897683041,2.0799749941765775,0.462396397531762,0.32111323515531237,42.96934685543684,119.17378865906588,46.23959049199022
1322036,6577,0.7859287638177694,0.6820817843486708,3.7682024283768962,2.072462092491667,0.4972512628096327,0.3151192990357782,39.08040752593121,118.74333110062378,49.72506364448189
1322037,6577,0.689550662602433,0.6166338716309473,3.7964282566329643,2.025575091510608,0.5123701528116007,0.3057002415939593,35.33051834926506,116.05690383038333,51.2369417193838
1322038,6577,0.5809687139718858,0.5504866947624341,3.860903590931937,1.9939321634030724,0.5428960800568015,0.2958993785050984,31.54056428799387,114.24389759838567,54.28951549360829
1325798,6596,0.5836163504824903,0.5349886963937375,4.377197081827746,1.8644135479793738,0.5252182163849152,0.24404436292272277,30.65259439056692,106.82302756622973,52.52173254483557
1325799,6596,0.7651093896741179,0.6066496412102,4.378604308230453,1.8999456254123173,0.454294040816578,0.24861544393776852,34.75846408447012,108.85886564046943,45.42934529914661
1325800,6596,0.9469618837485632,0.6775782012560068,4.314720981862973,1.9215874671246818,0.40996761832048095,0.25517026950088045,38.82237122203508,110.09885183147809,40.99671897208504
1325855,6596,0.9465794140946832,0.7807821333117256,4.1150883814122565,1.8692004469581391,0.472601873855098,0.2602551549030367,44.73552095798268,107.09729667466847,47.260137957500504
1325856,6596,0.8214971798423797,0.715828612173129,4.104600530986639,1.8536483376111326,0.4992586565037021,0.25874923853376924,41.01395833222732,106.20622644655903,49.925805483947194
1325857,6596,0.7216666280787905,0.6499038987130111,4.115211250453419,1.845396141139457,0.5159827061492597,0.2569331286417831,37.23675048535327,105.73341041701927,51.598199831249495
1325858,6596,0.6003773943375266,0.5858496148432739,4.1055298393432444,1.8405425334668695,0.5590934988121827,0.2568616550159469,33.566710359884425,105.4553191819677,55.9092576889327
1327263,6603,0.9355339919679266,0.6682781390037696,4.045331578872328,2.074500242733038,0.40927979982800944,0.2938204344840894,38.28951690577296,118.86010850746791,40.92793667207443
1327264,6603,0.8271894641602511,0.5993809412116872,4.12465918372955,2.009949466073771,0.41516483616854544,0.27920275598932637,34.34199825200859,115.16162144060031,41.51643392900082
1327265,6603,0.6944457620322706,0.5339335805276831,4.1588975818242435,1.966624196063314,0.4405259839802598,0.27093541938673027,30.59214070454472,112.67926632273641,44.05253559685129
1331081,6622,0.9019373475687951,0.746974683199702,3.405010074765728,1.8535255839608218,0.47451739737036225,0.31189097986998515,42.79849675046464,106.1991931804764,47.45168765229843
1331082,6622,0.77001999651921,0.67694359966196,3.4130802421122777,1.823082937995133,0.5037013441293791,0.3060430764403699,38.786011229023934,104.45495804943147,50.370069653102405
1331083,6622,0.6611262386011565,0.6079040831583017,3.4368141121230944,1.7846550426811603,0.5268333905579495,0.29752322412247095,34.83033831374051,102.25320183237028,52.683260165526
1331084,6622,0.5693231441205325,0.5408608235291573,3.4685403886312605,1.7573135620809008,0.5443137569217846,0.29028536161224794,30.989042492190727,100.6866503883366,54.43128104124455
1336249,6648,0.622170898630733,0.5441236482219896,3.725609994516905,1.9659606506390155,0.5010839970803659,0.30234310041535045,31.17598857638108,112.6412479704089,50.10831997554494
1336250,6648,0.8057197987521909,0.6129115728691434,3.838566735434484,2.0069841555600485,0.4358493605179276,0.2995694208000607,35.11724634012693,114.99172166321826,43.58488249839466
1336251,6648,0.9898308418967134,0.6857959249396239,3.8988372219889493,2.0306829029008986,0.3969689571810922,0.2984211777577629,39.293212106311046,116.34955986559585,39.696856014469574
1336308,6648,0.9445029613533397,0.6074129271410758,4.775580568170739,2.04488310353143,0.36847101811659067,0.24533806835030528,34.802197146871016,117.16317142996431,36.84706318966034
1336309,6648,0.8022868282638219,0.5425830497190853,4.813118956632858,1.985807750212183,0.38748882945051744,0.23639225167775962,31.087718784240497,113.77840301152729,38.74883513004974
1336650,6650,0.24454642514566477,0.5849009719611507,4.280330412143638,1.6861027781571365,1.3703882907355367,0.22569886781148357,33.51235712647363,96.60657301368686,137.0382743000135
1336651,6650,0.365071988961603,0.6596584161266128,4.365418589248363,1.7503496750608525,1.0352928537889519,0.22973203319001162,37.795643164339516,100.28764905308189,103.52900462957759
1336652,6650,0.5205855191731419,0.7333953547122921,4.368469349418547,1.782847877063591,0.8071768457770303,0.2338339827183743,42.02045853951429,102.1496588696024,80.71753107678668
1336653,6650,0.701582400216648,0.8159087238732696,4.305494502901762,1.8147015294377797,0.6663240934362572,0.24149313952474352,46.748126345843225,103.9747387127203,66.63231531904471
1336654,6650,0.8862577958003607,0.8993472279953405,4.236101943437708,1.8463258641776439,0.5814199902520265,0.24972647208685522,51.528800480922804,105.78667962322346,58.14193407738006
1336709,6650,0.989503234522194,0.7173995635925294,4.485424747874116,1.6757420937488723,0.4154000246682072,0.21405542330339306,41.10396721837905,96.01294952422631,41.53996090600571
1336710,6650,0.8476678493129147,0.6436858414841067,4.48840371088934,1.6154770148684428,0.43508175571573593,0.2062203415917646,36.880482049366236,92.56001485235471,43.50812475798778
1336711,6650,0.7077559286886574,0.5712385432322225,4.5814570810146895,1.546639897261568,0.46244129979396087,0.1934230459419378,32.72955762240776,88.6159385396351,46.24406529378606
1337256,6653,0.69282797641952,0.5359095564915383,3.459035161351964,1.9295641205506158,0.44318873356106403,0.3196147912084164,30.705355787692913,110.55588040742268,44.31881002780156
1337257,6653,0.866943137828247,0.6014864654308412,3.5022588513629946,1.9881743177891442,0.39751898368145594,0.3252586455053956,34.46263590342869,113.91399734561968,39.75185297377971
1337310,6653,0.9788322246483186,0.7940757276966546,3.4630713604785055,1.3334933319025182,0.46481088587304703,0.22062363651574188,45.49718781079792,76.40353992685219,46.481041575948176
1337311,6653,0.8253479156309453,0.7317511857903567,3.49957458490499,1.2885894318017095,0.507982794861087,0.21097060218372973,41.926254599480814,73.83073596739878,50.79821855394323
1337312,6653,0.7453332115694613,0.6670144763885102,3.5979389091941374,1.2399362588252414,0.5127520586123303,0.19745503214890422,38.217114371190135,71.04311449592721,51.27513775426434
1337313,6653,0.670892434393703,0.6004270854523239,3.6773743244247923,1.2002066285308195,0.5127787350899236,0.18699965819280157,34.40193790175899,68.76677435844174,51.277797841096124
1337314,6653,0.5798083928388306,0.5344631791718935,3.761169981814714,1.1473601071272523,0.5281483386884608,0.17478309106776485,30.62248447169382,65.73889172006956,52.81474368975244
1337513,6654,0.9273038847201833,0.7266947399299145,5.035965672196933,1.8369606870532533,0.4490064349929753,0.20899684616930952,41.63654159234108,105.25009449960342,44.900595562919975
1337514,6654,0.8093223233130301,0.6611176035013397,5.167839199111923,1.8065839506364187,0.4680366138837193,0.20029577453770128,37.879248442430146,103.50963570753744,46.80360413606814
1337515,6654,0.6960172829527838,0.5917766099334826,5.334999645623728,1.776388877959116,0.4871474100866667,0.19077711724638888,33.90630216374814,101.77958548103722,48.7146717179673
1337516,6654,0.585877241473737,0.5258416718618522,5.482919008046475,1.7465107381635545,0.5142460884767401,0.18250806521432641,30.128508489787265,100.06769417104967,51.42452195186673
1344691,6690,0.3768561294239968,0.5457133270475059,3.651569369187607,2.0751024666078117,0.829681865118462,0.3255986701812738,31.267070463864478,118.89461339381445,82.96796855523019
1344692,6690,0.5467036691595418,0.6159698456892233,3.744386143898814,2.132287128115974,0.6455503010254638,0.3262779214796173,35.29247246531708,122.17105315111637,64.55491320308785
1344693,6690,0.7285203340040699,0.6841447540410335,3.7797492250305638,2.1889031629620828,0.5380578223406209,0.3318074962175364,39.19860698256699,125.414913000564,53.80570911647182
1344694,6690,0.9115260279992903,0.7531906713038019,3.807608296621666,2.1803167698899086,0.4734329556734692,0.3280877098073332,43.1546466343331,124.92294891628805,47.34324414828728
1344751,6690,0.8833395535226722,0.531441157176069,4.480372768608127,1.0865757782379197,0.3447070257366079,0.13895318378734592,30.449335365737376,62.256206214175684,34.47066394077406
1348712,6710,0.7238683053740419,0.5303627459660539,4.105844789057086,0.771548820070818,0.4197938535149431,0.10766722377939981,30.387546954823918,44.206491078356414,41.979327938379555
1348713,6710,0.9068329433136261,0.5997683813354788,4.129011551731868,0.832293247215302,0.3789473773570632,0.11549226653817728,34.36419693591587,47.68689038267526,37.89469636562899
1349316,6713,0.6460152679285953,0.5273243553348794,4.187500847915787,2.2902271193955848,0.46768955824114505,0.3133619610363074,30.213459995145527,131.22034806777108,46.76888415213259
1349317,6713,0.7955050997527711,0.5968567134383855,4.078556050628306,2.264294606773036,0.42988247636393734,0.31808934979391595,34.1973706540687,129.7345245423293,42.98819413791626
1349318,6713,0.9683347093483822,0.6617713848474195,3.9552887696467964,2.234531192063455,0.391566124777598,0.32369117308042833,37.916707354284895,128.02920649557274,39.15657244510792
1349373,6713,0.880590815700284,0.725939245222626,4.520493795476672,1.823159012398119,0.4723335029193862,0.231079437970022,41.593254934168975,104.45931679165155,47.23329719013145
1349374,6713,0.7375723617059546,0.6571873117129748,4.601925501829097,1.798675957773587,0.5105134188203205,0.2239422190280442,37.65405931070191,103.05654109207761,51.05127335891138
1349375,6713,0.6300020011398937,0.5928410604573959,4.713524009693112,1.7722618851910341,0.539161623068634,0.21542931740476498,33.96729068626887,101.5431262133451,53.91607758186909
1349376,6713,0.52554739110363,0.5290043832391541,4.809260963212225,1.745460667553837,0.5767266366435339,0.20794781176144955,30.309718503524675,100.00752955692214,57.67255502366872
1349717,6715,0.5815677412269435,0.5900064919790556,4.200746038841649,1.9150300790655774,0.5812716025673776,0.2611991772302398,33.80488187571915,109.72314117106193,58.127061307319444
1349718,6715,0.7625326701276312,0.6642855510914027,4.253592862857335,1.9341459175960702,0.4991360955531619,0.2605289254358537,38.060758469059394,110.81839804071274,49.9135447523109
1349719,6715,0.943666907085549,0.7352028745603811,4.2469766083801375,1.9496635711685824,0.4463865484263568,0.26302827666842854,42.12402179819592,111.70749409836378,44.63860801231755
1349976,6716,0.8992928536215542,0.6898863516451513,5.411731507613427,1.7474724594989786,0.439540642341621,0.18501065032285877,39.52757629294537,100.12279674463716,43.954015846726314
1349977,6716,0.7809069145895868,0.6184623348915073,5.636679536634946,1.7222166767489941,0.45377087155057866,0.1750600618118736,35.43528157708988,98.67574698476373,45.3770296280237
1349978,6716,0.6757080459916203,0.5508852159014226,5.858619201168163,1.7113127142766302,0.4671159029025413,0.16736195410723348,31.563397867304662,98.05099595512826,46.71152185181207
1351180,6722,0.9492971999152318,0.7447307238345621,4.149830788712159,2.0170112835960876,0.4494896530166092,0.2784842066721972,42.66992734944327,115.5662337803206,44.94891842547843
1351181,6722,0.831378825063979,0.6776645838062969,4.230937705233384,1.9672297047051517,0.4670232021795734,0.2664042039818943,38.827320577590285,112.71395941237242,46.70226460523302
1351182,6722,0.7352957847809448,0.6136738613966021,4.381561686632018,1.9412894244936463,0.478187451976337,0.2538539875459565,35.160922255521555,111.22769083686643,47.81868081470869
1351183,6722,0.6608628225126292,0.5472012091741985,4.540746879279946,1.9131406770888484,0.4744149358639831,0.24140276717642364,31.352319830136913,109.61488641199168,47.441422517174885
1352732,6730,0.36946480028910733,0.5507700270976204,3.2553232501595266,1.9823380539006394,0.8541218853916382,0.3489042254166727,31.55679803499963,113.57960405668373,85.41195967341608
1352733,6730,0.48985866939057965,0.6200228513980682,3.1852509970502356,2.005728354594248,0.7252028815937622,0.3607871697194538,35.524692586776325,114.91976956796944,72.52014159682012
1352734,6730,0.6062381203637744,0.6933257823055388,3.0536501530141367,2.0200443036736337,0.6552646421279475,0.3790218487755653,39.72464115371346,115.74001302994243,65.52635720683391
1352735,6730,0.7277431890332613,0.7683549206555129,2.934829769497977,2.0328657424003462,0.6049317146508717,0.3968701291295757,44.02349412167013,116.47462735626864,60.49308917210475
1352736,6730,0.8554675347354121,0.8366327675099047,2.8330138301005805,2.03641657476862,0.5603430179866539,0.4118514121363655,47.935526580667364,116.67807506472916,56.03423695237761
1352791,6730,0.96429543754857,0.99818230433732,4.747518292769811,1.9037437362506,0.593092432081516,0.22975473585428452,57.19163322317152,109.07648136162592,59.30918231800569
1352792,6730,0.7933135793503541,0.9312030568224299,4.780185102460277,1.8818661267215973,0.672546213021485,0.22556236658852796,53.35400502560621,107.82298666977887,67.25453737317906
1352793,6730,0.6111254413947549,0.8611164866522418,4.82299492572773,1.8772362611938265,0.80733571546895,0.22301021740362947,49.33834035430694,107.5577149153245,80.73344076178995
1352794,6730,0.45993370294302627,0.7929795123038106,4.867582607605029,1.8645609560990288,0.9878462486392862,0.2194754189542974,45.43437929535068,106.83147342935193,98.78441223205286
1352795,6730,0.36063180136391304,0.723666696203288,4.989631023093369,1.8529444256284346,1.1497334999319853,0.2127730378391991,41.46304746662432,106.16589526080176,114.97303437128042
1352796,6730,0.30023782265046006,0.6577186310469079,5.168531249442321,1.8602287543055653,1.2551549994028453,0.20621575298760542,37.68450166610997,106.58325655058746,125.51508606860783
1352797,6730,0.24938355410933088,0.5883854159575977,5.33878642456042,1.8618785375542735,1.3518132673186214,0.19981653785076597,33.71200106141975,106.67778216784981,135.18079009271887
1352798,6730,0.2184966455906783,0.5253026547181582,5.443098206420781,1.8501499350421367,1.3774867629439569,0.19475265470044023,30.097625082368406,106.00578274431784,137.74805216323324
1352931,6731,0.550703846807959,0.6543564860067372,3.798218520212099,1.9501916883024357,0.6807990262227542,0.2941846344343502,37.49186494519736,111.73775298122213,68.07978023529446
1352932,6731,0.7285694714271034,0.722127942585025,3.949623552177435,2.010292157002523,0.567892073897239,0.29162590908029623,41.37488337858736,115.18125618449524,56.78913022311129
1352933,6731,0.910938499482298,0.794144884959733,4.063459932637275,2.0754307802019523,0.49949749358992485,0.29264081855311225,45.501150230094986,118.91342437711548,49.949695074101015
1352989,6731,0.9097451651086339,0.748680314144653,3.1213847004756463,1.9382132729085746,0.47151909544224785,0.35577620394307946,42.896222205017246,111.05144033389935,47.15185823277964
1352990,6731,0.8182439092816048,0.6788279592073037,3.0618790051402502,1.8935534456815661,0.47533475240738887,0.35433346707540886,38.89397707805731,108.49262072000832,47.5334177296686
1352991,6731,0.7200455528363836,0.6114750812043188,3.0339330131679367,1.8604157766454197,0.486565618048087,0.35133923961852564,35.03494143042676,106.59397214133577,48.656494906361644
1352992,6731,0.6171458316281979,0.5455457073805553,3.0025740821500695,1.8374052407701038,0.5064842773941272,0.3506177110719042,31.257466564384824,105.2755655513458,50.64834649141646
1355545,6744,0.46228696284446563,0.555495316388818,3.1271380660028236,2.109211073455086,0.6884800792141692,0.38645205192124427,31.82753716836362,120.8488926112343,68.84786048186989
1355546,6744,0.634658746889396,0.6233776467856295,3.202579085444694,2.1100275560953348,0.56277342455133,0.3774947316446506,35.716908203613535,120.89567362056624,56.2772546686154
1355547,6744,0.8089489611845324,0.688223666780178,3.2445292017338008,2.105131664524379,0.4874511603591256,0.3717493411999299,39.43231146752212,120.61515969659682,48.74505638121549
1355548,6744,0.9534233914625462,0.7572881334603514,3.261915129936997,2.101303353692526,0.4550907168426833,0.36909548065555386,43.389413922617955,120.39581364326742,45.50902442936131
1355600,6744,0.9799988904762615,0.8919004674533705,3.051657374154204,1.9862422344024808,0.5214509169958116,0.3729229162907427,51.10213253082337,113.80329712189652,52.1450390223908
1355601,6744,0.8567446955663637,0.8278375419403553,3.187408948874786,2.0098318600312437,0.5536257996985379,0.3612805403903052,47.43159727566664,115.15488311071827,55.3625159964315
1355602,6744,0.7613612755369747,0.7635837845246642,3.353073007666725,2.03705019631153,0.5746303231984528,0.34808182908633334,43.750128157890124,116.71437890494649,57.46295760061656
1355603,6744,0.6546061963649537,0.6989174915328054,3.428601575141879,2.022377374179454,0.6117421757283866,0.33796195109218974,40.0450224927002,115.8736881232324,61.174125055561525
1355604,6744,0.5450649710219679,0.6340870726309435,3.5002233415415263,1.998611318746585,0.6665354475248175,0.3271562467601476,36.33051310555836,114.51199345125504,66.6534236900548
1355605,6744,0.47720134587444174,0.5683466838497353,3.585117999567436,1.9674646880571243,0.6823925767179494,0.31443155473785217,32.56386628484594,112.72742296669628,68.23911610320107
1355805,6745,0.8643817623961404,0.7005642805028608,4.614748593797222,1.8432973046244423,0.46437092766502097,0.22886004203114718,40.13937655043307,105.61315594282098,46.43703958089516
1355806,6745,0.7565228311691287,0.6334361602104346,4.709443109571525,1.8259390425109001,0.47973724778676996,0.22214643669706663,36.29321857103055,104.61860078403318,47.973661999441795
1355807,6745,0.6299722991583518,0.5677224698907567,4.800960815722,1.8126130557121942,0.5163417659252536,0.21632144429547992,32.52810145948332,103.85507798262029,51.63409544966597
1360973,6771,0.5096576607028995,0.5243700523313651,3.5409529955075434,2.064992600007852,0.5894974730823846,0.3341342303107966,30.044190901641336,118.31536070619649,58.94963279973633
1360974,6771,0.6907287258822337,0.5902677587396397,3.608404340850229,2.1095990960078503,0.48962566057471524,0.3349711199560641,33.81985135842766,120.87112466586358,48.96249588105
1360975,6771,0.8725238605188357,0.6583540479879163,3.686041334628491,2.128451343953022,0.4323195003551089,0.3308462046557628,37.72090837506087,121.9512789074561,43.23190098289076
1361031,6771,0.8855831559999219,0.713447431057034,4.615564468957436,2.185688616936646,0.4615887956481597,0.2713226814427323,40.87752670401882,125.23073308025592,46.158827963519286
1361032,6771,0.7642008117758896,0.6458952230171742,4.745474266826766,2.1554078247592696,0.4842584466285471,0.2602390494270247,37.007070286545144,123.4957714881795,48.425781928658736
1361033,6771,0.6135231111208244,0.5746149212591757,4.853614271168863,2.123076455511918,0.5366221532653402,0.25062420175492944,32.92300983339289,121.64332048442719,53.66212873565322
1361433,6773,0.9071755614685553,0.7568898588042539,3.6234807392742865,1.9225530164119573,0.4780397073031163,0.30400099062927993,43.36659446573654,110.15417373055085,47.80391856193225
1361434,6773,0.8010415124654434,0.6902158452903244,3.602932933652232,1.8730750938174494,0.4936879522359115,0.2978664861800698,39.54645488819017,107.31929758681056,49.36873420921737
1361435,6773,0.7000512135091043,0.6276093925154668,3.601986614856092,1.8441376991212919,0.5136676883964916,0.29334175277465924,35.95936937390572,105.66130700061649,51.3666961977802
1361436,6773,0.5853138040797472,0.5649480404346403,3.5865625123960574,1.8223803386775836,0.5530219445099389,0.2911275111526323,32.36913836109107,104.41470207384712,55.3021009130001
1362985,6781,0.7836604345002598,0.5345315853235332,3.6499336847109998,1.9896690597954687,0.3908121696126434,0.3123334539453036,30.62640385547551,113.99963975404299,39.081167589937536
1362986,6781,0.8976895877234647,0.6015350778980586,3.5328661793246745,1.9941251457258216,0.3839347284410564,0.3234058369270993,34.465421192631965,114.25495467099982,38.393430502636726
1363039,6781,0.9188422005605709,0.7487949561836421,4.388753893286723,1.126698692395983,0.4669222878194918,0.14709204771963477,42.902790710006094,64.55507985719841,46.69217847379381
1363040,6781,0.8143109279511684,0.6811905065690763,4.501898228920373,1.0820665148167263,0.47929285057849874,0.1377148952755908,39.02934107078665,61.99784445142858,47.929226787805455
1363041,6781,0.7076074031470369,0.6172862965854021,4.602133875837077,1.0569582624698435,0.4998237566266861,0.13158949535860298,35.367899545604345,60.55924756100275,49.98230573338048
1363042,6781,0.6406903529434467,0.5493968978375616,4.723240810458877,1.0360151053131887,0.49131570169178423,0.12567492385552403,31.478123523672345,59.359293046247224,49.13149425079082
1363844,6785,0.9113043076271734,0.7403021708141704,4.10695930481832,1.924246876471551,0.4654448479127906,0.26844976127534037,42.416189952024915,110.25122476305134,46.54443422750032
1363845,6785,0.7898330349508363,0.6711782878993034,4.193924117785362,1.9004751010279088,0.4868836957795338,0.2596356038899011,38.45568319744658,108.88920235859791,48.68830855059351
1363846,6785,0.6925421457614128,0.6081804843294577,4.307747823030496,1.8902111834720263,0.5031632319333506,0.25141008108913815,34.84617493430023,108.30112320137562,50.31625126545551
1363847,6785,0.5959970826705766,0.5404089942147151,4.413400192843588,1.8769038863868048,0.5195185506807003,0.2436639921581951,30.963154579412898,107.53867124166568,51.95176877192577
1365252,6792,0.8871856192073748,0.6546642227811198,4.464071919249166,1.8693487041702541,0.4227919809418239,0.23992846191709924,37.50949696357045,107.10579118720503,42.27915091537558
1365253,6792,0.755952642203997,0.5908277672633003,4.523588546915953,1.861023790128927,0.4478049965778768,0.23571730144379913,33.851937483324775,106.62880874782779,44.780441013061086
1365254,6792,0.6422375947549427,0.5263218655178382,4.605821551404203,1.8576406982932645,0.46954618253988417,0.23108791872408044,30.156021559624225,106.43497186393917,46.95454587423352
1367207,6802,0.790152254791474,0.5358331351438733,3.667975837670367,1.9374920006740908,0.388545075867234,0.3026467978230801,30.700977167007007,111.01011447898345,38.85445890507554
1367208,6802,0.92623040399244,0.596861493948297,3.517719119642389,1.9558229981567221,0.3692131465399026,0.31855983703961954,34.19764455711054,112.06040326900316,36.921275190740204
1367261,6802,0.9004405197316694,0.5880883788782805,4.773869649918173,1.8007520844800324,0.37420552471640806,0.21612549512267124,33.69498209041598,103.17549439009133,37.42051132921663
1367606,6804,0.6273329564606809,0.5857357147354834,3.5490084906399066,1.9850500414154713,0.5349660572401208,0.3204697578911651,33.560184364421936,113.73498949537577,53.49652130065331
1367607,6804,0.728709732986874,0.6549424279719402,3.5053573071138344,2.040878549164811,0.5149572557247807,0.33358575685004555,37.52543694684309,116.93372736592636,51.495655612251035
1367608,6804,0.8595152847995006,0.7209487565833101,3.4425990242792794,2.096849295924337,0.48058855086533364,0.34898230591235435,41.3073209974282,120.14061493144273,48.05879973183284
1367663,6804,0.9522311486143487,0.745413146987785,4.032765290154428,1.8319992475660265,0.44851533085846035,0.2602825038011914,42.70902731596496,104.96582495667577,44.85148645539166
1367664,6804,0.8225935591057509,0.6816371951475012,4.045025047300464,1.7965222802623755,0.47477801806235953,0.2544684964917069,39.0549344410871,102.93314446025295,47.47774466627159
1367665,6804,0.7174517036833649,0.6181143300961038,4.085360991146059,1.772460611551383,0.49362684199668533,0.248581489779195,35.41534237106295,101.5545123950711,49.362616084994066
1367666,6804,0.6151245024885703,0.5511456231580409,4.151164029692471,1.751570356540181,0.5133646515940175,0.2417577045628193,31.578318104063474,100.3575889499772,51.33638253707459
1371283,6822,0.9742544434453019,0.6880878692941074,4.237569061453235,1.9206797322369606,0.40466359384124917,0.2596933302983433,39.424530844701785,110.04684245349489,40.466318263804716
1371284,6822,0.8270592465915941,0.6255819068859636,4.1813775800611905,1.9086341526885136,0.4333813172229728,0.26153266292791183,35.84320300431177,109.35668158357977,43.338079846088036
1371285,6822,0.7003982166950782,0.5632653474361136,4.161505513764624,1.888227363165194,0.4607768255831031,0.25997192134593666,32.272727154059275,108.18745867048177,46.0776174284463
1376452,6848,0.9346271077072659,0.584015963805089,3.8221433240126803,1.9700219134376815,0.3580213890688453,0.2953158249818045,33.46164989429665,112.87394118826595,35.802100983653645
1379322,6862,0.9172537442167588,0.8737641096042165,3.8888208933189845,1.8977568821007806,0.5457922144246395,0.2796052134812389,50.06299577032788,108.7334598862809,54.57916253469643
1379323,6862,0.7725655913684298,0.8083961024745082,3.844105350686866,1.8896995637902307,0.5995307681907265,0.2816567169572763,46.317684846614526,108.2718095528929,59.95299999262594
1379324,6862,0.6103395833404283,0.7433345460281061,3.8061853185534633,1.890724556113684,0.6978071342313883,0.28461708491801424,42.589932253683514,108.33053728706008,69.78060023566911
1379325,6862,0.4857611069624944,0.6751211491277384,3.8112509785104183,1.8976328729917937,0.7963089501053718,0.2852773407353294,38.681592505041664,108.72635468771476,79.63073272001486
1379326,6862,0.3590454200093416,0.6104736775688286,3.8047438892207857,1.9059255632142946,0.9741821592775621,0.2870140375562151,34.977565228524114,109.20149083827347,97.41794731615505
1379327,6862,0.22282533300924806,0.544980009157216,3.7898871103497167,1.9129127521489173,1.4013241950855417,0.2891954926213586,31.225054443709432,109.60182727488785,140.1317969111554
1383340,6882,0.9908961346078402,0.8028485293997111,4.5140602203707525,2.2194014774074087,0.4642245564603873,0.2817027935183307,45.99983232288824,127.16233770054404,46.42240926561286
1383341,6882,0.8726973573975825,0.7360722127286621,4.622051565245658,2.182328521847756,0.48325837548899747,0.2705253538981858,42.17383120620805,125.0382138128999,48.32578272746142
1383342,6882,0.7488294361633128,0.6716166258268611,4.712975644369917,2.134712223843538,0.5138793393856982,0.2595175741843987,38.48079811069614,122.31000090122099,51.387866000553224
1383343,6882,0.674356513608619,0.60557498986378,4.855714842815768,2.081036097944488,0.5145185059114143,0.24555516343273318,34.696891097872204,119.23458542659259,51.45177505653099
1383344,6882,0.5952402753743878,0.5377561709093612,4.976428736172843,2.0176777282819116,0.5176255666372263,0.23230397569141045,30.811159000222176,115.60441824809723,51.762470572698334
1385752,6894,0.8393764746902594,0.6291665248729428,3.558014354352909,1.9306794428281915,0.4294686251478053,0.31090313961349886,36.04858648613236,110.61978366672469,42.94681186129605
1385753,6894,0.7167988863280077,0.5633276714304958,3.6483014705165706,1.897142962061296,0.4502838693145827,0.29794216689479597,32.27629805589977,108.69828485905992,45.028324741014444
1391814,6924,0.8111266326990959,0.5381387458254367,2.80806410244855,1.9244569344619742,0.3801265709342387,0.3926664626727815,30.833078928260875,110.26326019935559,38.01261069809839
1391815,6924,0.9902854335017657,0.6059780781633495,2.888566116757783,1.9586664712214272,0.3506058438406879,0.3885087526133004,34.719986356208636,112.2233222747699,35.06054933362543
1392186,6926,0.8847660516270615,0.632733527317212,5.289836304134419,1.8647914338331044,0.40974628485447995,0.2019810680063912,36.25296067170183,106.8446788307862,40.97458263735484
1392187,6926,0.745200327160353,0.5683625642576141,5.4625452510681765,1.8177443044048047,0.4369935779858218,0.19066034586223823,32.56477616519434,104.14907687633888,43.699299743983175
1392386,6927,0.9590023037004701,0.6949411713936865,5.329987313686154,1.906521853497126,0.41519395273505166,0.2049454325517951,39.817196130735816,109.23565575484437,41.519352412129024
1392387,6927,0.8092745876739333,0.6235871353096086,5.465904491414159,1.8631472347722147,0.4414930496346753,0.1953024849524886,35.72891101189397,106.75047316391783,44.14925095490409
1392388,6927,0.6629205202915882,0.5559543692812475,5.6021900091500045,1.8260746179820644,0.4805076552337588,0.18675976417917162,31.853838961673105,104.62636868633639,48.05069376486992
1394136,6936,0.4441594802404081,0.7713277939309778,3.590946331340113,1.9935248919317812,0.9949990529181516,0.3180792799575456,44.1938272133815,114.22056266196459,99.49968351407801
1394137,6936,0.623843529987317,0.8412246341022319,3.7368774629719432,2.053847362894914,0.7726075220314814,0.31490672763312216,48.19862115649483,117.67678565795256,77.26062959544541
1394138,6936,0.8082422705264669,0.9134595136433523,3.838487421902497,2.1091465724202965,0.6475456202779418,0.31482504272332934,52.33737488783693,120.84519697416663,64.75448271130774
1394139,6936,0.9910247032606931,0.9753048152370208,3.8926714090315455,2.1012307102135126,0.563869385941016,0.3092777132174771,55.88084965186784,120.3916514785108,56.386882265523
1394198,6936,0.8456376372536494,0.6442686970274025,5.643406213505336,1.7505009775475848,0.4365212136894204,0.1777230170482103,36.91387721206289,100.29631804700149,43.6520702648436
1394199,6936,0.6929037982954516,0.5767160455781666,5.783011240127369,1.7671661944999402,0.4768828658972212,0.17508381060267053,33.04339538910337,101.25116464304132,47.68821845423822
1394541,6938,0.852839644975468,0.5825191100807359,5.059254943202892,1.9901597927400205,0.39135007734018695,0.22538448395142768,33.375886493342776,114.02775668063383,39.1349623050656
1394597,6938,0.9479261517427969,0.6840598468307525,3.874386301764699,1.9086407380976675,0.4134683031187633,0.28225646618579164,39.19374215776766,109.35705889973066,41.34678712990614
1394598,6938,0.7835017498195386,0.6187482349120867,3.8936938801549026,1.8860585576323943,0.45247712589435996,0.2775338748125592,35.45166244163179,108.06319526686774,45.247655416394196
1394599,6938,0.6457665744131718,0.5532995473693461,3.8650004819061388,1.8745709860787256,0.4909162170348385,0.27789131236828907,31.7017288707623,107.40500589998797,49.09154644311555
1395545,6943,0.6693110492530904,0.5366780681828623,3.637792869775694,1.944247262921305,0.4594184996498736,0.3062218388368544,30.74938826411224,111.39716249525289,45.94178201098665
1395546,6943,0.7995618201939287,0.601897539835463,3.6747544998459447,2.0041520083676643,0.43131359489127896,0.31248196654896754,34.48618873187937,114.82945158213481,43.131306084886454
1395547,6943,0.952043734491138,0.6654962958325112,3.6752580985380434,2.058762964218064,0.40050816208212053,0.3209527749724764,38.13012903279257,117.95842886753798,40.05077456068583
1395603,6943,0.9064888546860208,0.6025656426051954,4.561757671184918,1.9208057951097897,0.38085926419873045,0.24125364172231678,34.52446820086604,110.05406532406128,38.08588482529042
1395604,6943,0.750579161696841,0.5337578170632362,4.631722763326093,1.865964297423576,0.4074462941824265,0.2308252980514422,30.58207019983931,106.91187896446478,40.744575676903374
1396409,6947,0.9356048486046316,0.540718312819295,4.6855783996500335,1.842307463223448,0.3311320686831974,0.22527942759587863,30.980877229980205,105.5564422081567,33.11317182998084
1397295,6951,0.9587197217271737,0.7405302108625643,3.9325701794705235,2.2335998223032543,0.44256161921190224,0.32542545148158597,42.42925568435785,127.97584293914711,44.256116221124174
1397296,6951,0.8200280890355361,0.6738330907823213,4.1347713050951205,2.261312483231491,0.4708106008012488,0.31335145664865277,38.60779219808267,129.56366144941217,47.081003240373576
1397297,6951,0.6568601774759751,0.6030462605571763,4.308968502044618,2.2836526589687036,0.5260176555050615,0.3036542478019858,34.55200558107276,130.84365923273504,52.60168627082015
1397298,6951,0.5551936681918275,0.5380572963726376,4.362762184810929,2.2497291475737615,0.5552731133174065,0.2954549880276642,30.82841221837183,128.8999852035409,55.527212317752635
1398762,6959,0.6960190962914881,0.5446692177835436,3.487732499317001,2.0434076942912083,0.4483676831224738,0.33568697253784635,31.207247409688932,117.078636707445,44.836704537651116
1398763,6959,0.8772770434091616,0.6091502877712444,3.5632851040471674,2.051907887288349,0.39784171309213207,0.32993616319884417,34.901740578471866,117.56566189122782,39.784126413151014
1398817,6959,0.9478208638612731,0.8853839690796879,4.331925725573934,2.150025015145753,0.5352146811258386,0.28437089353537015,50.728764676807494,123.18735921540254,53.52141220940685
1398818,6959,0.8682230092319485,0.8160297930284716,4.512215310213729,2.103430495145426,0.5385144376709362,0.26709206302955724,46.75506309746551,120.5176898709459,53.85138236251511
1398819,6959,0.7887735680437005,0.7506272239121952,4.729380509900787,2.0545327934543045,0.5452486380750377,0.24890375693141387,43.00777191779021,117.71605793615494,54.52479537272232
1398820,6959,0.6771416461517747,0.6814288828735435,4.887363131302916,1.9915653208897277,0.5765853964568005,0.23347617971595805,39.04299902696855,114.10828751159889,57.65845534740911
1398821,6959,0.5784295281797485,0.6165383752250284,5.087661732281557,1.9401691036310726,0.6107061357794957,0.21849624996863362,35.325046808247244,111.1635011797405,61.070509053889204
1398822,6959,0.4557108564969627,0.5530867512461578,5.2509629802513835,1.8961654036547753,0.6953868972799242,0.20689971551853886,31.689536551006867,108.64227488813874,69.53853866037844
1401574,6973,0.5391638992012515,0.5530758476286848,4.378559789536254,1.9082840445767029,0.5877417104325476,0.24970909813308906,31.688911819744238,109.33662186639972,58.77406312371212
1401575,6973,0.7214668275153808,0.6275490089021093,4.41807685391263,1.9480553860966365,0.4983723128776803,0.25263334097410717,35.95590964770859,111.61535188106534,49.83716290099166
1401576,6973,0.9014089654007806,0.6978997684896472,4.366429884141488,1.966995542842521,0.44360231979979237,0.25810684164913067,39.986711257614026,112.70054292592076,44.36018326005007
1401631,6973,0.9808455079317788,0.8011403660841891,3.7762749006231924,1.9178137174229408,0.4679836012400721,0.2909815479575237,45.90196177418976,109.88263190062959,46.7983128889137
1401632,6973,0.8443651161870385,0.7365876444201565,3.741452239485639,1.867620004786784,0.4998236184544806,0.2860032331648659,42.20336326675797,107.00674400848533,49.98230324226956
1401633,6973,0.7248219234444765,0.6695208511435615,3.7162479879594557,1.8352610685428372,0.5292433533879981,0.2829539729046938,38.36071906653271,105.15271353217426,52.92426305205184
1401634,6973,0.6306739876936036,0.5971821840755981,3.71166382358325,1.8049022289957417,0.5425309886417636,0.27861704290007155,34.21601874793641,103.41328015521084,54.25301370055179
1401635,6973,0.5730264765042736,0.5304048155191422,3.7397874696859263,1.782690888686409,0.5303412334053643,0.2731188995443538,30.389957362661878,102.14066409815727,53.03403171529285
1405191,6991,0.25455341460974024,0.764784209610896,3.998190377543766,2.143801942878624,1.7214031795538507,0.3072159940696335,43.81890744895283,122.83080343889114,172.13964847607144
1405192,6991,0.40654635978586884,0.8332370222475752,4.116881219771686,2.209345362910463,1.174305522245344,0.30748073047662083,47.74096470883434,126.58616478156873,117.4302662646237
1405193,6991,0.5826827621591405,0.9008102127332602,4.145430650518875,2.2049374129771664,0.8857756878695117,0.30475388011501064,51.61262333189766,126.33360785408587,88.57741829057767
1405194,6991,0.761455282897521,0.9682707204854174,4.085889396404872,2.187158654193637,0.7285762700368047,0.3067017913269261,55.47782570990584,125.3149600108085,72.85753227854343
1405195,6991,0.9409302853547,1.0394766159964874,4.048851612718155,2.1722572136777405,0.6329653035211117,0.30739869463783076,59.55762299913969,124.46117036058237,63.29646375472405
1405249,6991,0.9255393668394264,0.7118404695443187,4.645786741761573,1.7924735308621504,0.44066687611688965,0.22106302698541225,40.785454591500276,102.70116820731394,44.06664047595907
1405250,6991,0.8280710721709601,0.6488687576617976,4.793067530870005,1.7807457740070012,0.4489643712040956,0.2128683069169491,37.177441271918006,102.02921723635826,44.896383444559056
1405251,6991,0.7092499638834833,0.5862477383253143,4.895143516239642,1.7756957601065868,0.47359213806116446,0.20783838555094786,33.58952115513039,101.73987275338212,47.359147700289235
1406602,6998,0.8131830867193577,0.5402999337216788,3.482841973092399,1.9480492119100816,0.3806880147698646,0.3204710367799442,30.956905873450303,111.61499812623381,38.068755130637484
1406603,6998,0.9824949970376305,0.5988656541553545,3.466394496079681,1.9698262806287214,0.34923815625180893,0.32559113527334876,34.31247447844301,112.86273225397825,34.92378043462787
1406660,6998,0.9998305314595473,0.9140238506470679,4.792617388186183,1.82252135820295,0.523785850149405,0.21788257484730467,52.369709016372894,104.42278189747955,52.378533151403964
1406661,6998,0.8776590308008844,0.8415624267394947,4.849038865691634,1.7556344586491361,0.549393021747495,0.2074440882554958,48.217975248960585,100.59044484833055,54.939240203248865
1406662,6998,0.7112649847384068,0.7711133417103568,4.842811031524364,1.7060575385725212,0.62116848619103,0.2018453656947031,44.18154000623271,97.74989656668312,62.116762159632906
1406663,6998,0.5644289920470913,0.7096726177652335,4.831996113723369,1.6653783273205103,0.7203961115831594,0.19747356372979685,40.66124583394877,95.4191494480218,72.03948480214059
1406664,6998,0.4174509676505847,0.6476357439570868,4.8389265115783004,1.62763890116178,0.8888898763489171,0.1927221651166209,37.10679479055628,93.25683960788093,88.88877683196209
1406665,6998,0.3000316591571947,0.5764454064496674,4.856484737942797,1.5928859195442624,1.1008134241977323,0.18792531053322364,33.027888909269265,91.26564043570144,110.08097919088576
1407201,7001,0.3134529007062551,0.7185728821522696,4.421868591673475,1.9361306992652527,1.313472997494642,0.2508715831393748,41.17119341987652,110.93211765361181,131.34688490751628
1407202,7001,0.473878239859433,0.7826784647683132,4.558106712925545,1.9906668172404638,0.9463226632643558,0.2502284697963665,44.84417274700304,114.05680704461896,94.63206862639771
1407203,7001,0.611307904567032,0.8480894893276365,4.550275108989485,2.053783537820106,0.7948849872538428,0.2586066241565445,48.591948387878844,117.67312875053896,79.48836999568125
1407204,7001,0.7724775454569958,0.9167953111640283,4.459600369115212,2.1174323383963247,0.6800003655252629,0.2720421698831591,52.52850200708187,121.31993639462614,67.99994940442802
1407205,7001,0.9152052705653488,0.9824878307649121,4.335238729723152,2.1555788539244163,0.6150795599760908,0.2848875878641994,56.292406125792944,123.50557073751604,61.50788946301638
1407262,7001,0.9763523891144431,0.7198294483134089,4.191168833280901,1.7442320489847,0.4224211401026572,0.23844693123851127,41.24318935758876,99.93713489827918,42.242071177728505
1407263,7001,0.8454337458216705,0.6556382087656053,4.237611072119647,1.692537776755426,0.44433170536557215,0.22884419876029433,37.565302249786356,96.97527127454144,44.43311850552933
1407264,7001,0.6904786289937395,0.5855394716722261,4.249868471999142,1.6388827882856578,0.48587948374522805,0.22095052419417335,33.54894046513858,93.90106688540062,48.587878709804436
1412026,7025,0.5537202349349096,0.5866051208467771,3.2064933589189333,1.9181354307462013,0.6069851693653144,0.3427453360158315,33.60999766528195,109.90106471626554,60.698408413455255
1412027,7025,0.7188561688364469,0.6570552512841806,3.3221534309718774,1.9782178561617898,0.5236999265475687,0.34117489191688355,37.64649280549131,113.34353411548831,52.36992053153827
1412028,7025,0.9020571702438572,0.7216750815911039,3.430991574342553,2.007294444865179,0.45838487027786357,0.3352077587589548,41.348936354929585,115.00949993083027,45.83843672049614
1412086,7025,0.9622630477370181,0.5356960106275691,4.5066259932111805,1.8714769727944285,0.3189680853293579,0.2379335048451671,30.693120510955005,107.22773199704034,31.89677571674514
1413432,7032,0.30270109747565604,0.5811976650644382,3.530271780716353,1.8496294777098048,1.10010080731959,0.30019207873582515,33.30017327105032,105.97596273575859,110.00972093934168
1413433,7032,0.4384437735340581,0.6471686432427679,3.6494292696523667,1.9066799083780799,0.8457191841593965,0.29934738629285285,37.080031891018265,109.24471163245447,84.5717274541486
1413434,7032,0.6152030965742845,0.7142291009392795,3.716873588628737,1.9585781588868119,0.6651837848660587,0.3019157347511578,40.92231308924398,112.2182623507175,66.51827144376419
1413435,7032,0.7908074495727828,0.7838194134726892,3.740410604909838,2.0135871262837908,0.5678947985223376,0.30844218963034387,44.90954429240471,115.37004401793713,56.78940875842452
1413436,7032,0.9677032986119416,0.8521572322859658,3.7658196042836907,2.0618516616297167,0.5045452718516484,0.31370434671202274,48.825012891535174,118.13539819341867,50.45447556817607
1413493,7032,0.834375559753634,0.6176378967983718,4.982693516364948,1.8013770416739456,0.42412608945792163,0.2071395747170812,35.388044753883406,103.21130179967889,42.412558622610895
1413494,7032,0.6506954696107506,0.5500290436722932,4.990479942665928,1.7836013134866784,0.484317838367208,0.20477554977890466,31.51434281203924,102.19282759677675,48.43171015034283
1414495,7037,0.9890386814329925,0.7162975074176626,4.499707999760259,2.2273373563127294,0.4149567090374378,0.2836118027919442,41.04082405077285,127.61703006854583,41.495629367782215
1414496,7037,0.854199430838624,0.6506546001369592,4.670429244784801,2.210255446241825,0.43642925441416763,0.2711491852397111,37.27976250861996,126.63830871546098,43.64287486020113
1414497,7037,0.7482417289723059,0.5823999296563704,4.795079867724587,2.1625534993961106,0.4459662729301595,0.25840067662322447,33.369057958026055,123.90518848664416,44.59656828721568
1415245,7041,0.9243758161557081,0.5672180476121956,3.925315883433297,1.9011407960790727,0.35157994478270804,0.27749956139249343,32.499200191829395,108.92734387547235,35.15795682434664
1415298,7041,0.9515014495831348,0.5361558997742985,3.8559456964579324,1.0071035125317551,0.32285258113597715,0.14964624814148614,30.71947021810647,57.70278080087018,32.28522452208615
1419062,7060,0.47815901560560914,0.5553261752619515,3.7456900981906385,2.076949974240883,0.6654239362177343,0.3176997144627402,31.817846095652083,119.00046778380764,66.5422558499658
1419063,7060,0.6611112104145985,0.6207016653954197,3.786029659422683,2.112398597060287,0.537936502448048,0.319679281011462,35.56358576389897,121.03152426091064,53.793569690077625
1419064,7060,0.8437092703885349,0.689899029183997,3.7452935004751198,2.146778427274314,0.468506197350499,0.32841576524918886,39.52830266241584,123.00134343255073,46.85056476106751
1419120,7060,0.9388493432156169,0.8386693766105725,3.6762780494688414,1.902119909850108,0.5118202991999916,0.2964504893244176,48.05221568665356,108.98344296221582,51.18197594951282
1419121,7060,0.7995706136555765,0.7772029561901103,3.6436965197466757,1.8616527994387608,0.5569295306422651,0.29273801332179405,44.53044921478434,106.66484832655571,55.69288410727182
1419122,7060,0.6783272113648349,0.7073671309014917,3.647284769332155,1.8299520986894748,0.597486727502789,0.28747009984016925,40.52915116693351,104.84853196601442,59.74858554885481
1419123,7060,0.5596549670844833,0.641680332441898,3.6385748986036135,1.8214899705794676,0.656932866692301,0.2868257226004561,36.76557484547236,104.36368773961198,65.69317046149243
1419124,7060,0.43909350034913497,0.5731765045345809,3.6289838242990005,1.7945011512960263,0.7479180140872532,0.28332267928245103,32.84059462589258,102.8173423006295,74.79163278014232
1421070,7070,0.5851696930919924,0.5419646297363419,3.795526595937186,1.8076312414656401,0.5306543685564173,0.27287291542091907,31.05228592926274,103.56964105197459,53.065347078790104
1421071,7070,0.7680858300112542,0.6134172673853661,3.957300349769404,1.873976500439689,0.4575819351273867,0.27132371723269105,35.1462205016294,107.37094438189004,45.758134534235445
1421072,7070,0.9514968843082925,0.6849860391016713,4.068844008842452,1.928528017733488,0.41247437906184775,0.2715673433957168,39.24680906590895,110.49651608885965,41.24739498967996
1421129,7070,0.9922531207161324,0.7641873231512355,4.466229789852452,1.8654528795638208,0.4412655099648346,0.23931275744715197,43.78470837396578,106.88257687953319,44.1265069701755
1421130,7070,0.8446998166623301,0.7036988354262785,4.567879257223237,1.8153122583252586,0.4773171728649404,0.22769807347300122,40.31897331819686,104.00973090039956,47.73166134431998
1421131,7070,0.7067552778330984,0.6348459200573832,4.659708871511497,1.7767257370043614,0.5146617575640622,0.21846619321333974,36.37399186038771,101.79888608262058,51.466103664349035
1421132,7070,0.6217248871655034,0.562537461141937,4.79248548979747,1.7452931587822622,0.5184129264950061,0.20865567984609526,32.23102234143754,99.99793201127947,51.84121010045322
1423138,7080,0.8903499052668825,0.701875725184554,3.6344395776070866,1.945353510364336,0.4516709229281463,0.30667876881184114,40.21451679575897,111.4605458048357,45.16704207056955
1423139,7080,0.7593399919261941,0.6359011599986878,3.6086493120397787,1.8884448580794864,0.47981737512808437,0.2998349536218626,36.4344526553981,108.19992021113629,47.98167495603797
1423140,7080,0.6338477336656781,0.5664494191670305,3.700810223382792,1.841721011173377,0.5120340231585039,0.28513442820964585,32.45516102590773,105.52284098080084,51.2033223419298
1423283,7081,0.4767931739580401,0.5343075271671629,3.3236629839703244,2.1239425738714877,0.6420722296114899,0.3661410486916408,30.61356626875001,121.69294541098932,64.20708964334814
1423284,7081,0.5951644876807993,0.6003406009893895,3.284925829952619,2.1171071880345744,0.5779407683266635,0.369266499644754,34.39698270703939,121.3013066511907,57.79398069783117
1423285,7081,0.7351744777805799,0.6650559865177412,3.2583583583949314,2.107567407348504,0.5183109833205847,0.3705998660297217,38.10490116737595,120.75471748039843,51.83102853540596
1423286,7081,0.8828724608676667,0.730514342567866,3.166598630330642,2.0991342632028345,0.47408193237442575,0.3798130030784953,41.855388702912734,120.27153391282611,47.408140076810405
1423342,7081,0.858364292180454,0.6012594030097579,4.817782636376616,2.1497527040171938,0.4013403877293612,0.2556606762441999,34.449626185014594,123.17175693702166,40.133992484137224
1423343,7081,0.72244213815662,0.5359046636798601,4.896993566214518,2.138837429757205,0.4250177751752266,0.2502481489559713,30.705075450233803,122.54635778969651,42.50171927520915
1425291,7091,0.16513393128799772,0.5957632570861535,4.600526377277789,1.7786888774296123,2.0670929279446084,0.22152109816259896,34.134720220004034,101.91136574357898,206.7080535521136
1425292,7091,0.26372294815351155,0.6639929921212008,4.658857486306207,1.842015242237435,1.442574296192406,0.2265355814438423,38.04399607480813,105.539699178973,144.25688808762652
1425293,7091,0.4010545162918546,0.7336800306851694,4.6000240515128334,1.8785718300381493,1.0481559617331941,0.23398624862400205,42.03676927128894,107.63423737335336,104.81533743746864
1425294,7091,0.5443984227191293,0.8054603316961692,4.481513880175035,1.9038657003521369,0.847715107130143,0.2434076342573505,46.14947757139786,109.0834693898961,84.77135655451943
1425295,7091,0.7060165540607339,0.8739952952344823,4.356451470084171,1.9200289912995103,0.7092785676756227,0.2525210214027154,50.07624173122618,110.0095577442226,70.92775731029268
1425296,7091,0.8737573038883125,0.9439400888297946,4.224671537393249,1.9352145123685789,0.6189794619569213,0.2624573834138735,54.083783203151256,110.87962401118722,61.8978760630634
1425352,7091,0.977547651935235,0.7116404774221666,5.200990167604859,2.0045015341276335,0.4171049399908081,0.2208223319235381,40.773995886965096,114.84947793301215,41.710451757306984
1425353,7091,0.7751434415602295,0.6404055710147363,5.149674524212299,1.9356317644489391,0.47336446333842064,0.21536027191153131,36.69253639580991,110.90353079438492,47.336385876617115
1425354,7091,0.593332626038049,0.56837662676808,5.142384048915711,1.8669690087837605,0.5488587667307254,0.2080152774656568,32.5655818876934,106.9694446850322,54.885785093874055
1427100,7100,0.34291233404806737,0.676344089575361,3.295296772202947,1.915783219805078,1.130074857435121,0.33309986994080254,38.751661831286285,109.76629295681467,113.00715948786737
1427101,7100,0.5190235535308853,0.7479516079514307,3.450117496658343,1.9773768748193943,0.8256748522958043,0.32838113257091206,42.85447041564056,113.2953494339198,82.56732773835996
1427102,7100,0.7019848228130576,0.8106343257771853,3.5958918729609572,2.0233756831592813,0.6616371668507909,0.32239814429283065,46.44592559546575,115.9308870144265,66.16362337538907
1427103,7100,0.885997345271117,0.8789512765132288,3.701443794478887,2.060661213193966,0.5684012287647732,0.3189760449137616,50.36019854184421,118.0671905223222,56.84005936425751
1427156,7100,0.951167928332934,0.7881298482640946,2.975458193921554,2.0116832517962755,0.4747480670233926,0.38737213614081284,45.156514013818594,115.26096004507987,47.47475728939354
1427157,7100,0.8505606699623577,0.7196755166096795,3.0757261721136238,2.0109615894518735,0.484790452839375,0.3746094581128603,41.23436972063181,115.21961183851212,48.47898885739428
1427158,7100,0.7479008675551709,0.6527235650906276,3.0619513371507603,1.9740076098195942,0.5000436099323449,0.3693798233424423,37.39830546842563,113.10230476937011,50.0042948023082
1427159,7100,0.6393014844572007,0.5828402752078594,3.1039954122595357,1.94930717871322,0.5223558554013263,0.3598171360495089,33.39428789965373,111.6870743148212,52.23550465005173
1429716,7113,0.5987632045531027,0.5688068978217072,3.986352429014153,1.9834970970131884,0.544292531855638,0.28508771884558154,32.59023460311288,113.64601233530651,54.42916319193985
1429717,7113,0.7800526279137887,0.6361640905419195,3.905464719544814,2.03565086661241,0.4672699724894559,0.29864359633490645,36.449517465830354,116.63420321903959,46.72693794568025
1429718,7113,0.9409551551964899,0.7064473022780826,3.7970171471764638,2.0745297880614344,0.43016341655858353,0.31303993742940395,40.47644886893684,118.86180133008935,43.01629639744965
1429773,7113,0.8752786790131641,0.6595259096710098,4.378843322707295,1.9298210494218617,0.4317259357277336,0.2525109782336468,37.78805110367522,110.57060134738013,43.17254474167552
1429774,7113,0.7177703653882817,0.5941678362407533,4.425854520140869,1.9070306160510175,0.47429248275396574,0.24687843885930633,34.04330933901541,109.26480570195665,47.429182857691075
1429775,7113,0.5489130922064116,0.5287140685113395,4.454849189497486,1.8803533465401627,0.5518739591590053,0.24184053359697216,30.29308469489041,107.73631075005164,55.18729638207049
1429975,7114,0.9457328761922541,0.6147110780350039,4.8717443792708774,2.1791959582539,0.3724132987819452,0.2562916301908081,35.22035039134273,124.85873113991559,37.24129089374286
1429976,7114,0.7861365034185802,0.5446046723761168,4.948025458072827,2.138540799181431,0.39692278246389023,0.24763284445533235,31.20354923025642,122.52936210963014,39.69222826104257
1432527,7127,0.1456381348021839,0.5827963908393266,2.9026925677753916,1.841305390027522,2.2927903644958736,0.3634522940907537,33.3917735105502,105.49902764326696,229.27747789702937
1432528,7127,0.2351871191968416,0.6549946523784945,2.972671247593538,1.9074439670504102,1.5956837992404136,0.3676440463791866,37.528429184926225,109.28848896967936,159.56770823749247
1432529,7127,0.30645385940710773,0.727154915395002,2.9857978577678956,1.9719001260501683,1.3595164513644662,0.37839652865869233,41.66290770432607,112.98155484398968,135.95120594573206
1432530,7127,0.4233112437948432,0.7944822746343301,2.983193937363651,2.021537575420958,1.075343044306639,0.3882602782198898,45.52048123450069,115.82557119873023,107.53405294027365
1432531,7127,0.5749334182244733,0.8580724204870717,3.000365659127611,2.057166281507038,0.8551238421170543,0.3928419355672931,49.16392821048412,117.8669456869747,85.5122369648931
1432532,7127,0.7374968374360785,0.9228292377218148,3.037651928011464,2.093648626382733,0.7169416481786077,0.394901168807445,52.87422053273493,119.95723007509275,71.69406857727596
1432533,7127,0.8976329085873875,0.9936120363213055,3.0316789160135658,2.094793129172217,0.6342211273200756,0.3958955027351536,56.92977615461026,120.02280525457113,63.42204278379036
1432587,7127,0.9090383422506625,0.5518727995273406,5.302777568166985,1.7328561891420047,0.3478399141543254,0.18723271847144005,31.619982240985987,99.28534614096039,34.78395353351709
1434798,7138,0.8936180508289617,0.5867441501109835,4.476779265510498,1.8112105295471421,0.37620058198201817,0.2318066466229172,33.61796345534979,103.77471915270613,37.62001652064628
1435000,7139,0.9823093485995614,0.5495430935150861,4.400827956799127,1.9883283376942162,0.3205354773761555,0.25886679255722256,31.486499918977554,113.92282203614131,32.053515433148526
1439763,7163,0.17261664651760839,0.6719161676619525,3.290304900776034,1.9018096476280828,2.230257575966162,0.3311719405988163,38.49796059363449,108.96566624635142,223.02447849506154
1439764,7163,0.2858349615659979,0.738272131507621,3.3760011617472068,1.966773126028186,1.4798706063070777,0.3337907590916104,42.29987726751397,112.68779938116661,147.986548073823
1439765,7163,0.4098482947021161,0.7975373985976908,3.3907849420864298,2.006559288509154,1.1149375615132224,0.33905830124557357,45.69552694349054,114.96737857434783,111.49348683569814
1439766,7163,0.5581893486432636,0.8613778362239293,3.3627816717296626,2.036714756012768,0.8841679587317908,0.34701973138953845,49.35331458174219,116.6951595915488,88.41663905816404
1439767,7163,0.7339586978931028,0.9273247915647651,3.2872194767066008,2.055043840512447,0.7239071656637144,0.35819128978724135,53.1317967945098,117.74533877571909,72.39061892230514
1439768,7163,0.9163641602520834,0.9903068435852379,3.2060536896008625,2.055390375217839,0.6191905402057298,0.3673213388985157,56.740402560356294,117.76519375179285,61.91898712599193
1439822,7163,0.9674490941408036,0.7760174997219143,4.572375063596281,2.111965959257529,0.45958518512296953,0.26464744031941395,44.46252756236022,121.0067359407548,45.958471482549776
1439823,7163,0.778548963036461,0.7104013977710424,4.638107538794075,2.0604817239066677,0.5228059282350237,0.25453680256808064,40.70300185247514,118.0569065436922,52.280526343778064
1439824,7163,0.6197715363109297,0.6414258514023214,4.6859220609887045,1.9954801762824603,0.5929764664849766,0.24399166369167324,36.750994155938514,114.3325922030065,59.29755192879528
1439825,7163,0.46521922079862166,0.574304857800013,4.754258273293313,1.943107901520872,0.7073061973236712,0.2341729777006298,32.90524450580164,111.33188189566796,70.73046921587965
1444187,7185,0.39859974151252625,0.5899726817926703,4.387794618219065,1.7906995323450183,0.8480422922108228,0.23382937049873573,33.80294469473471,102.5995255794198,84.80401859380996
1444188,7185,0.55721763057666,0.6598349596097461,4.280711688355902,1.8112652587661477,0.6784738243695718,0.24243131100332982,37.805758360823596,103.7778549059712,67.84726189377191
1444189,7185,0.7125225433868918,0.7335940170844691,4.184237516343152,1.8212489599536474,0.5899019035284525,0.24938803830080863,42.03184105498809,104.34987884793468,58.99010839023645
1444190,7185,0.8387249194094163,0.8026757249153245,4.064720083455738,1.8546706534807815,0.5483315177913636,0.26143202579264224,45.98993135525195,106.26480083121916,54.833087056180965
1444191,7185,0.9879862556715223,0.8773005019545832,3.9359414049398906,1.8799960225793804,0.5087683692904508,0.273672360026286,50.26561612670625,107.71583759517992,50.87678594856099
1444247,7185,0.9770575219369293,0.5765660143271295,4.647296644652016,1.8169650702879911,0.3381049544353375,0.22401072663605995,33.03479923162388,104.10443005019286,33.8104611852066
1445592,7192,0.31115742627068893,0.5522478304648681,3.222483375810137,1.9139185186414918,1.0168958296521926,0.3402948605816303,31.64146993089315,109.65945345008805,101.68925942364484
1445593,7192,0.4370800842302097,0.6216899171363135,3.3256979472512227,1.972798569621181,0.8149583769190711,0.3398776236497561,35.620208417748636,113.03303186873937,81.49565310171955
1445594,7192,0.5661746060937657,0.6919254048799229,3.3458967721263706,2.02955158576188,0.7002151687940504,0.34754431394724156,39.64440543750028,116.28474016823927,70.02139444159428
1445595,7192,0.7023464578578461,0.7670001321698977,3.328181795112972,2.0719063831175757,0.625700739883354,0.3566857168574147,43.94587045931146,118.7114912988525,62.569985792140535
1445596,7192,0.8787155693671547,0.8383816878929202,3.338983949294997,2.0943265291009783,0.5466584804597818,0.35937899823006325,48.03573233731856,119.99607103976864,54.665786457075164
1445652,7192,0.815463955529581,0.5320134259905452,3.902814125819873,1.940414498115521,0.3738009923437639,0.28486511880653487,30.48212395355382,111.17756124801518,37.380053853765006
1447863,7203,0.8491151708103042,0.6025013010245434,3.805311721772246,1.9401290284614392,0.40655004739056194,0.2921211529492386,34.520781699847475,111.16120504165724,40.65495733864613
1447864,7203,0.6864988351042947,0.5347063787099682,3.7647239509531394,1.9337701723595022,0.44627050718709765,0.2943027711291589,30.636418778805034,110.79686942448524,44.62698636213172
1450419,7216,0.6585730681084759,0.5471583183887958,4.240347783995853,1.4670864664087668,0.4760270866096594,0.19823341572360179,31.349862369153342,84.05786270598377,47.602637102300235
1450420,7216,0.8416988314219219,0.6129176811896567,4.154777159530454,1.5010769987385362,0.4172228188147014,0.2070035846509725,35.11759632111226,86.00537675188252,41.72223280808611
1454494,7236,0.9972721282334519,0.7564893570975578,3.6825798261436544,1.9954573197734269,0.4346220629910824,0.31046518394352196,43.34364740825507,114.33128262150447,43.462163153872474
1454495,7236,0.8888909275763234,0.6900263933760634,3.710735478117101,1.9482163244742474,0.4447744759428112,0.30081522471305167,39.53560009308234,111.62457297086412,44.47739805769321
1454496,7236,0.7884834441177019,0.6253742372879968,3.811953674060187,1.914420366181743,0.4544331808827827,0.28774800610712664,35.831304412815086,109.68820719610346,45.4432610308623
1454497,7236,0.67183046184213,0.559390825157215,3.8920366999729774,1.888089735441255,0.477065788516071,0.2779510607018585,32.05073337984898,108.17957318275607,47.7065085519624
1455040,7239,0.2963311153418794,0.5651334730484895,3.2661513570579768,1.8785971539755475,1.0926885533840542,0.32954898971825974,32.37976286724871,107.63568832808693,109.26849028797322
1455041,7239,0.4102431230221599,0.6354880129919045,3.300366355312202,1.9286082454530988,0.8875415124529135,0.334814685908788,36.410781075590954,110.5011127985933,88.75393706401537
1455042,7239,0.5512686588817474,0.704496996524019,3.2827974961728206,1.960491033501806,0.7322147413592183,0.34217115670911247,40.36470458046892,112.32786199289437,73.22134264082096
1455043,7239,0.6781199462659239,0.771008294430227,3.216625197657917,1.9718907366484548,0.6514411031889552,0.35124084895536484,44.17552124043194,112.98101687089935,65.14401521392998
1455044,7239,0.7750369448481838,0.8373296478138563,3.0934542293123113,1.980114244898227,0.6190086108901368,0.36674920787457077,47.97545488090959,113.45218918640231,61.900782019526964
1455045,7239,0.8678438586678806,0.9062203551771819,2.992750925021698,1.9810039669937525,0.5982942731415376,0.3792603159159736,51.92260166049896,113.50316650741546,59.82935906332246
1455099,7239,0.8236784373499495,0.7961580267489885,4.577926791951298,1.954122980150725,0.5538143544358158,0.2445714059133495,45.61649475818074,111.96299941216328,55.38136887931082
1455100,7239,0.695634468072696,0.7311385628973884,4.6711608229598705,1.8935373313147394,0.6022006558579875,0.23225853554276807,41.89115389328064,108.49169743479962,60.21997988305979
1455101,7239,0.5784783164020426,0.661404954542209,4.774469835165612,1.8316676986918532,0.6550930383167565,0.21980833895463223,37.89571244431065,104.94682860548333,65.50919172012912
1455102,7239,0.43780464032282485,0.5987468801043633,4.865668013126551,1.7863457925905637,0.7835839386655556,0.21035153689055783,34.30566922660554,102.35007466639122,78.35821667649041
1455103,7239,0.31093484301437035,0.529253323534032,4.945449986238387,1.7476797579647672,0.9752519358249764,0.2024783875036466,30.32398173177192,100.13467407182638,97.52488306846777
1455441,7241,0.10704679189863311,0.594839234073505,3.5002360483578836,2.0664559585716726,3.183820254011858,0.33826062871703594,34.08177760120631,118.39920497581774,318.37908093872136
1455442,7241,0.19701404907096337,0.6638074614893144,3.5542173619163675,2.131315669832399,1.9304899422904247,0.3435788527071775,38.03336595263064,122.1153926914945,193.04802415845552
1455443,7241,0.3005723884932521,0.7289836609192896,3.505146764076372,2.1875689278135577,1.3896048776950114,0.3575840757501602,41.76768710467118,125.33846695767551,138.96003007468133
1455444,7241,0.4638165512914656,0.7915598239821322,3.4684542900926707,2.237798429963928,0.9778227198272537,0.3696643932558354,45.3530371462945,128.21640543793504,97.78206327037933
1455445,7241,0.632861050628029,0.8630604305174926,3.3896959924966636,2.221068673593263,0.7813677157561884,0.3754255865773293,49.44972013339616,127.25786100561382,78.1366493445516
1455446,7241,0.7911582202206341,0.9330104142288462,3.2814558953486217,2.19901279609624,0.675687326947956,0.38395808429487704,53.45755897706558,125.99415231157681,67.56864814412152
1455447,7241,0.9461707012752805,1.0004946820987524,3.1218507742981534,2.166318401005999,0.6058539122636563,0.39758755313821736,57.324122709541506,124.12090145917277,60.585327834554995
1456103,7244,0.9732429353268605,0.5718731220072689,4.05370555006841,1.8245464781732577,0.336667390863873,0.2578845729560626,32.76591630798651,104.53881272478584,33.666704840017516
1458315,7255,0.9643123886484003,0.6710345277537815,4.640243068918521,2.121662880715314,0.39870322523836366,0.261974052968983,38.44744634784598,121.56232861455572,39.870281591479966
1458316,7255,0.8299402091090817,0.6056757219789782,4.719768772951756,2.0746935110860165,0.4181344851583027,0.25185806219529394,34.70266262293448,118.87118196840702,41.81339863842501
1458317,7255,0.7205675544430684,0.5364911988851446,4.802130154574625,2.0231312689569765,0.42658985720222614,0.24138638299998966,30.738681442032444,115.91688311218138,42.65892711039902
1459406,7260,0.88826445168691,0.6594912454483379,5.790693234750322,1.2880325264691592,0.4253920608087394,0.12744385606880357,37.78606499001602,73.79882764225532,42.53915866958046
1459407,7260,0.7473415817393264,0.5893055873918519,5.993834870768178,1.2749351820168635,0.45179772374836846,0.12187256828961511,33.764723001031015,73.04840508230969,45.179712525477605
1459866,7263,0.601633881861959,0.5742690100169175,3.718775245651826,1.991813017777016,0.5468972247772703,0.30688189431290513,32.90319057912537,114.12247949783902,54.68963248489768
1459867,7263,0.7698244805009911,0.6426507107901578,3.657921827631083,1.9959522107796857,0.47830607994032265,0.31263554243013253,36.82117342935852,114.35963778748209,47.83054648359501
1459868,7263,0.955835610681812,0.7209698079186437,3.586771519832737,1.9888429655735296,0.4321718740784104,0.3177016074033567,41.30852715009593,113.95230804164572,43.21714264599047
1459921,7263,0.9631650474321278,0.6884410990408124,4.985191012960496,1.9454152365838757,0.4095328117856481,0.22359039391535046,39.44476941838646,111.46408245670062,40.95323908431899
1459922,7263,0.8168468993799383,0.622533751473916,5.1300556860146,1.8853626080530947,0.43666146194979405,0.2105694883140164,35.668556563901475,108.02332029321997,43.66609327266086
1459923,7263,0.689320801453744,0.5518323045760942,5.373884264151213,1.8185089908064338,0.4586784777977017,0.19388748410712695,31.617662051187985,104.19289017980329,45.86778190463144
1460326,7265,0.9158308572069124,0.6104358462986427,4.207101864537729,1.9302583509741167,0.38189800004313346,0.2628784854249601,34.97539765640884,110.59565688069887,38.18975872173324
1460327,7265,0.7339460671629124,0.5445183672246589,4.130363000291358,1.8869754069196913,0.42508033328451944,0.26175841346655115,31.198604309327646,108.11572686147943,42.507975990593565
1460928,7268,0.952887141776717,0.5407907673469692,5.169396977115977,2.232179852262736,0.3251699690865707,0.24740697022795904,30.985028568622546,127.89448464879038,32.516963125230106
1461730,7272,0.9949666407635137,0.6663983523630637,4.386870169865807,2.0098601601867014,0.3837496767914344,0.26250264965376335,38.181813064875435,115.15650459018556,38.374929495772996
1461731,7272,0.8912739399156537,0.5989513339341416,4.506390820642108,1.955225893609322,0.3850374351388231,0.24859404323469803,34.31738356815712,112.02619169850908,38.50370074514242
1461732,7272,0.7640567226896311,0.5357619781575904,4.597524237387737,1.8922348879621413,0.4017620532437553,0.23581620692754862,30.696900172010128,108.41707292764089,40.17615326751897
1462335,7275,0.9174873892256892,0.667058338306028,5.149769480704741,2.255258017747538,0.41656841833686875,0.25091757284128624,38.21962747394526,129.21676612997405,41.65679688459117
1462336,7275,0.7361935205786025,0.5992107414447478,5.298042309103342,2.2151715397912657,0.4663481149678921,0.23956014784913193,34.33224652368885,126.91998012753542,46.634748784473246
1462337,7275,0.5737103571707379,0.5334449476823784,5.4522024759949,2.1609638832792686,0.5327451943304574,0.22709008058696475,30.564144104777288,123.81411019210314,53.27442750219309
1472526,7326,0.20304756239421243,0.6661093483652565,4.235935363641377,1.7186018582263336,1.8796213077318487,0.2324601875478144,38.16525435553868,98.46863313970958,187.96121432981155
1472527,7326,0.3533571392233188,0.7387908464812677,4.341697761010799,1.7809020034750986,1.1979267304854277,0.23501904993667974,42.329597446274164,102.03816852551581,119.79233742659677
1472528,7326,0.5277016917724284,0.8070764128998263,4.376612687966373,1.818435381792146,0.8762918908239518,0.2380577855160968,46.24207220371784,104.18867269395047,87.62902468509618
1472529,7326,0.7111788414031512,0.8746140792235674,4.319021790789441,1.8484291884138178,0.7046285943874875,0.24521105960971493,50.11169544223103,105.9071912249038,70.46276135071703
1472530,7326,0.8942199428540945,0.9449023834962095,4.230417889459811,1.8732727233520574,0.6054317894986444,0.2537116272573354,54.138918626184775,107.33062092505074,60.54311192196977
1472586,7326,0.9157128923014266,0.7332682396210841,4.758826790537128,1.7910435637476145,0.45880292038788056,0.2156397814587955,42.01317538127565,102.61923712680853,45.88024243651654
1472587,7326,0.7960047270986094,0.6655638851419043,4.838016546838369,1.7659820679236544,0.47906752105467615,0.20914215153892304,38.134001614961,101.18331918781088,47.90669252337798
1472588,7326,0.7026613881322095,0.5966517111996541,4.9118858893817565,1.7472248800059629,0.4865163360598677,0.20380891074280394,34.18562489099865,100.10861148459337,48.651565059387316
1472589,7326,0.5595891770586421,0.5255922786815179,4.9425837379879525,1.726052738614987,0.538148699252099,0.20008874342269878,30.11421931311477,98.89553713963622,53.81477471853291
1472928,7328,0.43077190070699145,0.6706932450466889,3.9775698997056343,1.895662650979463,0.8920705211730301,0.27306489074315865,38.42789228910878,108.61346928170444,89.20684710212808
1472929,7328,0.5954687414241059,0.7400375806819275,4.096750475840662,1.9577746205147957,0.7120613794215316,0.2738077981097894,42.40103005414659,112.17222299332416,71.20601955817548
1472930,7328,0.7525226866297217,0.8115629842513655,4.104578250874468,2.019307838938691,0.6179100512834792,0.28187504136958746,46.49913380664534,115.69781670887,61.79092383775712
1472931,7328,0.9162002530084402,0.8798211406012634,4.1004867389714486,2.0823331133160767,0.5502076360173912,0.29096277158626405,50.41003808283859,119.3088989333482,55.0207041491289
1472988,7328,0.8178779618167453,0.5294693379824548,4.303499238423746,1.854931321373797,0.3709154604151338,0.24696120497818347,30.33635844798039,106.27973600134352,37.09150114412355
1476147,7344,0.7061685421023559,0.5309177759407638,4.063111942963906,2.2398631506853115,0.43076610731695264,0.3158532344340834,30.41934782987805,128.3347052211435,43.076550341318615
1476148,7344,0.8896245879842514,0.6008333164334565,4.023047698902678,2.2256221026296767,0.3869633697234478,0.3169705220982689,34.42521322248535,127.51875327171264,38.696293909988974
1476205,7344,0.973204027704267,0.578009875930789,4.872666533142998,1.6855426767217105,0.3402937629177631,0.19819636888808043,33.11752640771456,96.57448156533772,34.02934167514202
1477351,7350,0.32084509345799656,0.5371878403450925,3.40165567158987,1.9175781135416523,0.9592976712375064,0.32298722468361085,30.778596057521288,109.86913279259485,95.92947112367025
1477352,7350,0.4510789528080468,0.6050383403052212,3.424922900680302,1.9483869343168463,0.7685160737110487,0.3259470391192373,34.666143343089225,111.63434819478843,76.85143870235596
1477353,7350,0.5582581964689974,0.6705887370610549,3.380624943534423,1.96722120586614,0.6882461194010281,0.33341016532142975,38.42190442260654,112.71347246476628,68.82448988861444
1477354,7350,0.7068003090542113,0.7368789312211721,3.341155528870885,1.9787366983168897,0.5973406014810495,0.3393235072783308,42.22005277108403,113.37326158120901,59.733976480009275
1477355,7350,0.842856134618456,0.8028306095860627,3.2597957440530787,1.98811269264379,0.5457491872948171,0.3494405020414178,45.99880559319652,113.910466484879,54.57485462707655
1477356,7350,0.9916549561736534,0.8686545708044487,3.1654648382606654,2.0018149173943858,0.5018907025079865,0.36233397504334897,49.77024076184285,114.69554613302783,50.18902014553861
1477410,7350,0.9637384061663898,0.7549323535583301,5.535296481060755,1.5364064568261906,0.44881927451673254,0.15903322565458447,43.254437676770394,88.02960559278945,44.88188134677405
1477411,7350,0.8193694827743623,0.6872423549607776,5.67249548501624,1.5397845330757027,0.48056568848515263,0.155527942124011,39.37608644188417,88.22315510475988,48.05651078442318
1477412,7350,0.6585775196985983,0.6216247124244575,5.7962906530121625,1.5620644645799868,0.540809105334265,0.15440858016130882,35.616472462954924,89.49970114779592,54.08082923696779
1477413,7350,0.5092233720226298,0.5522799038258381,5.939359422956108,1.5894836072584972,0.6214032724386036,0.15333421613753784,31.643307599111534,91.0707023011416,62.14020643478807
1478815,7357,0.9958674843840889,0.852278441332742,4.08767817998241,1.941604678297356,0.49034593390916137,0.2721490009216532,48.831957658354256,111.24575354929443,49.0345446452753
1478816,7357,0.830569495756497,0.7856429431088,4.138973886729639,1.958822382530661,0.541965778088269,0.2711596113796376,45.01402484437089,112.23225533476734,54.19651320911826
1478817,7357,0.7216734005039505,0.7143457882433004,4.245498298160121,1.9727882422112413,0.5671401798038546,0.26624069060275185,40.928998779287134,113.03244015173652,56.71394017954096
1478818,7357,0.6314123987818345,0.6487855894554959,4.372399584710359,1.9764742102921495,0.5887226093073368,0.25899652607962087,37.17267608470724,113.24363056619251,58.87216862426943
1478819,7357,0.5196351203302851,0.5881733072890725,4.485486375163754,1.9882562530309524,0.6485290574656714,0.25397177052184894,33.69984812991511,113.91869188916867,64.85278219015106
1479162,7359,0.7926193496837003,0.5558613149818814,3.767187668928378,1.9900823524097628,0.4018133919383855,0.3026749113518583,31.848507343053882,114.02331967654597,40.181289006474806
1479163,7359,0.9738562301220819,0.6262365761977344,3.786713071355652,2.002394009244496,0.36843952232985633,0.3029770758626276,35.88071279285297,114.72872565198958,36.84391477830379
1479219,7359,0.9032199985416514,1.1391376892523746,3.5772279265140337,1.760425153867422,0.7226122236134715,0.28196394877639114,65.26778187844614,100.86493146527184,72.26114315746432
1479220,7359,0.762863104631014,1.0697578985580303,3.5239679657218668,1.7053172152181775,0.8034549254331893,0.27726551386435166,61.29261268815919,97.70747916300425,80.34538827568183
1479221,7359,0.65513520791277,0.9976845759267008,3.4879012411032275,1.6611946534431006,0.8725391937868687,0.2728845679386184,57.16311548589929,95.1794425919871,87.253787526136
1479222,7359,0.5190538985320481,0.9250788616192421,3.3985671990823634,1.6138969555841394,1.021148547699968,0.2720837295106812,53.00311448754929,92.46948412398366,102.11466000503742
1479223,7359,0.3910446926113272,0.8555490623514919,3.3426812010557705,1.5794325305617098,1.2535485102284436,0.2707252421425823,49.0193504391154,90.49481802685338,125.35453366529548
1479224,7359,0.3011326165290316,0.7880288550056334,3.3296889285714975,1.5420602075042082,1.4993635212090373,0.26535073778682916,45.150727526349485,88.3535416450591,149.935859193577
1479225,7359,0.20868373544112387,0.7205693165784791,3.292818350346602,1.5091631999658723,1.9783802806156214,0.2625977885564289,41.285580686572956,86.46868195450239,197.83708951832196
1479226,7359,0.16027734212153916,0.5695752078095058,3.279216053226758,1.4831392058278419,2.036111471196801,0.2591400361728584,32.63425552277149,84.97761692432005,203.60988946357404
1480426,7365,0.9052173589105168,0.5746597556541625,4.954619957136491,1.8473428167757961,0.36373118530227233,0.21362878972983118,32.92557865500266,105.84494671506245,36.373078750447036
1481172,7369,0.529574953272207,0.5740779687573229,3.3554024589709153,1.9339739480568823,0.6211064910999348,0.33023920658285993,32.89224472123773,110.80854491191245,62.110532999089564
1481173,7369,0.6526957401037246,0.640143060437522,3.2428207254364856,1.9466538122513697,0.561938631312205,0.34394453691576926,36.67749564765799,111.53504761505563,56.193777897265605
1481174,7369,0.7559568310633074,0.7109536660770431,3.0596524021607894,1.9682805723213765,0.5388488109753942,0.3685849060611615,40.73464449556782,112.77416969160907,53.884810530068464
1481175,7369,0.8368342855131514,0.7797152402930227,2.8543303311635344,1.9918036142392928,0.5338499238182446,0.399820367912617,44.67439249081903,114.121940714815,53.38492922585653
1481176,7369,0.963590040084561,0.8522246260790101,2.6959020699009795,2.015710417339853,0.5067390875108866,0.42839723480746517,48.82887427144199,115.49169963412736,50.67385668836954
1481226,7369,0.872722399696863,0.694069696943238,3.1838876706208223,2.0404046889809684,0.455669109454685,0.3671818509455629,39.76726432277163,116.90657717731288,45.5668592552745
1481227,7369,0.7470278000531665,0.6228936912085715,3.206002680550666,1.9890488621096125,0.47774900895639044,0.3554710212192775,35.6891795915763,113.96410504417965,47.77483758194634
1481228,7369,0.6232120507437058,0.5567130009216813,3.22689550895477,1.968296081967782,0.5118210535722082,0.3494846909868933,31.897305352875048,112.77505832888984,51.182024052305515
1483584,7381,0.7167858170333519,0.5833120164756036,3.8386334151294714,2.1926300644512797,0.46626642747168245,0.32727388842116056,33.42131668331763,125.628448726556,46.62657834813742
1483585,7381,0.8989494829728895,0.6522797925914828,3.760852484102545,2.1726080847454106,0.4157394766814531,0.3309921726180813,37.37287917716067,124.48127379191311,41.57390188341193
1483640,7381,0.9305919886213793,0.6569080712167952,3.578381911205245,1.9369855009037815,0.4044528651069468,0.31014323407502725,37.63806000880167,110.98109417982039,40.44524348346996
1483641,7381,0.7796103178934282,0.5967689230783987,3.5520155366769144,1.8897412315920161,0.43858244835403937,0.3048246707235633,34.192340636959514,108.2741969420768,43.85818914141721
1483642,7381,0.6527835096424917,0.5303584360662416,3.545547931433294,1.8427065679707946,0.46550348011844234,0.29777995099703175,30.387300015754544,105.5793092257633,46.55027741451257
1488063,7403,0.8946375624976444,0.6579401949317631,5.581395967952827,1.9445372844637725,0.42136835630949276,0.1996163324474768,37.6971963416047,111.41377950560415,42.13678900265822
1488064,7403,0.7570925804669997,0.5911171920626234,5.804564851799884,1.8941457152489996,0.44734977900023015,0.18696759852021758,33.868520302812406,108.52655526655629,44.73491940312215
1488065,7403,0.6258937732575689,0.5240982056130649,6.0066157793819634,1.8455824827134477,0.4797717445877046,0.17604603109405315,30.02861523200825,105.74408700275677,47.97709857156906
1493691,7431,0.9252940048755399,0.6450072793807796,4.740662601749699,1.911967800885539,0.3993994802690383,0.2310809575103226,36.95619486373424,109.54768555565073,39.93990529399341
1493692,7431,0.7258538044213305,0.5687828271477673,4.79089700336506,1.8682997988292862,0.44897271058727944,0.22343559679833613,32.58885545508609,107.04569333805884,44.89720982292972
1495641,7441,0.30128133003929936,0.6823837553242212,3.0239325580890486,1.9539413290614718,1.2977142621333855,0.3702218520109154,39.0977091883657,111.95259157140512,129.77099979034875
1495642,7441,0.44451542926181953,0.7519447870362242,3.155206838335676,2.0174125727873573,0.9692185899231076,0.3663443682569215,43.083262724039145,115.58922595734457,96.92164313383155
1495643,7441,0.5830494671416692,0.819475644880807,3.232871333015545,2.0227788718662376,0.8052917926555858,0.35849460108135234,46.95249586543167,115.89669224616935,80.52904252973214
1495644,7441,0.7475950741307122,0.8863829485630148,3.2786926977945856,2.0297075826325313,0.6793249857183743,0.3546952657505065,50.78600198502229,116.29367813054483,67.93240861259885
1495645,7441,0.9105433475688935,0.957265517241169,3.2835705178897876,2.0361517670313605,0.6023576313572401,0.3552928183149948,54.847274011326725,116.66290269900179,60.23569764368547
1495701,7441,0.8852786326358073,0.5755039850050973,4.698275218754656,1.9603557517350634,0.37246972699551917,0.2390666903275204,32.97394943375229,112.32011091861494,37.2469310466079
1495898,7442,0.9352969159533588,0.8188181279680339,3.149159607010608,1.9695847143794376,0.5016035188349462,0.3583460518096735,46.9148229213713,112.84889152742149,50.160298789450984
1495899,7442,0.8451922392916584,0.7496436102743829,3.3457762062656475,1.938391321089072,0.5081851501083797,0.33194581634976206,42.951415007672054,111.06164174319183,50.818455485598626
1495900,7442,0.7506087325887489,0.6803166556280167,3.53632288731714,1.903678193745698,0.5193021462220933,0.30843542634487714,38.9792730999404,109.07272605271632,51.93014613000858
1495901,7442,0.6505802840319292,0.6145986972482191,3.6437581548508415,1.8421615470127422,0.5412692602219115,0.2896681861142158,35.213911446561596,105.5480818251207,54.12684365637756
1495902,7442,0.566609938892817,0.551139865612144,3.7666488811362253,1.798582740194088,0.5573143973678565,0.27358854806111244,31.577988220983226,103.0512001181959,55.73134236110588
1497310,7449,0.866094699213872,0.6030345568833995,3.864322598062623,1.7975429843696258,0.39893252599732143,0.2665192245669284,34.55133500996055,102.99162649773007,39.89320699932088
1497311,7449,0.6925325205347506,0.5410477628218385,3.7767660169393276,1.783813656553305,0.44762883991528235,0.27061510622920354,30.99975332468652,102.20499395830332,44.76282000147744
1499923,7462,0.8776004831729626,0.5603970584896726,4.39497126133118,1.9314117291096191,0.3658656365029649,0.2517917268354016,32.10838630300418,110.66174058004582,36.586522377920915
1505552,7490,0.8599290013285702,0.5357127428394127,4.596052818786354,2.0098030034790657,0.35693736101139245,0.25054809864419,30.694079196075563,115.15322975206718,35.6936950084937
1505895,7492,0.6030718910116611,0.5512980662351178,3.803400790013879,1.9765384285486651,0.5237692619405457,0.29775276379193405,31.587052448995962,113.24731000125854,52.3768402124797
1505896,7492,0.7739047796465922,0.6208804029287116,3.7824490519459686,2.0142178566967073,0.45966670766364104,0.305109679783062,35.57382667019717,115.40618220860779,45.96661196462718
1505897,7492,0.9576063131993944,0.6966344485428458,3.742636784415901,2.0519860801486556,0.4168123455113985,0.3141371938295716,39.91421376492859,117.57014201211145,41.68119145996705
1505952,7492,0.9773761054980823,0.6241244108065442,5.71229909941739,2.112585359827916,0.3658744475465376,0.21189756114086145,35.759694630304175,121.04222497926597,36.58740769467956
1505953,7492,0.8116023754346462,0.5582340825461579,5.977219618428304,2.05875881583103,0.39409022797688653,0.19734625547545084,31.98445691025246,117.95819118246915,39.408974726261455
1510774,7516,0.8670277405397401,0.6630756480333304,3.5198948414043483,1.315881227803736,0.4381801632826809,0.21419515035673992,37.99143613021188,75.39444069364691,43.817966295513536
1510775,7516,0.7613831597750732,0.598931450637792,3.5842507597541617,1.2623346051760724,0.4507092578541122,0.20178957850893572,34.316244339193474,72.32644520990208,45.070867181333426
1510776,7516,0.664746657986193,0.5300323093326397,3.6582056519217905,1.214399085432908,0.45684492744179556,0.1902023797188587,30.36861433033277,69.57994223985273,45.68442470686152
1511521,7520,0.5436386321835481,0.5535502892784924,4.8444963699894155,1.7824625408175199,0.5834039904984378,0.21081155339666546,31.716095323903435,102.12758072900913,58.340292808518385
1511522,7520,0.7225986378882654,0.6280075496565822,4.847537802562684,1.8057926960920327,0.49795529237190767,0.21343680887540406,35.98218209767463,103.46430016162358,49.79546101466288
1511523,7520,0.9055901950579843,0.7026246024436835,4.800076254494474,1.8156308061975097,0.44454350408419846,0.21672151986111882,40.257424302080416,104.02798234905242,44.45430181054572
1511581,7520,0.9369589732897522,0.5882352860579109,4.352742923838698,1.8856903148707764,0.359710508708216,0.2482161206232965,33.703399251788966,108.04209651079078,35.97101286349858
1511925,7522,0.6509179333819188,0.5413938602127277,4.519059179956334,1.8108073045212594,0.4765513619630634,0.22958676064946942,31.01958324448496,103.751616060529,47.65506371633623
1511926,7522,0.813498880949663,0.6093452352589053,4.446596644016975,1.8353605856729058,0.42916973379010814,0.23649191421200355,34.91291024674151,105.15841544371645,42.91692115060287
1511927,7522,0.991587542412563,0.6756382149984547,4.390624790062202,1.8607843182296997,0.39039637098084157,0.24282441081547135,38.711218197163966,106.61508801869009,39.039598120989254
1511984,7522,0.8783738100286469,0.6125663645451469,4.66013050531542,1.6411144927927293,0.399573240456603,0.20177317743731008,35.09746736010914,94.02893413477615,39.957279010499505
1511985,7522,0.7366642038671984,0.5467600902698458,4.665203218193355,1.6554482190402022,0.4252554283070079,0.20331417842687186,31.327045578654076,94.85019615345223,42.5254856808759
1512069,7522,0.8668454266715911,0.5937349595175351,4.410488215493675,1.9109068059048444,0.39244028855185215,0.24824212065301968,34.01850732972555,109.48689502117236,39.24398403572542
1512070,7522,0.7470943443750573,0.527778703011467,4.442504566873117,1.892345113689871,0.40476135340014496,0.24405914843862245,30.23949219944557,108.42338839663356,40.4760817037895
1516202,7543,0.9117020487731355,0.5637552003703937,4.210238134156255,1.8954713543532073,0.3542911124193615,0.2579486125817455,32.30079365977563,108.6025087923849,35.42907277017697
1518356,7554,0.872984857861414,0.5715675888170617,4.9573692371204405,1.7771318779451066,0.3751314799523566,0.20539554584028136,32.74841054568647,101.82215624441275,37.51310545386322
1518413,7554,0.99070460989359,0.8102643544550214,4.21590171471872,2.027494779897677,0.4686031221409999,0.2755445962884564,46.42472780016489,116.16689387294268,46.86026538716308
1518414,7554,0.8805371221601298,0.7382059454739902,4.275682084602572,1.9619468910185525,0.48034413930237835,0.26290840618407824,42.29608508712421,112.41127648417634,48.03435992454677
1518415,7554,0.7830719614562397,0.6724184031184115,4.353847291740214,1.9060099017614553,0.49199483534016897,0.25082717769506235,38.526736565611415,109.20632308107605,49.199421333569305
1518416,7554,0.7055788857109541,0.6041938038227409,4.440068014524114,1.8500438242879587,0.4906291157152143,0.23873441231185538,34.61775496699828,105.9997030459425,49.06284273129023
1518417,7554,0.607910718076204,0.5342884426109437,4.464232935591138,1.7935651025473,0.5035685568685567,0.23019343280327273,30.612472804224765,102.76371065790899,50.356773679410104
1519822,7561,0.9752517531086657,0.6136367202021242,4.266958324624661,1.8788505014250574,0.3605099273008378,0.25228791946280765,35.1587942218319,107.65020406769425,36.05095613394735
1519823,7561,0.7857181400646154,0.5571600553742962,4.230568728554168,1.8540999739983528,0.4062897068573147,0.25110596203603347,31.922919686222414,106.23210330542129,40.62891949354468
1521570,7570,0.3784113586012573,0.5932970186577905,3.8624790206515596,2.127915443186739,0.8983190777919167,0.31565368533468396,33.99341516678585,121.92057405531025,89.83167276152727
1521571,7570,0.4661206664649344,0.6621633971993587,3.927564759154772,2.1914170298076256,0.8139344578167864,0.3196865089206212,37.93916800756801,125.55894696107147,81.39327290940705
1521572,7570,0.5669607529717496,0.7328617601735108,3.9111947360096124,2.2435003621800416,0.7406136115024797,0.32865431264994877,41.98988582447089,128.543102088988,74.06123182803681
1521573,7570,0.6963755508101741,0.802792458107042,3.801669125772919,2.227150901383273,0.6605145594275779,0.3356587394396563,45.99661967446646,127.60634698801856,66.05136204105861
1521574,7570,0.8355913390859139,0.8688345359858904,3.6810135173914125,2.200771617356561,0.5957523622241382,0.3425549088814937,49.780552007198764,126.0949253467111,59.57516563837289
1521575,7570,0.986457741120516,0.9442708312607948,3.539790510566787,2.1809722702738426,0.5484546427568565,0.3530166703247404,54.102733348553464,124.96050632175667,54.84540923333327
1521629,7570,0.9468427975369812,0.6082214118788936,3.9612333870870624,1.7206088793676488,0.36804968715768194,0.24887103863406548,34.84851991014872,98.58362698050047,36.80493023326546
1521630,7570,0.7683388008919512,0.5403039322879031,3.956395026996091,1.6976412165217871,0.402909947220829,0.24584925399159344,30.957134974419056,97.26767683415316,40.2909428074421
1521831,7571,0.8907612197133408,0.7200661227364077,4.755640340410273,1.8096666695114836,0.4631628367617917,0.218027972783011,41.25674980314529,103.68626248850398,46.31623219990433
1521832,7571,0.7485146219387646,0.6513193674430726,4.815320299172779,1.7700774517677966,0.4985587358921727,0.21061520498309036,37.31785086961854,101.41796739756629,49.8558076489571
1521833,7571,0.613073543600848,0.5887947484343232,4.922547891350475,1.7560308476619357,0.5502676454825157,0.2043924371730474,33.735454084753755,100.61315626580932,55.02667569038352
1521834,7571,0.4875593449070951,0.5252652808167052,5.0091735717340145,1.750825068878715,0.6172681010558383,0.20026234961841,30.09548371555121,100.31488711245203,61.72668476819197
1525993,7592,0.6410882935437398,0.5321419480135446,3.452205896912828,1.9618230130997998,0.47558951792615184,0.3256010268019487,30.48948772304617,112.40417880225694,47.55887834986275
1525994,7592,0.8004606648151096,0.5975090236682425,3.508087402630041,1.997475015386608,0.42768803458183946,0.3262372757658284,34.23474527717271,114.44688806448181,42.768750562314864
1525995,7592,0.9848078923906366,0.6593891937788066,3.6155112822971316,2.0026017812463284,0.38363032798932206,0.3173565806729774,37.780217860059615,114.74063011079555,38.362994233680844
1526053,7592,0.9959513688303139,0.8886246405935446,5.127823419972497,1.7157325721237715,0.5112141271106604,0.1917075275666122,50.91444147733976,98.30423515581722,51.121361895183504
1526054,7592,0.8451659135518709,0.8204864669240146,5.236340476551153,1.6598695892995043,0.5562270128542524,0.1816221123382555,47.01041170234625,95.1035220089749,55.62263613087009
1526055,7592,0.6951638464909049,0.7534354924578405,5.346746115985248,1.6152377707685752,0.6209855913842353,0.1730890246039227,43.168673853195024,92.54630717515889,62.098470702459224
1526056,7592,0.522327404981381,0.6895630617574248,5.391713285137761,1.585939171418671,0.7564039721757229,0.16853199736845972,39.509053146819376,90.86762108676464,75.64025385184196
1526057,7592,0.3703709822178513,0.6225325601752334,5.480116907818323,1.5717418159861039,0.9630475673574003,0.16432892562460633,35.66848830751483,90.05417254023142,96.30449931424556
1526058,7592,0.25701927951410064,0.5517816813524843,5.666988961464557,1.5457304889542027,1.230054040453463,0.1562802287559081,31.61476155412979,88.56383328176894,123.00493024868625
1527401,7599,0.8726855411752148,0.590548113696718,4.107387173707101,2.2431774168290106,0.3877217225456317,0.3129108431588408,33.83591451423383,128.52459868336055,38.77212827032745
1527458,7599,0.8157981835241136,0.7439566256996502,3.7206605967956765,1.8251519565519692,0.522501460921952,0.28106165848471104,42.62557479338387,104.57350408047243,52.25008268486938
1527459,7599,0.6660620537446139,0.6801405487054643,3.7184714793331866,1.8185909150957151,0.5850683447943215,0.2802161705279174,38.96918291653511,104.19758409581871,58.50674751804642
1527460,7599,0.5473375287209079,0.6173600794510581,3.698306869439463,1.8077804417136245,0.6462580124701325,0.2800692126776275,35.37212699240681,103.5781895964864,64.62568435492567
1527461,7599,0.43410064794948106,0.5511604040586665,3.6737122290213584,1.796971379875627,0.7274618088913789,0.28025841240113153,31.57916498728672,102.95887597267323,72.74601498624529
1530414,7614,0.2707336129911355,0.6882855070138357,3.4716021654483282,1.8667010696978577,1.4566293693490016,0.3080828029854289,39.43585465191481,106.95409290624337,145.66240428668806
1530415,7614,0.4148183323755673,0.7457519967107671,3.566308093324316,1.928025552600214,1.0300518952533595,0.30975373904009756,42.728441974981,110.46772695737056,103.0049436950921
1530416,7614,0.5553108938014861,0.8062335452112819,3.644056361406935,1.933266786885452,0.831854356293889,0.3039690286640311,46.1937794424763,110.76802756135397,83.18528732789889
1530417,7614,0.7076444048093222,0.8656562895839277,3.686267670623859,1.9439998162092404,0.7008951228065324,0.3021565292950915,49.598451902113666,111.3829848429972,70.08941422502159
1530418,7614,0.8927846103882509,0.9322652192490398,3.7318424383250344,1.9599616882044195,0.5982950560525951,0.3009171322113333,53.41486244980834,112.29753274144902,59.82943926098843
1530474,7614,0.9106729807129751,0.5813247220870832,4.752782978250726,1.8833732778296346,0.36574548100003096,0.22704453440041072,33.30745310220538,107.90934006735787,36.57450833955821
1537310,7648,0.8673469960291347,0.7504619924422413,4.339617519305166,1.8320691394864692,0.49574512338231064,0.24188728329140646,42.99830485191911,104.9698294687392,49.574455753368426
1537311,7648,0.7258039779089324,0.6833160893060432,4.397640922028457,1.8121751122911296,0.539417372222169,0.2361038276606979,39.151127990620715,103.82998567292776,53.94166364553792
1537312,7648,0.5798089268202853,0.6166159416023088,4.426199874576816,1.7934376255433602,0.6093298807715358,0.23215491718224265,35.32949103429753,102.75640676359826,60.932884036751005
1537313,7648,0.4333122032340079,0.5510766010736882,4.4324973342688265,1.7799637904911694,0.7286746707249008,0.23008341564629947,31.574363429936863,101.9844128812523,72.86730059061999
1541731,7670,0.9078449190073694,2.1750403331186043,4.585559099008753,0.9689633076171305,1.3727083489322778,0.12107031380410911,124.62063135842469,55.51750802949807,137.2706852002857
1541732,7670,0.5361925206890102,1.6663813734100545,4.602797526909624,1.0304908663745036,1.780640614909757,0.12827585179790635,95.47661975560979,59.042777470038736,178.06373272269693
1541733,7670,0.2344354826556874,1.1071051390678404,4.631054593574373,1.0992447050759484,2.705752922787754,0.135999437804822,63.432451945831325,62.98208225295475,270.5741496684772
1545087,7687,0.38622950316721055,0.6390203966759022,3.3857810017076218,1.8731553793772275,0.9479641121172928,0.3169841677280032,36.61317175230489,107.3238976105417,94.7961682261382
1545088,7687,0.5189842284472193,0.708827078819726,3.4977699041322903,1.9313633035284514,0.7825439967593075,0.31637005496422477,40.612800020957245,110.65896599862444,78.25425040028391
1545089,7687,0.6200195334610465,0.7806684997396087,3.4875453281525313,1.9817161603015907,0.7214129087642144,0.32556988130310605,44.72901023388938,113.54397217815205,72.14117568688478
1545090,7687,0.7508717687159366,0.84814008407522,3.386638317578151,2.0161705763557998,0.6471790341685607,0.34109950230869546,48.59484725338091,115.51806480364601,64.71781808851944
1545091,7687,0.8761136007071662,0.9164094913971642,3.3248292846831244,2.042507659144708,0.5993103579386997,0.35197917883868524,52.50639616278783,117.0270684921371,59.93096807244928
1545145,7687,0.9544390775070405,0.7885329683538981,3.560461463390097,2.011515827669693,0.4733629593021881,0.3236978358299755,45.17961109360127,115.25136734923802,47.336246830297206
1545146,7687,0.8230809495916834,0.7226521422933032,3.598199741072584,1.9905615009634339,0.5030479362568899,0.31696620742757214,41.404917809493696,114.05077286643112,50.304733119264675
1545147,7687,0.711968588975471,0.6575391396645152,3.635073995794582,1.9781268562555456,0.5291556063238383,0.3117909567295043,37.674217567439904,113.33832020492443,52.91548705282953
1545148,7687,0.6234459620241671,0.5896093882705409,3.6767322298032297,1.967836601352741,0.5418613805380835,0.3066547267388554,33.78212950919226,112.74873202887993,54.18605200915669
1545149,7687,0.5328320880953807,0.5236386747802878,3.718897743368358,1.9612323900265691,0.5630720476858991,0.30216033363944833,30.00228605473399,112.37033859287779,56.30710015021322
1546298,7693,0.8716847313853869,0.5703197343857633,4.00325831636064,1.9661539387423237,0.3748707784122992,0.2814015818593718,32.67691375332637,112.65232256295855,37.48703526601533
1546351,7693,0.999640651381658,0.6234891691927139,3.6493192231632605,0.8696797786547377,0.3573613934179657,0.13654322261523805,35.72329796686061,49.828980844788084,35.73610395033614
1546352,7693,0.863230578532646,0.5596041899706048,3.690619787816889,0.8315801326517982,0.3714298208275348,0.12910035316035867,32.06295828315281,47.64603192787718,37.14293948520124
1546497,7694,0.9959025135554119,0.5307997116495002,3.8073602980307135,1.9852111216152686,0.3053771079493131,0.29874823895986713,30.41258324427744,113.74421871098728,30.537680438241857
1546555,7694,0.8994333658601317,0.5685739152516519,4.940676777200999,2.085606047207178,0.36219342710064767,0.24186246010160675,32.5768856851486,119.49642423193363,36.2193028437325
1547758,7700,0.903482927124154,0.6456953905816125,3.0484320866125323,2.057433969883941,0.40947780208375767,0.38669807745492724,36.99562073137764,117.88228310119592,40.94773533950628
1547759,7700,0.7279376766302372,0.57711639671637,2.9840473786005526,2.0547394223203668,0.4542467635205984,0.3945242201844438,33.066333819645685,117.72789689810588,45.42461457428785
1548705,7705,0.2694562361068994,0.6385957172103239,4.135992584803365,1.714613297175429,1.3578768330634936,0.23752485811651475,36.58883941128139,98.24010542516248,135.78718441528818
1548706,7705,0.42835352680968153,0.7130809841846508,4.281969453947613,1.776760751558165,0.9538039804482379,0.23774315329872356,40.856530844815495,101.80089226877506,95.38017760453856
1548707,7705,0.5968340862678382,0.7874226544075007,4.313519449934439,1.7884875219947824,0.7559218729737537,0.23756189736459313,45.11599479053818,102.47278672211203,75.59206190885993
1548708,7705,0.7396331145372153,0.8682456777961004,4.194909278504807,1.812979686346866,0.6725876825665212,0.24762414924030876,49.746812918192084,103.87608437062717,67.25867823081467
1548709,7705,0.9232108576450914,0.94429932361441,4.107014309528338,1.8369001638922562,0.586045590842885,0.25626067646631034,54.10436584016401,105.2466267779155,58.60449624008539
1548764,7705,0.8790471281445632,0.6300676287253626,4.291220468014223,1.6787000423599236,0.41067440376379627,0.2241376969289746,36.10021593377899,96.18242749565614,41.06739412548087
1548765,7705,0.6964879072163206,0.5528588897387571,4.285023276695733,1.6146634772145871,0.45480302335928385,0.2158994161491541,31.676481048319317,92.5134025783138,45.48023768953007
1549569,7709,0.9611739349590878,0.5800147783671792,5.591163664639288,1.8557179844540617,0.34574802021989626,0.19016579492747718,33.23239885565521,106.32480847574145,34.57476641030984
1550315,7713,0.7786147706412082,0.5570519448620771,4.781555981446949,2.366629771125949,0.40991676761988854,0.2835852969160683,31.916725410151262,135.59789755552885,40.991624641595806
1550316,7713,0.9588465988037838,0.6213151212922953,4.729819238135149,2.341512762997795,0.3712662053643681,0.283644663691293,35.59873419770735,134.15879899578985,37.12658220359395
1550371,7713,0.9538326639933339,0.8432853376648847,4.61047098725782,1.508703778133591,0.5065531103183836,0.18749138444620955,48.316690773462405,86.4423590224965,50.65525845583919
1550372,7713,0.8281668815513703,0.7714246807834108,4.653577675808227,1.4439410209229258,0.5337013453691607,0.1777809074016269,44.199378421116215,82.73172636469495,53.37007073773432
1550373,7713,0.7125091669129124,0.7058652960727246,4.788548187737879,1.3874254043461658,0.5676151785854491,0.16600776848360838,40.443102369719405,79.493620058267,56.76143899103494
1550374,7713,0.5937014910465324,0.6476263704642338,4.928209362612517,1.3403100060386999,0.6249985500048154,0.1558255763481528,37.10625772897651,76.79410658517139,62.49975078185792
1550375,7713,0.48429980011349305,0.5826254784200892,5.073666983819242,1.2910379764446622,0.6892833788730712,0.14579401314966292,33.38198095026153,73.97102724138934,68.92819698509409
1551980,7721,0.9398943152230856,0.6965082726810425,3.943581313130185,2.0713787213511363,0.42459011986372874,0.3009479170887817,39.906984420570836,118.6812585066251,42.458967263922204
1551981,7721,0.8099119434698645,0.6317634933281085,3.9628099130332273,2.007448531559209,0.4469298380282371,0.29024437377011414,36.19738181814196,115.01832844807733,44.69292917219418
1551982,7721,0.7003908451530716,0.5646154384557702,3.9819216638057493,1.9479569425915764,0.46188612306158605,0.2802910770895028,32.350081671444116,111.60971148370491,46.18854701881053
1554132,7732,0.2520641241080909,0.6943573160687448,3.5265510975804886,1.8209279092363664,1.578318304805325,0.29584566000634266,39.78374368477042,104.33148399682483,157.83121058711123
1554133,7732,0.43473285369591474,0.7602486798983837,3.6928615710474464,1.8780062112485778,1.0019725761758425,0.2913779123380448,43.5590407385697,107.60182980389762,100.19702944284192
1554134,7732,0.6144538019601189,0.8283783084231342,3.792389391690776,1.9256037863731117,0.7724352911315743,0.290922050157618,47.462580912832,110.32896997359028,77.24340465958724
1554135,7732,0.8004444717208579,0.8904433802268074,3.84752306877071,1.9453142204524316,0.6373789656551199,0.2896884368899413,51.01864758235888,111.45829465870614,63.73781773376162
1554136,7732,0.9863685501885366,0.9541473716011198,3.867945744302882,1.968537137471043,0.5542412809243972,0.29159889242599524,54.668617426244786,112.7888697918551,55.42407246431656
1554194,7732,0.884937325155562,0.7977109751622471,4.982454926032564,1.7591598665543384,0.5164825839337821,0.20229472646795243,45.705472148062,100.7924358423607,51.64820061333371
1554195,7732,0.7176368117498272,0.7310311185891559,4.994835474383174,1.699823952855771,0.583651737459029,0.19498687938449208,41.88499778788621,97.3927384138803,58.36509322962984
1554196,7732,0.5349774580494392,0.6662447893053296,4.947619869193124,1.6443899777038564,0.7135443421376103,0.1904281409981878,38.17301454977815,94.21660559604251,71.35430216939773
1554197,7732,0.34955266434972454,0.5983852954539072,4.8828738566403755,1.5898572633515315,0.9808236202448815,0.18655429918147168,34.28495195219769,91.0921112182618,98.08208423727459
1554198,7732,0.2431116009664058,0.5279216017255958,4.926535711672516,1.533555881374836,1.2441890197026726,0.17835307529326794,30.247679692662995,87.86627965024323,124.41839531321838
1554882,7735,0.9051302754712447,0.957954489142801,4.1591143606283385,0.6884262091285684,0.6063961185976365,0.09483729653555684,54.886749193493344,39.44391628925756,60.63954553433951
1554883,7735,0.7913561499588406,0.9494190958151345,4.245860112482267,0.7162512303070812,0.6873985435605027,0.09665455616483246,54.39770717933393,41.038172567648466,68.73976836143227
1554884,7735,0.6796441168302558,0.9454682984052067,4.409680684006511,0.7688993176448768,0.7970545322694061,0.09990448023009456,54.17134316203385,44.05468577154031,79.70533712458551
1554885,7735,0.5678586900647877,0.9433996788274271,4.568661008326526,0.82223293951255,0.9518709493161236,0.10311659591667609,54.05281999080894,47.11047721070462,95.18692898353464
1554886,7735,0.47825380502586007,0.9337194926811272,4.736933246684778,0.8735049355506912,1.1186149383216568,0.10565516438356708,53.49818617972495,50.04814619090159,111.86126227593722
1554887,7735,0.39032216818451837,0.9217823547709257,4.896686952973931,0.9283198184169712,1.3530934574011761,0.10862202962090099,52.81423855800479,53.1888076336434,135.30900254693003
1554888,7735,0.28790199380079545,0.918017000117095,5.045176658177009,0.9875143323231854,1.8269584418858085,0.11214751667208182,52.59849962797034,56.58040345079794,182.6952159600121
1554889,7735,0.27803439463752727,0.9095088429205589,5.229553220686204,1.0559872024118637,1.8742651002890078,0.11569556183690992,52.111018129174965,60.503609918026775,187.42584265975103
1554890,7735,0.2702269844835822,0.8907804818244661,5.419594937718079,1.116904644660894,1.8887070175467868,0.1180787916347379,51.03796208117185,63.993922257628135,188.87000981303876
1554891,7735,0.22676047077614095,0.8649888776742686,5.594068898389887,1.1476365941162565,2.1855753633464694,0.11754365978404731,49.56021201649343,65.75473325762978,218.5565821515565
1554892,7735,0.20086868788272533,0.7697187833418068,5.721306540675316,1.1792706825472195,2.195545555991921,0.11809755763828503,44.10163769743014,67.56723301346759,219.55347350954318
1556804,7745,0.9440385430379064,0.6203341946163584,4.089663712265185,2.2005082419087603,0.3764944887556644,0.30828900273319193,35.54253123916437,126.07983504512475,37.64940939315846
1556805,7745,0.8170955960235247,0.5523897364268615,4.137492328373757,2.1522452448061014,0.38734268438462155,0.298041806291197,31.649600543603118,123.31456900449027,38.73422150774926
1561628,7769,0.9991641666767798,0.6402722091329082,4.193661448357317,1.889932097271506,0.3671558306348333,0.2582114312641284,36.68489532283324,108.28513273996546,36.71554668468586
1561629,7769,0.859236540689305,0.5719618261525066,4.172618021901593,1.859630622686411,0.38139670216361343,0.25535283919735846,32.77099868113394,106.54898613321659,38.1396262724323
1564183,7782,0.3632094231131582,0.5288337172744211,4.925798142845613,2.1826680305912274,0.834227784348293,0.2538830507270447,30.299940064038946,125.05766623100858,83.42255104997085
1564184,7782,0.5300044980868717,0.5932135414113099,4.917488583761018,2.2404713848431874,0.6412894938491005,0.2610469796192557,33.98863227287714,128.36955447134548,64.12882959811515
1564185,7782,0.7049793356209656,0.658118233512502,4.867041717230869,2.3038100175779848,0.5348723680359431,0.27120907977561115,37.70739720087154,131.99859080717852,53.48716169176244
1564186,7782,0.885251314795229,0.720441276377832,4.814553411372914,2.2820679732900526,0.46628842417170174,0.2715783832640663,41.27824452346786,130.7528634314935,46.62879027095917
1564243,7782,0.9114289794900818,0.6814533013048102,4.999444739637899,2.146664857411651,0.4283866165137744,0.24601699292236115,39.04439810002246,122.99483635874026,42.838615119799606
1564244,7782,0.7788799834077834,0.6222698343993519,5.084543509515551,2.1294036705168504,0.4577526131258725,0.23995436902447093,35.65343522938752,122.00584320028166,45.77520312974588
1564245,7782,0.6603139109369464,0.5640485877671276,5.170230471110812,2.1149645654868663,0.48942786899773427,0.23437744964143753,32.317603519370806,121.17854342211746,48.942713520605054
1565650,7789,0.924498169386388,0.5452119880908589,5.7395274501133136,1.730254775853965,0.3378951581957335,0.17272553677586072,31.238345857543116,99.13629613878646,33.78947963606798
1576845,7845,0.18691701340126404,0.6724635883163602,4.219864668556574,1.9694578479707707,2.0613063906992313,0.2674057848135569,38.52932548675034,112.84162261764288,206.12954731140846
1576846,7845,0.2622295942768318,0.7407506843294883,4.237057568633787,2.0347868734775445,1.618501007945005,0.27515486371199027,42.441887883507206,116.58470005888353,161.84948976129812
1576847,7845,0.37509488999838075,0.806621544868795,4.208112042637942,2.0977158057008407,1.2321151310109477,0.28561564136392104,46.21601018530432,120.19026228454321,123.21118790585477
1576848,7845,0.5168978851241556,0.8749596589396731,4.101885528623011,2.1533122157141102,0.9698529665981316,0.30077802213808047,50.13149570144922,123.37570193438242,96.98511090695808
1576849,7845,0.6308761197569737,0.9418769397928891,3.9468085506908044,2.197271190945842,0.855406805320384,0.3189776340832849,53.96557347083009,125.89436568688078,85.540546297857
1576850,7845,0.7487694415541203,1.007696727676422,3.772619742649904,2.228292906353164,0.7710887430726022,0.33841676984090185,57.736769525002835,127.67177905297626,77.10877235640676
1576851,7845,0.8862315427975896,1.073453958737768,3.622729186947177,2.255435857803465,0.693999002214851,0.35671160771140376,61.50438133728453,129.22695561460702,69.3998226956689
1576904,7845,0.9470132772521285,0.8559532281639666,3.5040052109334536,2.1105927793035,0.517865040486352,0.3451138080572328,49.04250743439368,120.92805852487696,51.786449911501
1576905,7845,0.8322065797340497,0.7864101646045323,3.4888428634305213,2.0683784633216917,0.5414278612288729,0.3396809792914503,45.05798339802806,118.50935638408768,54.14272171424746
1576906,7845,0.720357053296784,0.7177544889669674,3.4731939546447705,2.012109258344738,0.5708877588590174,0.3319289668123756,41.12430294437644,115.28536842235172,57.08869742785179
1576907,7845,0.6153824450344945,0.6489834408217644,3.507329401026858,1.9556833840449563,0.6042423183950056,0.3194806955324803,37.18401213296532,112.05240396963852,60.424134631832715
1576908,7845,0.5226237525732959,0.5833164940236817,3.5766689461469463,1.9145055197645404,0.639495859571403,0.3066906316517974,33.421573227925066,109.69308613700818,63.94946481842693
1577650,7849,0.6545785982032377,0.5328947007013247,4.910513640655833,1.9128278337509794,0.46644691550312833,0.22318838640117736,30.532617275073097,109.59696180908301,46.64462100389684
1577651,7849,0.8248602335554659,0.591490510636617,4.907201249143421,1.9447042443052527,0.41085638623383636,0.2270608840268326,33.88990988151608,111.42334559986914,41.08558931232308
1577706,7849,0.9417979134331727,0.8699836868901979,4.096974180725187,1.4841675658733688,0.5292684583793966,0.20755936858781307,49.84639350403923,85.03653761474862,52.92679020230807
1577707,7849,0.8184773630534468,0.8016914788679352,4.078920565236631,1.433517929446845,0.5612071844988517,0.20136338940326595,45.93353821073411,82.13452721363673,56.12065056841905
1577708,7849,0.7160366074839267,0.7331371998011584,4.194969824361689,1.3802777124004968,0.5866413298840639,0.18852123042394664,42.00566735264575,79.08408747652052,58.66405187885145
1577709,7849,0.6136713115602677,0.6674379872269455,4.289723917995089,1.324760104743981,0.6231573549433808,0.1769418362188502,38.241379754810524,75.90316286913898,62.315634964174045
1577710,7849,0.5413205567556645,0.5996080425545152,4.40368558406324,1.2695979796007402,0.6346518553022424,0.16518573898083372,34.35501020047438,72.7426059094588,63.4650694614424
1577711,7849,0.4732606091238276,0.5309914004851223,4.517379842633266,1.2029471582171372,0.6428501543581445,0.15257471674187653,30.42356620553836,68.92379514309805,64.28488096015859
1579798,7859,0.8843773797927298,1.2157134837394588,4.259824961319644,0.13060734750435232,0.7876190924752409,0.017567035819031948,69.65525171541722,7.483249785397893,78.76182107905238
1579799,7859,0.2698929285050232,0.8542199855567378,4.308150325486116,0.1401071133994325,1.81343017787834,0.018633394037867314,48.943199948127216,8.027546277548305,181.34235260211236
1579800,7859,0.2316056610741354,0.8119572101866738,4.415433415804788,0.16073650352580993,2.008660715135158,0.020857574732971982,46.5217212889131,9.209523265718586,200.86521291381112
1579801,7859,0.2177664305746008,0.7631167714685809,4.483194088063084,0.18837844545777926,2.007810301965266,0.024075000189327626,43.723370280799045,10.793289875966124,200.78011741898516
1579802,7859,0.1910737963501816,0.6685417328838739,4.568426881489839,0.2105783443562954,2.0047028137602183,0.02641007654285467,38.304619722608415,12.065250388468225,200.4692426959743
1589167,7906,0.9026793126754583,0.5408783158006032,4.236035732351477,1.8142568825197474,0.34331178245744054,0.24539278854913535,30.990044725518672,103.94926232094355,34.33114059358084
1590111,7911,0.5660927424423091,0.7826287412209916,3.988082146514539,1.9522510738584131,0.7921197295697388,0.28047503208842695,44.841323797599095,111.85574708196984,79.21183442893982
1590112,7911,0.7462141953873522,0.849218390882966,4.1325126173065,2.0120950165384937,0.6520464141690766,0.2789696313695276,48.65662968248498,115.28455242696126,65.20455491023317
1590113,7911,0.934344030997048,0.9156824509161205,4.239249180965432,2.071721746696055,0.5615141479973824,0.2800045646387737,52.46473981168887,118.70091241115495,56.15135530362191
1590169,7911,0.9612046691242806,0.9228658986303437,4.257775853765608,1.9291528746556676,0.5501046987852837,0.2596010717566154,52.87632104806676,110.53231775330008,55.01041322013887
1590170,7911,0.8533000280100682,0.8563779957909691,4.3880521198042235,1.8920031852155481,0.5750245240949556,0.24704309368128685,49.066844826694705,108.4037973381595,57.502385695140354
1590171,7911,0.7460775780282021,0.7871826176881667,4.421487484208326,1.8636288735269195,0.6045248164978694,0.24149806862889509,45.10224169959218,106.77806903181236,60.452401433093144
1590172,7911,0.673288602638304,0.7216387674033455,4.507214028861019,1.853100805655612,0.6141030002455491,0.2355664813361953,41.34685570523458,106.17485517635916,61.41020972730869
1590173,7911,0.5773936161964021,0.6551192502599215,4.613016135947775,1.84107842278876,0.6500862914773575,0.22867039706995287,37.53556811766826,105.48602337839814,65.00851768403129
1590174,7911,0.47983028363065816,0.5889468663986605,4.6906621987773445,1.8275655789272989,0.703252175821822,0.22323456645412773,33.744169802098405,104.71179445591717,70.32507248542052
1592985,7925,0.92043060824193,0.5936458398270351,4.760918413544167,1.7289727615701178,0.36953791490069876,0.20807506728355418,34.01340114758839,99.06284213104652,36.95375174322367
1592986,7925,0.7602485465338881,0.5283457158031939,4.767721816400238,1.7067283445165216,0.3981852958374158,0.20510494210183297,30.271979639341453,97.78833091614662,39.818477731893104
1593127,7926,0.5407360661917526,0.5801689121302744,3.5176279551706715,1.9944250813725501,0.6147403795187734,0.32485567220050954,33.24123006976104,114.2721397176829,61.473925403096466
1593128,7926,0.7198356275374231,0.6510151117146308,3.623855561807416,2.0366123824573203,0.518179655957183,0.3220031585328566,37.30041830048614,116.68929401888792,51.81789432984494
1593129,7926,0.8947636382597651,0.7175188305819442,3.6541110661594858,2.0533676026603356,0.4594598896978499,0.32196420680507565,41.11080071350774,117.64929742133302,45.94593813347884
1593186,7926,0.8910088374161658,0.5345223986277041,4.856551691206692,1.891755977010929,0.34372136242405155,0.22318229068670797,30.625877496576834,108.38963335137382,34.37209805156432
1597406,7947,0.9538490089596229,0.6945335893637113,4.4129423408058175,1.958043666163967,0.4171922663821219,0.25422411909149956,39.793843400612865,112.18763817351802,41.71918333786729
1597407,7947,0.8368195035652475,0.6257082048124195,4.517907749307921,1.9316535650603286,0.42841304201570407,0.24497090833990365,35.85043934245894,110.67559675935601,42.8412535181909
1597408,7947,0.7069494092058876,0.558077018594103,4.595570529129416,1.906430805815218,0.45230191778930845,0.2376863507520639,31.975457808686066,109.23043910693659,45.23012843942459
1600018,7960,0.9512371942133905,0.6970351192124541,3.9768477425547437,1.8859134253440368,0.41984449647653543,0.27170987305173766,39.93717050327182,108.05487979927378,41.98440595238836
1600019,7960,0.7956624127669212,0.6284746304983361,3.9947526243782,1.8475303856809235,0.4525655960146668,0.26498685478223866,36.00894385859855,105.85569362169414,45.25650329123136
1600020,7960,0.6472878564030112,0.5618705946024973,4.040973010880279,1.8097430308630065,0.4973492533102021,0.2565981933952045,32.19281370322915,103.69063767166416,49.73484926362681
1602573,7973,0.4536332361271303,0.6459931948110621,3.2365099152424266,1.8982716826420747,0.8159164693690347,0.33605012280764546,37.01268365684625,108.76295578458809,81.59146887333588
1602574,7973,0.634328401327176,0.715195307221385,3.3966829394615083,1.9608808732973024,0.6460009026808677,0.33076445414392874,40.97767263134765,112.35019816786256,64.59998944651169
1602575,7973,0.8144701103975848,0.7892502538152052,3.4988880033965124,2.012985748995861,0.5552162981886395,0.32963497887285276,45.220708523240255,115.33558763744372,55.52156233161631
1602576,7973,0.996202574809098,0.8641941445952458,3.5965939160799096,2.0443389543494317,0.4970342169380586,0.3256747811562863,49.51467716522599,117.1319939784103,49.7033722998981
1602633,7973,0.899880889154944,0.7286796480749256,5.517970566420256,1.9217573571621407,0.4639532686045232,0.19954543846994915,41.750268451771355,110.10858581360581,46.39527581889436
1602634,7973,0.7660163097108037,0.6601681065217319,5.661667358320638,1.8953718042482635,0.4937864285596202,0.19181064150671484,37.824846272838194,108.59680499152154,49.37857903905369
1602635,7973,0.662202816779023,0.5894260941353702,5.818977115851273,1.8790850815021618,0.5099891779849962,0.18502159776116978,33.77162752883748,107.66364451607019,50.9988415547098
1603579,7978,0.4590362571136732,0.5638858566154896,4.349543301098529,1.8691849809138148,0.7038284777439167,0.24622449502302912,32.30827971118665,107.09641053560293,70.38269598057055
1603580,7978,0.6498314692020694,0.6293406257618795,4.4253368439568375,1.9319160000879827,0.5548909661402424,0.2501292824293475,36.05856173227791,110.69063317883699,55.48901207807343
1603581,7978,0.8333490553402685,0.7000071927589799,4.4717851788078535,1.9804774995288783,0.481280407478633,0.25375324921159353,40.10745777389023,113.47300214362721,48.12798357289818
1603637,7978,0.9880999567499539,0.5628700320028688,4.978574766312155,1.8159599433635663,0.3263847620017083,0.20898920914997351,32.25007724815796,104.04684051954835,32.638443498966346
1604242,7981,0.8613313267503251,0.6068505208874286,4.518850169276901,1.9138664865192059,0.4036771003055247,0.2426645449144521,34.76997364216527,109.65647222908196,40.3676636326272
1604243,7981,0.6741066771831683,0.5399517925178626,4.505051919401181,1.8697800171807324,0.45893267994522713,0.23780081846158538,30.93695885179703,107.13050360235452,45.89320059529725
1604442,7982,0.8784082325772994,0.6665555476119318,3.9117983310901727,2.079905735029033,0.43477301143191766,0.30464203420314256,38.19081968919509,119.16982040221889,43.47725214265018
1604443,7982,0.7405457029259717,0.5946111133727238,3.9629247916698054,2.0151629682090983,0.46004867293368074,0.29135130967104655,34.06870724783197,115.46033310943702,46.00480579175252
1604444,7982,0.6308739751050414,0.5252998534127651,4.061991395743671,1.948384761804932,0.47707569641472825,0.27482634148652707,30.097464579392252,111.6342237190248,47.70749477641111
1605445,7987,0.9549547575523228,0.6768226512987958,4.184412861393676,1.9197655865331495,0.40608291320092155,0.26286714323716176,38.77908139827561,109.9944657628065,40.60824922158854
1605446,7987,0.8141196067846701,0.6108460553198357,4.15340006932458,1.8799363015040402,0.4298987541937391,0.2593355173410864,34.99890090204139,107.71241582961494,42.989823142135975
1605447,7987,0.6654700165294278,0.5414164418007656,4.170545206451235,1.8396951248063114,0.4661498765910603,0.25274097455269096,31.020877074174237,105.40676624219488,46.614918311476096
1606854,7994,0.8769317122763134,0.6351923364008547,4.310356876398971,1.9171894868657362,0.4150133828019465,0.25484401644530347,36.39384005482299,109.84686612425865,41.50129142788281
1606855,7994,0.7217808654845791,0.5650051387342819,4.366672686800621,1.8898085563355127,0.448507448066481,0.2479646675718774,32.372409852677904,108.27805436573595,44.85068328911838
1610474,8012,0.8592977965270121,0.7201878715961059,5.353287311484657,2.0345603428743915,0.4802028491814775,0.2177572654162393,41.26372549896652,116.57172081139231,48.020229593873744
1610475,8012,0.6909443555947274,0.6554998176130155,5.491110506690427,1.976003485783695,0.5435658048748059,0.20618171805943186,37.55737302082101,113.21666003854469,54.35650260431044
1610476,8012,0.5184015922209895,0.5867451115561573,5.6370620119621755,1.916835053184466,0.648493723747587,0.19482943090268792,33.61801854210048,109.8265585702046,64.84924853109044
1610477,8012,0.3718437188600339,0.5241726757599791,5.791036860906529,1.8604491294303775,0.8076748302088715,0.18407046180395384,30.03288205712615,106.59588311514887,80.76726798540557
1611820,8019,0.460715420173076,0.5704703233118635,3.4928651050355035,1.9046061169630857,0.7094518594906711,0.3124251539718436,32.68554186323332,109.12589213678484,70.94503350011802
1611821,8019,0.5434080738799346,0.6423813835779539,3.489976423938856,1.9182135965449185,0.6773131134523828,0.3149177232769814,36.80574211679121,109.9055432866343,67.73118795017284
1611822,8019,0.6257751364544607,0.7126089349787228,3.4092530623563277,1.9283961863988033,0.6524625442369593,0.32408554121624494,40.82948441759332,110.48896270977464,65.24615120181174
1611823,8019,0.7102431320952002,0.7844392788494552,3.3036939615832943,1.945339319957991,0.6328123046675656,0.33737910869821125,44.945059962359686,111.45973275444256,63.28114225987763
1611824,8019,0.8316651990555258,0.8567002911710612,3.208375063371852,1.9664176734981225,0.5902051745975271,0.3511666525103891,49.085310991730545,112.66743345137672,59.02044720282468
1611825,8019,0.9471039074653503,0.9245405778986452,3.113711686630232,1.9811595582346606,0.5593079294185949,0.36455552821956966,52.972273102178484,113.51208122884869,55.930734477918925
1611878,8019,0.8877433048625998,0.6248170977349872,4.425744625962378,1.7597741528966275,0.4032627682853199,0.22782071753053468,35.799382667827835,100.82763185718639,40.32623185723356
1611879,8019,0.7954182506699364,0.5552984746725503,4.470162507361166,1.7407485499192332,0.39999407282895816,0.22311838712022358,31.816258968789374,99.73754510389017,39.999357498567385
1612277,8021,0.9707868068730756,0.8042657247487084,3.246471187612011,2.1464996274390464,0.4746771467659533,0.3788278468914944,46.08103163513135,122.98536937866095,47.46766626947979
1612278,8021,0.8582607385312595,0.7392982338781728,3.3569542613477377,2.163805579020196,0.49354078786876016,0.36931372113968297,42.35866860269496,123.97692736471859,49.35402185722879
1612279,8021,0.7430255768986316,0.6698316913281005,3.353110202115494,2.1121132610239783,0.5165169218115461,0.3609042591950417,38.37852889720986,121.01517571028715,51.651623361038546
1612280,8021,0.6268800157158414,0.605051693683881,3.369477630976756,2.068388692164584,0.5530070669541933,0.3517160672396112,34.66690843532867,118.50994245361471,55.30061936194095
1612281,8021,0.5137010888531169,0.5379526822023692,3.3787396434600176,2.0034067410840013,0.6000068587891279,0.3397324525866434,30.822418267938193,114.78675091217174,60.000570246369506
1614231,8031,0.30972289569666567,0.6585574138985484,4.139742394128239,1.880839137818895,1.2182683195020514,0.2603160632231188,37.732560383436926,107.76414454004725,121.82644254349387
1614232,8031,0.4129273719494914,0.7276694617093206,4.221307882127465,1.9405686216379525,1.0096784775973098,0.26339322957875555,41.69238903650053,111.1863918753742,100.96760568828209
1614233,8031,0.5505739845189709,0.799734361999821,4.197415358864508,1.9985203992205087,0.8322478745878809,0.27280308018958843,45.821403674177304,114.50678414613553,83.2246378106168
1614234,8031,0.7076095747859712,0.8694229061648071,4.138132583545094,2.0522075926472074,0.7039794853868357,0.28414467416244854,49.81426313524205,117.58283374338787,70.39785004670007
1614235,8031,0.8781371792459096,0.9373468543661216,4.050425067380775,2.07976789695461,0.6115902999298097,0.29419609197994306,53.706018695042594,119.16192286229825,61.15896104319479
1614291,8031,0.9025493972163416,0.8013450372601301,3.5466593782820204,1.8741390862689156,0.5087110822039863,0.3027645119192787,45.91368856875915,107.38025986371336,50.87105242030448
1614292,8031,0.7990632941760081,0.7309070128332916,3.572067314547517,1.8368978629052193,0.5240872260433268,0.2946374896626603,41.87788705186191,105.24649494106957,52.40865767259219
1614293,8031,0.6683625980757999,0.6649168765649053,3.5671685033673164,1.8083294383594848,0.5700039214322649,0.29045346301696345,38.09693075419019,103.60964478726103,57.00030771255374
1614294,8031,0.5719544068205462,0.5915914330226231,3.602338481496727,1.7808571704665703,0.5926292605049953,0.2832482289607097,33.89569230829262,102.03559978334427,59.26282347205357
1615639,8038,0.2978245544075353,0.572906659599059,3.0300716579768903,2.063787310028487,1.1021634066774673,0.3902425936883527,32.82513364996419,118.24630267728946,110.21597429832126
1615640,8038,0.45997410447574205,0.6414786964864037,3.1098330854518457,2.1219215287967685,0.7990454418965519,0.39094428648215784,36.75402195622444,121.57714805800221,79.90437221187209
1615641,8038,0.640291548106093,0.7146480475566472,3.1561262492056215,2.121641041051799,0.639494874543947,0.3851591074325605,40.94631696226043,121.56107729401033,63.949388577728456
1615642,8038,0.8266006030831459,0.7886780259479446,3.197882069813899,2.1180268043319983,0.546671773118817,0.37948240039816206,45.187922281526454,121.35399678380453,54.66711183837507
1615696,8038,0.9599004549262388,0.7168413789384294,4.005426082924021,1.4023146063265526,0.42787754662319305,0.2005946599139636,41.07198559351014,80.346708492061,42.78771053291738
1615697,8038,0.7588055184362316,0.6486639828067776,4.1085258018658894,1.4040359689870492,0.4897922740964622,0.19580097336904537,37.165708536974954,80.44533530751886,48.97916350740769
1615698,8038,0.6084725537104576,0.5787887427868383,4.094873984571603,1.3615205665387666,0.5450065322443866,0.1905049637335502,33.162152191368804,78.0093821829321,54.500564550664144
1618253,8051,0.5193235667438466,0.5366678207106433,3.880043088420527,0.7978133115938841,0.5920933018292386,0.11781141197192686,30.748801127203414,45.71133559368523,59.20921731085765
1618254,8051,0.6530202882026964,0.6104685197943787,3.8118709852835737,0.8661595081759423,0.5356230090562908,0.13019140538862,34.977269709816454,49.62728420360862,53.56221970356284
1618255,8051,0.7903678140251835,0.6805295505032721,3.6935355108402943,0.9246395953285766,0.4933332290679145,0.14343424094364493,38.9914710777725,52.97794638301179,49.3332611128684
1618256,8051,0.9676604463455678,0.7472279721799249,3.59619080557542,0.9875195375765173,0.4424383455919516,0.1573350931346277,42.81300914002859,56.58070168984515,44.243789293987604
1622330,8071,0.8666991076239248,0.6109003089418001,4.14878792822066,1.8315488035108687,0.40385421761547485,0.25294138426948704,35.00200940560325,104.94001641340847,40.385375630749536
1622331,8071,0.7160606476343155,0.5434941731132227,4.2050701535736925,1.809515497832816,0.4348782743101497,0.24655379567132757,31.1399223093402,103.67760098933442,43.48776730637444
1623940,8079,0.8770721867269607,0.5327975574446687,5.163793040270607,1.7448640967090583,0.3480563115599691,0.19360448335569275,30.52705137645855,99.97334856533575,34.80559186899627
1624341,8081,0.9355661334167275,0.6095722534526108,4.540800521986242,1.8544381290879017,0.3733131823642376,0.2339928332381442,34.925917431113525,106.25147816487332,37.33127873310675
1624342,8081,0.7399896395393164,0.5450951247303615,4.563175097061992,1.8470741149758152,0.4220552287407032,0.2319208637691629,31.231650080206897,105.82955123597597,42.20546640921061
1624825,8083,0.9169065630471888,0.8405181485867868,3.1665066737416794,1.922446959770856,0.5252240951673736,0.34785367009701273,48.1581425181727,110.1480971326264,52.522352807438054
1624826,8083,0.7962795812652561,0.7823820774434107,3.32235808928961,1.8992130864296524,0.5629579295503023,0.3275290952883775,44.82719100418496,108.81689424843393,56.29572296357705
1624827,8083,0.691428555262974,0.7135797582224301,3.4917380676418737,1.865896683883438,0.5913135578447059,0.3061741820743229,40.88510849211095,106.90800499397693,59.13127111924072
1624828,8083,0.576446188107158,0.6469705776072711,3.5869735375654948,1.841539769964553,0.6430553916004295,0.2941545434481206,37.06868356603772,105.51245662446136,64.30542872063916
1624829,8083,0.48821847057856327,0.5793701223064677,3.7382067326273427,1.8158632276681117,0.679930484089841,0.27831874019161995,33.19546278413891,104.04129911838614,67.99291053427409
1625487,8087,0.42019252157206255,0.7097533711078591,4.258270111207132,1.7887448081365922,0.9677914195076226,0.24067878555133043,40.66587265966279,102.48752813216493,96.77891393356158
1625488,8087,0.5837092363799772,0.7808581283382158,4.392646176275033,1.8515413396124796,0.7664753544633802,0.2415070548710737,44.73987515226455,106.08550435379371,76.64740544851485
1625489,8087,0.7651101227591479,0.847932237680011,4.485139803809084,1.8913864339104585,0.6349796774609184,0.24161668217726048,48.582938532148425,108.36846009136868,63.49788558418595
1625490,8087,0.9472920028586461,0.913588772857657,4.491759820317904,1.904780263827274,0.5525728094900617,0.24296906811554564,52.34478089527977,109.13587001711826,55.25722320055033
1625548,8087,0.9856756183894445,0.6378122248037787,4.485561324625151,1.7687262978952485,0.3707502503923851,0.22592613147639712,36.543948603105804,101.34055198319652,37.07498780159474
1625549,8087,0.8238571380191757,0.5688210638554005,4.491106228331044,1.7372172480607664,0.3955909872896724,0.22162739229299985,32.59104625705595,99.53521641121331,39.55905119225439
1631721,8118,0.7280634115100643,0.557958953021914,4.189862917166417,1.9148795778215382,0.43909214781575084,0.26185705831471284,31.96869314969384,109.71451808496701,43.90915507515083
1631722,8118,0.8864433894749827,0.6223783818253843,4.139337342167935,1.974685075088845,0.40227785056436166,0.27333148048638356,35.65965453877618,113.14112067006486,40.22774012918784
1631777,8118,0.9752759922015781,0.675659643851293,4.58413214331261,1.8490489174524436,0.39693836301316066,0.23110742784040786,38.71244597999141,105.94269908325876,39.6937960082524
1631778,8118,0.8558011389156555,0.6056222676734178,4.671526761263278,1.8045966831708307,0.4054633481246813,0.22133186585814044,34.699599916829065,103.39577366899559,40.546287908084935
1631779,8118,0.7313156893020306,0.5393973483846248,4.7732621793989605,1.7753901006389872,0.42259712970038393,0.21310867855077772,30.905191542986717,101.72235975592045,42.25965576210583
1633987,8129,0.9192385757992068,0.7599409979980227,3.3310787014286083,2.044647812735131,0.4736682351773839,0.35168694710950205,43.54141186424644,117.14969026037811,47.36677250475274
1633988,8129,0.7839375175641543,0.6921645650734335,3.351031243036819,2.055224363981302,0.5058835291434688,0.35140132429941767,39.65810830721597,117.75568200858753,50.58828902863611
1633989,8129,0.682826901868635,0.6268620927026778,3.3394073199386733,1.9903353259555328,0.5259979011417723,0.3414911771039961,35.916552248601995,114.03781399304704,52.59971385222005
1633990,8129,0.57546435293515,0.5621703276380917,3.360094309768473,1.9376112872033007,0.5597216650717111,0.33039831185842894,32.209987141149355,111.01694909365995,55.97207021563146
1635541,8137,0.8895358915910432,0.5490861522828641,3.964275637422336,1.9511428370287605,0.3536711565954237,0.28199918404165386,31.460319114885724,111.79224978892978,35.367076298111904
1635597,8137,0.9945305154048804,0.6710287945625703,3.8943705831026065,1.865728608932089,0.3865855987128635,0.27449461332198966,38.44711786018644,106.89837500862276,38.658521388871584
1635598,8137,0.86726792990306,0.6010918070722212,3.9124475361769244,1.8422750969868038,0.3971093829316438,0.2697917007540246,34.4400236451302,105.55458775939826,39.7108929625552
1635599,8137,0.7470031094040658,0.5349564586491767,3.9286811166968336,1.8201718155579507,0.410316188884388,0.26545336630010175,30.65074730386257,104.28816302013509,41.031564509484
1637953,8149,0.7305629585650295,0.5403850447720302,3.308649657467634,1.9833793344561386,0.4238071693976008,0.3434611592613243,30.96178237742536,113.63926503780287,42.3806595089092
1637954,8149,0.9143475387685353,0.6112004473107863,3.402200406353957,2.0214682108271864,0.3829966637366808,0.3404314347371172,35.0192060674161,115.82159690025948,38.29962490516006
1638010,8149,0.8806597428811381,0.5715874881872773,5.00290099157398,1.8874582133144826,0.3718751832188585,0.21616136236995204,32.749550695614786,108.1433896302229,37.187476517316455
1638612,8152,0.9305631024659238,0.667854144485852,4.585799541248663,1.9566416707476382,0.4112050359266829,0.244466223393345,38.265223809359604,112.1073097532657,41.12045984576418
1638613,8152,0.7251091507021805,0.5993269931540665,4.61769931485022,1.8991314700835757,0.4735687964932192,0.23564162653616236,34.33890725599399,108.81221797626445,47.3568149925097
1638614,8152,0.5334091572098771,0.5343702081411132,4.649254539563927,1.8538512641854088,0.5739900906496118,0.2284621161316683,30.61715762401313,106.21785328281611,57.39890253339591
1641024,8164,0.8427908576528285,0.6836599481530935,5.2640095477024875,0.3051495035307181,0.4647752028969613,0.033213804954513565,39.170829651304935,17.483778672822563,46.47746569407483
1641025,8164,0.7082135680159098,0.6711060808141928,5.375076132648459,0.2998331432827901,0.5429371481967689,0.03196080057719977,38.451546036218794,17.179173668245163,54.29363892350064
1641026,8164,0.5429495045349135,0.667543532522369,5.495973958599042,0.3096363799247519,0.7044380007881251,0.03227973395572656,38.24742705478575,17.740857753397574,70.44367163365683
1641027,8164,0.3867181447643852,0.6650309685653742,5.589212362594359,0.3223587256027298,0.9853033087497138,0.0330454333007909,38.10346774429326,18.469794466252214,98.53007863758182
1641028,8164,0.29322131012781977,0.6003186413253807,5.73331349967131,0.3232063872205915,1.173029454201302,0.03229958010873292,34.395724510972165,18.518361899410916,117.30254937279017
1641029,8164,0.25525792989631174,0.544201362064624,5.956548635902746,0.32668839530126537,1.221526792241588,0.0314240130978183,31.18044125157378,18.71786626666398,122.15220546540539
1641223,8165,0.981251330657976,0.6437742637516873,4.670104055222788,2.1528366092480713,0.375903163071146,0.26412356120652075,36.88554827211358,123.34845169116926,37.5902783816881
1641224,8165,0.7970279978061575,0.5773179542445407,4.750036082625578,2.1127435741767657,0.4150153055020836,0.25484288462911964,33.07788221533895,121.05128999371345,41.501479000621885
1643577,8177,0.3407385367314475,0.5882463330583119,3.6278347580522126,1.8043087723967082,0.9891464444394665,0.2849613728473815,33.704032198288225,103.37927759676202,98.91435705288266
1643578,8177,0.43742416479093527,0.6580163578984262,3.6791809507248985,1.8602262800365597,0.861899326349966,0.2896925047264223,37.70156015814969,106.58311478541606,86.189737566125
1643579,8177,0.5457784294380617,0.7232568277069129,3.6732974820570523,1.90097950208922,0.7592744736177778,0.2965131537701801,41.43956373162665,108.91810241059297,75.92730963549343
1643580,8177,0.6593962203210805,0.7894420752958641,3.614598528220324,1.9265230449522148,0.6859562885653326,0.30537731491697373,45.23169908450196,110.38163961045409,68.59552586903123
1643581,8177,0.7550285500453384,0.860204546626817,3.4968544660789624,1.9499293717920998,0.6527712016181413,0.3194949178370111,49.28609003968105,111.72272335228328,65.27703456999993
1643582,8177,0.8561245290430203,0.9317320439577044,3.3641801334788557,1.9648311650732895,0.6235578040497165,0.3346328924528337,53.38431375587415,112.57653321447185,62.35570829846331
1643583,8177,0.9758750543053234,0.9965479048085613,3.2037310730333264,1.9721288880845016,0.5850952761948137,0.35269708666086064,57.09798902813548,112.9946619430698,58.509468263139865
1643635,8177,0.8655113078117769,0.7521563885553972,3.2923882025609177,1.9571269685994794,0.4979182329698696,0.3405889829278697,43.095386598026316,112.13511527198297,49.79176634354491
1643636,8177,0.7409343085629801,0.6877738194293954,3.2250683267230027,1.9495483131861073,0.5318492628243342,0.34635201068611227,39.406537112897134,111.70089030241277,53.1848552194453
1643637,8177,0.6233613768600632,0.620516105513059,3.1741831787288803,1.9435018547899592,0.5703425767976537,0.35081294032026095,35.55295396579275,111.35445375531204,57.0341671001648
1643638,8177,0.5146963572426341,0.550234383911431,3.146213382694843,1.934414056929334,0.612518563323068,0.352276681391586,31.52610794110604,110.8337612928302,61.25173851678488
1643979,8179,0.27802082304230485,0.5496499276362043,3.5188013334061723,1.7673184137618128,1.1327432091548897,0.2877681240916216,31.49262106322562,101.25988616430722,113.27391756018227
1643980,8179,0.39980211560500967,0.6170253728230976,3.5994309915746943,1.8286808432661852,0.8842611744935313,0.2910896037449783,35.352949715249615,104.77569439557679,88.42589848693673
1643981,8179,0.5596799373027038,0.6844457407009521,3.6736599930456757,1.8780056646768313,0.7006835323806967,0.29290080845379063,39.21585224787007,107.60179848764334,70.06822929661466
1643982,8179,0.7003967139447514,0.7556005118615894,3.694840387984576,1.916071152613192,0.6181171163074826,0.29712458040511347,43.29272032759377,109.78279029150296,61.811624260967776
1643983,8179,0.8512469865973765,0.8293222335604197,3.6733276952739735,1.9415324810566292,0.5582006636065612,0.30283608182410016,47.516663839374765,111.24161695210832,55.82000144201129
1644040,8179,0.9444255573229536,0.56431834456513,5.0835607368933635,1.8383000188860992,0.34235688405854825,0.2071910572237378,32.33305944539131,105.32683256099301,34.23565251811823
1646335,8190,0.9748510905245746,0.6636936573905897,4.1614223355000055,0.4938932549643522,0.3900784995536231,0.06800078600538201,38.02684545808243,28.297999039436075,39.00781034138206
1646336,8190,0.8442363037601455,0.6540627571261222,4.210273294329343,0.5112256395532131,0.4438927218506734,0.06957047537782393,37.47503552001701,29.291071525275395,44.389220131717806
1646337,8190,0.7266362180132333,0.6491959393932022,4.291925735512679,0.5436349405076388,0.5118955809010923,0.07257345428098178,37.196187404261266,31.147987686933302,51.189488347380326
1646338,8190,0.6082201695617153,0.6428245897230935,4.399303753901711,0.5696097407543927,0.6055559679868326,0.07418499805028883,36.83113595836197,32.63623411476767,60.55549823249742
1646339,8190,0.4915864935798356,0.6364783867897965,4.465004721830422,0.6047787965984961,0.7418333304268196,0.07760635131486066,36.46752531435051,34.65127258409469,74.18318364608284
1646340,8190,0.3648811024997257,0.6337338877815222,4.528970647187974,0.6398751202442119,0.9951262441496159,0.08095027894966057,36.31027710429855,36.662143805419404,99.51235441679644
1646341,8190,0.2715005908161186,0.6258676439218448,4.590605399563586,0.6714983333925759,1.320791719161065,0.08381034094829962,35.85957453051834,38.474020453463275,132.07869030426843
1646342,8190,0.20558473466255445,0.6179287115930576,4.6734521261298765,0.7023936429967916,1.7221466151271065,0.08611234292828635,35.40470721423887,40.24419130053483,172.213832211421
1646343,8190,0.16492656837269495,0.6089489919041257,4.804405731846047,0.7272610188813289,2.1154993645723335,0.08673078258846911,34.890207174852534,41.66898698628422,211.5486666001733
1646344,8190,0.14599807086294653,0.5365232100573447,4.922793333186937,0.7566616012567993,2.1055424403800185,0.08806690277101703,30.740515547096773,43.35351627162539,210.55281629808294
1646653,8192,0.9648013319794743,0.5730990772677919,5.5488478380462,1.8055265645508887,0.34034113492127493,0.18643339082354923,32.836158370286334,103.44905194752072,34.03407856914768
1649266,8205,0.9483800480339989,0.6052033490218092,4.8950097594027,1.8517079981494624,0.36562976364154515,0.21674124911405154,34.67559764613259,106.09505318458265,36.56293819664086
1649267,8205,0.8285050818034841,0.5377645438412333,4.987154907973459,1.8225384302853742,0.37189437987411805,0.20938543472834964,30.811638733880596,104.42376005574997,37.18939354894066
1649869,8208,0.90371673381935,0.6814244128003852,4.7355955785005275,1.9384911715264757,0.43202411792922346,0.23453726289791949,39.04274291064247,111.06736275183759,43.2023644657691
1649870,8208,0.7655088246335583,0.6129639255452115,4.794953139742816,1.8866043213529178,0.4587830255979158,0.22543382979761312,35.120245927511846,108.09446522466509,45.878243227411936
1649871,8208,0.6449755936179511,0.5487147812457605,4.870171813338112,1.8406731271423529,0.48744543119880684,0.21654842061838733,31.43904112182629,105.462801648404,48.74446829995983
1650212,8210,0.5466404205160362,0.5359882937603101,3.173166936991242,1.9620126928077282,0.5617928237011921,0.35426767178314106,30.709867100883926,112.4150466489805,56.179180626110316
1650213,8210,0.6951050731783432,0.6051283934990767,3.197646674423724,1.9907378690352555,0.49879225242456166,0.3567025668226484,34.67130301102881,114.06087801258735,49.879154202315824
1650214,8210,0.856232433664655,0.6722902013867259,3.2198450280661834,2.011629024041532,0.4498707264886794,0.3579608697343511,38.51939114745956,115.25785302360059,44.98702063361115
1650271,8210,0.9400712323830246,0.7796416422702505,5.01022748670017,1.7701513615189004,0.475178620734078,0.20243033311594724,44.670175634733674,101.4222021143694,47.51781203184521
1650272,8210,0.8455398869184036,0.7146315213032226,5.10538714621711,1.7684764269568651,0.4842511894106323,0.19846924891800552,40.94537007768803,101.32623543300419,48.425062242601335
1650273,8210,0.7186311336484746,0.6479352336418585,5.153443010205551,1.7639925696491598,0.516592616582464,0.19612000935503213,37.123954285501405,101.06932933333377,51.65919049155812
1650274,8210,0.5777164248692457,0.5802609965862643,5.169380340204438,1.766266430225945,0.575481397339383,0.19576739394612838,33.24650612044801,101.19961194758474,57.54804111711303
1650356,8210,0.8780812040342105,0.5757925889159483,4.408614019610534,1.7730700355921587,0.37571109246518625,0.23043393941545837,32.990485219795026,101.58942982054135,37.5710668867054
1650415,8211,0.6016607546987262,0.5277733870570954,3.961040297578191,1.9640966032580924,0.5025953060581885,0.2841032587004245,30.239187617695997,112.53444592266959,50.25944790663627
1650416,8211,0.7208295509700942,0.5928577401874017,3.7736485762334375,1.974037954621355,0.47123825386249507,0.2997206571143203,33.96824636440161,113.10404339844116,47.123760665647595
1650417,8211,0.8434227882594263,0.6621079901620588,3.605061866819654,1.9766675378980292,0.44978619852894663,0.3141546838635259,37.9359934181754,113.25470742207277,44.9785670575689
1650418,8211,0.9598646784630583,0.7285017443102852,3.458504595667962,1.9719174453888932,0.43485374364310103,0.3266803432438442,41.74007531689798,112.98254716900259,43.48532951374237
1653229,8225,0.9274219734111262,0.5343089500114853,4.392618961225371,1.859448871190569,0.3300940493034826,0.24253998181377545,30.613647791724585,106.53857253958465,33.00936969366357
1653284,8225,0.8918942852749215,0.7046361680235655,3.9983855959063104,1.9261612040065672,0.45266214543481054,0.2760136678373172,40.37267852002144,110.36090765141346,45.266164298174075
1653285,8225,0.773149700099103,0.6352267542122698,3.990048552276538,1.9149241915995892,0.4707472766883907,0.2749767892638328,36.39581205015715,109.71707426615747,47.07466739083584
1653286,8225,0.6445670687920537,0.5638809663810472,4.013462919813108,1.9023534966552758,0.5012356445808378,0.2715780073378613,32.30799952139227,108.99682650030186,50.12348747268655
1654833,8233,0.36762458481566,0.7446340590690388,4.489776236029233,2.0063466712655686,1.1605422887373629,0.25603769587695,42.66438886635117,114.95519650363869,116.05391634465416
1654834,8233,0.49154635088903187,0.8145178375728997,4.580966107066881,2.0726309807227814,0.9494208104123267,0.2592313600422605,46.66843443104946,118.75300768347606,94.9418898233163
1654835,8233,0.6109645368214816,0.879271499669365,4.558140210034663,2.133403284515198,0.8245739665138597,0.2681685913583827,50.37854597719318,122.23500420206842,82.45726303857515
1654836,8233,0.7401507410688476,0.9407565941413992,4.454354119088213,2.17314471965358,0.7282487022483622,0.27952878711234774,53.901382393403885,124.51202070729062,72.82477281694332
1654837,8233,0.8891427700549606,1.0089395250979285,4.344168004568148,2.204597518112256,0.6501540345238097,0.29076714549081534,57.8079765720449,126.31413331284833,65.01533106223262
1654890,8233,0.902327042074609,0.9261239393060042,3.0229949643227707,2.028235915373272,0.5880682941541304,0.38441796560967023,53.06299302826405,116.20935780774168,58.80676489479703
1654891,8233,0.8015068096841169,0.8576662784388976,3.028305435965644,1.964502928816874,0.6131034294206985,0.371685514128858,49.14065798524095,112.55772666229608,61.310267213251265
1654892,8233,0.6972081512679067,0.7875141976012945,3.0501275056070156,1.9024112738345669,0.6471702761931324,0.35736255724093874,45.12123982918571,109.00013688882743,64.71693572456797
1654893,8233,0.5925179207433482,0.7190693382712134,3.0535818235003105,1.844586708702332,0.6953315017575606,0.3461084035642901,41.199638260205454,105.68703335457103,69.5330339974936
1654894,8233,0.5016660639492339,0.6517403238595266,3.0536301154701304,1.7901108288279035,0.7443590833574911,0.33588152833904134,37.341969895640304,102.56579535250461,74.43576144241177
1654895,8233,0.3999824726297187,0.5837335983642828,3.043405405531675,1.7512522064668858,0.8361734075544514,0.32969436073634834,33.445471546258105,100.33936029352562,83.61713379397546
1655698,8237,0.8506807453688572,0.5587433153148604,5.1933734514994825,1.80834501981164,0.3763295877641865,0.19950527014244945,32.01363379868888,103.61053753870821,37.63291498021708
1660119,8259,0.9759920243593665,0.6682845992682461,4.87307281723804,2.049866720254542,0.39231761841985924,0.24101571184906137,38.28988705166201,117.44871163490944,39.231722047188974
1660120,8259,0.8149027567769824,0.6022270140101806,4.946900295767602,1.9849067310536501,0.4234255621443041,0.22989502797112896,34.50506621154925,113.72677841648293,42.34250477383966
1660121,8259,0.654452856777269,0.5366193407360497,4.990957849190824,1.937865064984527,0.46979736800101973,0.2224652914770548,30.7460234292683,111.03148948945841,46.9796657333049
1665027,8283,0.931304498296961,0.7971076987199514,3.0006222246471697,1.9751847813721457,0.4903971423649106,0.37715427961694525,45.670906954038784,113.16975173109417,49.039662106102924
1665028,8283,0.8196836843644771,0.7261670383715076,2.9492526271854893,1.9399629060210262,0.5075897789141747,0.37688085966420526,41.60630652020189,111.15168692693916,50.75891658566287
1665029,8283,0.7086958943284983,0.6588522506379711,2.892852428618309,1.90213516954941,0.5326608077412203,0.3767365242128831,37.749453284251246,108.98431727858245,53.26600636513224
1665030,8283,0.6102127159923507,0.5924633219194295,2.879474878581024,1.8704316658292988,0.5562920341767745,0.3721784160877124,33.94564786228395,107.16784031964278,55.62911316583626
1665031,8283,0.49561621309802706,0.5311952395554802,2.8498084261618826,1.8526943347141271,0.6140889645162,0.37248667229676014,30.43524532396974,106.15156610691737,61.408773786777296
1669707,8307,0.22962898515987468,0.5475473120211982,3.847507422595951,1.7541923438851588,1.3662103098393656,0.26122839141851256,31.372150062547462,100.50781775878114,136.6204419719198
1669708,8307,0.3414471020460604,0.6180331564156076,3.927602251891571,1.8167894329134482,1.0370769062760783,0.2650328618554516,35.41069146176297,104.0943667699068,103.70738993589771
1669709,8307,0.4605563529786928,0.682433137329418,3.946329136245106,1.8546205775812612,0.8489848737722534,0.2692677872412861,39.10053856884736,106.26193169352133,84.89830488203347
1669710,8307,0.5771345616995956,0.7510641573523583,3.8895319282297747,1.8739899790365278,0.7456286361968054,0.27605305305056904,43.03280635983969,107.37171664860266,74.56273571691403
1669711,8307,0.7317739193825802,0.8195425225948991,3.8321556601267437,1.8941389363214038,0.6416780619092445,0.2831987429650165,46.95632767619263,108.52616686261543,64.1677193799031
1669712,8307,0.8911696859077121,0.8881002634928158,3.7391588961410362,1.9189080507898075,0.5709843716214537,0.29403760402737056,50.884396882594686,109.94533258393139,57.09837373158858
1669765,8307,0.9209894505507793,0.7713242232300469,3.5129564586422255,1.8730051636051015,0.4798493850392071,0.3054842604476123,44.193622627288256,107.31529088078258,47.984886923484574
1669766,8307,0.8358372138752732,0.7012289143082218,3.546019972623205,1.8438320836977882,0.4806851874354594,0.29792216920488007,40.17745726240197,105.64379652669562,48.06846180928191
1669767,8307,0.7497176175428026,0.6367419242959022,3.6053136000209753,1.815251158616856,0.48661820878836026,0.2884803969782077,36.482624901193766,104.00623014497862,48.661756621124475
1669768,8307,0.666076489827949,0.5739107199941766,3.6455416699251404,1.7846556972999057,0.49367695874984985,0.2804884659592242,32.88266207298067,102.25323933926158,49.36762249910956
1670109,8309,0.4439143903885677,0.7565548973476287,4.240873274773803,1.8046613768429784,0.9764811087459532,0.2438164816539335,43.34740258797236,103.39948034337087,97.64789310420065
1670110,8309,0.6252853134848861,0.8310618099696631,4.3823779938374114,1.8648644997555612,0.7615137032224919,0.2438148080932485,47.61633422576494,106.8488651997692,76.15124975371123
1670111,8309,0.8072407487503976,0.9018932317486332,4.494817398188407,1.8758646225853277,0.640139576581873,0.2391178907873785,51.674675750610945,107.47912581204032,64.01387915157119
1670112,8309,0.9903810465500723,0.9701272084508733,4.512248174757361,1.8899713477425002,0.5612404868553039,0.2399854289755126,55.58419463504329,108.28738162629733,56.12399258313194
1670168,8309,0.8733632998173566,0.575306660656429,4.678645115679817,1.890573492596031,0.37742189545690663,0.23152403970651816,32.96264358137843,108.32188198506016,37.74214676312254
1670511,8311,0.25611723644901596,0.6035127165433141,3.2196433618857245,1.8647278429300531,1.3501133570593222,0.3318412103445166,34.57873154040707,106.84103534042593,135.01081383281533
1670512,8311,0.40495117693170557,0.6722919755869541,3.349949189175257,1.9291195910907684,0.951213233711077,0.329946528062922,38.519492801644645,110.5304107455042,95.12109082485779
1670513,8311,0.5623624964322578,0.7376127949214311,3.4240990344540267,1.989621584603949,0.7515099171878669,0.3329252984389479,42.262100063846724,113.99691962593732,75.15085942093613
1670514,8311,0.7300547016102912,0.8045007718308147,3.48861096056464,2.0285993615115916,0.6313841703624058,0.33317037273071354,46.09449884092291,116.23018173754772,63.138331416701234
1670515,8311,0.9180498402331586,0.8665170739927825,3.5259290206317093,2.0569210896171186,0.5407960276144327,0.3342463679860193,49.64777121581171,117.85289722651147,54.079544443532775
1670568,8311,0.8426256544866385,0.84367482033109,3.3693802203374745,1.9215460194253233,0.5736711866695817,0.3267558705958429,48.339006486429476,110.09647705323432,57.36705126647045
1670569,8311,0.6999418751030203,0.7734079818370819,3.39611286095482,1.8533950363966039,0.633095606136976,0.3126860542952599,44.31301320099542,106.191713356021,63.30947106858293
1670570,8311,0.5864663114809936,0.7089576860829497,3.4414557259662324,1.827407453553012,0.6926277226514218,0.3042396665024662,40.62028326591372,104.7027345393366,69.26265534448318
1670571,8311,0.4640704053420975,0.6449856802710127,3.4552936749898677,1.8173132530016387,0.796322198187561,0.30134740760969386,36.95495732590335,104.12437945018428,79.63204993994712
1670572,8311,0.39436698111047835,0.5777081003313767,3.5197488063290763,1.8075364990947613,0.8393257216153638,0.2942375098857041,33.100235939508195,103.56421271398217,83.93236146175744
1671575,8316,0.9347802935305188,0.6353898926075459,4.387095776688696,1.986246821281914,0.38945150057383987,0.2594052317618215,36.405159191683005,113.80355993072918,38.94510881169494
1671576,8316,0.7880078457555744,0.5765193193631337,4.380471203063176,1.92850803157912,0.4191852094620281,0.25224539916402844,33.0321238072624,110.49537096656567,41.91846828266233
1673384,8325,0.9085963897379931,0.5917674935354388,4.799665505093424,1.7823694338057825,0.373166565951539,0.21276950606047743,33.90577983261587,102.12224609019349,37.31661593524177
1673385,8325,0.776003865420839,0.5278872747911539,4.884971311553729,1.748625598748967,0.38976239503692084,0.2050961206564177,30.245712904195855,100.18886675685238,38.97618977916221
1676399,8340,0.98409775096342,0.6706948031796888,3.910295399623946,1.9167282937721324,0.39048947256960587,0.2808494760681419,38.427981563553594,109.82044170645457,39.048907973852316
1676400,8340,0.8376426427034686,0.6093052584781677,3.8527526027856487,1.898403008059781,0.41677223137161973,0.28231887979467574,34.91061974592673,108.77048017676545,41.677173879400314
1676401,8340,0.7289499402746021,0.5413991062506253,3.8380559430301777,1.8932601918700662,0.4255420253287648,0.28263219672094847,31.019883820315655,108.47581851428325,42.55414473932937
1678010,8348,0.8705626293875762,0.7307999597891695,4.880945033703655,1.7939461541899275,0.4809734701423167,0.2105853321200571,41.87175336424968,102.78554330880807,48.09729231820263
1678011,8348,0.7190977641688442,0.6649263113168289,4.908949018698454,1.7764297334436008,0.5297954283016718,0.20733954606746924,38.097471325656166,101.78192632786815,52.97946989199788
1678012,8348,0.5529984231286372,0.5995166636572693,4.9350192500515115,1.7493629021623085,0.6211550072753148,0.20310176282799597,34.34977457532563,100.23111113065742,62.11538952606697
1678013,8348,0.4101988543149503,0.53169687669586,5.002467873363235,1.7228320448638468,0.7426638556358922,0.19732461513421415,30.463987014960512,98.71100498059172,74.26620632480856
1680016,8358,0.9111527301794954,0.7911479886953557,3.967547897926688,1.8995125336640815,0.49749552104269407,0.27431061662473216,45.32944072250765,108.83405131115357,49.74949804966264
1680017,8358,0.7894348513593061,0.7195985404928302,4.063751421283388,1.8528767569928588,0.522271834347679,0.261241416776445,41.229959314013044,106.16201813357786,52.227117938741195
1680018,8358,0.6830356934164596,0.6556553333344813,4.1247710700202225,1.8190875448033017,0.549990040453333,0.2526832080134087,37.56628341530894,104.22603888204424,54.998924329244055
1680019,8358,0.5820116833253678,0.5857994136217045,4.201938176574093,1.793000850164638,0.5766865928413326,0.2444857035404435,33.56383404176209,102.73138137780225,57.66856119009798
1683635,8376,0.9687105794617719,0.8062607786886363,4.691072621457654,1.7380888422920684,0.4768745207116699,0.21228653424445237,46.19533980579017,99.58515508211487,47.68740333573474
1683636,8376,0.830227167628584,0.7380599039382563,4.775041197295868,1.7115054584525433,0.5093511590921584,0.20536375525535386,42.28771752349305,98.0620393829338,50.935055171979116
1683637,8376,0.7080022188333814,0.6696579205944955,4.8515526776721565,1.6843702517052659,0.5419272850425012,0.1989204544873354,38.368572567571405,96.50730656009989,54.192652726626804
1683638,8376,0.6097061543731859,0.6053940904758467,4.950881645501657,1.6745666416380698,0.5689056196780777,0.19379497987522734,34.68652632642712,95.94560107925759,56.89046959287671
1683639,8376,0.4944114661576236,0.5414294305121098,5.017668899881684,1.648706631855267,0.6274454127481772,0.1882625843935235,31.02162127251557,94.46393166053596,62.744415636610526
1684381,8380,0.3653487677459373,0.5269722857844163,4.765447167499789,1.7085390192201126,0.8264236733482457,0.20542054352618586,30.193287895808925,97.8920749347335,82.64214339614749
1684382,8380,0.5096972191742457,0.60103491787098,4.721544226030357,1.734186949155192,0.6756317704490918,0.21044299937937075,34.43676413399921,99.36159307326079,67.56304581520745
1684383,8380,0.6848513264906138,0.6764285759615198,4.644908727543653,1.7756288446352446,0.5659111763326562,0.21902699176193227,38.756502544639496,101.73603877929008,56.59103582700711
1684384,8380,0.8217378076940847,0.747571872351734,4.513202632313647,1.8049243620096567,0.5212454903030004,0.22913783510168662,42.83271316844707,103.41454828349607,52.1244862326044
1684385,8380,0.9842950755243391,0.8159466052352186,4.4030001952605256,1.8344873224332665,0.4749622087476031,0.23871990971088752,46.7502967880051,105.1083811456812,47.496173103302276
1684441,8380,0.9990926773900426,0.6322951616904227,4.032240548697747,1.553034034325251,0.36260744001682355,0.22067705116222047,36.22784417140319,88.9822956070123,36.26070807098098
1684442,8380,0.7507909774319994,0.5390028322282185,3.9739085643519356,1.4949371330688823,0.4113340190444416,0.21553990676849547,30.882587432274914,85.65358836223409,41.1333476656282
1687054,8393,0.952457105008063,0.5608232918375341,5.432079978860697,2.0814686498312875,0.337367501051765,0.21954641512769696,32.13280767492437,119.25936882412661,33.73671503866551
1687656,8396,0.9933695350280971,0.5714172337967421,5.378685125012702,1.9466578202059006,0.3295832452430129,0.20736532155022924,32.73979583759355,111.53527725393474,32.95829167780531
1689407,8405,0.7814158708781624,0.5639647376867283,4.3991679749893216,2.118139988127878,0.413516029739998,0.2758714423993797,32.312799263652096,121.3604817376177,41.35155058443864
1689408,8405,0.9614621593669972,0.6337908712447153,4.398646912784359,2.1632885792108034,0.3776908044145875,0.28178507535033576,36.313542016241556,123.94730545763132,37.76904155136788
1689467,8405,0.8940406210654693,0.5382307506674712,4.649505124420329,1.7247135289956583,0.3449323145487553,0.21253618013884712,30.838350417404214,98.81880608056535,34.49319325945114
1689663,8406,0.9607712498216707,0.7425946748480797,3.4672402813349867,2.019869404990251,0.4428477675901953,0.3337812852566467,42.54754075768464,115.7299920735422,44.284731127051074
1689664,8406,0.8099481931566253,0.6772141197508657,3.5091682247380143,1.969897532337885,0.47906163304233434,0.32163409425317213,38.801510888391725,112.86681467619641,47.90610474858318
1689665,8406,0.6808364416219662,0.6134193796904538,3.580674834622786,1.9310652149999985,0.5162229702018208,0.30899730242241147,35.14634152779597,110.64188678402283,51.62222195663398
1689666,8406,0.5690894908103932,0.5472265614478218,3.6416883693649096,1.8999184602151935,0.550946245955483,0.29891989058193036,31.353772408416592,108.8573091893246,55.0945287519536
1690467,8410,0.9020409987946132,0.7976964373940393,2.797866589446893,2.0729875591801536,0.5066802811589988,0.4245143001014736,45.70463919530015,118.77343812414878,50.66797250723875
1690468,8410,0.784030913318121,0.7332906604243001,2.791653774392007,2.083902514905107,0.5358775878489914,0.4276992358017797,42.014459998673225,119.39881902076077,53.5876911194377
1690469,8410,0.6916212051293437,0.6707086818016706,2.8174238923502313,2.0961019383109987,0.5556332846561373,0.42626810397338005,38.42877675001861,120.09779449441146,55.563248931303264
1690470,8410,0.584842869154758,0.6036937844850316,2.8228632361833834,2.04846993375239,0.5914256153595028,0.41577884377552526,34.58910596927261,117.36868166345529,59.14246142181895
1690471,8410,0.4842112703021581,0.5326867687427427,2.7985027449574185,1.999096055811489,0.6303178982607529,0.40928945535731803,30.520703651420458,114.53976683924759,63.031660953934384
1693686,8426,0.9978227384547181,0.67612711082543,4.841319333832477,1.808381831044068,0.3882375895384712,0.2140173768932651,38.73922986467121,103.612646666965,38.82372043449758
1693687,8426,0.8577528955265142,0.6092387093983547,4.927939120494312,1.8162235729375977,0.40695643861557224,0.2111672701830977,34.90680676452296,104.06194538149519,40.695596891572436
1693688,8426,0.6879280235851484,0.5392227898020107,4.982317833039488,1.809633363308715,0.44910497268027216,0.2081046562063583,30.89519007292514,103.68435418365372,44.91043263724297
1700862,8462,0.5232638759195031,0.6590216934438619,4.920476214221144,1.7309553912137798,0.7216084017635868,0.2015586173422968,37.75916164189764,99.17643844196589,72.16070365041348
1700863,8462,0.7010783103001612,0.7309432669781352,5.073274809870336,1.7951207276997563,0.5973649883142974,0.20273461435759135,41.8799642613513,102.85284141364913,59.7364144770165
1700864,8462,0.8843250533819345,0.8110828029889288,5.136323748618886,1.8191379764264375,0.5255038375728547,0.2029251528903431,46.471621446906454,104.22892840120392,52.55032492731012
1700921,8462,0.9156652764006448,0.7492140839827816,3.7091871948573636,1.8730241608397837,0.4688045468307836,0.2893258641721189,42.926804963973396,107.31637934215229,46.88040399687168
1700922,8462,0.8001331914980382,0.6785777642620008,3.7414717947836422,1.829859997836547,0.48591461885151227,0.28021928387060197,38.87964196363595,104.84325497585209,48.59140176330194
1700923,8462,0.6821343935636928,0.6124974976190418,3.7680707867031313,1.801838920047906,0.5144663777776824,0.2739804293790948,35.09352157589529,103.23776548115518,51.44656311198799
1700924,8462,0.5724170634128112,0.5410397865402666,3.806197956288454,1.7829775555325749,0.5415508683658781,0.26839667774344794,30.999296317416242,102.1570888985689,54.15499317508514
1700953,8462,0.943553571009122,0.5754782886380414,3.6796187132651443,2.0085730952512986,0.34944997087613616,0.3127572986673683,32.97247714037117,115.0827612014277,34.944960422487746
1701007,8462,0.9741171959888917,0.8508238921888438,4.010885045505054,1.8886939738424253,0.5004389392940302,0.26980128324653885,48.74861813131452,108.21419349296288,50.04384306960469
1701008,8462,0.8491709338044923,0.7822165828624476,4.19275566408003,1.8306362735211645,0.52778194061103,0.2501641890195132,44.81770886316348,104.88773229631931,52.77813253008667
1701009,8462,0.7376059297463227,0.7124156146167142,4.20745556566163,1.782536777711376,0.5533904457276273,0.24274013677173722,40.81840797675628,102.13183418971124,55.33897029789908
1701010,8462,0.6418902069824504,0.6445902556045884,4.346997871435947,1.7564896215262698,0.5753678773143169,0.23151481739103644,36.932301161401874,100.63944207198656,57.5366989914408
1701011,8462,0.5588064466070792,0.5759948442881494,4.5279245540040804,1.7338001298434897,0.5905814653500178,0.21939285550159304,33.002073599005996,99.33942995926608,59.0580419058215
1702269,8469,0.4611084890806455,0.5799477300768043,3.4224002914558818,1.895862922722682,0.720623396398982,0.3173940347104861,33.22855727159316,108.62494400734661,72.06218492237898
1702270,8469,0.6134591526675348,0.6527513649953641,3.5112833129742285,1.958848856293597,0.6096558754295898,0.3196374711072416,37.3998982856379,112.23377216965142,60.965489156892
1702271,8469,0.7950376764681054,0.7215304723795919,3.6200838187694586,2.0173039715009597,0.5199835373978803,0.31928267142165423,41.340650857431235,115.5830035619843,51.99828899027115
1702272,8469,0.9765008337974102,0.7899719230553225,3.674420423992354,2.060344131068905,0.4635127292761837,0.3212724977324759,45.26205712490339,118.04902305479716,46.351225935632684
1702326,8469,0.98071823694909,0.7872341039496893,3.7324320531481527,1.5452422575481748,0.4599199799269339,0.23720688865827996,45.105191645080325,88.5358596827778,45.99195156546294
1702327,8469,0.8437121647653276,0.7188531986809297,3.773158308133789,1.4972741710953237,0.48816712151098735,0.22736255291864194,41.18725437389651,85.78749077771076,48.81665487032246
1702328,8469,0.7275485627774301,0.648728014036867,3.790357854630846,1.4336687299721325,0.5108851648807629,0.2167161265003251,37.1693772562161,82.14316744728406,51.08844697029507
1702329,8469,0.5978749942733549,0.5822150487249181,3.82877595486942,1.384928797942853,0.5579504883547455,0.2072478927373284,33.35846506094139,79.35057504825186,55.794956446586426
1702732,8471,0.9321522559815473,0.5729173976494698,3.742342027508771,1.809403368267911,0.35215007346860583,0.2770221839677682,32.82574889493293,103.67117643850672,35.21496994651139
1703274,8474,0.4128178726730769,0.788048266831454,3.8023913292812073,1.8736298500613233,1.0937471857971515,0.2823251822326536,45.15183974204165,107.35108277824307,109.37445628315227
1703275,8474,0.5891461611036097,0.855427287318581,3.939253433745882,1.9318790029479125,0.8319221213280196,0.28098855526696426,49.01237324367954,110.68851339885691,83.19207233701671
1703276,8474,0.7698313510003154,0.9206404253529992,3.999741355807407,1.9733515181376773,0.6851995579046584,0.28268006139491686,52.74881082185576,113.06471348502264,68.51986767419463
1703277,8474,0.9499837009002355,0.9866250895793122,4.036738423904621,1.9916128106840483,0.5950570830424262,0.2826812049994705,56.52945359461137,114.11100847638339,59.50564629203215
1703331,8474,0.9300576044937021,0.8579100256052546,3.5928738173844295,1.3736498065129554,0.5285115986701524,0.21905677800951426,49.15462366914148,78.70433644215449,52.85110360964821
1703332,8474,0.8277383120835939,0.792248916250431,3.6979052647895805,1.3216592002534866,0.5483921429504491,0.20477943187300665,45.39251922496312,75.72549412916048,54.83914870576896
1703333,8474,0.7596884591524338,0.7226306624203841,3.8162583058196953,1.2557359908985992,0.5450087606255767,0.18853119078160274,41.403687103430954,71.94837246116809,54.50080503897473
1703334,8474,0.6848326181708517,0.654878343585398,3.8946734284559943,1.201931150652992,0.547896867621217,0.1768199138796609,37.521765181961534,68.86558219771916,54.78960755778878
1703335,8474,0.58792523749635,0.5910380872890251,3.9751696201869486,1.1652938920419205,0.5759913879758349,0.16795867376164136,33.863987933145886,66.76642190637543,57.599041807274546
1703336,8474,0.4766974025764706,0.5241131027296995,4.008568173733433,1.1393444367463523,0.6299482225341653,0.16285023640654886,30.029468773918325,65.27962763727598,62.994691426726746
1703476,8475,0.21958188577270576,0.5658952900055646,3.68304714576095,2.0007010312727425,1.4765976789458461,0.3112415353686004,32.423411763650606,114.63172515939948,147.65910216342027
1703477,8475,0.38895518625295855,0.6457997767210615,3.73236451355095,2.0622882760293986,0.9513075534937343,0.3165832640681569,37.00160161660773,118.16041435579508,95.13051321555189
1703478,8475,0.5406945520146333,0.7169724088721775,3.677877223076916,2.127432356933919,0.7597541373939696,0.3314218706259185,41.07949305570379,121.89289525188288,75.97527463031916
1703479,8475,0.7077588904116541,0.7888133077378024,3.593449464339757,2.123849321466429,0.638574425992285,0.33863729909297896,45.19567335713028,121.68760244175002,63.85735327674918
1703480,8475,0.8673569233281915,0.8568442837388524,3.4491993595854153,2.110888114615758,0.5660133593417667,0.3506465328107368,49.09356115814624,120.94497999181051,56.60127132956411
1703535,8475,0.99469837517401,0.5332018902415224,5.288062563129491,1.3989788025103196,0.30713046682882283,0.1515783520025008,30.55021793923699,80.1555810121072,30.713016114936853
1703565,8475,0.6152006690344041,0.5828731249127701,3.750105957433888,2.123649538393743,0.5428500193062327,0.32446057997162986,33.39617004910337,121.67615571486694,54.284914573656245
1703566,8475,0.7299090982771934,0.6461334236551048,3.6078934359068504,2.156992598793231,0.5071962763302956,0.34254496205262425,37.0207181777759,123.58657235180739,50.719558840404986
1703567,8475,0.8852126012338517,0.7158228910932201,3.4701084065432504,2.186140309191377,0.46331954626502114,0.36095878890396504,41.013630538494276,125.25661314009075,46.33190281004221
1703619,8475,0.9563879485586367,0.8289763102220006,4.032943598646086,1.902057542267853,0.49662737246953964,0.2702241343750407,47.496843892048275,108.97986956297416,49.66268583888411
1703620,8475,0.8593215901230562,0.7612033391926624,4.272181032802782,1.8709667049723229,0.5075368602483545,0.2509221747168382,43.6137386870048,107.19849580441236,50.753627553023186
1703621,8475,0.775071591721122,0.6981787150510164,4.522051671653342,1.8440655762040299,0.5161161062985702,0.23364875525531603,40.00269371829017,105.6571746618512,51.6115447063615
1703622,8475,0.6934429428277997,0.6302971499673059,4.670519258649163,1.7982034152052164,0.5207835249458344,0.22059531386339518,36.11336653225094,103.0294663972697,52.07827814456638
1703623,8475,0.5853705053235082,0.5663006039717251,4.882880173760602,1.7587353197052895,0.5542922592429772,0.20637023090355042,32.44663454328931,100.76811109970461,55.429132180524455
1705141,8483,0.9257468452563045,0.7671402736949205,3.852123187548229,2.2399721014490606,0.47479394315696183,0.33316937454587786,43.953899977229796,128.34094764008105,47.47934354096242
1705142,8483,0.8089676607004281,0.7036346587077251,3.951584361285868,2.2141762150428828,0.49835485054890477,0.3210432583498811,40.31529626308075,126.86295222020816,49.835424067200094
1705143,8483,0.695531246467795,0.6351208652469337,4.045288696581084,2.175960376662162,0.5231935261133923,0.30819393871100914,36.38974505934638,124.67334597043879,52.31927814152226
1705144,8483,0.5694107446870413,0.5689462378796469,4.091862973446489,2.117091845409687,0.5724903847006986,0.2964430335870368,32.59821820034993,121.300427583538,57.248938934806276
1705489,8485,0.8241825479544148,0.5846362754843694,3.9054681494783905,1.9290447167015587,0.4064292651210753,0.2830035126282289,33.497191135502085,110.52612075900886,40.642877692281715
1705542,8485,0.9269399479253246,0.8206677435353983,3.7265453578336487,2.005820683753935,0.5072690812935159,0.3083957078079392,47.02079808710297,114.9250596391455,50.726853951532426
1705543,8485,0.7970116248219588,0.7536399113746868,3.8697175190109854,1.990977799258883,0.5417786178746168,0.2947879894244731,43.180386194382955,114.07462500177884,54.1777944910582
1705544,8485,0.6863958693181506,0.6883413648540871,3.9100595796368394,1.9494835006007172,0.5745817575360702,0.28566617529525895,39.43905507041393,111.69717681481058,57.45809288086016
1705545,8485,0.5598198588118368,0.6235003257376591,4.029530130308862,1.9237973892973588,0.6381327133961948,0.2735442277559838,35.723937189799926,110.22547104502486,63.81315849077215
1705546,8485,0.46284217789287607,0.5587027348726947,4.143040718731334,1.900904823773252,0.6916246951548627,0.2628837870286108,32.01130871062201,108.91382365826685,69.1623215801853
1706091,8488,0.6268216946280376,0.5452668671073441,3.695044232934476,1.9242783325590778,0.4984111105742671,0.2983808036261766,31.241490193571547,110.25302706410662,49.84103233867519
1706092,8488,0.8110211256463657,0.6116768647728194,3.6849109281138026,1.9495387814312801,0.4321281066164281,0.3031290200741349,35.04650277727693,111.70034417308982,43.21275791254854
1706093,8488,0.9934992298260292,0.6823171188758628,3.6332192181737257,1.9735458773811505,0.3934969412554228,0.31122770839848746,39.09389120111302,113.075849449383,39.34965491448221
1706147,8488,0.9235698844708929,0.6873006668249915,4.093390699021004,1.939708327277876,0.4263827535019359,0.2715037692211478,39.379427465599164,111.1371006394029,42.6382296451012
1706148,8488,0.8138152366430784,0.6227387405307483,4.139058732618673,1.875900395479352,0.4384324540352699,0.2596754047996149,35.680301571704334,107.48117544788889,43.84319206862042
1706149,8488,0.7088789625028171,0.5591967494583177,4.216669430175091,1.8201764457103513,0.4519757942357188,0.24732417323183797,32.0396136613961,104.28842830832615,45.19751630201957
1707297,8494,0.43299676073539073,0.5539065264776608,3.5144778501307816,2.0047081853644912,0.7329501824695106,0.32682328000905664,31.73650621192135,114.86131817671526,73.29485066625055
1707298,8494,0.5375936290824267,0.6174726627655338,3.364130775839748,2.0184109465699107,0.6580914462000439,0.3437631766524617,35.37857754116986,115.64642856146139,65.80902343007865
1707299,8494,0.6561519232698003,0.684276352750421,3.1970365936758327,2.0264064692621555,0.5975162922682916,0.36316299329583984,39.20614703320426,116.1045382667281,59.751539073892495
1707300,8494,0.7857391322137482,0.7503843600601673,3.0314943862133754,2.033784364707189,0.5471772314020332,0.3843888370137545,42.993856844072724,116.52726053741732,54.71765419814005
1707301,8494,0.893392905225949,0.8149859916600158,2.8299093521098593,2.043415023326674,0.5226732481149491,0.4137201643198775,46.69525768440302,117.07905663024508,52.26726689230466
1707352,8494,0.8548313761177017,0.78024075010988,3.2859792623954287,1.929823299592603,0.5229628054305238,0.3364924763876019,44.70450198541765,110.5707302726668,52.29621997759043
1707353,8494,0.7361942835249886,0.72001755380423,3.2876519382102565,1.8962749700568753,0.560367926933894,0.330474619248251,41.25396700831605,108.64855258055552,56.03671733780643
1707354,8494,0.6377270045004295,0.6560083749222628,3.321775044513036,1.8603443334121854,0.5893824528936605,0.3208822903308318,37.586511208281415,106.58987874559668,58.9381537944616
1707355,8494,0.5256173161660428,0.5950121800353072,3.3298307306687303,1.8220580208794428,0.6486027948045956,0.3135181417761366,34.0916866749014,104.3962346243517,64.8601573163821
1707356,8494,0.428685457865342,0.5332216116625754,3.3735622932862657,1.7904657288237336,0.71267514724866,0.3040884394649636,30.551347893429327,102.58612962441488,71.26735014108154
1708500,8500,0.5014695868366875,0.6999158549989523,3.6086767014408285,1.9878026160221065,0.7996940344678657,0.31560793473698884,40.10222450573047,113.89270040313086,79.96924557170577
1708501,8500,0.6817003611618259,0.7675373684828637,3.7701494560656026,2.040189596432063,0.645102360113079,0.3100520399368747,43.97665183264558,116.8942532820559,64.51014232639352
1708502,8500,0.8620081647344692,0.8378132486547275,3.8613407734613094,2.104194791949752,0.5568759621432506,0.3122269895693011,48.00316316806048,120.56148085212912,55.68753225825301
1708559,8500,0.8747228298539972,0.6251513185055213,4.503361674889485,1.803258082107094,0.4094843586499198,0.229426558884371,35.81853210740505,103.31907747759176,40.94838952013417
1708560,8500,0.7222784231090671,0.5579253085134912,4.604474715559861,1.7867467719122039,0.44258230615796756,0.22233382783254527,31.966765461357422,102.37304908919323,44.258169952780605
1711974,8517,0.954106649120313,0.8352915691235441,3.8861804770730863,1.9339240326507547,0.5016072481641087,0.2851274801527888,47.858681573639146,110.80568496980867,50.16067276870156
1711975,8517,0.8383160851660412,0.7670392478878234,4.0549896446997655,1.8796751547857098,0.5242427275138579,0.26559242413849,43.94811162486123,107.69745322482092,52.42421084160136
1711976,8517,0.7352019509893362,0.6997163508726282,4.108647483958877,1.8353515242708824,0.5453031396617583,0.25594285325826144,40.09079376129665,105.15789626362404,54.53024053745692
1711977,8517,0.6449576439760725,0.6327785072836856,4.228843683108076,1.8025568992359138,0.5621382676898733,0.24422492329693862,36.25553783394341,103.27890265840627,56.21374048176717
1711978,8517,0.5318157456715527,0.5652740782668975,4.278993838724669,1.767578678465466,0.6090045021690479,0.2366789993483332,32.387818952840995,101.27479823338277,60.900336848068235
1713529,8525,0.7080102210313722,0.566474093367553,3.7050497336549264,2.1587392975525455,0.458419572640644,0.33383263215457804,32.45657475346053,123.68665081879686,45.841893164038375
1713530,8525,0.8743473249853165,0.6292248931679062,3.609446467246851,2.182490070066884,0.41232962348648977,0.346445003776383,36.051930743091134,125.04746984404377,41.2329156617262
1713584,8525,0.9121631685693166,0.6844546043570601,4.526659775398056,2.135792850669313,0.4299270242355656,0.2703360138800571,39.21636009795611,122.37191625756653,42.992655762246166
1713585,8525,0.7900450000912418,0.6202339823306526,4.636073568064152,2.1386000832107595,0.4498071507854211,0.26430287779312645,35.53678949813807,122.53275883430318,44.98065871358624
1713586,8525,0.660025977890555,0.5558721960316029,4.74799489230177,2.148623724816239,0.48254358715585594,0.25928223118767063,31.84913078127959,123.1070711936489,48.254286337006036
1715594,8535,0.9073738195758636,0.8418749690161134,4.13055590905359,1.8035970757499369,0.5315987857493893,0.25018061105509926,48.23588260233024,103.33850038260842,53.15982057434353
1715595,8535,0.807217855130164,0.781777828662934,4.1952825943499406,1.7862534521816715,0.5549006288663458,0.24395206140479186,44.792570099287715,102.3447839506832,55.48999483177944
1715596,8535,0.6857026942558566,0.7101393762724528,4.239124642178427,1.7696644451648265,0.593376530002459,0.23918688923242665,40.68798912646426,101.39430386230507,59.33756733018613
1715597,8535,0.5576770111892706,0.6398651003260234,4.25778188093901,1.75264139446864,0.6573978900585458,0.2358480482917127,36.661569706396136,100.41895490297634,65.73967230340295
1715598,8535,0.45503852661148847,0.5726910807661805,4.295470579203405,1.741295037761716,0.7210989675079634,0.2322652535477417,32.812781892687894,99.76885655081963,72.10973986596852
1718003,8547,0.9631981884385488,0.9671869129127336,3.5253502071658853,2.2235598499860436,0.575330479230773,0.361384222987534,55.41572811018674,127.40059489894276,57.53298878918461
1718004,8547,0.8876153033762624,0.9013345899083409,3.760009006451079,2.254124606490097,0.5818136207504941,0.3434880764471444,51.642667930902775,129.15182644847005,58.18129718265364
1718005,8547,0.8285325800968488,0.8360140361945817,4.020843431897394,2.283716266360877,0.5781314635076412,0.3254225277821485,47.90007588764678,130.8473036678524,57.81307727086649
1718006,8547,0.7583386614854428,0.7701190338312689,4.1017336374175715,2.2543667838184374,0.5818583704137446,0.3149051432644821,44.12457036122437,129.1657021872777,58.185761080717775
1718007,8547,0.68613458636985,0.7032144978606145,4.247323696580195,2.2175158344434576,0.587220394263669,0.299139663219456,40.29122281982467,127.0542983170411,58.72195469847901
1718008,8547,0.5981924864014602,0.6374388186516046,4.38999744083927,2.167301197521926,0.6105485145041156,0.2828639718866252,36.522554006542,124.17721155165556,61.05475040567551
1718009,8547,0.47487707402215096,0.5692090659069826,4.523576005564777,2.1071853391403237,0.6867730247335488,0.26689686692378894,32.61327713705402,120.73282658458359,68.67715929864717
1719156,8553,0.7025105806701065,0.533785298807202,4.267981462289533,1.8110823691338083,0.4353478110359771,0.24312986543087325,30.583644787782212,103.76737610192144,43.53471975310259
1719157,8553,0.8860915045811361,0.6017962315998084,4.176920664149925,1.849656343509296,0.38912892889901624,0.2537216056999956,34.48038419754645,105.9775020326827,38.91284941389459
1719213,8553,0.851695750566693,0.6716322366047309,4.007950953577082,1.9418020805762302,0.45182439932281016,0.2775908809209673,38.481692542383,111.2570638667402,45.1823874128655
1719214,8553,0.7449617440958614,0.6035848038454807,4.091157824372431,1.9091454153658378,0.46422331949846113,0.26737168108791,34.582861838577706,109.38597477721301,46.42227025802461
1719215,8553,0.6213871629374514,0.5328671267367612,4.1756461804329765,1.884714516052774,0.49133678216998544,0.2586095239684764,30.531037403279164,107.9861873568654,49.133599936876166
1720415,8559,0.9797846867514877,0.8977378166376588,3.67411179262258,2.0909431171156094,0.5249784791818768,0.3260712309493093,51.436588002627225,119.80221581265303,52.49779487304714
1720416,8559,0.8601103886031265,0.8389177143664723,3.823394883009459,2.1064116470607726,0.5588404054877526,0.31565794449965023,48.066444391960374,120.6884972937826,55.88397622547844
1720417,8559,0.7608580450617216,0.7745386721886959,3.9559144920278744,2.053235263081613,0.5832598694440988,0.2973818439748998,44.37779698607907,117.64171492200967,58.32591105291927
1720418,8559,0.6772077729452803,0.7078202556340089,4.072735197195735,1.987701131494589,0.5988577556701924,0.27963243366964324,40.555113301699734,113.88688576801822,59.88568802102134
1720419,8559,0.5819832756812913,0.6439476867122753,4.164880216511418,1.931538747128867,0.6339612422483012,0.26571956972978616,36.89548467582594,110.66901817647083,63.39601638314847
1720420,8559,0.5117035035231206,0.5751740678366314,4.268448253014203,1.881118664922791,0.6440261929317643,0.25250431450058175,32.95504657241029,107.78016026336002,64.4024946927622
1721021,8562,0.9027824831180968,0.6733802640191597,4.62754915265145,2.164552701296795,0.4273659206931019,0.2680030615750136,38.58184713570294,124.01973431794791,42.73654520400201
1721022,8562,0.7489078931003366,0.6030015961267509,4.688430354266575,2.1169533566224423,0.46133104424037835,0.2587059705204625,34.54944649771503,121.29249276051898,46.13304343961929
1721023,8562,0.6028363887164323,0.536692223560717,4.726284477442137,2.050056021993487,0.5100919482133873,0.24852409569863737,30.750199307520727,117.45955782560549,51.009111052309436
1724439,8579,0.8773140783940441,0.5722374010847994,3.7944249929606126,1.883214315518004,0.37371778699817015,0.28436517288814583,32.78678796169392,107.9002321977998,37.371736527897454
1724783,8581,0.49553873445130897,0.5481177694601554,3.619330724221679,2.2323969070333303,0.6337513507841839,0.3533993723250452,31.404834866191553,127.90692097106863,63.37500846620272
1724784,8581,0.6631592968039424,0.6160340087280356,3.6537158963703646,2.2279916138018274,0.5322423793876844,0.3493827093639559,35.29614873664176,127.65451626138596,53.22415848287245
1724785,8581,0.8405166839131918,0.6864666363243095,3.655164151413582,2.2190671928058685,0.46794598278362165,0.34784534699133396,39.3316410379249,127.14318460371958,46.79454316155358
1724838,8581,0.9967595944425633,0.9954422395374091,3.619625669907912,2.0700411943258024,0.5722005468554359,0.3276709647393877,57.034639074544266,118.60462385308877,57.21999785358769
1724839,8581,0.8630872778916988,0.9297196207746968,3.579808571848007,2.011524649964064,0.6171914607966953,0.32194981992577537,53.26901040089354,115.25187282947111,61.71907528510982
1724840,8581,0.7782834076227978,0.8606015398077085,3.633468286261401,1.948719424380816,0.6335588675915949,0.307291516997872,49.308836073441604,111.65339847218392,63.355806168661616
1724841,8581,0.6638926665126121,0.7965091189359857,3.6919633650870596,1.8986297869776876,0.6874094635060903,0.29464938462202067,45.636610858715706,108.78347365164404,68.74084384392712
1724842,8581,0.5359909465224612,0.7317439858369824,3.7365913237671777,1.8513321676469694,0.7822117437308449,0.2838777650753574,41.92584207253978,106.07351968297752,78.22102989523714
1724843,8581,0.4436732524111494,0.6666206508186391,3.808950270817574,1.8017680427754992,0.860871119900336,0.2710292781517333,38.194549828172185,103.23370451258288,86.0869198981094
1724844,8581,0.36455425753858783,0.5983573069403224,3.9004961890110037,1.7509421849307985,0.9404182417056897,0.25720214108499023,34.283348328494434,100.32159736794964,94.04156878704616
1724845,8581,0.27611593944796875,0.5309664331421372,3.9515053395250685,1.7001430860285525,1.101788424137824,0.24651623819639046,30.42213568215966,97.4110233977833,110.17844737444072
1727283,8593,0.6066862573285086,0.5268158830070074,3.0385920892690725,1.7641966442813763,0.4975277718032648,0.332657423721928,30.18432667675927,101.08102194846546,49.75269599311047
1727284,8593,0.7600739731338517,0.5952361646800097,3.054870350044887,1.810158584281302,0.448700005611331,0.3395052323175206,34.104520049718595,103.71444712869472,44.86994211781878
1727285,8593,0.9022167460635858,0.6574406541725406,3.068689711333085,1.8598542682818846,0.4175113631091963,0.34725504941454904,37.66857476440649,106.56180008194391,41.751090497561236
1727654,8595,0.991167253166015,0.7865846646232679,4.600503364966003,1.852957182874325,0.4546960254586005,0.23077176027054655,45.06798151262657,106.16662619714948,45.46955712985083
1727655,8595,0.8459262886740285,0.717615353979273,4.647639428557584,1.8479858371755813,0.4860509853074426,0.227818423674819,41.11633109679895,105.88178907011095,48.60504164754851
1727656,8595,0.721231657149238,0.6531725717437046,4.701128963950335,1.8464490514089769,0.5188905778713738,0.2250390030094639,37.424031654620244,105.79373773166874,51.8889865616227
1727657,8595,0.6262966571127789,0.5836201504531346,4.759242295942733,1.8331453344675572,0.5339158455673737,0.2206895218760743,33.43897145975473,105.03149089908871,53.3915001596969
1728602,8600,0.5200791984281469,0.5356756605205066,3.790021614839869,1.8736647276239897,0.5901400024905635,0.28325189600974715,30.691954535707687,107.35308111538356,59.013887912804314
1728603,8600,0.6377072053773183,0.6024264460133275,3.699025399805572,1.9042415799714671,0.5412592486225314,0.29495608604490087,34.516492823629406,109.1050057056887,54.12584083531861
1728604,8600,0.7947717181060087,0.6684364960190248,3.5939478877634072,1.9113053619501943,0.48188163645014576,0.3047059493228064,38.29859009440337,109.50973060047033,48.18810361995216
1728605,8600,0.9525510127088894,0.7388170962852411,3.465736558585397,1.9435739502663898,0.4443972074994219,0.32131289357426984,42.33110144925489,111.35858452183349,44.43967456314824
1728661,8600,0.9703456841500392,0.6269934142920445,5.4694303702283875,1.9472709556861822,0.37021936241906916,0.20398908034837393,35.92407642143166,111.5704073292246,37.02189847013165
1728662,8600,0.836074101292634,0.5603216457215731,5.593503243196145,1.9007488463185345,0.38398588158692487,0.19469888883354766,32.10406546967068,108.90488680841234,38.39854269076476
1729868,8606,0.8682201547588767,0.6458031596542277,5.799897282662126,1.7785954744324726,0.42617986711558037,0.17570313576927948,37.001795444400535,101.906014146049,42.61793811586716
1729869,8606,0.7132889758005856,0.5781907023032107,5.94288207007917,1.7937636581979017,0.4644385046615671,0.172938122738787,33.12788699567898,102.77508705868694,46.443786005119094
1730612,8610,0.7091440919756186,0.5547737190769481,4.465759811026471,2.1596250035545483,0.44823319547228424,0.27708027971410143,31.78619268788549,123.73739803460103,44.82325697175994
1730613,8610,0.8915315650632074,0.6238913740332415,4.419044471668308,2.14984654650695,0.4009543083674659,0.27874155652110794,35.74634260672258,123.1771337156237,40.09538631288051
1730672,8610,0.8962529894436868,0.6937484905861615,4.953014793438541,1.0516983674334783,0.44350044662423327,0.12165898985988144,39.74886055415838,60.25787777473721,44.349995673470715
1730673,8610,0.755401194800042,0.6274280444547687,4.985692754288112,1.0414942305338424,0.47589252793051473,0.11968893114362386,35.94897889540484,59.67322379681436,47.589190424474054
1730674,8610,0.6103150680275254,0.559571420593861,5.04077929499638,1.0393684807378425,0.5253201484024642,0.11813932668342746,32.061080736168115,59.55142730520277,52.53192962752236
1731216,8613,0.658002880212707,0.5611319974949719,4.374904843726115,2.2745570318639197,0.4886072034700996,0.29788651992422227,32.150495206207374,130.3225181876061,48.8606468335937
1731217,8613,0.8123048579254996,0.6250856826351173,4.269565070759066,2.2559308380185934,0.4409030754735177,0.3027364929378162,35.81477144904623,129.25531589187636,44.09025381216809
1731218,8613,0.9756584925542683,0.6861338086229143,4.168321174612827,2.2282587414146167,0.4029337243759967,0.3062859503664873,39.31257141532992,127.66982154619019,40.29333155198433
1731274,8613,0.9446984161206664,0.6507065071117213,5.27350256746279,1.8885972018027433,0.39465225651216435,0.20519312785768282,37.28273655920112,108.20864886351421,39.46518429353935
1731275,8613,0.8046041623048165,0.5882209321351273,5.349601491584831,1.8799307832074565,0.41887151462379096,0.20134602478820274,33.70257683259401,107.7120996545106,41.88709992370908
1731276,8613,0.6718786090500007,0.5252959525030099,5.439789278248236,1.8723783926860444,0.4479565239965941,0.19721238060481205,30.097241073727016,107.27937955239908,44.79558639423927
1731877,8616,0.8630795027443623,0.8484219799258607,4.669742711403246,1.9049914839554494,0.5632273501813857,0.23373444438115046,48.61099869588487,109.14797203901092,56.32267041291635
1731878,8616,0.6931254348933816,0.78531963343716,4.67269954134572,1.8805098181406024,0.6491682118470125,0.230584643263315,44.995500564710156,107.74527591237049,64.9167284633019
1731879,8616,0.5161199768272207,0.7166612648918564,4.646162430968275,1.8655493407439896,0.7955837182596174,0.23005675125678104,41.06166581881049,106.88810369804371,79.558219220678
1731880,8616,0.34471874833146976,0.6442769173698407,4.631158446099729,1.8486874005888612,1.0708540603263366,0.22871596102103167,36.91434820299075,105.92198569275268,107.08509849425651
1731881,8616,0.22879402340840463,0.5751772538143912,4.653076723401801,1.8297263398879986,1.440388484985682,0.22530382141980715,32.95522911548955,104.8355969395019,144.0382252399943
1733082,8622,0.9294594336765656,0.5769321906815404,3.592348459167974,1.836665168678052,0.3556452066432702,0.2929369559972252,33.05577959128911,105.23316254393582,35.5644827833434
1734031,8627,0.9694315892633054,0.5748011108195734,3.965094933258151,1.957442253083915,0.3397215206768603,0.2828511835081808,32.93367770939307,112.15317974228708,33.972117374783274
1734088,8627,0.9912662728565106,0.6926580501407507,3.7613708547252966,1.8618380374700574,0.40036046423835364,0.28360793317237837,39.68638291882597,106.67546168395431,40.0360064389725
1734089,8627,0.7903408473298418,0.6252244782962583,3.6646570016396,1.8601268934563913,0.4532566363286725,0.29082508953859365,35.82272385464434,106.57742035383217,45.325606856920054
1734090,8627,0.5855533139586322,0.5606733560675955,3.55278183237468,1.8511652280938744,0.5486130071115153,0.2985377640870237,32.12421698810885,106.06395475115137,54.86120795683922
1738652,8650,0.38761370623442776,0.591697168435334,3.3284659249706903,1.3506571368077487,0.8746272147057444,0.23250036208944797,33.90175050118603,77.38695350830784,87.46249808355412
1738653,8650,0.566245074204377,0.6603121007771647,3.3439185076507636,1.3756349192473487,0.6681399554948434,0.23570572849683474,37.83309653594863,78.8180750236929,66.81387873480145
1738654,8650,0.7472667107336519,0.7296275318621225,3.3096805105305713,1.3805549678455105,0.5594331586344926,0.23899579597696755,41.804578192246616,79.09997304336682,55.94324174826683
1738655,8650,0.9246614001260272,0.7991548242737865,3.264571454452678,1.3843620451968746,0.4951888129749699,0.24296635369009426,45.78819860840692,79.31810250787983,49.51882827956042
1739454,8654,0.2178438748314392,0.6277082878202218,3.307312842530231,1.8376010629645512,1.650954567088742,0.3183454061688597,35.96503565748185,105.28678533662263,165.0947064295653
1739455,8654,0.3958158418131962,0.6928081737198736,3.430423918414817,1.9003398005677323,1.0028649480427836,0.3173994016056705,39.69498436631511,108.88145021326362,100.28624397202626
1739456,8654,0.5645419687532932,0.7590130654761978,3.536779843570544,1.9669929252300595,0.77032792748398,0.31865255292606925,43.488245247072946,112.70039294777432,77.03265766131156
1739457,8654,0.7445775578067517,0.818874296775528,3.6046245214802046,2.0072978518332234,0.6301296625841694,0.3190615114870023,46.91804115698099,115.00969513572015,63.01288247567038
1739458,8654,0.9063454362488099,0.879725546662732,3.6492840472048154,2.046282677689437,0.5561296872205683,0.3212777062143437,50.404560953613704,117.2433611223337,55.612907976146836
1739514,8654,0.9275741774917866,0.7727754263483275,4.6512263024329945,1.7076457126692648,0.4773393981661873,0.21035504545978384,44.27677044118196,97.84089223955853,47.73388887023555
1739515,8654,0.7891174029682665,0.7084334820113913,4.711557221800106,1.6990505001053622,0.5143752744262677,0.2066162375755244,40.59024858500985,97.34842283562908,51.43746291092662
1739516,8654,0.6813647549129457,0.6390480282562009,4.801998716280092,1.6711813694742554,0.5373737652829078,0.19939955158201944,36.614754925237285,95.7516392717679,53.73729844981033
1739517,8654,0.5885619065916543,0.5771368144309178,4.906493751413727,1.6643161696994215,0.5618355985383758,0.19435119442948157,33.06750366851657,95.35829229915576,56.18346534953968
1743016,8671,0.9798256519550341,0.6531768249531351,5.291562121466015,2.318094714114216,0.3819483077315795,0.25099779673858436,37.424275345569995,132.81704363032972,38.194792181757734
1743017,8671,0.842754960519102,0.5822914448289056,5.366121736990204,2.279657921978088,0.3958783205362882,0.24340628823072882,33.36284223527112,130.61477766290795,39.58778554911794
1743477,8674,0.5432228177926511,0.5593957304020764,4.019564620474419,2.2989785445202555,0.5900159711607504,0.3277015794036198,32.05101442967701,131.72176779213947,59.00148958842394
1743478,8674,0.7131469316022305,0.6211319180541002,3.9414435483089223,2.27451793031412,0.4990309198467483,0.3306409844664733,35.58823742536564,130.32027783383015,49.90302270863984
1743479,8674,0.8931287030608839,0.6799601261524937,3.8673310072248936,2.248755902767424,0.43620639327788724,0.3331605745922424,38.95884546572092,128.8442223837047,43.620590975984065
1743534,8674,0.8665678377174567,0.6468210500348665,4.46148614585821,1.6645490478545941,0.42766548937667836,0.21376651614027545,37.0601162672181,95.37163523458794,42.76650007959493
1743535,8674,0.7172461097717948,0.5838602017451362,4.516590505628617,1.6077906842812206,0.46640510786306794,0.20395831818493604,33.45272538565309,92.11962054976458,46.64044640946226
1745283,8683,0.22584930219563876,0.6196655831302599,3.9660889254837843,1.760708337852166,1.5720314699086584,0.2543592903574611,35.50422262287695,100.88115671242336,157.20245790117232
1745284,8683,0.3605914848430677,0.6944856693195867,4.048950181875412,1.8227505418605703,1.1034951837022071,0.2579333116108831,39.79109778433044,104.43591315379457,110.34921540765832
1745285,8683,0.5450724227476518,0.7635085541298713,4.121843334652826,1.8645784859479835,0.8025688907666712,0.25918616716548404,43.74581777377738,106.83247781571252,80.25674330856162
1745286,8683,0.7238758761593236,0.8308252912898919,4.088045689277826,1.870135369915257,0.6576097313616104,0.2621077935435261,47.60278270363804,107.15086381428121,65.76088319909363
1745287,8683,0.9045623253989985,0.8976255991795443,4.035600026371624,1.9012107955450421,0.5685640049693642,0.26992604214410676,51.43015841588958,108.93135454944057,56.856338270406866
1745343,8683,0.9526805694075343,0.6643007726224652,4.504945558409454,1.921843385359928,0.3995214284961837,0.2444280695385528,38.061630598547005,110.11351486625813,39.952101332470676
1745344,8683,0.8131889042725094,0.5971237849522631,4.5400319656255945,1.8708554756489786,0.4207223207813796,0.23610433452697452,34.212672724642054,107.19212283362663,42.07218085823282
1745345,8683,0.6390380461353935,0.5325981995818931,4.507821796815502,1.8282633540977766,0.4775244403573266,0.2323778057727513,30.515629012308764,104.75177402823456,47.752370057593325
1746490,8689,0.4527969613162271,0.5358322282926327,4.962788359429146,1.8594116261979745,0.6780285018032326,0.21467052517283858,30.700925208258273,106.536438558701,67.80270193579167
1746491,8689,0.6346335302638759,0.6056378326769428,4.976706335314291,1.925706317373273,0.5467799844207879,0.2217025416238435,34.70049172583916,110.33484456716877,54.67791314697448
1746492,8689,0.8172066260114508,0.6726227286193345,4.917986920846395,1.988062505293882,0.4715875013271575,0.23161426120736076,38.538443554461196,113.90759096154433,47.158693002604444
1746493,8689,0.9996272953741552,0.7425700823436697,4.861661455746501,2.0300351707109363,0.42561994337529124,0.23924423443374546,42.54613171097429,116.31244754485624,42.56195218548662
1746547,8689,0.959109788029369,0.7744798180224056,3.2765225487306817,1.8967527160941597,0.4626626167506328,0.33168068726580613,44.374424890743875,108.67592541217101,46.26621391874604
1746548,8689,0.7456376970966234,0.727510654881377,3.27327563824658,1.9098832470956761,0.5590287304247071,0.33430807906429094,41.6832900755015,109.42824942132359,55.902798819063946
1746549,8689,0.5835807979539158,0.6725234333955595,3.295136625902243,1.8712985575202876,0.6602813840350956,0.3253810733874898,38.532754357213086,107.2175095548314,66.02802639203618
1746550,8689,0.487280026197499,0.6088530814866167,3.3182706921533067,1.8476902891210196,0.7159068568649269,0.3190362237331722,34.88471191271793,105.86485541394127,71.59054023699842
1746551,8689,0.3944923397479259,0.5463583193215324,3.3427938499223235,1.8317157543047848,0.7935268153865976,0.31395768446135935,31.30402579898475,104.94958198928623,79.35248239929084
1747352,8693,0.9311655731220868,0.74641178690773,3.4034064152278525,1.8917066513211376,0.4592764804004137,0.3184656595642141,42.76624516863109,108.3868071975272,45.92759921056996
1747353,8693,0.8268513563263414,0.6806486000707078,3.4027270087295074,1.8707811596892086,0.47164815471983623,0.3150057711147296,38.99829211553943,107.18786484278135,47.16475900099825
1747354,8693,0.698418464305318,0.6181688478902665,3.380350920582896,1.8553022459138182,0.5071238421321231,0.31446731595312327,35.418466010576836,106.30098841200457,50.712312329104066
1747355,8693,0.591278236721788,0.5502145828990955,3.397275868039936,1.8352297733952896,0.533166467757818,0.30951540065379546,31.52497342666913,105.15092045230055,53.3165575058108
1751171,8712,0.9569321995867954,0.745748970265941,4.170094340714192,1.8599433477999643,0.4465130146566564,0.2555503425099237,42.72826857246554,106.56690396237094,44.65125527143968
1751172,8712,0.8081504060597087,0.6755413055800847,4.176881009745628,1.8078733496007766,0.4789413570460454,0.24799249089602252,38.705665696496304,103.58351282630369,47.89407703342734
1751173,8712,0.6970078861983003,0.6070202477499291,4.230237902303669,1.7583742584049409,0.4989857140034701,0.23816018365781444,34.779698275056546,100.74742381104913,49.89850052666567
1751174,8712,0.5869574497873224,0.5399170778698037,4.3037784732374735,1.7139838945198584,0.5270393847653784,0.22818098954644844,30.93496984897597,98.20404330938396,52.7038495828536
1751719,8715,0.853512580126879,0.5866383190415086,3.67410571943991,1.9697578631863246,0.3938067249450994,0.30717355605465474,33.61189978172752,112.85881222328383,39.38062681642505
1752724,8720,0.9103311106265738,0.5513458648227962,3.7796213560119627,1.1229948053949008,0.3470142939262981,0.17023626584091908,31.589791106336623,64.34286276424302,34.70139165429816
1752778,8720,0.9658838720965197,0.6506853778834947,4.519805212846574,1.2322563088761131,0.38598351866765973,0.15620824857692564,37.28152594359936,70.60308577697045,38.59831230473383
1752779,8720,0.8420442591589297,0.5863805665052106,4.595830973738187,1.2013030894030527,0.39899483767993726,0.14976529202742106,33.597131649238854,68.82959693882194,39.89943685782055
1753727,8725,0.4538096779707752,0.5304850194543734,3.4640593008433993,2.069592020808381,0.6697642980157873,0.342311945223019,30.394552709650966,118.57888810627148,66.97628369072518
1753728,8725,0.5956335492886116,0.5951083133088526,3.464106283781917,2.071063957975192,0.5724525452607128,0.34255075863762924,34.09719470574633,118.6632238936382,57.24515937913587
1753729,8725,0.7333085884995122,0.6620795015794143,3.447904843354897,2.066163254671022,0.5173041911719899,0.34334600086912026,37.93436114262556,118.38243427766344,51.73034927887186
1753730,8725,0.8997380164461862,0.726638533381201,3.4464541142610203,2.067145432054481,0.46272714913210256,0.34365380946965063,41.6333211943188,118.43870889646884,46.2726639984595
1753786,8725,0.9602510969673552,0.7244251644546057,5.132449347421267,1.8185136352319105,0.4322463592612192,0.20300863979324651,41.50650449631949,104.19315628578136,43.22459136241859
1753787,8725,0.820369756236048,0.6604499553815218,5.186488684138013,1.8070767613711678,0.46126754763993344,0.19962999591565708,37.840995022964734,103.5378716827373,46.12669909954301
1753788,8725,0.6800536115817691,0.5899860190540672,5.252039909033653,1.8051569031351469,0.4970741687235981,0.19692895237471852,33.80370886352302,103.42787190854988,49.70734451002027
1756140,8737,0.4240405722457067,0.5474912823932494,4.187737946784991,2.1019085802095128,0.7397626810907887,0.28757885954449025,31.368939801338307,120.43049056834015,73.97609539840563
1756141,8737,0.5462646425084309,0.6122250495918927,4.036841153940161,2.138205961572322,0.6421413374035143,0.3034803014350701,35.077911453802976,122.51017732780593,64.2140173647505
1756142,8737,0.6843468309706735,0.6746824251336047,3.9084627411315864,2.165472324044137,0.5648664267519172,0.31744558595113415,38.65645547180669,124.07242482011483,56.486560959763224
1756143,8737,0.8427387626482817,0.7426580489909209,3.7763062109690866,2.1865724747115105,0.5049153214451483,0.3317563965146222,42.55117182859969,125.28137440044549,50.49147283009887
1756198,8737,0.812146995210027,0.7224779173828608,5.019990837790459,2.0306722942500275,0.5096975694287548,0.231771243339787,41.3949354574393,116.34895203467461,50.96969481126933
1756199,8737,0.6103693470375949,0.6561449187620549,5.024723473078267,1.9825269161036596,0.6159276208832423,0.22606303699370556,37.59433459402001,113.59042506382633,61.592662186953255
1756200,8737,0.41168883426294905,0.5856560100095117,5.016984048062893,1.9184058018583765,0.8150723073415191,0.21908890793313643,33.55561762001652,109.91655583989544,81.50703473184214
1756742,8740,0.3575545405611014,0.564681295570035,3.641554381172405,2.244024376383996,0.904864864826089,0.3530721007571856,32.353855006142396,128.5731258912795,90.48623594356961
1756743,8740,0.4915883516918571,0.6307028427205981,3.5743771706087877,2.2292787030337657,0.7350989940124982,0.3573441038488224,36.13661101479362,127.72826104223277,73.50975136142723
1756744,8740,0.6354452312015052,0.7003148630355693,3.461342126662069,2.208128787827032,0.6314483669175266,0.36551272647618993,40.125085982220426,126.51646016382736,63.14473831460404
1756745,8740,0.7969591942561547,0.7640286959982673,3.377004472158245,2.186440849186542,0.5492830683653712,0.37096140521947435,43.775619707584525,125.2738328133886,54.92823860348839
1756746,8740,0.9887150393522216,0.8277681917992921,3.2923608742458748,2.163339249769638,0.4796895105050573,0.37647819611728034,47.427623805275076,123.9502086667981,47.96890301926152
1756802,8740,0.8845161012179571,0.5389616004249274,4.030244657153738,1.882752604572116,0.3491199835969443,0.2676606186924841,30.880225023964613,107.87377810924542,34.91195928427313
1758750,8750,0.15311037812689005,0.572903004901741,3.5773566657647122,1.8566653350741977,2.143873100499808,0.29736785372471775,32.824924251232474,106.37908766799434,214.3859238470771
1758751,8750,0.2887127203712588,0.6473226693510611,3.6606605144859423,1.9103947489455564,1.2846283878533977,0.29901039876923774,37.08885693695829,109.45755631853486,128.4623982859751
1758752,8750,0.464350646662132,0.7192101580883957,3.7533913673997668,1.9750937251771545,0.8874264750181047,0.30149942603059837,41.2077066414018,113.16453459542267,88.74245830204849
1758753,8750,0.6451652938847275,0.7862186241670722,3.791953883325188,2.033155581829152,0.6982242948917804,0.307206356430995,45.04700893935551,116.49123393227569,69.82232234749092
1758754,8750,0.8259074663417345,0.8532802155855899,3.853388088580437,2.0795679412111006,0.5919471187210615,0.3092096181176249,48.88935509506731,119.15046624210576,59.194640916586096
1758810,8750,0.9199162504530907,0.5765637822008133,4.036515726749511,1.7656494175273076,0.35910520077051244,0.2506227308939256,33.034671340206614,101.16425972404684,35.910481430732936
1760015,8756,0.880924686122665,0.7790991400791306,4.292846710276133,1.8294436507870735,0.5067299480339476,0.24417224018742076,44.639092548805905,104.81940004710454,50.67293785617929
1760016,8756,0.727293973855309,0.7083865313874166,4.360963851365784,1.8171673443910126,0.5580626186024558,0.23874543062595643,40.58755851241059,104.11601950260079,55.806185896295275
1760017,8756,0.5826836296055925,0.6405513968663784,4.436132940268132,1.7977158431664382,0.6298596546574577,0.23218765472530173,36.700891601652906,103.00153057723912,62.98585845055669
1760018,8756,0.45659449323411105,0.5771157986125817,4.500712745834435,1.779463282544616,0.7241939908739707,0.22653242146176325,33.0662995508229,101.95573588830203,72.41924206612515
1760617,8759,0.955054258566803,0.8150594114724397,4.194836995975445,1.769477337184994,0.48897184031088453,0.2416865857250924,46.699464329787546,101.38358336474744,48.89713334479386
1760618,8759,0.862247632663633,0.7500260411122093,4.237059372862604,1.7434944138899389,0.4983872910093796,0.23576462469364434,42.97332668063516,99.89487152052862,49.8386718780675
1760619,8759,0.7697662718223117,0.6850337529430204,4.356921164673702,1.7353522790631035,0.5098890896432215,0.22820785038914748,39.2495428676426,99.42836155872449,50.988843387333205
1760620,8759,0.6604820377576011,0.6151915422398163,4.461626670132188,1.7135116608941567,0.5336689934594812,0.22004751485119398,35.247878962485586,98.17698631568709,53.36681935414312
1760621,8759,0.5645133542310515,0.5494058736871411,4.577111894496437,1.7004980684983342,0.5576243149681537,0.21286646345567575,31.478637801970795,97.43136239510292,55.76233370513519
1764583,8779,0.8580678233988264,0.5805131518556987,3.671985038248064,1.9544733119546116,0.38762615563178954,0.3049660346503406,33.26095355316859,111.98307194595519,38.76257084067143
1764636,8779,0.9294172700089129,0.7898121181685466,3.4398077525530613,1.9888069449178305,0.4868954123481716,0.3312692222239879,45.25290097934557,113.95024421009887,48.6894893715739
1764637,8779,0.798101320243739,0.7242704958691099,3.551249518740803,1.9651610621434306,0.5199545604876263,0.31705864094599007,41.49764263914732,112.59543492426467,51.99539155139158
1764638,8779,0.6943661484854231,0.6598807319721989,3.6240706299167917,1.9056264332461526,0.544502067993629,0.3012754518385434,37.80838092401048,109.18435195357304,54.45012916650706
1764639,8779,0.623355431457036,0.5952707516044095,3.7676383915647773,1.8568277699661113,0.5471437235679251,0.2823742173812683,34.10650173451304,106.38839450174666,54.71428546071524
1764640,8779,0.5362765615444695,0.527578965592717,3.895374020754966,1.8266551081581879,0.563665274455007,0.2686767111377823,30.22804808834036,104.65962832347708,56.36642338956741
1765640,8784,0.9555713862859139,0.7512350793523075,4.262300504451759,2.0473980921020702,0.4504383412517306,0.2752205511151631,43.042599469062715,117.30726966058563,45.043787458487806
1765641,8784,0.8512886179051371,0.6855201798835507,4.57608496154463,2.0443573925885707,0.46138773373527686,0.2559678221450443,39.277413078376455,117.13305041169463,46.13871971683473
1765642,8784,0.7491516596823733,0.619524805099079,4.764102116310747,1.9845341702222807,0.4738180274081463,0.23867127370186214,35.496156635842134,113.70543225323358,47.38174012609371
1765643,8784,0.6694900159690429,0.5524596548820456,5.08101548741664,1.9529975565710012,0.472801764748903,0.22022864808771708,31.65360657599524,111.8985173908806,47.280106560024244
1766247,8787,0.9584444753215918,0.5946011675364842,4.656657203114583,2.109793427624685,0.3554523805513959,0.2595902028323932,34.06813739339172,120.88225904733414,35.54520133965959
1766248,8787,0.803685223704145,0.5269736350512131,4.7128334810224075,2.052045676745301,0.37568644958103947,0.24947530369901952,30.193365203101816,117.57355664557255,37.56859868014445
1766389,8788,0.5226769708820738,0.5662512278509989,3.4282199037645724,2.1548970464847548,0.6207238253578827,0.36014756682631444,32.44380549996298,123.46650604878282,62.07226496500447
1766390,8788,0.6803234323756714,0.6353767739340923,3.4868848531863095,2.1573929729444816,0.535104411806509,0.35449840459586046,36.404407547061304,123.60951210090019,53.51036331289509
1766391,8788,0.8571476655730088,0.7016256675739444,3.535852864454562,2.1474888642279737,0.46899957493511046,0.34798407298150363,40.20018955003591,123.04204847160555,46.899903324427214
1766449,8788,0.9120544451872967,0.6573654150604251,4.337308523031223,1.4467337584760345,0.412960691838223,0.191113308653293,37.66426388082796,82.89173843977576,41.29602435857762
1766450,8788,0.7466793567018997,0.5918549319824782,4.357928341376843,1.4064599335167034,0.4541546371688716,0.18491405031773345,33.910789686598406,80.58421824475747,45.41540350195224
1766790,8790,0.4962581220585849,0.6205616421545681,3.6348850755458795,1.8115201334864253,0.716473156332418,0.28554536308308176,35.555563023164424,103.79245815174768,71.64717270218155
1766791,8790,0.677176339939531,0.6932231299677445,3.781602829119463,1.8767850248674796,0.5865349493015729,0.2843552471081293,39.7187596080007,107.53186097826183,58.65340918162946
1766792,8790,0.8644376825599966,0.7686195280302605,3.884593805096546,1.9257153951750734,0.5094485743333628,0.2840332089756905,44.0386550074712,110.3353646868992,50.94479908864407
1766850,8790,0.9612701529488776,0.7011197913629568,4.883892508869233,2.058773932154676,0.4178971378343576,0.24152672653682164,40.171204978190254,117.95905728401583,41.78967074478167
1766851,8790,0.8771312017387689,0.6318927327722338,5.035441244333954,1.9924098928335092,0.41276363454296533,0.22670640397446642,36.204786692836954,114.15667791947273,41.27631686656467
1766852,8790,0.7315782272499843,0.5593204437019853,5.093714835840312,1.930195360696024,0.43804885366700413,0.2171147210840174,32.046700819508324,110.5920478036138,43.80482608831347
1767996,8796,0.4233161482236723,0.5908784652615642,4.29853541638387,1.910579012106874,0.799753130301414,0.25466374697785804,33.854842264655055,109.4681138199981,79.97512599410888
1767997,8796,0.5257598030666857,0.6634738169945015,4.353859408688236,1.9697566043015633,0.72303452235134,0.25921539774589936,38.01424953122009,112.85874009450012,72.30331608877752
1767998,8796,0.6614571100163956,0.7324697198151161,4.348055537181786,2.035035152100831,0.6344692996198427,0.26816337581454164,41.96742356653608,116.59892537614117,63.44683500138176
1767999,8796,0.7919180563541565,0.8058828471413773,4.2949733387384486,2.092853219134609,0.5830614035080983,0.27919068841719924,46.17368592318738,119.91165659678111,58.3060674606849
1768000,8796,0.9403444552464858,0.8719050955371087,4.198351676152855,2.150176165070507,0.5312572568514287,0.29343901768518804,49.95648211022716,123.19601946816468,53.12566975413566
1768057,8796,0.8273258743682426,0.5259472085778939,5.2988235924346485,1.7275921939553909,0.36424045068058386,0.18680323947358843,30.13455529820013,98.98374143339022,36.42400148213638
1770265,8807,0.9738793839889599,0.8075072889417728,3.9971655864830735,2.086175019094411,0.475076892148918,0.2990344558776897,46.26675958241467,119.52902391973367,47.50764092085785
1770266,8807,0.8469570655338836,0.7423216704386892,4.148119510264791,2.0233658731582898,0.5021730142631833,0.27947681925850676,42.531898757238096,115.93032494277266,50.217242727865084
1770267,8807,0.7349605731136213,0.6733570084868126,4.17161227257633,1.9568655348733586,0.5249331131256704,0.268769311786593,38.58051469184912,112.12013622285386,52.4932406035938
1770268,8807,0.6299109221383993,0.6063966545705205,4.316797344979452,1.9073528170319425,0.5515695512664893,0.2531582038064856,34.74396901774329,109.28326645831862,55.15686843931431
1770269,8807,0.5415955194883377,0.5395359841309595,4.509857326067321,1.8628073525440576,0.5707789873255775,0.2366615868159243,30.913134786141338,106.73099934671293,57.07779439820974
1771474,8813,0.8503338491468033,0.5925183751886565,5.6742556392913155,2.070702996409838,0.39924086071701476,0.20908917336883615,33.94880218225905,118.64254231937697,39.92403959019451
1771475,8813,0.7067848438905648,0.5249513134328349,5.865713957637916,2.0239575938748198,0.4255537529417366,0.1976984024149038,30.077494709550677,115.96422804248029,42.55531568655431
1772276,8817,0.9095215088721847,0.6824564566369848,4.621722662840693,1.8837749270397701,0.4299169822308196,0.23353273338143402,39.10187466675211,107.93235287194341,42.99165142733933
1772277,8817,0.7446284832379166,0.61823983980156,4.66549864434632,1.8691808661853275,0.47570746847791723,0.22954925660359438,35.42253354747352,107.09617477902675,47.57068360151899
1772278,8817,0.5833516540047239,0.5521269276647516,4.672080897707323,1.8606422172051977,0.5422894055627309,0.22817872450337265,31.63454271071516,106.60694622972164,54.22884852506214
1772679,8819,0.9512157232102969,0.6305202705397001,5.691087728250038,1.7576847479234847,0.3797892437864547,0.17695723981492953,36.12615039937167,100.70791777053167,37.97888485123366
1772680,8819,0.807013367544946,0.5619475660031265,5.802073403832074,1.7389200288962479,0.39896765946528817,0.17171926561459705,32.19722383962841,99.63277856652216,39.89671700341222
1773627,8824,0.9479325657553466,0.5805907683012627,4.236846335972324,1.9621355737559685,0.35092580947978447,0.2653437911798929,33.26540064792021,112.42208720869725,35.09254429809454
1774029,8826,0.47232475578415223,0.5714723569329653,3.3109097741846822,1.9704827182002824,0.6932296701887503,0.34099492500712886,32.74295416065266,112.9003433563425,69.32282171717063
1774030,8826,0.6010272978099582,0.6384172824398651,3.240338091311605,2.032683355609397,0.6086015623034167,0.3594198312693563,36.57861585201571,116.46417736290832,60.86005598289094
1774031,8826,0.7359488086382262,0.7122162109067306,3.14791969622656,2.0868584988141263,0.5544812621788398,0.3798323832293157,40.80698298575497,119.56818442305615,55.44805162904067
1774032,8826,0.8503643073091479,0.7839901401719178,3.0394174639272835,2.125208129089302,0.5282362547132889,0.4006210315898974,44.91932621172071,121.76545638371086,52.823563973771584
1774033,8826,0.95794765146197,0.8518007303308338,2.8958940222955394,2.1161197349100274,0.5094702852516485,0.4186780607389075,48.80458683411795,121.24472975468714,50.946975873534555
1774085,8826,0.8980548538955826,0.730765596891992,4.014127730974219,2.022964358907583,0.46622746781468133,0.28874845881875794,41.86978451526957,115.90731987079282,46.622695385422865
1774086,8826,0.8019885261689327,0.6615020514764641,4.111169256693869,1.9602949179281888,0.47259124014290793,0.27319873766363406,37.90127568884712,112.3166253982293,47.25906567620625
1774087,8826,0.6969900761598303,0.5967942028344191,4.172764322926663,1.9202123941504348,0.4905921868800506,0.2636623043515285,34.193789060286605,110.02006595353124,49.059149004721924
1774088,8826,0.6022889755821843,0.5276886946488913,4.201785566791615,1.896194342324593,0.5019905032950919,0.2585661047338403,30.234335100149103,108.64393295178402,50.198967815999346
1779656,8854,0.5322368631946481,0.5358423166061655,3.492305260983572,1.9479106264090675,0.5768390874868613,0.3195799023906379,30.70150322604611,111.60705776192401,57.68380145254353
1779657,8854,0.6704141315051341,0.6028108063107895,3.529121873049508,1.9808780601830605,0.5151817795630714,0.32159827951444736,34.538515046486374,113.49595257855084,51.518101879569336
1779658,8854,0.8188711786006228,0.6747565645651232,3.517943286633644,1.99736066316887,0.4721219147347932,0.32530466387714835,38.6607033483282,114.44033616502747,47.212134394889055
1779659,8854,0.9535175364601601,0.7454898811618779,3.4537127324329333,2.0260354451993154,0.44795634877254514,0.33611156691640737,42.7134238602849,116.08328015382956,44.79558836774596
1779712,8854,0.9675254269599507,0.737880904659044,4.376977946392711,1.8760935714909328,0.43696485906456134,0.24558552656419005,42.2774616202583,107.49224361805564,43.696441194994165
1779713,8854,0.8559442304021851,0.6730143691963077,4.483028381496598,1.8575805794615334,0.45050694994441587,0.23740988906180227,38.56088290660783,106.43152730861172,45.05064288808424
1779714,8854,0.7419457908033147,0.6077310104755881,4.539097570968616,1.8522547980356396,0.46931220503939075,0.23380502537610592,34.820421979472016,106.12638251029884,46.93115788232135
1779715,8854,0.65548913804487,0.5396352424502201,4.587040383456994,1.8541519237812016,0.4716908275466989,0.23159830892324396,30.918821868916535,106.23507980872515,47.16901151425113
1784135,8876,0.898915749895843,0.6653508645577325,3.633124103188184,1.998117546533027,0.42408641760776006,0.3151109040613374,38.121796434538545,114.48370238737732,42.40859505505454
1784136,8876,0.753940710423964,0.599525770020832,3.6449585791867993,1.9459312925411631,0.4556100420230421,0.3058845458925237,34.35029633152449,111.49365028504577,45.56094437620156
1784137,8876,0.660184518880981,0.5327300012987745,3.6982520516018518,1.9185008035194984,0.46234316860099284,0.29722689855410533,30.52318069441864,109.92199903412445,46.23424752811247
1789504,8903,0.40324389937603955,0.5826443860417484,3.4035000110327993,2.2175868964418446,0.8278628269634278,0.37331678884807623,33.38306427718324,127.05836986963244,82.78607944908535
1789505,8903,0.47458443769336295,0.6513874091819477,3.383823248539886,2.217481664360026,0.7864090270021034,0.37546978907609296,37.321749374086814,127.05234051547487,78.64073865283869
1789506,8903,0.5557026025658813,0.7147188803482574,3.3210486615766106,2.2091987970806817,0.7369116944256934,0.38113794676189083,40.95037538227082,126.57776717810144,73.6910381598902
1789507,8903,0.6543212207710881,0.775524589018747,3.2602023640776756,2.198007526926303,0.6790897768520839,0.3862844700445713,44.43428585939191,125.93655463086482,67.90887493783748
1789508,8903,0.7714373564785416,0.8382850181570718,3.160883343774143,2.182421401476271,0.6226065220135252,0.39559680452716695,48.030193569447796,125.04353542361655,62.260572301195666
1789509,8903,0.8724777083736619,0.9063918513039653,3.0217469035245452,2.1646538649492766,0.595229271431377,0.4104431447027199,51.93242766476649,124.02553056827523,59.52285960258077
1789510,8903,0.9741655436333497,0.9804113226603537,2.8768267525641407,2.1478745548750147,0.5766312590890402,0.427777398762067,56.173430975277036,123.06414691787867,57.66306730855994
1789563,8903,0.9647350637419563,0.6298187596813059,5.691103633503517,1.5203965043741978,0.3740504286626073,0.15306750385142814,36.08595678790308,87.11230288708514,37.40500448167677
1789564,8903,0.8250423683169179,0.5667818102383748,5.873227142748141,1.5213268986941397,0.39360651628211873,0.14841178161160531,32.47420563144359,87.16561055490075,39.3606043979127
1791572,8913,0.8933876316906046,0.6001032240236476,4.004950495995546,1.9164893519246209,0.38486520748913955,0.27417754896760577,34.38338200874876,109.80675134704312,38.486478100446995
1791573,8913,0.7230857655270588,0.5353755854567711,4.017408621664104,1.8683402276808185,0.4242202313917684,0.26646034684373254,30.67476150101852,107.0480097406222,42.421965057899584
1794930,8930,0.23175099773198993,0.6237656490627762,3.663426747660996,1.8844603498173038,1.542135218581931,0.2947284928748387,35.73913909653551,107.97162470427823,154.21286308766196
1794931,8930,0.37730053410020015,0.6891939232034906,3.776888090307871,1.9479441614051,1.046590143669036,0.2955051254141337,39.487903065623385,111.60897917566265,104.65873975253058
1794932,8930,0.5611226938088139,0.7886359046547087,3.8608756817948193,2.0167319818537432,0.8052696603164367,0.29928503322404915,45.1855089091964,115.55023096927361,80.52682395655887
1794933,8930,0.7460141989919238,0.8569173168926508,3.903734290240709,2.0769477988246874,0.6581341891057055,0.3048371994331255,49.09774564962341,119.00034314164095,65.81333157282621
1794934,8930,0.9277861404879594,0.9242760946042913,3.9434617186874314,2.116971615648819,0.570790147037742,0.30758137715220213,52.957119325660294,121.29353892566839,57.07895379732045
1794988,8930,0.8479759456928915,0.7557692542528069,3.355993876193275,1.9385122721958132,0.5106558536680745,0.3309558226195737,43.30238855443548,111.06857173113553,51.065525748524465
1794989,8930,0.7226979258351621,0.6855433672094321,3.426109913461937,1.9326054760338778,0.5435015054926989,0.32319493453007636,39.278741614287654,110.73013724061256,54.350076096898206
1794990,8930,0.5980153428132272,0.6189258335849268,3.3831919371055656,1.8820578715555434,0.5929921017781651,0.3187344215919023,35.46183809603265,107.83397283950742,59.299112009566116
1794991,8930,0.49900093894085384,0.5484951195409989,3.4095816265625145,1.8372124901869538,0.6297874883790603,0.30873148959870234,31.426455433222806,105.26452175643263,62.9786238905732
1796743,8939,0.7399494703159675,0.5507935751623914,3.2853049350132264,2.0241001627993924,0.4264905656295751,0.3530034458937604,31.55814723972671,115.97239664014802,42.64899950161666
1796744,8939,0.9205730259342692,0.615656298321114,3.300135032742325,2.037898757973895,0.3831798906498241,0.35381278764225854,35.27450752444698,116.7629979068566,38.317947857205404
1796799,8939,0.950938671376205,0.7014479658215426,4.402919825619326,1.7322900165783972,0.42263511598295644,0.22542519634275468,40.19000798961121,99.25290684258957,42.26346759878891
1796800,8939,0.8339103460659248,0.6349941123121637,4.517770973297283,1.6998443226905042,0.436287694312636,0.21557955434110385,36.382482651143164,97.39390551943988,43.62871763621135
1796801,8939,0.6925972636478385,0.5702480732522524,4.569257284671436,1.670553227631578,0.47174323544094765,0.20947747789748747,32.67280787282107,95.71564939524691,47.17425611311383
1800761,8959,0.706270004042417,0.5274073969596877,4.146688514196461,2.16367448832717,0.4278564476610516,0.2989600393130501,30.218217929770955,123.96941642127476,42.785584792259314
1800762,8959,0.8865522890764755,0.594794193624454,4.149537981417206,2.209587807083097,0.38440142797067606,0.305094340794769,34.07919697356831,126.60005580942821,38.440099871569686
1800818,8959,0.9864962935805737,0.7390967891664676,3.6800659929470196,1.576587303897861,0.42926797107304365,0.24546244136631926,42.34712667090902,90.33179854725677,42.926754028089235
1800819,8959,0.8739457129680432,0.6745165536372243,3.7294571097350993,1.543297506276756,0.4422122646687034,0.2370973329464196,38.64695173512257,88.42443364272279,44.22117637341092
1800820,8959,0.7474546004498277,0.6043803892746354,3.726600242530982,1.4875347535892764,0.4632849278308758,0.22870567671381825,34.62844552591038,85.22946325969842,46.32843142130525
1800821,8959,0.6177568751474848,0.5395171150540595,3.7319510048962066,1.4350470599231393,0.5003918921970679,0.22031945116123128,30.912053667671664,82.22213993625323,50.039109028422594
1801969,8965,0.5341191561007724,0.5590490842410183,3.268944278441306,1.918863928892577,0.5997004994503539,0.3363251095290424,32.03115306766397,109.94280458543597,59.96993878961695
1801970,8965,0.6911124927235316,0.6303274654460225,3.2428484735111476,1.9472683831301185,0.5225647537689329,0.34405017841542346,36.11510348123532,111.57025993261958,52.25640052101047
1801971,8965,0.8397295842357299,0.6969226347036633,3.171373721687969,1.9713561583315355,0.4755188561860797,0.356156029990835,39.93072561565751,112.95038778952066,47.5518295573335
1801972,8965,0.9571835458805573,0.7697051014401984,3.06259448974915,1.9921579388416517,0.4607355977991271,0.3726978613344239,44.100853782212276,114.14224201910781,46.07351212679882
1802023,8965,0.9494591625038948,0.7651769199261533,3.938655329255744,2.1759528187590798,0.4617513776497692,0.31653674210053795,43.84140809258833,124.67291293449021,46.175089618263456
1802024,8965,0.8131231743551688,0.7002402091112275,3.9340948076328504,2.125931522212123,0.4934161194683997,0.30961862741749735,40.12080862743155,121.80690375657727,49.34155187213383
1802025,8965,0.7092127340648282,0.6344565670994802,4.055381973986625,2.0805382938167654,0.5125638799270656,0.2939453393583035,36.35168357915894,119.20606335104988,51.25631644329674
1802026,8965,0.571289703084565,0.5684296209953779,4.0900504839636325,2.014147496989241,0.5700893519928506,0.2821533647680886,32.56861823325612,115.40215089432218,57.00883640746936
1803372,8972,0.23721258979535167,0.5519245471548133,3.2009039615648542,1.8387643201071397,1.3331057114555371,0.32913650642845227,31.622947161639992,105.3534350613814,133.31001478002025
1803373,8972,0.37162762349860445,0.6213524289480673,3.3116866932362603,1.905220163095513,0.9579715973693951,0.3296237964839018,35.600871768926616,109.16107438859926,95.79690453811426
1803374,8972,0.4988315904601267,0.6883389545693614,3.355871244250657,1.9609668537924727,0.7906258732384419,0.33480165350516217,39.43891697127172,112.35512448735625,79.06243041356417
1803375,8972,0.6253716470324149,0.7541912223480823,3.3461067918768386,2.0129941192142007,0.6909806912486596,0.34468734575637555,43.21197398635777,115.33606721562819,69.09795973874432
1803376,8972,0.7577093564223576,0.8202041340890138,3.3380545066389797,2.056941368509114,0.6202145216228925,0.3530621160738288,46.99423522248274,117.85405912143601,62.02137112705312
1803377,8972,0.8946652881538385,0.8885099550219511,3.3446997481938783,2.091137248899049,0.5690158161176689,0.35821851707613994,50.9078704781164,119.81333874451347,56.90151864687535
1803430,8972,0.9788893288618865,0.8391814674981357,3.8198602250645193,1.7490663476931743,0.4911847991841493,0.2623502265639508,48.08155633323804,100.2141198111803,49.118430242477096
1803431,8972,0.8709485351217245,0.7739058710611479,3.864482795605383,1.7578236519058876,0.5091177934742659,0.2606192896922554,44.34154015219945,100.71587638248091,50.91172147649432
1803432,8972,0.7730328312134402,0.7084035933777504,3.891017365547162,1.7682020737735007,0.5250557793732855,0.26037024864031855,40.58853609244681,101.31051615350142,52.50551069509404
1803433,8972,0.6722473505882911,0.6405296056324914,3.914312216203087,1.7841895532908176,0.545924687957191,0.26116090221565197,36.6996430559208,102.22653125489553,54.59238839902632
1803434,8972,0.5681022771149519,0.574070485159419,3.96048719685437,1.8036218778786823,0.5789770027101971,0.26092729515969465,32.89181594266227,103.33992143990848,57.89759937611983
1808799,8999,0.11682016320307734,0.5891727860955039,3.449143443542118,2.1052570878068604,2.8896647832009172,0.3497168138874069,33.757114047236406,120.62234592133566,288.96402947601507
1808800,8999,0.18951841963158966,0.6641696938977073,3.4825106317170693,2.1651173939110375,2.007937719556294,0.35621452906832096,38.054120340834416,124.05208882146621,200.7927230613545
1808801,8999,0.33016088105863767,0.7408054693087918,3.523393728747376,2.1649070978127147,1.285586148483699,0.3520470572973275,42.44502683160201,124.04003974258426,128.55822936162537
1808802,8999,0.48434511923385537,0.8106489264807835,3.506614775644547,2.1550415746365146,0.9589600338838973,0.35211962091582777,46.44676215415985,123.47478690189948,95.89580737764537
1808803,8999,0.6620642020462276,0.8838279720368214,3.449139413817316,2.1444765775796313,0.7648746404341302,0.35623221349511824,50.63961261331641,122.86945715997193,76.48734967010179
1808804,8999,0.8427374277280891,0.9510901966221432,3.419737707885636,2.1334880231788063,0.6466243430412172,0.35745390276723776,54.493454202716435,122.23985936985476,64.66235834246167
1808855,8999,0.9685554719342017,0.8893252954432351,4.114574830220614,1.859145457412585,0.5260884584677202,0.25888747281833047,50.9545860431224,106.52118821066006,52.60879207318328
1808856,8999,0.8874880399531859,0.8216137052524843,4.435242166995462,1.8671178460779565,0.5304296514590378,0.24119984470902825,47.07499770107295,106.97797243382378,53.04290597611899
1808857,8999,0.7873812534741844,0.7545269349109258,4.585055699918224,1.8037385290796464,0.5490505159925694,0.2253987990545966,43.23120889933822,103.34660506139885,54.90498256544161
1808858,8999,0.7135670202173934,0.6856706559140128,4.871023403865763,1.7548771302602066,0.550558434683719,0.20641874321877432,39.28603471983981,100.54705312793945,55.05576708422422
1808859,8999,0.6251158562215602,0.6186896730475545,5.04852065888284,1.7242614379309855,0.567067787100283,0.19568683511493948,35.44830709395367,98.79290317060402,56.70668890328199
1808860,8999,0.534815008982224,0.5524541640331203,5.224022830028921,1.7048937833594016,0.5918549563877891,0.18698849774562668,31.653291973525874,97.68321830458501,59.1853860802771
1809059,9000,0.9277328779818541,0.6198628360636103,3.8165453595322956,1.9666494435362805,0.3828205816947299,0.2952426919798137,35.515524383454505,112.68071289638077,38.28201731806237
1809060,9000,0.7616362355463221,0.5576636898948226,3.7923679798839776,1.9621644985303508,0.41951490630211075,0.29644735103787273,31.95177581866567,112.42374447619272,41.95143610034595
1811873,9014,0.9064439652541443,0.8177138515462653,3.9329196077670185,2.196110684487157,0.5168720166059038,0.31993502485093084,46.851552542988145,125.82787356470045,51.68714520892303
1811874,9014,0.8002166059039879,0.7461791384935108,3.9859544589879956,2.1361518869010654,0.5342667791031662,0.3070594219542422,42.752915396385916,122.39248751833821,53.42661181278173
1811875,9014,0.7190190632462181,0.6806908089526365,4.079141409063365,2.0728893655371396,0.5424155207768272,0.2911588489866576,39.0007105063319,118.76781204282906,54.24147739390224
1811876,9014,0.63873738865119,0.6143477628082432,4.118333518680724,2.022458203536763,0.5510798966296119,0.2813718667933815,35.1995339622165,115.87831930426694,55.10790424941671
1811877,9014,0.5508363929295662,0.55288850596773,4.175649006541383,1.9727555906160243,0.5750923098903316,0.270689823079904,31.67817793324456,113.03056935313623,57.50912762978519
1813426,9022,0.8625726780602954,0.5475569453074993,4.669961886196672,1.9795483164448968,0.36371082047293335,0.24287085504250447,31.372702009195358,113.41976387452013,36.37104030318248
1813482,9022,0.9273671799069788,0.636952852841733,4.581268661164156,1.268486247536818,0.3935303147862,0.15864362815415953,36.494710216648706,72.67890835424669,39.35298946779624
1813483,9022,0.7475954481659559,0.5707345342120537,4.607014098518126,1.2114303055754192,0.43741143255389425,0.1506612353441246,32.70068003271557,69.40984368371517,43.7410853314494
1814485,9027,0.8284047469198494,0.532430652565861,3.842804930922574,0.651152290120963,0.36825029094288086,0.09708605723623434,30.506029275420108,37.30827804420931,36.82498508592752
1814979,9029,0.8818842405585694,0.88063908128157,3.134394905760008,0.8046398425297712,0.5721488120436864,0.14708569993276813,50.45690263171222,46.10246700502705,57.21481697522658
1814980,9029,0.7764973427441129,0.8753792318680309,3.100173310330748,0.8539970105153025,0.6459202376182516,0.15783125446062474,50.15553545944206,48.93042441931622,64.59194140993847
1814981,9029,0.6520859780160531,0.8599576942699501,3.0821196945124663,0.9044108796106585,0.7556050482142355,0.1681275593272323,49.271946441469716,51.81892634740513,75.56039010528552
1814982,9029,0.5336692217146538,0.8512093348831257,3.0437190457551986,0.958885164933414,0.9138751022659313,0.18050310157406727,48.770702370941024,54.94007298839047,91.38734069561417
1814983,9029,0.4287256054540389,0.8474736891890216,3.0022097940963564,1.0121575230418536,1.1325813967865912,0.19316556155930906,48.556665638912634,57.992354272713584,113.25787814705167
1814984,9029,0.3590066300745238,0.8384046150097605,2.993367309441142,1.0672428666186815,1.3380545260772396,0.20428001460278605,48.03704596434991,61.1485119726939,133.8050836255994
1814985,9029,0.30401153101895906,0.8344060222994893,2.98034789025425,1.1300354450519068,1.5725700188164284,0.21724397241053128,47.80794347805959,64.74626170166191,157.25648978291017
1814986,9029,0.28745989152600415,0.8185894651020235,3.020986147716245,1.184836914606589,1.6315917891586251,0.2247152124310934,46.901721504217534,67.88615461825987,163.15861700434036
1814987,9029,0.2524289232355622,0.8034013426812112,3.059156460016581,1.2226069597970652,1.8235431889981164,0.22898540655330676,46.03150619077697,70.05021879969256,182.3536037279596
1814988,9029,0.21689513385698106,0.7676841605751117,3.1418159635693734,1.2288338127079768,2.0279413184557367,0.2240964836369717,43.98506239999728,70.40699119113654,202.79320621270526
1814989,9029,0.1991629976015617,0.7048453694931429,3.216516666834462,1.2376971416554454,2.0277191717293332,0.22047086851125397,40.38466488129616,70.91482253226262,202.77090923876642
1814990,9029,0.157709781548619,0.5579332412091048,3.3143649666670503,1.2596552080774859,2.026964823010456,0.21775793424262854,31.967219971336245,72.17292706451346,202.69520991170413
1815234,9031,0.8381937365220218,0.5615408815653137,3.3101244841994197,1.814404403145332,0.3838482769795132,0.3140598331342329,32.17392253774808,103.95771463018067,38.38478236125595
1815292,9031,0.9689674542707206,0.5962291986378846,4.857104547351859,0.9999741339369566,0.35255483763976636,0.11795977793007349,34.161416704418,57.294297496837316,35.255447743269485
1815293,9031,0.8516999111175473,0.5259500722573887,4.923187259663324,0.9379195760727095,0.3538185061166633,0.10915455839513612,30.134719374949057,53.7388332316656,35.38180948451518
1816238,9036,0.5041349207275169,0.534560825271014,3.4208176943177557,1.950616762910372,0.6075373340399163,0.32671167429111736,30.628079181059345,111.76210796223505,60.75361409847579
1816239,9036,0.5853178807724492,0.6036187575426903,3.347489496470737,1.9581090114086934,0.590872204444064,0.3351508106698612,34.584807242126686,112.19138218025209,59.08712050512515
1816240,9036,0.7043742712061706,0.6725659861743878,3.296774695496427,1.9684369949992138,0.5470840358602934,0.34210142374253155,38.5351924518465,112.78313205086928,54.708326693324885
1816241,9036,0.8288058499352231,0.7371341180472266,3.243220189350268,1.9736412074551692,0.5095846438936282,0.34866985437171105,42.234673899204296,113.08131146028495,50.958403520078555
1816242,9036,0.9547012136249144,0.8053739427464358,3.1776740108753803,1.982316794344861,0.48333998854610205,0.35742617155731704,46.14452784918157,113.5783859738633,48.3339487335796
1816294,9036,0.9282195527070434,0.7498424764073992,4.029003529938409,1.9649111706485818,0.4628517963194612,0.2794267021120429,42.96280919778198,112.58111719627361,46.28513026617017
1816295,9036,0.755882495629568,0.678377239493142,4.090510377253693,1.920684178847845,0.5142089207147288,0.26903023536731724,38.86815274069251,110.0470972255317,51.42082472421177
1816296,9036,0.6361532688472894,0.6102531481433433,4.190537311227279,1.8951306149100637,0.5496305841029675,0.2591147090144004,34.96492982318536,108.58298586037914,54.962972875340064
1816297,9036,0.5194829393141687,0.5452938081766641,4.287843170068636,1.8740564722273936,0.6014255875844781,0.25041850160687745,31.243033803139152,107.37552642780562,60.142444142520986
1817904,9044,0.9370612805997653,0.6291552914481421,4.603211691843931,1.8185507074902443,0.38469140940854935,0.22635343998622284,36.047942858301795,104.1952803697209,38.46910029846614
1817905,9044,0.8050715709527978,0.5644851794895085,4.632231529375912,1.7970331307850116,0.4017359343892908,0.22227389361679858,32.34261838243358,102.96241403916206,40.17354403734848
1819508,9052,0.9774735171691371,0.7802454152939742,2.9189274705799932,2.007319954379254,0.457350179193563,0.39401787911315783,44.704769280776894,115.01096151832421,45.73497159828404
1819509,9052,0.8310827046597684,0.7200454086960054,2.915621408353352,1.9560147038519315,0.496407424295221,0.3843825075874959,41.255562976053575,112.07138719624729,49.64068329668779
1819510,9052,0.7177950525509693,0.6576079900468889,2.968060428606126,1.9476737851414465,0.5249153187243095,0.375981183891531,37.67816240376778,111.5934877568748,52.49145947496322
1819511,9052,0.6296351405274296,0.5920131050793671,2.9250325476645465,1.9044244809645727,0.538722342757847,0.37304024146583936,33.91985233748265,109.1154851606624,53.87214957049461
1819512,9052,0.5414557459103326,0.5236277493740494,2.9410812775293165,1.8762342021517897,0.5540925504545836,0.36551285276341183,30.00166007506707,107.50030116139287,55.40915373512672
1820317,9056,0.9117318956547681,0.5807157953689319,4.381085993511757,1.8168561668761676,0.36493802580406115,0.23760818724142502,33.272564171222555,104.0981903443208,36.4937629538173
1820660,9058,0.4177982812730239,0.5552804529970227,3.4547575453498727,2.0518016392491667,0.7614972839142415,0.3402831383781301,31.815226402841883,117.55957432700113,76.14954795015849
1820661,9058,0.5325794614361731,0.618911570554786,3.366327688472629,2.054841970252732,0.665835293819663,0.34973948767746643,35.46102088460251,117.7337724618282,66.58340561157128
1820662,9058,0.6617868525913473,0.6831138092759236,3.3146330790595355,2.05684242813319,0.5914221090058676,0.3555397749586497,39.139538198615085,117.84839025547213,59.1421224269338
1820663,9058,0.809506252377816,0.7482003008172018,3.2599823247581012,2.0585855694128132,0.5295662487072447,0.3618064540912355,42.86871946724426,117.94826489388957,52.956560106562726
1820664,9058,0.9299786757861971,0.8136285495830468,3.109483054880698,2.0598060880672833,0.50127473559299,0.3795428146708228,46.61748198245922,118.01819546160769,50.12742019662869
1820718,9058,0.8989054179790623,0.7232362943978035,4.24221934233295,1.8701606596182136,0.4609871736211214,0.2525855075094098,41.438387259675245,107.15231280752577,46.098666591832526
1820719,9058,0.8035859331078439,0.6579987281528625,4.3260488984036325,1.8061894123414097,0.46915392649016846,0.239218354945888,37.70055004813501,103.48703032837714,46.915334850368296
1820720,9058,0.6423763842147637,0.5952292699579815,4.360881977416303,1.7542717727178831,0.5309056390986175,0.23048633048476186,34.104125011245465,100.5123686956679,53.09048208933139
1820721,9058,0.5271445762826154,0.5281949734668376,4.411002855005981,1.6891617082956745,0.5740994696177979,0.21941005200484995,30.263342739674297,96.78183680045045,57.40983914365506
1823160,9070,0.5312279589599832,0.5391092800666495,3.8105763069067353,2.0362259510021623,0.581458210956549,0.3061666882508253,30.888686444155297,116.66715312743626,58.14571273491531
1823161,9070,0.6431110760720868,0.6041705029580795,3.7163867991859423,2.0422218121753204,0.5382650163476422,0.31485067802410815,34.616419925794176,117.01069066720457,53.826418774810875
1823162,9070,0.7728247611105445,0.6701670159904287,3.6394828266039956,2.0488094464865663,0.4968492602786347,0.3225407003698072,38.39774158512792,117.38813431021454,49.684862380817464
1823163,9070,0.9018278097684915,0.7369378060390231,3.5618520994347076,2.059299005896368,0.4681983093014993,0.33125783487982513,42.2234260496665,117.98914179334791,46.81977953277593
1823876,9074,0.6959156553330212,0.5360428561163255,4.846493689681413,2.3129259565932325,0.4413321157083969,0.2734366406950291,30.712993293603898,132.52089563905088,44.13314878763265
1823877,9074,0.8572593606908275,0.600203953248007,4.771227359087412,2.294075850458667,0.40115225967685225,0.275486481666681,34.38915336817818,131.4408641141666,40.115179640950046
1823933,9074,0.9073309145759398,1.0548140869038916,4.583071287648208,1.762363466052375,0.6660898875323228,0.22032384402281502,60.436395350538625,100.97598857284842,66.60891607541967
1823934,9074,0.7959713332282878,0.9870691931822955,4.675575699633646,1.700902138468615,0.7105142583067678,0.20843318545399836,56.55489885672886,97.45451389902799,71.05133745962588
1823935,9074,0.6881911478902948,0.9209570489122861,4.7705775329622915,1.653774734116316,0.7667484740323988,0.1986223086762721,52.76695201549732,94.75431253023478,76.67473710250604
1823936,9074,0.5549554140543165,0.8574992861760555,4.857326704237637,1.6036536195297795,0.8853159714060213,0.18916286592501888,49.13109003336876,91.88258419993466,88.53143920697174
1823937,9074,0.44459044906509915,0.7921856457593293,4.96581680795199,1.5589545809492207,1.0209147130215226,0.17987276054579537,45.38889409285527,89.3215179409762,102.09124396859288
1824879,9079,0.2415667783932386,0.7500113064528537,4.347489110444588,2.0241673394775157,1.778906890830044,0.26676603981570424,42.972482446841525,115.97624558028619,177.88996004627873
1824880,9079,0.36127109158392695,0.8148372213724349,4.429176360153029,2.0838877992979774,1.292290846683232,0.26957150923853146,46.68673377480768,119.39797587857926,129.22873053968496
1824881,9079,0.48700254183317415,0.8830589731701893,4.381841908142807,2.150991944631001,1.0389175997816924,0.28125788765613213,50.59555222380805,123.242760193994,103.89154878290361
1824882,9079,0.611793578346325,0.9490734545780777,4.292799834196875,2.204935987084067,0.8888276116493489,0.29429167615911644,54.37790339522489,126.33352615642923,88.88261733572051
1824883,9079,0.7237038637862253,1.013398682343289,4.171109879184626,2.2632193310867095,0.8023097507909789,0.31088348000593774,58.06346746238924,129.67291578368977,80.23086532625621
1824884,9079,0.8825414474934564,1.0795124185923362,4.043557447279933,2.24468943534456,0.7008339947334352,0.31806455657331717,61.85150551730072,128.61123096284717,70.08332085665411
1824939,9079,0.9478612700517937,0.6532230200982216,4.329156287269212,2.1419594847544046,0.39485653565648704,0.2834853489624702,37.42692213241745,122.72523836444378,39.48561232463905
1824940,9079,0.7602450810376689,0.587108182244727,4.365283647835551,2.0939118611265237,0.4424733728212089,0.27483279832133367,33.638820960220436,119.97231231493316,44.24727966279867
1825888,9084,0.6411543915593689,0.5427055492557369,4.09796935675229,2.242683630357424,0.4849804885540298,0.3135609256747409,31.094737490682938,128.496306802558,48.49797397017391
1825889,9084,0.8069923623495676,0.609820511897011,3.969818666099838,2.221162876590533,0.4329674330189456,0.32057700571051045,34.94014159220614,127.26325843977487,43.29669018649377
1825890,9084,0.9923281522920796,0.6740461682783787,3.864272250972705,2.196883448042385,0.38918577650876596,0.32573312943351546,38.62000063931597,125.87214965497654,38.91853882364695
1825945,9084,0.998028830787814,0.6240454920651684,4.894939808280229,1.774820588567875,0.35825791257970846,0.20774459522076671,35.75517291949885,101.68972911786396,35.82575572042252
1825946,9084,0.8272331307796511,0.5546764002796427,4.964506389152601,1.7180213219217322,0.3841796848416879,0.19827826362839188,31.780616731532604,98.43537085960179,38.41792250711419
1826346,9086,0.8846286796844915,1.1929058072302983,4.151059540318817,0.9718340447306786,0.7726232362565537,0.13413922030080094,68.34846811094265,55.681989150195946,77.2622371604348
1826347,9086,0.7622690346139556,1.1685205751231373,4.209652865504434,1.0172042836987414,0.878315834833124,0.13844731164818946,66.95129722875542,58.28151235856593,87.8314694118368
1826348,9086,0.650072465222568,1.1558481899769946,4.268830895935911,1.078045925456058,1.018735995872512,0.14469413994360358,66.22522304351718,61.767481649907076,101.87344444345749
1826349,9086,0.5230539192128307,1.1348721435158213,4.2747932130986985,1.1241400234725178,1.2431487553927463,0.1506703963566789,65.02338411042162,64.40847892671258,124.31464024519313
1826350,9086,0.3927314397902815,1.1334004983764758,4.258097776971274,1.1777127131839893,1.6535234214034455,0.1584697471035299,64.93906505499618,67.47796794434382,165.3519253201328
1826351,9086,0.306712755338491,1.0780246920470344,4.236779889478056,1.1999833794736836,2.0138146189324577,0.16227886451726609,61.76626506518536,68.75398312968757,201.38081188116186
1826352,9086,0.26515808323742834,1.0516075458504945,4.274292839934138,1.2066088074511332,2.2723301916110845,0.16174275983763864,60.25267408134354,69.13359219026333,227.23217076215408
1826353,9086,0.2525919102198693,1.0139051400394266,4.387277599656811,1.214353084030963,2.2998552487471917,0.15858879410895582,58.09248535087984,69.57730655366959,229.98462348097294
1826354,9086,0.22830492291170262,0.8942178230820792,4.478447075350255,1.2111653759551806,2.244143679882487,0.15495251593260745,51.234907227979264,69.39466433460748,224.41339486314763
1826947,9089,0.8728011720459574,0.7128424696622325,4.064512210483298,2.145310414243468,0.467951531339445,0.3024157040595571,40.842864969328346,122.91723248161303,46.795100055247985
1826948,9089,0.7210932179342588,0.6466942935954301,4.086873976335313,2.0913885594282067,0.5138427629442437,0.29320144975801066,37.052853658212285,119.8277377771814,51.3842057482568
1826949,9089,0.5945559557975774,0.5786819101067108,4.147483150817532,2.029625391982425,0.557660389215096,0.28038442699850763,33.15603112968343,116.2889689531783,55.765946065176834
1833322,9121,0.46954970615584124,0.5263341513587657,4.696125281410477,2.0557323565545094,0.6422477630983866,0.250812703090551,30.156725486457137,117.7847878390563,64.22464089841725
1833323,9121,0.555416188346743,0.590769102728218,4.5940744826302575,2.1160819755383966,0.6094272430982648,0.26391075394304353,33.84857625305746,121.24256630205564,60.94261568283701
1833324,9121,0.6751254414611526,0.6558517615508822,4.468230954924819,2.179129904441289,0.5566008190293836,0.2794281394926348,37.57753792308599,124.85494653523224,55.66000028344059
1833325,9121,0.8009771604789521,0.724152173073054,4.3293260124284805,2.22107371008458,0.5180030688952504,0.29394448215735436,41.49086324231313,127.25814957530983,51.80024286492817
1833326,9121,0.89377689273844,0.790322183665134,4.144709564357379,2.253277329895062,0.5066379030475672,0.3114893305775503,45.282125579575265,129.10328107549435,50.66373418661729
1833377,9121,0.9479944801738804,1.026486806104101,3.270364339085102,2.064915122583264,0.6203977167086822,0.3617667909383186,58.81336171562866,118.31092157676005,62.03970688219016
1833378,9121,0.8375112138142956,0.9607052076350985,3.4621992305563523,2.07473431544082,0.6572372069599364,0.34334684871174787,55.044353753730576,118.87351988572301,65.72364300580307
1833379,9121,0.7495591583540635,0.8927164735280646,3.7005497403318293,2.0864817713200674,0.6823862397317723,0.32305091835855,51.14888623496038,119.54659952762003,68.2385338453376
1833380,9121,0.6660705094078699,0.8270748573684902,3.8511644559511997,2.0214377538870174,0.7114546776627555,0.3007398226435509,47.38789866859902,115.81985184613092,71.14536202085317
1833381,9121,0.5737014171826214,0.7652805366502156,3.984166841133891,1.9632071951617212,0.7642885796692732,0.2823262448470752,43.84734489356406,112.48348659248275,76.4287260787443
1833382,9121,0.46406868541917334,0.6988667511879884,4.028657403023224,1.917152368639583,0.8628488773396538,0.2726584272255762,40.04211528509114,109.84473940655707,86.28470366238832
1833383,9121,0.3514284626462626,0.6297177565601737,4.072091592375593,1.8762208356099328,1.026671785119181,0.2639909555380441,36.08016973534456,107.49953531495778,102.66688929169744
1833384,9121,0.2752279332386382,0.5611892871162314,4.206779248681847,1.835867615115863,1.168259925985651,0.2500427515273198,32.153777659715445,105.18746609088677,116.82557237482152
1838204,9145,0.9170883779060901,0.8249229110818129,4.469366980791277,2.1005074902061427,0.5153767276079987,0.2692779856127271,47.264601228633566,120.35021402442908,51.5376171257688
1838205,9145,0.7685330486610011,0.7712140182109458,4.552712013003982,2.0500223937846846,0.5749565076849033,0.25799486213421274,44.18730834481261,117.45763107116852,57.495576704505304
1838206,9145,0.6648801191185696,0.7074103315997441,4.683672002263897,2.000007449094822,0.6096080272145913,0.24466270380976146,40.53162638461539,114.59198582785913,60.960711951556114
1838207,9145,0.571640022359559,0.6448978726493916,4.842809920594629,1.9514593022588862,0.6463845117224759,0.2308791456063812,36.949926319775386,111.81038191097862,64.63833922775068
1838208,9145,0.4814645311206632,0.5775480462470206,4.966851970193103,1.8996509715271346,0.6873001579505226,0.21913675634078336,33.091065515980766,108.84198321643133,68.7298744708842
1840155,9155,0.18702045466962877,0.536102860474265,3.643680241027421,1.879536350702915,1.6424101685517,0.29555145599379096,30.716431290066225,107.68950033669759,164.24014744365263
1840156,9155,0.3206425025145229,0.6060006901484716,3.762314713508723,1.942443135801411,1.082865826344531,0.29581202478931806,34.72128192752255,111.29379362557786,108.2862482951761
1840157,9155,0.481065520775105,0.6734543145686781,3.81560334184789,2.001897336389823,0.802096335139416,0.30060846953095627,38.586089919660964,114.7002683936181,80.20946844833476
1840158,9155,0.6608842948269036,0.7412184473071199,3.8405698053467603,2.0574190737928926,0.6426039840522649,0.3069373433780535,42.46868872793797,117.88142961804762,64.26030214374977
1840159,9155,0.8387665413969434,0.8119174408539483,3.839778181977517,2.104510567783964,0.554617284112212,0.31402744493582907,46.51944267399388,120.5795734747017,55.461662949566545
1840215,9155,0.9114348535249787,0.6535592587895864,3.567183344179757,1.5419260337821705,0.41084874727655635,0.24766277840343626,37.446187190341654,88.34585405706477,41.08483010133791
1840216,9155,0.7594501621108061,0.5822805785943773,3.4848430807936395,1.5298080999754609,0.4392943852151211,0.2515222215458763,33.36221964589345,87.6515475935214,43.92938125628387
1840304,9155,0.8509067432388996,0.5470977909387351,5.507203553142561,1.7960394884212443,0.3683881257541201,0.18685614458502442,31.346394401720175,102.90548252537279,36.83876971480257
1849748,9202,0.9572962265986074,0.5629563182377193,4.929599556865774,1.8167325926556561,0.33693876411601775,0.2111553051137777,32.25502108524497,104.09111006302888,33.69384156668975
1850809,9208,0.5145803927003648,0.588800734052905,4.116727256737874,1.8514376698715478,0.6555981700507997,0.2576793594568954,33.73579703543627,106.07956451517511,65.55969087494825
1850810,9208,0.6971848263446299,0.653673442206878,4.241549617207958,1.861919186732992,0.5371994264047554,0.2515121136622285,37.45272941824284,106.68011119423106,53.71986635845544
1850811,9208,0.8819415784870568,0.7222770858852895,4.247520093870418,1.8839065453631907,0.46923094681618477,0.25412450419722604,41.38342866023517,107.939894046382,46.92304200940958
1850869,9208,0.9367882718190148,0.8722897553033393,5.461254544773733,1.7094247852146989,0.5335092513575697,0.17934125685873178,49.97852149138066,97.94282558785949,53.35086875443678
1850870,9208,0.79835397283621,0.8055204842969383,5.620454160903572,1.6846677149329556,0.5781010059921927,0.17173763367256337,46.152924061548674,96.52434994760685,57.81002891181011
1850871,9208,0.6423855282918982,0.74017204211033,5.778815928005444,1.676186012032172,0.6601757293488596,0.1661904189346022,42.40873412650136,96.03838416830808,66.01747119334199
1850872,9208,0.4993122257666267,0.6738782559266325,5.926624414504042,1.657122570241099,0.7732712560298419,0.16020271002516184,38.6103799702328,94.94612941068628,77.32697228468538
1850873,9208,0.3441634248050445,0.607505493630183,6.001149341154446,1.6316149372132434,1.0113654530365297,0.1557779089014639,34.807500816021204,93.48464969282165,101.13625438113853
1850874,9208,0.23901904521349784,0.5388282221671985,6.116255504349869,1.5910079749791004,1.2916368941857699,0.14904223985424492,30.872583012717943,91.15804213795813,129.16315443393833
1852071,9214,0.9181297548105607,0.7761700085942137,3.719379405269033,2.0515370802318964,0.4843679769630071,0.31603233520443924,44.47126567708128,117.54441621187942,48.436745467977595
1852072,9214,0.7880296686277448,0.7099562813700949,3.9382299131822354,2.026478012006921,0.516192469199175,0.29482442525914754,40.677498561308795,116.10863736405793,51.619182070849455
1852073,9214,0.6862821850299854,0.6449002595409514,4.071908722908424,1.9654275169573947,0.5384091754992052,0.27655507293284004,36.95006307858792,112.61070166053575,53.84083988153298
1852074,9214,0.5936010060474051,0.5799281872140499,4.234565029354681,1.9278116316648792,0.5597604560936968,0.26084254029419524,33.227437548037734,110.45547019062639,55.97595225340965
1853220,9220,0.418251488563405,0.6105797886801285,4.177750936848437,1.8992755539897779,0.8364260514910669,0.26047621019169737,34.98364494736104,108.8204733759856,83.6424071677883
1853221,9220,0.5748602402163904,0.6824431740935567,4.312216058487849,1.9648371002059348,0.6801846817266273,0.2610650103903543,39.10111363307248,112.57687327252329,68.01835103433649
1853222,9220,0.750469984198039,0.7519251018095835,4.359140296769209,2.0164633404413834,0.5740687192919944,0.2650404226969514,43.082134843633874,115.53483895014296,57.40679619968503
1853223,9220,0.9318723639113393,0.8201650916545458,4.31306151313876,2.0590687408325086,0.5042750442158375,0.273531800889231,46.99199825576581,117.97594857701947,50.42745084860773
1853279,9220,0.9465287882586253,0.7176176819259419,4.720384104790624,1.9079927462868738,0.4343921130974774,0.23159117784774197,41.11646447831801,109.31993170381314,43.4391658755525
1853280,9220,0.8393596060098286,0.6499411959977238,4.821419749592331,1.913419539136199,0.44365831703199965,0.22738294837792958,37.238887462354604,109.63086403037126,44.365779375067014
1853281,9220,0.7192161538746518,0.5795047142842412,4.893691754426984,1.9126760777295653,0.46165778807786156,0.22393782057577605,33.203174336421654,109.58826682954027,46.16571526074647
1854024,9224,0.15561459780271927,0.5615798405984586,2.867113589196553,1.8895488444388615,2.067682152739323,0.37760336388661725,32.1761547259212,108.2631739701685,206.76689984966882
1854025,9224,0.33823170020307525,0.6306490286029501,3.022554169515591,1.9508766737917487,1.068306921053603,0.3698097473862367,36.13352769297418,111.77699975878745,106.83037941417129
1854026,9224,0.5150218853662939,0.6945929021477524,3.135875340177387,1.9967330610034724,0.7727291233803757,0.3648243773569169,39.797241772809585,114.40437720973691,77.27276380059314
1854027,9224,0.6973286693585767,0.7591992212455254,3.2510055854051516,2.023949736750293,0.6237935205389659,0.35670125584005336,43.49891118698743,115.9637778624058,62.3792634938349
1854028,9224,0.8794578072542354,0.8268250810817022,3.3570318722547308,2.0417130928859994,0.5386681045084027,0.3484671796456089,47.37358754154362,116.98154319896959,53.86674981338698
1854082,9224,0.8800823639467508,0.6612609335892516,4.187724660467345,1.8146704791165145,0.4304990279675469,0.24828031411328677,37.887460651544735,103.97295966035928,43.04985437020158
1854083,9224,0.7263913808147509,0.5898020223113634,4.222115320939114,1.7640077858515526,0.46521981199168827,0.2393828525167983,33.793166626721934,101.0702011575111,46.52191779437191
1854084,9224,0.5952532287853373,0.5246824724044539,4.293573335846921,1.731191779324599,0.5050302844988905,0.2310196530798459,30.06209125326449,99.1899824830429,50.50294445552875
1854630,9227,0.720747947726426,0.5823078455982411,3.878744276501039,2.1910037923036185,0.46290498047860834,0.3236492558507871,33.363781930134806,125.53527019615534,46.290434464565685
1854631,9227,0.8906715579014273,0.6501168648000419,3.849735548763538,2.178598074332744,0.41821198616549965,0.32424168623853705,37.248952543319554,124.82447491459463,41.821152131468246
1855891,9233,0.9761154802853123,0.7946262343124816,4.156289685501119,2.0093281104165195,0.4664276919032509,0.27699229076471443,45.52872951647883,115.12602038386323,46.642721884145516
1855892,9233,0.8698591647403344,0.7327032808603997,4.271386827268051,1.9931762931470236,0.4826161158927981,0.2673618517209659,41.980805628689495,114.2005894228546,48.26155666206574
1855893,9233,0.7658799114824463,0.6650226001376666,4.378296020288008,1.982447593289061,0.49750603456155185,0.2594294205224377,38.10298826870445,113.58588020133074,49.75053914707438
1855894,9233,0.6708488076089819,0.6028811445610788,4.514534035868218,1.980234565885254,0.5149080422394084,0.25131958673561355,34.54254513136628,113.45908307114581,51.490728236893354
1855895,9233,0.5726577059360761,0.5358597770576482,4.674747867997942,1.9735676005783125,0.5361405737114294,0.2418891821505581,30.70250363622446,113.07709409689791,53.613964684318745
1856293,9235,0.9670623321012721,0.8426867980805608,4.324426971787979,1.8105837023743323,0.49926871184435945,0.2398902907555353,48.282396981409136,103.73880460122001,49.92682007340646
1856294,9235,0.849709366609744,0.774677492894795,4.454683967494116,1.8120609401357615,0.5223639052183031,0.2330657901095171,44.38575082664757,103.82344409028725,52.23632966106098
1856295,9235,0.7660299846796714,0.7074598895427682,4.611999143445965,1.8273505991472998,0.5291498521874748,0.2270153864699083,40.53446584559202,104.69947702184257,52.914916832694665
1856296,9235,0.6794143104108205,0.6425200336601191,4.7890602662636645,1.8548826171678505,0.5418444250493328,0.22191607397936855,36.813686181328414,106.27694545589826,54.18436355087195
1856297,9235,0.5616537511751746,0.5747523157877006,4.924424619626359,1.8818249743749802,0.5863199756929024,0.21895071388711973,32.93088196000556,107.82062881400066,58.63189422167772
1861465,9261,0.6296736912019568,0.5746563851132035,3.024458340395482,1.9504733507002299,0.522895993184743,0.3695005124909396,32.92538553723103,111.75389104786326,52.28951710665278
1861466,9261,0.7222840140321137,0.6423187119077363,2.942602498963277,1.9956425018590052,0.5095246477853209,0.388574034125098,36.802151294592704,114.34189277344954,50.95239494053303
1861467,9261,0.8368275892767277,0.7119794322928852,2.864209780428616,2.022957823740499,0.4874769499208741,0.40467337909614337,40.79341657050267,115.90694543330048,48.74763732171302
1861468,9261,0.9462915481785471,0.7792826213170521,2.7801358207451887,2.0554049117161184,0.47183772129703516,0.42359810383878654,44.64960524935864,117.76602663179315,47.18372276660275
1861722,9262,0.9153051258599654,0.6689280184980569,4.919690024889468,1.7943561175780571,0.41873196987994854,0.20897461374924328,38.32675225798772,102.80903248070278,41.873151697721084
1861723,9262,0.7964386594300087,0.6022615095122512,4.951069486621888,1.7727107862170297,0.4332667910628436,0.20514526491065033,34.50704265823008,101.56884634755374,43.32662524983484
1861724,9262,0.6814386992807724,0.5366613829593337,4.995564985490938,1.764462727642011,0.4512281420537057,0.20237203898513842,30.74843227122382,101.09626740202849,45.12274865065441
1862124,9264,0.8828808310107792,0.6305180428657443,5.41354215470309,2.1151207063070645,0.40918344905634674,0.22385987943768265,36.12602276305587,121.18748963212452,40.918299022754276
1862125,9264,0.7209202604294515,0.5625754698643765,5.554561338268535,2.059449091786205,0.44711185692721217,0.21243395055521755,32.233200080818,117.99774108140005,44.71112429340306
1863672,9272,0.28538781911949396,0.6342227805156359,3.352654087417518,2.034281841181836,1.273294965195687,0.347652219564202,36.33828859459788,116.55576383982164,127.32905481970836
1863673,9272,0.40719841206395335,0.7031427595570559,3.435034386748379,2.0958677784508866,0.9893730018303941,0.3495871198156506,40.28711251780133,120.08437812269567,98.9370596425959
1863674,9272,0.5373922220182565,0.7718223375026909,3.5001566073622383,2.159668074538977,0.8229028973259079,0.3535266542257763,44.222162472825985,123.73986582022827,82.29013813524364
1863675,9272,0.6872679097062726,0.84175446000437,3.4999877077529664,2.1499529554557233,0.7017492969143149,0.3519533222201589,48.22897794456406,123.18323049929083,70.1748286055546
1863676,9272,0.8273267702349075,0.9127791624126921,3.4779266866685443,2.1389934236418067,0.6321370815397055,0.3523803296323295,52.29839363373357,122.55529558091405,63.21363251095054
1863677,9272,0.9990530794582868,0.9826472711532727,3.5151072436277815,2.131654438553476,0.5635490444022162,0.34745683103522235,56.30154138712993,122.13480270944325,56.35484859604206
1863731,9272,0.9782143437947299,0.8028497767233969,3.3790754680144546,1.9121094310365514,0.47024359856125986,0.32421826940051235,45.999903789271116,109.55580036555554,47.02431226525905
1863732,9272,0.8889933252934639,0.7349230128115801,3.3441889334151034,1.9054026939116238,0.4736591966377598,0.3264514490096571,42.10798690114247,109.17153263399348,47.365866916239646
1863733,9272,0.7762093276985267,0.6662083624406723,3.274296173170697,1.9002004896085491,0.491760735027355,0.3325095293542865,38.17092744417239,108.87346828326251,49.17601078221887
1863734,9272,0.6958745323539234,0.6005843704783228,3.230832052284788,1.8992553538650503,0.49449933250220623,0.336815142032291,34.41094966992933,108.81931599409306,49.44986289937245
1863735,9272,0.5771163031668542,0.532265948667327,3.1710841017524363,1.895703786641822,0.5284306082047567,0.34251953702205873,30.49659243716476,108.61582618154509,52.8429701723008
1866344,9285,0.9818525678974778,0.7339214851178755,3.6537225313402906,1.9274970185389302,0.42827818083723074,0.3022600729441773,42.05060359122772,110.4374441863301,42.827774900562886
1866345,9285,0.8607492392011608,0.6693942051762247,3.642754793741561,1.8974878963593707,0.4455822973148896,0.2984500851577548,38.35346278711196,108.71804813854891,44.55817848242108
1866346,9285,0.7348946027431751,0.6042192271271218,3.6214284965447714,1.8718481141075123,0.4710772267851557,0.29615108135935553,34.619211615040584,107.24899682788299,47.10765921828356
1866347,9285,0.619623844329669,0.53841036746346,3.5804303659361416,1.8476674394612829,0.4978607825729562,0.2956726848715663,30.84864170174404,105.86354622487504,49.785998712038634
1869160,9299,0.8830960596452159,0.5558890185666886,5.209020443263057,1.8264996174965549,0.3606639836403813,0.20090287666130405,31.850094641540714,104.6507193648118,36.06635793163719
1873725,9322,0.7688792009360599,0.5555937605407041,4.54725955489315,1.8911107937270142,0.4140205268917291,0.2382812450574045,31.83317760278444,108.35266707219311,41.40199938043623
1873726,9322,0.9527522608707929,0.6199140348097604,4.528035329994255,1.9145405807228522,0.37279845917409615,0.24225759461957802,35.51845785552527,109.69509498194513,37.27980718015311
1873781,9322,0.9790912572224093,0.7009172286041586,4.05577591408529,1.8638476808495086,0.4101721701691164,0.2633049945726675,40.15959898702459,106.79060576792327,41.01717554273538
1873782,9322,0.8275785811683827,0.6296711661767077,4.08098844638726,1.8042946033257712,0.4359404736663322,0.25331722173092014,36.07750030300606,103.37846576879771,43.59399521683654
1873783,9322,0.7246561906648864,0.5615966216704513,4.148076438774351,1.7630512950680988,0.4440328555941279,0.24352347291555698,32.17711621052209,101.01539827247603,44.40322489727727
1874328,9325,0.8536759160541408,0.5341889594136919,4.615848712016398,1.8972567219327727,0.3585291783775647,0.2355033913938294,30.606772836889775,108.70480281957349,35.85287625951065
1874383,9325,0.9600861278368851,0.69478287687412,3.486710397904761,1.9001371552029247,0.41463078107276924,0.3122422763941112,39.8081265228446,108.86983948912226,41.46303535235798
1874384,9325,0.8313832122605298,0.6327381955434537,3.565218585347897,1.8474136709376707,0.4360591742853652,0.296893454156266,36.25322814136329,105.8490063594988,43.605865503256226
1874385,9325,0.7122697513741076,0.5648298232414277,3.56049310872138,1.7918773064406137,0.4543554530859316,0.28835052797738964,32.362365014854106,102.66700706431725,45.43548215677937
1874615,9326,0.5127315445405767,0.5297525636911314,3.876097290856766,1.8992661168294491,0.5919781183144467,0.28074613256606024,30.352586085737165,108.81993266652817,59.197697530461944
1874616,9326,0.6735314218264685,0.5946377985104865,3.8066952030200136,1.9220223619848853,0.5058447844254358,0.2892896943649287,34.0702361936015,110.12376947149968,50.58440409031933
1874617,9326,0.8429654548871366,0.6604989149448872,3.7252187847257052,1.9374408730295536,0.44893654337760114,0.29798836309400906,37.84380019931237,111.00718508073503,44.89360161357692
1879007,9348,0.9859544222708087,0.707974719305819,4.321933544111129,1.965320558389541,0.4114182368931325,0.26054212073413935,40.56396341818255,112.60457338601498,41.14178237871793
1879008,9348,0.8126606013239388,0.6412046215382067,4.358849434439271,1.951652388754261,0.45207455740435837,0.25653890178496275,36.73831861842249,111.82144495224456,45.207400667843366
1879009,9348,0.6659921292837014,0.5749859348290799,4.406475266573704,1.9169516971997655,0.4946645073096993,0.24925418818051007,32.94426734509048,109.83324177998672,49.466377199000796
1879554,9351,0.6650476176804659,0.5943748141646011,4.052558725969162,1.9850572941769133,0.5120711191660198,0.2806508491499917,34.05516830050426,113.73540504799622,51.20703568903087
1879555,9351,0.8454962891487048,0.6670353073303453,4.060699952968291,2.006988793463868,0.452022178390621,0.2831826740320801,38.21830789624057,114.9919873955329,45.20216491139901
1879609,9351,0.9744800440312484,0.6628030061030602,3.6965842585737843,2.030453243771223,0.3897033576130162,0.3147132404251227,37.975814898289094,116.33640136673877,38.97029617034945
1879610,9351,0.8446459498063842,0.5976208468991061,3.6996243883701263,1.9993956966650686,0.405390588551465,0.30964477109080474,34.241152276352715,114.5569349955274,40.539011339828676
1879611,9351,0.7055150294069414,0.5280770342480401,3.7000835877843667,1.9730313710806038,0.4288581196742726,0.3055238278332999,30.256585320198127,113.04637040982878,42.8857517888458
1880414,9355,0.9019027383884733,0.7144638564324498,4.404701886691357,1.8326380286897566,0.4538822357661564,0.23838713012104615,40.93576358822015,105.00242441909813,45.38817375495571
1880415,9355,0.7537236502227311,0.6466304847311272,4.459587443009332,1.8074376743395906,0.4915488213365079,0.23221553913628962,37.049197679592204,103.55855047259948,49.15481756984317
1880416,9355,0.6537062493144088,0.5823941523487863,4.520936167743581,1.7919075545326608,0.51045445056134,0.22709619449565488,33.36872694268454,102.66874015232987,51.04536775090194
1880817,9357,0.9399725147402427,0.6972858693341352,5.179624144148404,2.1750517274298153,0.42502877877198564,0.24059908691358872,39.95153742695654,124.62128420436753,42.50283311226802
1880818,9357,0.8225421671591345,0.6303710835634283,5.3468681526748885,2.1138272239432196,0.43909727206955645,0.22651274515661887,36.11760261527298,121.1133785518016,43.909674357899604
1880819,9357,0.6493018029427554,0.5678542351398578,5.42703975777527,2.069495354574147,0.5010867119665927,0.21848623671986786,32.535651052143294,118.57334953902844,50.108594795349646
1885583,9381,0.5862736791447113,0.5536158834917122,4.757130270828454,2.339460095740115,0.5410417384030333,0.2817690118039753,31.719853595481414,134.04118982518008,54.10408247846559
1885584,9381,0.7694576930579327,0.6158419602707852,4.759642291994782,2.3178525389736846,0.45857160218620474,0.2790192194930616,35.28514517057931,132.80316801687428,45.85710121793723
1885585,9381,0.9520762816999965,0.6821292427831454,4.748255930805475,2.2963908729600244,0.4105041479831762,0.2770985953016101,39.0831266939289,131.5735051329722,41.05037211280098
1885639,9381,0.9946471171943616,0.8052344087496095,4.38268703242202,1.790097263018065,0.4638482520952318,0.2340231394486573,46.136533140064834,102.56501808885518,46.38477904146016
1885640,9381,0.861974722515356,0.741471238447997,4.462293747133818,1.7315147959704098,0.4928586766045569,0.2223262191444856,42.483172593408526,99.20848997356032,49.285811054442654
1885641,9381,0.7091107105842425,0.6812173938243972,4.478153719601384,1.6809134585240781,0.5504201313566568,0.21506462867397155,39.030881597039226,96.30924690016823,55.04193629080161
1885642,9381,0.5791512366182938,0.6131423945881438,4.523067531845046,1.623643769851474,0.6065854412914584,0.20567443352228154,35.130471450445604,93.02793544519984,60.65844043972726
1885643,9381,0.4531450891134112,0.5461872559514339,4.60105304212988,1.5592276558715183,0.6906005306264305,0.1941667765386003,31.294224589848817,89.33716398151472,69.05990218535605
1887451,9390,0.9702781422858189,0.5725701706135375,5.013628554887941,1.9580014984601344,0.3381077289430445,0.22376053728376685,32.80585425124117,112.18522214205666,33.81073839632989
1890204,9404,0.33330306779658037,0.5751583558118384,3.9282638536947725,1.8965098695201457,0.9887141324213763,0.27661586670048055,32.95414633970204,108.66201132841078,98.87111956825673
1890205,9404,0.4661081689539299,0.6439003696813717,4.016970537887125,1.9468469156106765,0.7915066775368159,0.2776871532733182,36.89277360965607,111.54611162255371,79.15049964035902
1890206,9404,0.6350472194563601,0.7119086247944211,4.029713762487716,1.988651681207907,0.6423043469475653,0.28275295638297365,40.789359599682804,113.94134825480872,64.23033456357216
1890207,9404,0.8145011269217621,0.7786472793871174,4.022034581279443,2.0042277825084907,0.5477365324108942,0.28551169940105064,44.61320283822569,114.83379312060039,54.77358666555214
1890208,9404,0.9926450551586611,0.8491752771845797,4.003304263343428,2.0075460399892853,0.49014659073282685,0.28732244020393544,48.654159449528244,115.02391526958763,49.014610189279935
1890265,9404,0.9150120111204051,0.5939415972742773,3.7282423428508205,1.8817308462149365,0.37191147236957367,0.28918515875250256,34.03034680107493,107.81523566769683,37.191106997927626
1890266,9404,0.7889574479351328,0.5267980778453687,3.7384868060752696,1.8762319649279435,0.3825720412750755,0.2875499587578171,30.183306516143823,107.50017297790866,38.257156121643376
1891873,9412,0.8905669071502327,0.6196887221831492,3.9231450392274643,1.8533194347897117,0.3986847895334506,0.2706690177665794,35.50554839294944,106.18738170302167,39.8684346335421
1891874,9412,0.7402974327716094,0.5504411824774913,3.9184621200009015,1.8290912073164414,0.42601736550750846,0.26744983885730766,31.537956626150656,104.79920652372037,42.60167957951152
1892616,9416,0.31678225053417153,0.5391123013135654,3.37884848744432,0.7733763182046527,0.9750817326944492,0.1311428998429764,30.88885954885244,44.311199008493176,97.5078685402922
1892617,9416,0.4428967231743778,0.6047710435499123,3.4791607549976975,0.8397292119092672,0.7823681181565574,0.13828892375509297,34.65082836713248,48.11293977624776,78.23663693454968
1892618,9416,0.5650498871815288,0.6695608043327157,3.503886612357957,0.8992005585382485,0.6789313369846482,0.14703785393996874,38.36300821564934,51.52039694004796,67.89301474598835
1892619,9416,0.702401408743808,0.739019432033945,3.468487497611563,0.9525081368734023,0.6028275755682123,0.15734436429409543,42.342694433700245,54.574696194715294,60.28267259138085
1892620,9416,0.8350917845530923,0.803334288243543,3.40334674265895,0.9965041304664788,0.551168920048282,0.1677627497065232,46.02766425450096,57.09548094308319,55.116826663917465
1892621,9416,0.976968597569351,0.8730905741260692,3.361022288627445,1.053420163348886,0.5120369748065492,0.17957789044875125,50.024405030077716,60.356529413872934,51.20364559402443
1892676,9416,0.9577900437702478,0.6434123814869279,4.783652217813807,2.1825918165989138,0.38489451629349736,0.2614180411439738,36.864813945662235,125.05329949090917,38.4894118455604
1892677,9416,0.7837149077635277,0.5738343852394858,4.843884419965967,2.1275276741101066,0.41951847117483565,0.2516541389172862,32.87828841370672,121.89835652379352,41.9517941233715
1895028,9428,0.27251979222850126,0.6583616428546999,3.593354897540446,1.8019088124612601,1.384168901504086,0.28731303385817397,37.72134352887353,103.24177002146037,138.41638731640415
1895029,9428,0.4476074604188671,0.7285958281725623,3.726155998518594,1.863414415767707,0.9326355944430889,0.28653062637002275,41.745465925126744,106.76578150732566,93.26335316821714
1895030,9428,0.6292480569605741,0.7928415626883435,3.8447029769567873,1.91415509511144,0.7219168043538097,0.28525742731081055,45.426475364598964,109.6730082833482,72.19156685592806
1895031,9428,0.812721741035242,0.86134508089896,3.924623473788578,1.9301037367033596,0.607236582225112,0.28177683436979956,49.35143783986487,110.58679813553199,60.72358425334729
1895032,9428,0.9967038703099265,0.9290094529795022,3.957411360587593,1.944945996480672,0.5340434790615178,0.2815911375992804,53.22832078348278,111.43719697920876,53.40429486105689
1895087,9428,0.9768486955209926,0.8011931113320162,4.166711110777606,2.0331786598388994,0.46992931039199826,0.279579152065367,45.90498385427962,116.49255620483379,46.992883413652166
1895088,9428,0.8587431440541933,0.7316930695653134,4.271540915400273,1.9914809458560025,0.48818933329649516,0.26712480383780446,41.9229247850646,114.10345317827016,48.81887704892337
1895089,9428,0.7341802767409743,0.6628494632828642,4.346768237901127,1.9372291456473159,0.5172908805166422,0.25535075178880384,37.97847669861994,110.99505399532545,51.729018298050505
1895090,9428,0.6376816849172604,0.5904224863789723,4.441384371893371,1.877838836995796,0.530495337544929,0.24224933199712667,33.82871659913545,107.59223996561406,53.04945139528876
1896235,9434,0.5539870116024637,0.5339668901836465,4.800062525083065,2.115232712783161,0.5522520928153165,0.25248401712413465,30.594049207248453,121.19390713048298,55.22511059174768
1896236,9434,0.7217141902467188,0.599559454855314,4.806514768892955,2.1754828727771036,0.4759810229399749,0.2593271689509557,34.35222633037391,124.64598701312386,47.59803700214565
1896237,9434,0.8945763608157146,0.6653524242089516,4.740896319106283,2.2226779998902275,0.4261445645072167,0.26862023501428545,38.121885795970904,127.35006861028928,42.61440929067298
1896295,9434,0.8844693591268799,0.6788900986023549,3.9970557605901984,1.9107028066756064,0.439783883545155,0.27388961528087,38.897537403135246,109.4752067263131,43.97833912889248
1896296,9434,0.7413315250195325,0.6139144001548519,3.934780818055982,1.895743877898672,0.4744800733487185,0.27604618398789404,35.174704111178585,108.61812324135796,47.447943971231815
1896297,9434,0.5775652729407438,0.5487277392713173,3.8472862187560106,1.8862286296737234,0.5443503010070488,0.28090693868647665,31.439783562001523,108.07293967704906,54.434936794218125
1896495,9435,0.8691830242243581,0.644898323472504,4.169436630302413,1.9290999249297736,0.42511129066170095,0.26509404865176983,36.94995215003703,110.52928395747996,42.51108064602361
1896496,9435,0.7311090155678661,0.577524545680925,4.17173257886008,1.8902120033575107,0.452596232238084,0.2596071724888452,33.089719032727324,108.30117017735355,45.25956193750943
1897703,9441,0.8959525356739253,0.6094641930387553,4.520434907100656,1.9989433535177792,0.3897497271934302,0.253362828450486,34.91972602546717,114.53101764229605,38.97492965324477
1897704,9441,0.7213069856733505,0.5429263105513245,4.508269838466849,1.9567368577762134,0.43126416862435607,0.24868245987181584,31.107386181199946,112.11276356826745,43.12635767114209
1897903,9442,0.8636778999886839,0.6137398188018637,4.288618883921076,1.8982950893380677,0.4071506394893371,0.25361147628120867,35.16470133647068,108.76429688948083,40.71501727891165
1897904,9442,0.7211204561021911,0.5511356725179699,4.379514922985114,1.880089138928407,0.43789837424901235,0.2459659903375627,31.57774797438395,107.7211727689828,43.78977730751229
1899252,9449,0.6650197229417715,0.5536824341633373,4.546521526315822,1.7419201709620133,0.47703346377042,0.21951875350777464,31.723666668089294,99.80467404483018,47.70327536224308
1899253,9449,0.8071135217743444,0.615149567802123,4.409911752504404,1.785138217371368,0.4366854552280308,0.23193408669202273,35.24547400435833,102.28088570288672,43.66849195932615
1899254,9449,0.978881697606072,0.6796253014219032,4.280815160875493,1.820858618314563,0.39779741637027133,0.24370945662227772,38.93966142178148,104.32751391944693,39.77970140550162
1899309,9449,0.9511855769000362,0.5953061457879546,5.030399522765441,1.1105099096870208,0.3585896395151547,0.12648603857026353,34.10852967184949,63.62753093252051,35.85892662931689
1899310,9449,0.7492335453905791,0.5481082944348373,5.042915431653619,1.068350701757014,0.4191522357919332,0.12138213888124338,31.404291987230046,61.211986250516645,41.91516819457231
1901259,9459,0.12994079244944706,0.5808759831786419,3.0988919793346477,0.8807702441333363,2.5613003482563923,0.16284664932895054,33.28174225664838,50.46441770954733,256.12808342317123
1901260,9459,0.236571583809345,0.6513018974607289,3.1500005161031406,0.9437041668088799,1.5774019742808185,0.17165160900448756,37.31684991336207,54.070265867058644,157.73953732287043
1901261,9459,0.38769659857261657,0.7241313441088748,3.182630320783474,0.9880812769423168,1.0701581833105698,0.17788081272623113,41.48966983057404,56.61288698469182,107.01554506225021
1901262,9459,0.5365884675112358,0.7945038535502187,3.1540679584865114,1.043907804764415,0.8483543632252967,0.18963291854001624,45.52171761530758,59.81151141376771,84.83527980234608
1901263,9459,0.7151432036079148,0.8614624595463926,3.119107772962058,1.08979522656346,0.6901857166756092,0.20018759004311443,49.358163140967704,62.440667015589604,69.01847612265459
1901264,9459,0.8950012724787212,0.9299877248844433,3.0585611512632593,1.1295161487702443,0.595355254545336,0.2115913490174456,53.28437163485212,64.71650821640581,59.535459599762035
1902264,9464,0.538725785235633,0.5566711871707624,3.7390791910083254,1.8150977084458209,0.5920434826676767,0.2781364943266447,31.89490960142178,103.99743809781273,59.20423946893843
1902265,9464,0.7239275249692291,0.6254504921922287,3.8843326867159704,1.8812531881476238,0.4950174121850188,0.2774939128348075,35.83567349699475,107.78786787638943,49.50167352297378
1902266,9464,0.9081589025597201,0.692024346784119,4.017149258895441,1.9297971629186592,0.4365984173328292,0.27524302770546916,39.6500743910277,110.5692327515593,43.659794138973595
1902323,9464,0.8420162830233084,0.6490194235914277,3.5710538317549836,1.5375977675732062,0.44163128554535996,0.24669990029438088,37.18607379380222,88.09786267068202,44.163076629833085
1902324,9464,0.6829883671887302,0.5778194402112284,3.5039256857655907,1.4733872169163589,0.48473175167323307,0.24092653910969586,33.1066152447152,84.4188691178337,48.47310490496532
1903129,9468,0.9386503339590576,0.6076710146903967,4.749821448402922,1.848602834774391,0.3709260290401667,0.22299183528491195,34.81698447419198,105.91714042849246,37.092563782273004
1903130,9468,0.8057302391369555,0.5408268630336852,4.798783545679618,1.8319343113532582,0.38458400602833653,0.21872648175914977,30.98709669913,104.96210438574658,38.45835334909103
1910854,9506,0.9957942984115282,0.9195298649957304,5.205817809704982,0.7683922246990584,0.5290769384345259,0.0845700579825881,52.68518040048973,44.02563148592406,52.907641243669275
1910855,9506,0.838179541519454,0.9174530813547295,5.340264550628749,0.7989786266340553,0.6271471234010235,0.08572253810193321,52.566189462898556,45.77810322729015,62.71463826588786
1910856,9506,0.6858678038114179,0.9166755870412827,5.493720555533758,0.8269952805179921,0.7657691651730384,0.08624999885904257,52.52164232014264,47.38333925091854,76.576805984288
1910857,9506,0.5553877467870103,0.9102591334447979,5.674093533328904,0.8502550511959814,0.9390557492901926,0.08585693128109503,52.15400660962252,48.71602594320947,93.90540753902492
1910858,9506,0.4109197865898727,0.8965176195329425,5.821920551739031,0.8523388226407813,1.2500414018655934,0.08388197113750905,51.3666758583529,48.835417252466385,125.00383902365199
1910859,9506,0.3022613987348678,0.8274748933054363,6.0053067367458555,0.876101192020903,1.5685369573932797,0.08358757153642295,47.4108190394396,50.19690072917825,156.85318199643626
1910860,9506,0.2605482587972006,0.7946703302079144,6.168903496498137,0.8786006925386949,1.7475171197786972,0.08160301341512594,45.53125602518099,50.340111559738496,174.7510479798386
1910861,9506,0.21266028334192957,0.7021957462541044,6.285633475290257,0.876872516011789,1.8918836243543768,0.07993004119006977,40.232852652399465,50.241094338493205,189.18748170869762
1910862,9506,0.18860346593726962,0.6397275641675272,6.393285960694699,0.883108290954481,1.9434259778528709,0.07914299181459084,36.65368946498386,50.598377924702895,194.34157766537186
1910863,9506,0.1744279857850065,0.6022113175460407,6.488102426263224,0.8975746814979209,1.9781323929748817,0.07926391661172524,34.50416687040075,51.42724104762996,197.8121165763646
1912317,9514,0.618458699480897,0.5494137275264546,3.454463239615233,1.9899382525149898,0.5089925537670636,0.33005145842395767,31.47908779381643,114.01506336074719,50.89917389967097
1912318,9514,0.8031804479306562,0.6212472217883387,3.4939849754153314,2.0086333237058933,0.4431736789812774,0.32938381967317537,35.5948438426996,115.08621203768257,44.317313272620225
1912319,9514,0.9907694978352757,0.6887844398786336,3.501371087379622,2.0174798126841327,0.3983211139143113,0.3301366102157894,39.464441399328095,115.59307851964469,39.83207159029619
1912373,9514,0.8814165683060897,0.6662048837334674,3.607476140794661,1.963675794906952,0.43306115483200996,0.31188102340020024,38.170728128931394,112.51033538016539,43.306066842175596
1912374,9514,0.7688282363552519,0.602930044477167,3.61907391847073,1.908136511179078,0.4493246320481095,0.30208879670931765,34.54534689017668,109.3281688253786,44.9324053465292
1912375,9514,0.6594063333113348,0.5352144239153793,3.6074152298705138,1.8757670362651124,0.46504750729093913,0.2979239355090474,30.665527624876947,107.47353452775377,46.50468090927102
1913180,9518,0.8680159555957749,0.6583628226033826,4.690020463223887,2.0716604845338407,0.4345704758737165,0.2530850409406091,37.721411123493944,118.69740234781622,43.45699802327404
1913181,9518,0.7172446416191267,0.5961441839148094,4.76855097881549,2.02422014324002,0.4762188974498931,0.2432170092865661,34.15654571958932,115.9792710130201,47.62182401343499
1913182,9518,0.5850864345733223,0.5289322722307627,4.820990093466971,1.9684944145377186,0.5179676803004373,0.23394866931375333,30.305586847087415,112.7864219480872,51.79668038707394
1914730,9526,0.8621227025170725,0.5296669465097756,3.6579978034572713,2.0249007469944704,0.3520111480880479,0.3171633025827834,30.347680582591675,116.01826673567086,35.20107438641116
1914787,9526,0.907269569021628,0.599615490983013,5.157134667301069,0.9388582442483915,0.37866845487136447,0.10430717505451538,34.355436963991316,53.79261495649543,37.86680416740415
1914788,9526,0.7998074666091207,0.5341170205530431,5.23585156058262,0.881314935047889,0.38262521842800484,0.09644205058026772,30.602651043791617,50.49562620009032,38.26247448159064
1916136,9533,0.8456530166112802,0.5259468950891641,4.755505220787558,1.9475980057905629,0.35634635469082143,0.23465255636237553,30.13453733661899,111.58914591989492,35.63459375191599
1916392,9534,0.8650479424932183,0.7716848442199241,3.851672045473129,2.016073344670299,0.5111194652340233,0.29990220396435757,44.21428468801205,115.51249383843188,51.11188802864605
1916393,9534,0.7149254377267855,0.698327250262487,3.94311880807142,1.9947110468347677,0.5596556156482924,0.2898429634125329,40.011204159016515,114.28852433175447,55.96548406607827
1916394,9534,0.6023907118802212,0.6275061030045003,4.021837306467141,1.9269619658218784,0.5968460338937346,0.27451828414782686,35.95345132085937,110.40678792382602,59.684505300777296
1916395,9534,0.5086555943442304,0.559724812540353,4.088286976478344,1.8721375830268845,0.6304829667346055,0.2623729266806241,32.0698694473134,107.26558217526322,63.04817396235367
1917945,9542,0.6672457829656961,0.5633905413928555,3.393928351210176,2.088086982141963,0.4837782505293469,0.35250765072213763,32.27990023940113,119.63857133294337,48.3777532743244
1917946,9542,0.81795269519025,0.6288059976522916,3.3877481558687053,2.1132703191023694,0.44046470620339373,0.3574098909556404,36.02792979798946,121.08147025483048,44.046417309245875
1917947,9542,0.9781600547060942,0.6973673867377601,3.379149892493955,2.137216628682995,0.4084833297927234,0.3623795814395158,39.95620803014111,122.45349272871401,40.84829163654104
1917999,9542,0.9470929630602177,0.7470631132964545,3.6504361532712664,1.9037632866466634,0.45194679550292655,0.2988070374008689,42.80356342179049,109.07760151680817,45.19463230816621
1918000,9542,0.8328848783001204,0.6786953380183436,3.8317610285134296,1.914236866011298,0.4668877895362131,0.2862331244261193,38.88637844365589,109.67769341079705,46.688723457553515
1918001,9542,0.7264621160546618,0.6143177727661591,3.9165598740870236,1.8679169727631213,0.4845099888487407,0.27325960074047984,35.19781565937766,107.02375902018,48.45093285744908
1918002,9542,0.6242350428904471,0.5498026817511309,4.017457434892571,1.808838824191231,0.5046396078440446,0.2579711966266645,31.501373229314165,103.63883044556385,50.46388075166404
1922224,9563,0.9078492063287222,0.5403507634431706,5.257260063171077,1.890076565751584,0.34102379167286073,0.2059883069639089,30.959818201965604,108.2934101741466,34.10234197904165
1922967,9567,0.17797739542133256,0.5493729796163078,4.442372396179764,1.7396757415220545,1.7685814126812864,0.22437578076940753,31.476753110541043,99.67607771050562,176.85715749951203
1922968,9567,0.3117798670447087,0.6208371686371018,4.561043038618664,1.7975360332560264,1.1409122957174307,0.22580630599276924,35.57134952775769,102.9912282282579,114.09086729705206
1922969,9567,0.48168356902069853,0.6888376488603946,4.579637890145335,1.8332336894774461,0.8193654873943549,0.229355585656501,39.46749004941519,105.03655326825418,81.93638033631763
1922970,9567,0.6571888067661567,0.7594826505714047,4.560771397182953,1.844371922009966,0.6621407635217608,0.23170362543751094,43.51515049115055,105.67472698360287,66.21397660635697
1922971,9567,0.8336836639616775,0.8285872610458193,4.494984231247862,1.878382833990329,0.5694552322301126,0.2394300022453272,47.47455301623005,107.6234086974686,56.94545560023921
1923027,9567,0.9385120366603872,0.6905438963453104,3.6586728527409402,1.9022426239144465,0.42157424584900277,0.2978961991112202,39.56525082910568,108.9904739601893,42.15738011471317
1923028,9567,0.834820511660248,0.628305477891241,3.678834346915605,1.8963689593840072,0.43122145651768257,0.29534881767119486,35.999252128118364,108.65393777231944,43.12209451398179
1923029,9567,0.733224554001928,0.5647199067487793,3.7172133813110273,1.8844058283576084,0.4412845511766214,0.2904554823436307,32.356067263726466,107.96850085474479,44.128395535490824
1923574,9570,0.8762771164490331,0.531734148154411,3.9457532754573204,1.8912255527774766,0.3476767975867482,0.27462244707701355,30.46612251223178,108.35924228144553,34.76764047890472
1923630,9570,0.8958934520914124,0.6205304028640282,4.651765135137982,1.7841124930370604,0.3968526911744979,0.21974909058861117,35.5537731436615,102.22211602758703,39.685225263604806
1923631,9570,0.7215428911552355,0.5545364887201092,4.654399864341995,1.7678121106188827,0.4403424985374578,0.21761811542867399,31.772600389666238,101.2881729105762,44.03418943620516
1925183,9578,0.9776376001432732,0.5418202065283367,4.188963916798583,0.7274225343452612,0.3175410885065152,0.09949534507580791,31.04401108898031,41.678241140693636,31.754076695039252
1925583,9580,0.7877516634391482,0.5734138335924013,4.0428216282654486,1.933622722942685,0.4170628090934726,0.27403737069821155,32.8541925792615,110.78842119520995,41.70622849541073
1925584,9580,0.9670234775101734,0.642637021476341,4.031256759372271,1.9889575124719312,0.3807600287378234,0.28268819778807003,36.820389089452384,113.95887109548046,38.07596389313219
1927046,9587,0.9047466875413689,0.7343279714109839,3.85629630637335,1.8480130308868858,0.4650350606925422,0.27457264294092393,42.073893540252755,105.883347154998,46.503455183828756
1927047,9587,0.7802623386198089,0.6683595747558467,3.8646414799201265,1.8184536590535583,0.4907859888203795,0.2695973744929282,38.294182830668454,104.18971990389045,49.07853661099369
1927048,9587,0.6705439177943364,0.6016514710317574,3.834446586057614,1.7983890121267363,0.5140914502253191,0.26872222036813365,34.47209002795721,103.04010031756341,51.409069121496465
1927049,9587,0.5866200771415988,0.5351087369852758,3.8283379641176993,1.781613187574533,0.5226461364326196,0.2666402942033766,30.659472209832323,102.07891637287021,52.264525439872195
1927591,9590,0.1875803524514255,0.5487669652829904,3.9696458655360756,1.7820497179910455,1.6761899079419642,0.25721167813130685,31.44203104691752,102.10392772336547,167.6181061497543
1927592,9590,0.2869721008082481,0.618143325566467,3.940889125267857,1.814911470064747,1.2341618699248806,0.26386625925097484,35.417003689139754,103.98676742459385,123.41576123124155
1927593,9590,0.42909414060085144,0.6901765201601433,3.8840631262696483,1.838752816080092,0.9215740104783319,0.2712437265640527,39.54420172420199,105.35277592918416,92.15718842406189
1927594,9590,0.5401846709428291,0.7596434556126461,3.728722576559788,1.8646157706917457,0.80573117818468,0.2865180007202912,43.52436394133811,106.83461407417033,80.57297015185829
1927595,9590,0.6675029643660457,0.8344462670561973,3.570121080551704,1.8947353374814857,0.7162552253519738,0.3040802689278212,47.81024933276649,108.56033813198484,71.62541630471623
1927596,9590,0.8165841431298368,0.907437210906672,3.4232411621669128,1.9263714147626256,0.6367050126897121,0.3224223660837713,51.99232235807506,110.37295184054386,63.670424077025224
1927597,9590,0.9613636735917921,0.9788281276073735,3.284619483807591,1.9548747737296126,0.5833663319906388,0.34100167225598205,56.08272058059528,112.00607401129858,58.336573124808545
1927647,9590,0.935748994447303,0.7562843536535324,3.406574754310106,1.9642750061137315,0.4630718426649101,0.33037486460727405,43.33190157612677,112.54466765335079,46.307135274652694
1927648,9590,0.8348893457070568,0.6838451620586047,3.4374607800866253,1.898950431664571,0.4693010080744845,0.31651806924664266,39.18144162639786,108.80184523892575,46.93004515846408
1927649,9590,0.7403141134109241,0.6127392357561159,3.4748315369867355,1.8550272166463908,0.4742226446949741,0.30587160545352365,35.107372150896985,106.2852303957384,47.42220105320214
1927650,9590,0.6524649248697272,0.5443173531979622,3.527240416829276,1.8141975258039618,0.47798870693644085,0.29469457381186454,31.187087053974995,103.94586143164327,47.79879816743208
1933224,9618,0.916911888787616,0.5719798428637719,3.710576800640102,1.9119293760682772,0.3574174466050977,0.2952249463255166,32.77203096265015,109.54548397579306,35.741706069791235
1933277,9618,0.8977504407345986,0.7559821691679531,4.102230713667702,1.5585782813196691,0.48247915269801195,0.217686335985826,43.31458768046875,89.29995756037056,48.24786206416548
1933278,9618,0.8010994462113536,0.6901386248389688,4.174746571837771,1.494181114019292,0.4935970206401319,0.2050669902549497,39.5420304822354,85.61027166146107,49.35964106528915
1933279,9618,0.7105745082199593,0.6256480608785823,4.234117732707955,1.4381892414183972,0.5044790156377417,0.1946147430980387,35.846993348886755,82.40217367439561,50.44783127789747
1933280,9618,0.6299069911386013,0.5562368802123739,4.352194120650181,1.3867742484747207,0.505948109611191,0.18256610157956796,31.870025645692962,79.45631157502804,50.59473144337435
1933481,9619,0.7997272342584321,0.5536968910229071,4.212034227947294,1.9991275205427521,0.3966914371479869,0.27193883801707536,31.724494985127656,114.54156963555248,39.66909460755126
1938244,9643,0.516676775576513,0.5296114301115317,3.544221791667521,1.8970738902147852,0.5873013956572452,0.30668037559791567,30.344499727278528,108.69432733377168,58.73002703361858
1938245,9643,0.6529942878196773,0.597109766414817,3.5932905397305688,1.9564766709925547,0.523922944439845,0.3119643524848944,34.21186952161144,112.09785596367873,52.3922150125208
1938246,9643,0.8062305145853765,0.6677481347357646,3.620550639680049,2.021380917779209,0.47454355462127956,0.31988668736691844,38.25914989809235,115.81659537702953,47.454297191257794
1938247,9643,0.9746601100340191,0.7354323309515072,3.6832393056203694,2.0768829135378257,0.4323267959247067,0.323076008077712,42.137168680989745,118.99662548855127,43.23263567940965
1938301,9643,0.9576041314964134,0.6905534584014832,4.513805641757675,2.1213560882865843,0.4131748911689104,0.26927333624980826,39.565798694567846,121.54475070320294,41.31744640167066
1938302,9643,0.8042950100731399,0.6265644428104337,4.504296960439828,2.07578600626613,0.44634738833443616,0.2640451509123131,35.89949816600389,118.93377733136592,44.63468389298526
1938303,9643,0.7100857979758938,0.5553369799851351,4.634859951291287,2.0182386295274255,0.44809324173634935,0.2494930946952971,31.81846516068931,115.63655552218881,44.809261700665346
1941005,9656,0.8572235108295517,0.5251206711136933,5.357271243401402,0.41488551516305794,0.35098428191489695,0.044371822660391705,30.08719818989199,23.77118899995414,35.09838765666658
1942063,9662,0.3465655497912529,0.55862432472406,4.505824977463409,2.1031975140256907,0.9235428978953633,0.26744123744565973,32.006816140034246,120.50434103607884,92.3540259708067
1942064,9662,0.45270547310594533,0.6248277878769155,4.46804804299,2.159744814729658,0.7908010064783015,0.2769537418615365,35.799995167842724,123.7442627092733,79.07992771171305
1942065,9662,0.6153734521939287,0.6918262608575311,4.384597712938693,2.222920132631201,0.6441409540498113,0.29048033558040015,39.63872490345327,127.363941794429,64.41399177709371
1942066,9662,0.7504425117223081,0.7576643650779923,4.275603949542453,2.26688500948611,0.5784716237400503,0.30377683460403315,43.410970406428156,129.8829436850277,57.84708606087838
1942067,9662,0.8641868979884434,0.8225671629292888,4.138694926838903,2.293950265301351,0.5453638138490342,0.3175727387993248,47.12962680189819,131.4336686146829,54.53631890888669
1942121,9662,0.97161941123021,0.9366834759790758,4.492262698851876,1.786893224919556,0.5523562903394135,0.2279061730443141,53.66800991324467,102.38144022841149,55.235572753451436
1942122,9662,0.8664459142211333,0.8707672353213639,4.5454572226079035,1.7677188032402689,0.5758153639771286,0.22282208721491886,49.89128752218914,101.2828267915842,57.581470605198504
1942123,9662,0.7525237256040227,0.7974654084031729,4.596778754293728,1.7511198668797863,0.607175562010726,0.21826540483754991,45.69140220917834,100.3317777937223,60.71747632279273
1942124,9662,0.6574629506448573,0.7255359641938757,4.655946227242443,1.7205999182168497,0.632281225279836,0.2117359362009461,41.57014863326389,98.5831135443801,63.228027319963076
1942125,9662,0.5467717221329855,0.6564349814780632,4.727816816648024,1.7161741399989676,0.6878730510942668,0.2079808476868365,37.61095396344139,98.32953513143453,68.78718056145765
1942126,9662,0.4379982760148539,0.5904888478828816,4.8169446145725905,1.7139058602068529,0.7724349595305089,0.20386278009435252,33.83251883323159,98.19957227259154,77.24332136129884
1942127,9662,0.3359843504630141,0.5270766289700887,4.881071473930593,1.718267389640598,0.8988295252300382,0.2016964304363938,30.1992663199689,98.44946950136722,89.88268767775722
1946283,9683,0.20009178137929112,0.6232789518985993,3.7299705856316927,2.0252443163070475,1.7847435497957758,0.3110961570130019,35.71125340312719,116.03795180725174,178.47347194116804
1946284,9683,0.3275598100855631,0.7002700542882135,3.828148663157739,2.0922445954321898,1.2248913380044941,0.31314558357640193,40.12251863011167,119.87678502732088,122.48876359669264
1946285,9683,0.5074182907414142,0.7742955301868488,3.8939529894899603,2.159273416322528,0.8743055958117515,0.3177163504189197,44.363865975550866,123.71725357007557,87.43038899985204
1946286,9683,0.6903044300572514,0.8414341568457051,3.9041655343361876,2.2110164455654036,0.6983965787821013,0.3244788401677615,48.21062592540785,126.68191076491435,69.83955771781983
1946287,9683,0.8735377506834959,0.913804585283746,3.829125140165095,2.198054109791449,0.5993690071908799,0.3288981652297402,52.35714603646114,125.93922363243531,59.93683279132672
1946343,9683,0.8831409926097591,0.5266818824221285,3.84471853920718,1.9201253091307109,0.34169684025109,0.28614598166653443,30.176649008793426,110.01507634944225,34.16964572097731
1946685,9685,0.3478844204065229,0.8845990224109327,4.423444145349969,1.5334563503494323,1.4569145990902224,0.19862481328331755,50.683790545544966,87.86057694255699,145.69104530542907
1946686,9685,0.48722276056419234,1.043912436723212,4.5223867904878565,1.599170743774744,1.2276063521455913,0.20260481551291765,59.811776805457654,91.6257343390896,122.76038577469454
1946687,9685,0.6353461552125317,1.1095087786772035,4.559386929804272,1.6366235961049678,1.000559597769088,0.2056671783868461,63.57017035091831,93.77162470833814,100.0558038693874
1946688,9685,0.7821526044639674,1.177693149536604,4.505056296617496,1.6635929977692165,0.8627069165543947,0.21157750561226363,67.47684702991675,95.31685759969268,86.2705824595165
1946689,9685,0.936391113208928,1.2477285369008744,4.4106126608105605,1.6899219736575204,0.7634585310619451,0.21952822436162844,71.4895791424533,96.8253967969942,76.3457723895871
1946745,9685,0.9471497573755778,0.8820015384109561,4.2445557138900405,1.1161641254451653,0.5335477810971649,0.15066710815451007,50.53496567499355,63.95149363191855,53.354722341160205
1946746,9685,0.7936074076202825,0.8207840281616198,4.245370076234239,1.0945097227779272,0.5925783915481113,0.14771571494921232,47.02746070540772,62.710787751208976,59.25776523263465
1946747,9685,0.6795820429384885,0.7512521754007804,4.284364378785773,1.0736462081105809,0.6333831038410691,0.14358114957722995,43.04357900048656,61.51539641496074,63.33821811440135
1946748,9685,0.5609539505461107,0.6843401469778944,4.304071869222517,1.0542803557965192,0.6989843183391289,0.14034573888576182,39.20980217319578,60.405814810691346,69.898308473833
1946749,9685,0.42622286101004186,0.618359265041128,4.2730912602259705,1.0367320267675493,0.8312406142286388,0.1390102992503674,35.429376109668105,59.40036961982447,83.12386834868775
1946750,9685,0.2918395717582537,0.5474408304534408,4.2295830961158405,1.001993871136774,1.0747702189383344,0.1357344647776264,31.36604911811903,57.410019914112425,107.47665730349897
1951308,9708,0.33938455888082386,0.5522426048131996,3.2301714600620297,1.9195747765013547,0.9323102292908979,0.3404882191940847,31.64117052310734,109.9835331532959,93.23075097081023
1951309,9708,0.4595147134279276,0.6211571795541656,3.341706220686009,1.9858584458308655,0.7745058642998109,0.34048865998959993,35.58968480270356,113.7813076565176,77.45041956717678
1951310,9708,0.5651871757027873,0.6903469939526935,3.3611123644388035,2.038595142598397,0.6998383925468683,0.34751262318702053,39.5539691530327,116.80289780675837,69.98371666896433
1951311,9708,0.6730159532755562,0.7582986300688457,3.343451520475077,2.0436860688737997,0.6455613757219028,0.35022067862761275,43.44731111349696,117.0945863961512,64.55604261087333
1951312,9708,0.794188744611491,0.8276515333273375,3.3274314026494713,2.0462718518491783,0.5970991088936468,0.3523520887663391,47.42093976718764,117.24274084737718,59.709836457766706
1951313,9708,0.9123510411765041,0.9001344083014456,3.2689351050135205,2.0507603627452493,0.5652857255293602,0.3594440068215748,51.57390259017845,117.49991357802053,56.5285112133606
1951367,9708,0.955828206844938,0.6359041499527761,4.477140331038873,1.79746187980472,0.3811838081890296,0.23002848180668084,36.4346239671483,102.98697954846172,38.11834133779405
1951368,9708,0.8141252902455094,0.5720885588302239,4.525334035471053,1.7785715293014452,0.4026193501026053,0.22518700535065972,32.77825992869354,101.90464219110125,40.26188605063824
1951453,9708,0.909360645038808,0.7210834726132985,3.2713738502806717,2.148788787919846,0.4543306270009683,0.3763450277195648,41.31503965737929,123.1165286128389,45.43301323822177
1951454,9708,0.8031205937029446,0.6560217425112462,3.2744607372943753,2.0988800672976033,0.46801535088763674,0.3672573252241699,37.58727711471243,120.25696956028686,46.8014773969769
1951455,9708,0.6578288140398814,0.5879612453622561,3.3324464670348797,2.0487124225090145,0.5121043141531723,0.35224144199979196,33.68769787651313,117.38257524578925,51.21035434625465
1952517,9714,0.8736347534509111,0.5756754465959267,3.5883215376437336,2.069281447329043,0.3775464855469748,0.33040822006191084,32.98377345925542,118.56109355667671,37.75460577130415
1952575,9714,0.9815800479604956,1.1291004262362363,4.107232550070016,1.8241219074947566,0.6590668641351135,0.2544644966853814,64.69268906975867,104.51448661680273,65.90661994154789
1952576,9714,0.8417874284658462,1.0632526162052534,4.091750225040466,1.8035808822843267,0.7236967989903764,0.2525510273829099,60.919887464804134,103.33757256537326,72.36959478741021
1952577,9714,0.719616720798999,1.0001796726170782,4.076634244262766,1.7815239283120792,0.7963416016204536,0.25038744176550753,57.30607399573497,102.07380219384916,79.63405060690758
1952578,9714,0.6011138981039527,0.9317656668810895,4.0795557635242075,1.764395043515448,0.8881218598962571,0.24780244467623908,53.38624020747902,101.09238938723641,88.81203972130926
1952579,9714,0.44923186537119547,0.8595676824140888,4.044596055771189,1.7375332106815464,1.0963068986917812,0.24613909057167102,49.2496004081688,99.5533197358679,109.6304482697954
1952580,9714,0.31072081429399956,0.788040103814144,4.042893317721346,1.7147766742495003,1.4531170267777138,0.24301770607771955,45.1513720356017,98.24946624197597,145.3112396958402
1953519,9719,0.2985036861978757,0.6606901962625689,3.520078587414082,1.884174889849481,1.2681504548748237,0.3066842573691624,37.85475981151523,107.95526905290204,126.81462490147206
1953520,9719,0.4576653271500908,0.727074205423149,3.6350569781080364,1.942425937067675,0.9102346186622495,0.3061652364043051,41.65828336357427,111.29280821072183,91.02326496900551
1953521,9719,0.6364814134794585,0.7995819515157102,3.7548815241525295,2.0062647783581604,0.7197801774989706,0.30613616791938625,45.812671196684214,114.95050438567213,71.97790579356321
1953522,9719,0.8229275710637585,0.8724861187031395,3.830687019602413,2.075274005749175,0.6074625937414895,0.31039978192887496,49.989772285440054,118.90444186263588,60.746186295149265
1953578,9719,0.9421223644141326,0.7310504121478434,4.689123840700088,2.1889972804913245,0.44459302066165296,0.2674706608976482,41.886103227370796,125.42030553776775,44.45925534753936
1953579,9719,0.8206182257084396,0.6638616045972177,4.750440607556596,2.140306157564331,0.4635099059353262,0.2581455481015437,38.03646812420322,122.63050969429835,46.350934675417065
1953580,9719,0.7315182594419026,0.5983297239002128,4.843563546404871,2.082793235094169,0.4686385749854834,0.24637905661729645,34.28176793671001,119.33526196929495,46.86379407544864
1953581,9719,0.6424735045233971,0.5353246265059224,4.932318929635169,2.0318026118745354,0.4774024309929665,0.2360222765170149,30.671841768206473,116.41371446406816,47.740169535536005
1954784,9725,0.8689790282735996,0.6737622064246587,4.680478707667825,1.8462641663926536,0.44424237091206625,0.22600924174962925,38.603730823555104,105.78314460053821,44.4241864801531
1954785,9725,0.7569386092488066,0.6098040449666798,4.72131201035549,1.8256426201965072,0.4615856189405507,0.2215520105120886,34.93919810659663,104.60161703646497,46.15850152335216
1954786,9725,0.6510601593456087,0.5415984874189921,4.834200834538497,1.7998608858626826,0.47662733770010135,0.2133226065423316,31.03130751977746,103.12443247060929,47.66266129432063
1955587,9729,0.8858373763112375,0.6306046629624171,3.899878799929571,2.192476701566761,0.40787379588336414,0.32211170603736716,36.130985729016246,125.61966168053914,40.78733400495814
1955588,9729,0.7460611564180812,0.5651817319965106,3.967087331659209,2.1489842210937997,0.43404655487922,0.3103731163564096,32.382527901294054,123.12772610888331,43.404597891368454
1955789,9730,0.9097848193820057,0.7100090800657735,4.121349166630706,1.9222826574412122,0.4471444498735843,0.26723938832238053,40.68052370373497,110.13868330257365,44.71439633052119
1955790,9730,0.8101287179590163,0.6464274522790948,4.258527712842203,1.8700916802279095,0.4571812293374228,0.25160893048754324,37.037564776986564,107.14836057958796,45.71806706498361
1955791,9730,0.7096272911124919,0.5782013620415585,4.346754329534808,1.8176516887328291,0.46684361920350365,0.23958973122084337,33.12849775369702,104.14377038921792,46.68429679115684
1959004,9746,0.9449349227836339,0.8966014435556393,5.2515856085677965,1.8828713683794507,0.543650963032372,0.20542478140837322,51.371478621075234,107.88058277416461,54.36503934546468
1959005,9746,0.8126617786009371,0.8308642806648519,5.446348111023391,1.8322177735577792,0.5857912516377197,0.19274997345191966,47.6050166302691,104.9783455737171,58.5790538016579
1959006,9746,0.6972280762948193,0.7705237043378681,5.652206689818672,1.790121904673637,0.6331895851751198,0.18146263114370903,44.14775627334593,102.56642995171967,63.31886861052005
1959007,9746,0.5664064241192603,0.7042830457661625,5.802230083701945,1.747276932070001,0.7124291617161196,0.17253985490310741,40.352446105020114,100.11159384817769,71.24279164907922
1959008,9746,0.46430665664711246,0.6384148018806742,5.971055714407022,1.7174263088671617,0.7878084971423428,0.16479712075135897,36.57847372644324,98.40127912281972,78.78068173716112
1959009,9746,0.39567380749543046,0.5713257648931312,6.19690504926765,1.6884353343631813,0.8273116291258772,0.15611053859069937,32.73455505545996,96.74021863977026,82.73095591469517
1959551,9749,0.6947295188276634,0.5594414002819849,4.802920510926658,1.8543502465436297,0.46138288054541515,0.22121216123204734,32.053631121046635,106.24644286599366,46.13822230688262
1959552,9749,0.8766088533524965,0.6252540249545411,4.754004497778795,1.8742939524484439,0.4086704829387194,0.22589194618236672,35.82441675346266,107.38913304218964,40.867002140640075
1959605,9749,0.9904762070440682,0.7916363095712963,3.4468492200560066,1.9972773706367661,0.45793547252562783,0.33200049151152905,45.35741944774717,114.43556385447296,45.793501481078636
1959606,9749,0.8752184538906173,0.7184374532940144,3.6287144454269176,1.9730943543866712,0.4703218181080186,0.31154278044218814,41.16343391787423,113.04997908744623,47.032128610590426
1959607,9749,0.7613742692712036,0.6519715696300404,3.8422344505323007,1.9520308883594053,0.49062885783425536,0.29108877277278916,37.355219302321,111.8431313821667,49.06282198800311
1959608,9749,0.6581940212887898,0.5857741523929779,3.954639918673584,1.8976472671486917,0.5099163025567591,0.2749357245493209,33.56238667997075,108.72717941215467,50.99155355847778
1960412,9753,0.9741723234860524,0.6138532101056069,4.9876969336513355,1.8291750523621961,0.3610367177411964,0.21012505706541884,35.17119817960865,104.8040104909752,36.1036350838981
1960413,9753,0.8531092151317526,0.5476359421828683,5.174075405463616,1.7964984814825273,0.36779848666977993,0.1989375349709452,31.377228196748717,102.9317808906101,36.779805985446885
1960956,9756,0.32068047780150344,0.7054019087585535,3.255875186289807,1.9170683666050832,1.2603371196489745,0.3373591425423077,40.416552232337494,109.83992644450971,126.03332287671033
1960957,9756,0.43809133891954005,0.7847404458868315,3.3322855830119797,1.9839726197466376,1.0263228359432315,0.3411269970958549,44.9623155625298,113.67325778099567,102.63205166613875
1960958,9756,0.5786303485922554,0.8601291433072331,3.3605078964582704,2.044921055490479,0.8516969256090329,0.34865368324791646,49.281769747707614,117.16534591704206,85.16954684118754
1960959,9756,0.6732542626570666,0.9289157362660853,3.3205448976396013,2.0851738274278517,0.7905326913304888,0.3597953443962973,53.22295121133415,119.47165986275616,79.05315288778384
1960960,9756,0.8181245252644436,0.9979555504503494,3.2835125775365452,2.1101002491932266,0.6988989905305553,0.36820275666730506,57.17864118245993,120.89983862827518,69.88981448045887
1960961,9756,0.9634067229495743,1.0713722391997318,3.2267135707594914,2.1265339526183196,0.6371671018499939,0.3776022179434474,61.38510759362513,121.84142047630269,63.716644709560924
1962564,9764,0.4478764933799435,0.5776865734571657,4.196784278306115,1.839105235353001,0.7390207410008107,0.25108025771005504,33.0990025404698,105.37296806614093,73.90191074502431
1962565,9764,0.5980655723051543,0.6399982506676269,4.329305724400242,1.8948500816330425,0.6131300603802481,0.25077210792698407,36.669198659010746,108.56691248759284,61.312904544514225
1962566,9764,0.7656993391100181,0.7101870723191681,4.388511374483468,1.9437500319659753,0.5314190479061506,0.25377323539329827,40.690721908640505,111.36867326006924,53.14183608163969
1962567,9764,0.9367127971211068,0.7760642429241158,4.338804402225755,1.9609349193010468,0.4746941155552967,0.25894989518124134,44.4652057505673,112.35329477577666,47.46936138575787
1962626,9764,0.8373928131193443,0.5421191274311971,5.841992632695948,1.8208281524668406,0.37092672802493853,0.17857908206267295,31.061137995122447,104.32576835495314,37.0926289500728
1964376,9773,0.7389027396721155,0.577625580483223,4.131466876472336,2.28812819295627,0.4479007273307468,0.31732092267410156,33.09550790048293,131.10008844128993,44.790012722318714
1964377,9773,0.9000575421427528,0.6361518393315141,4.078142375391533,2.2627470840238484,0.40496094317976755,0.3179041969807373,36.4488155231802,129.64585802010038,40.49604977517038
1964433,9773,0.9745338356481297,0.5734891436380405,4.247182147915674,1.3136523497599342,0.3371715376922438,0.17721569876255372,32.85850752703156,75.26673538868769,33.71711951700372
1966040,9781,0.9896250669552217,0.7546032207101918,4.283217552863945,2.0865358542666805,0.43688848191575547,0.2791118977675009,43.235579753672944,119.54969825220459,43.6888044862194
1966041,9781,0.8709187585722762,0.6868486506590687,4.329651150274654,2.0192438135395667,0.45186222030251516,0.26721355610639863,39.35352884702011,115.69414832371852,45.186170665749366
1966042,9781,0.7498402778738029,0.6196801252528094,4.364320170949935,1.9574479289226674,0.4735015762596589,0.2569781782588681,35.5050558251242,112.15350494389278,47.350095110527704
1966043,9781,0.630049746469434,0.5494473861302145,4.4027967322077135,1.8957423300955782,0.4996592089196916,0.2467023597012756,31.481016289756177,108.61803455877318,49.96584238041758
1966989,9786,0.8116804855448985,0.531775670071241,3.481583117592642,2.108089533643928,0.3753755536822316,0.3469244555910293,30.468501542823436,120.78463311349903,37.53750958403259
1966990,9786,0.9780441432474337,0.5965791287309462,3.524911691610031,2.1030136284272545,0.34948796645203745,0.34183496032635013,34.18146622187505,120.49380516737521,34.94876126922042
1967047,9786,0.8957163710030962,0.6281662657351305,5.025408275812689,1.0964319639843976,0.4018155369539,0.12500660739724695,35.991275859116314,62.82092405954586,40.18150928435204
1967048,9786,0.7023877906695268,0.5562829102712415,5.032560499970347,1.0810644733411467,0.45377586204394926,0.12307935807481384,31.872662973796814,61.940431703980806,45.37752224578548
1970004,9801,0.7024568551365293,0.5544663250965893,4.504648582433222,2.2975254130017055,0.45224955277486933,0.29222814341205583,31.768580310163205,131.6385094890491,45.22489154027423
1970005,9801,0.8827449381252184,0.6219415896077101,4.487748554700872,2.2797034519190142,0.4036797748189942,0.29105326301869305,35.634628188179285,130.61738633636452,40.367932209192986
1970061,9801,0.8767391590963625,0.7616514272660322,4.615537127179125,1.7536646957579523,0.4977468074962056,0.2176942417788302,43.63941224245904,100.47758574802423,49.77462454490194
1970062,9801,0.7156099383177671,0.6921324828426254,4.681874522291618,1.7285682019997712,0.5541604085300378,0.21153848077732984,39.6562701307933,99.03966257510405,55.41596418860765
1970063,9801,0.5694436791902869,0.6266471829208484,4.760010224506319,1.7068076194141608,0.6305142985460189,0.2054467705222176,35.904238825127095,97.79287303320268,63.05132023742951
1970064,9801,0.39893698794990134,0.555856568275795,4.778499977530821,1.6813835236646089,0.7983274436939553,0.20160338997635188,31.84823537682854,96.33617964881687,79.8325462573598
1972815,9815,0.10320239292773063,0.598741711194408,3.437614556817149,1.9704787001363457,3.3240866585154403,0.3284257468188766,34.30537306988042,112.90011313823712,332.4054771523176
1972816,9815,0.1778788241082814,0.6708867799381815,3.4582860388101566,2.029536278315554,2.1609642998998186,0.33624709314077067,38.43898102157983,116.28386311616966,216.09522729334796
1972817,9815,0.3540669297078899,0.740145723069728,3.4847371204505575,2.0865835478197146,1.1977177590073949,0.34307445989777124,42.407226156554024,119.55243089150343,119.77144101003577
1972818,9815,0.5059432149418275,0.8070638780736281,3.425542333373679,2.0898988551731557,0.9139633012458365,0.34955744815787276,46.24135401107975,119.74238401064429,91.39615128596043
1972819,9815,0.6662865395745035,0.8740754852470399,3.354186297218571,2.086392768093016,0.7516411116581434,0.3563949317933853,50.08083628050484,119.54150001834694,75.16399948359661
1972820,9815,0.8013777368574095,0.9427837430406207,3.231710454512848,2.0820468181264915,0.674058266299542,0.3691311357785029,54.01752946977387,119.29249542729006,67.40574335875507
1972821,9815,0.980454086071787,1.016586275723092,3.131193219077667,2.0826097414801663,0.5940727193982891,0.38108395052576693,58.24610310985579,119.32474855964499,59.407211954216045
1972874,9815,0.9339235323426502,0.7216626975489592,4.0588204075146415,1.9282049853998022,0.44273674371526867,0.27219240157253066,41.34822680158138,110.47800769949319,44.27362743953599
1972875,9815,0.8011052309226948,0.6578277683411653,4.1351032609601575,1.9181578650823128,0.47048443634006254,0.26577897311745236,37.690754772458405,109.90235010904091,47.04838549195542
1972876,9815,0.6833451159462782,0.5898567701758487,4.215494751484157,1.9070424173145937,0.4945715154036414,0.25919966230982383,33.7963034482943,109.26548186455248,49.45707988914833
1973824,9820,0.9306873422065701,0.5875527903034221,3.6073894288240163,0.992027539729091,0.3617143291536773,0.15756267004471974,33.664295125521164,56.83899118722351,36.17139443877254
1975632,9829,0.6310457736593642,0.5676986376167297,3.4966220585517034,2.005059403509715,0.5154417763818411,0.328549781022542,32.526735970765365,114.881441494125,51.54409677454928
1975633,9829,0.8032406126796476,0.6401293466795956,3.5154195399716133,2.0374861521718115,0.45660925097204813,0.33207802276896725,36.676709907207545,116.73935733579461,45.660868819846755
1975634,9829,0.9933528918203167,0.703940966844824,3.5177918270434865,2.0592647749912203,0.40602736804470185,0.3354012573015573,40.33284642656703,117.98718050695403,40.602696338821666
1975686,9829,0.9592022302126769,0.8599878913719892,3.126830433263602,2.0856107480263364,0.5136943445528754,0.38216556905563465,49.27367660797008,119.49669356903166,51.36938143655438
1975687,9829,0.8250477448122273,0.7902289460308193,3.2199675085901305,2.078163105182613,0.5487777306532009,0.36978626144309845,45.276783456637254,119.0699750667655,54.87770721588309
1975688,9829,0.7099984224455502,0.7218964242156376,3.3121388694554175,2.0558382675014832,0.5825592911617271,0.35563380756754176,41.361618353141715,117.79085608932213,58.25584788600829
1975689,9829,0.6050298622728855,0.6569302258495797,3.330333630076759,1.9920929059403538,0.622106958692124,0.3427239677574864,37.639329375756894,114.13851590833396,62.21059407508459
1975690,9829,0.5096530951548748,0.590905164604003,3.3454362352689855,1.9258299191728523,0.6643022809407628,0.329828214734826,33.856372024292575,110.3419264286249,66.43009905375965
1976896,9835,0.9098603944190274,0.5683992506698962,4.356873769174223,1.8540391374932703,0.35793268927422434,0.24381844187961235,32.56687814178358,106.22861763043974,35.79322998156051
1980859,9855,0.925714829510062,0.5343211120772623,3.7464582991774615,1.9470155471820356,0.3307103151005608,0.2977632854651395,30.614344626763767,111.55577349988525,33.07099614248414
1981058,9856,0.4939136342772825,0.5679856692452564,4.593904472077849,1.99073790317181,0.6588840387125855,0.24828744353186347,32.543181671666716,114.06087996846784,65.88827180487438
1981059,9856,0.6682722193716529,0.6345096942839222,4.523334379809705,1.9992022992085676,0.5440107480867137,0.2532332219248558,36.35472754260488,114.54585413750132,54.40099421728673
1981060,9856,0.7897865464054805,0.6997054685388493,4.381998272240084,1.9939206541942123,0.5076076558198259,0.2607103673050532,40.09017024949987,114.24323816929245,50.760701953278705
1981061,9856,0.9235003380444667,0.76212248941921,4.211889711268106,1.9839802015909775,0.47283579489914745,0.26988762695917085,43.66640211572447,113.67369218867726,47.28352880158137
1981194,9856,0.48909670299882324,1.763814774939466,3.304817161829903,0.1987962631581679,2.066240474756405,0.034465406918798604,101.05914244684855,11.390186861935078,206.6236292405808
1981195,9856,0.31134946291574167,1.1022723151420473,3.328861069247548,0.22627933132726508,2.028445750696513,0.03894680603200552,63.15555153175353,12.964850676094681,202.8439300854511
1981196,9856,0.18361364695886043,0.6451268467273327,3.363469163072332,0.25661254851138127,2.0130880338787143,0.043713247374192764,36.96304556805931,14.702815999798242,201.30771798581526
1982924,9865,0.9381020506294799,0.8202205758602804,4.204559789263226,1.8908818997174701,0.5009601752185642,0.25767156987629236,46.99517726658404,108.3395524114904,50.09596465446907
1982925,9865,0.8191424563853374,0.7489093778338397,4.2901221016582145,1.8643861131803292,0.5238325242371468,0.24899397473500853,42.90934658764734,106.82145566803268,52.38318911438894
1982926,9865,0.7000209037173806,0.6808406658139555,4.367959539336939,1.8559435799496153,0.5572590176608035,0.2434494480647286,39.00929667201656,106.33773414551383,55.72582295619961
1982927,9865,0.6015716242027453,0.6142260156083933,4.4735526714426115,1.8309181131572108,0.5850102691118038,0.23449792142413156,35.19255836149756,104.90388051796425,58.50093063682493
1982928,9865,0.48629884589893757,0.5487575181303067,4.545914406537396,1.804462840289609,0.6465466530210074,0.2274308215321264,31.44148976494033,103.38810503678371,64.65453367935979
1983526,9868,0.9163213453670321,0.769623933926342,3.564937286842742,2.110870512294719,0.4812307709293975,0.3392597439517896,44.09620322623473,120.94397145310535,48.12302510048691
1983527,9868,0.7664354790993079,0.6991927933896219,3.542847038344049,2.055394741215084,0.5226897331472236,0.3324034097380883,40.0607961271879,117.76544390500835,52.26890579929871
1983528,9868,0.6454482734815656,0.6334446024031978,3.6022440394640816,1.996915520659679,0.5623022510382474,0.31762098793664706,36.29370227304572,114.41483137796895,56.230138857042625
1983529,9868,0.545901356090263,0.5644603699775663,3.704352450554177,1.941911312287564,0.5924366361955578,0.30035835835703234,32.34119690210751,111.26332238278862,59.243556180512265
1983929,9870,0.9596650812913374,0.6292795095218991,3.3419174630422206,1.9542060160758514,0.37570461150307327,0.33504046082351124,36.055060029667324,111.96775702022099,37.57042239228798
1983930,9870,0.7642536804751832,0.5623117317546409,3.257338671107282,1.9089107967439527,0.42156275333392823,0.3357726746523156,32.2180890002334,109.37253212038382,42.156220725009454
1986542,9883,0.9694857360406246,0.81703967083287,4.741144789130343,2.0179496157523085,0.482863466788091,0.24386514470906137,46.812924833481475,115.61999625265346,48.286297370776886
1986543,9883,0.8223512329247538,0.7506220946732407,4.855747537669046,1.9708641472617452,0.522981857254653,0.23255368308007518,43.007478034046,112.92219763174796,52.29812276557804
1986544,9883,0.6654121979468228,0.6847200369632601,4.944656836848467,1.9323002925466017,0.5895829351716939,0.22390360937863366,39.23156826603653,110.71265151481457,58.95820579917587
1986545,9883,0.5503985742638331,0.6190268422922032,5.089969330245318,1.897343480526017,0.6443989225752129,0.21357648043428776,35.46762546865366,108.70977372080287,64.43977634992194
1986546,9883,0.3919900985492111,0.5502735475826825,5.166321962264265,1.8728582667400895,0.8043149856731876,0.20770458149236073,31.528351854178993,107.30687431039368,80.43129543213564
1988697,9894,0.568448066198388,0.5312780518871679,3.633458045761563,1.9707481976882342,0.5354928866087595,0.3107660869553719,30.439990121067083,112.91555421054944,53.54919540046103
1988698,9894,0.7110296390511802,0.5982652989667893,3.5932324664622532,2.003471318932569,0.4820906794206283,0.3194629117439198,34.27807665992943,114.7904509503447,48.20900081840507
1988699,9894,0.8901813013806381,0.6683314216599405,3.5547283273970294,2.0363443435651862,0.4301659593111706,0.32822180894717384,38.2925697770928,116.67393652162326,43.016548090994974
1988753,9894,0.9803927801240964,0.6438294739746995,4.189361173324408,1.8468075345240211,0.37626461512644177,0.2525785499764909,36.88871158487815,105.81427730118749,37.62642351750625
1988754,9894,0.8757087019400586,0.575355562779233,4.201982995598924,1.8359257999936216,0.37644304569714937,0.25033609059973005,32.96544546662433,105.19079983881382,37.64426201239093
1990360,9902,0.9247826916147017,0.6574049341858902,4.375681788228722,1.9541196897023703,0.4073013919287216,0.25587512082958697,37.66652815992716,111.96281088335985,40.73009559041878
1990361,9902,0.80989974225181,0.5908415932584336,4.478242697972342,1.900913251676704,0.41798666514430727,0.24320769025687533,33.85272965449347,108.9143065415648,41.79861542091063
1990362,9902,0.6993556922525447,0.5269693908119134,4.607048403621819,1.8511306241205436,0.4317276877682431,0.23021675174050277,30.1931220261027,106.06197208952514,43.172707662029005
1992111,9911,0.30929795246084324,0.682735463268069,3.0813105782144117,1.8897820354566686,1.2647306260260822,0.3513976658031554,39.117860569169395,108.2765348313092,126.47265778930065
1992112,9911,0.44197088563839354,0.7500170137171063,3.197459965086322,1.951397614493077,0.9722995308757785,0.34967395474381724,42.97280944899576,111.80684746235015,97.22973529622801
1992113,9911,0.5608957098991594,0.8181332034389002,3.247322441075652,2.0099238278932017,0.8357271766130515,0.35463109751516464,46.87557963656695,115.1601524810593,83.57257015287976
1992114,9911,0.6690745101194919,0.8896720871027588,3.2392893746885734,2.0467085948989125,0.7618651466876929,0.36201694400987516,50.97445574158344,117.26776438085862,76.18640193911712
1992115,9911,0.7848951833003891,0.9622626038650018,3.2156777236374583,2.0784127033695663,0.7024324579298745,0.3703240369635804,55.13358598473362,119.08427598945204,70.24315719424685
1992116,9911,0.9198129761227807,1.0305790179066976,3.1842702867136676,2.0877557865849994,0.6419547133128767,0.3756577930861884,59.047828180791065,119.61959522533587,64.19540223740752
1992169,9911,0.8892591562292476,0.7741187239669275,3.45071006957095,2.0042652221418833,0.4987717575454656,0.33278929729112056,44.353735725357716,114.83593825358031,49.87712022703456
1992170,9911,0.7485629232158864,0.7039724923147272,3.4545377301135702,1.9528487447517224,0.5388278114394304,0.3238928027980259,40.33465270293965,111.88999110169426,53.88270988222219
1992171,9911,0.6321688170650528,0.6356500938778986,3.430492355941863,1.9174661843130805,0.5761129949318172,0.32025350299833716,36.420067626298156,109.86271972019352,57.61120927187573
1992172,9911,0.533074903829774,0.57174776828482,3.4424529732516023,1.9066062724292823,0.614524023150801,0.31733328860219834,32.75873406874393,109.24049260336793,61.45228818897187
1993518,9918,0.16993731568124154,0.5764934001518515,2.9858627960515944,1.8569823328512478,1.9436953367034002,0.3563367013618101,33.03063874584762,106.39725030273435,194.36840134278012
1993519,9918,0.3233881025420076,0.644329337628998,3.1116595834337857,1.9208812794761503,1.1415803559509612,0.35369675555744545,36.91735166260145,110.05839025967298,114.15768611994574
1993520,9918,0.5044943535799329,0.7107675016319538,3.2268255437914424,1.9619163243392594,0.8072236480421339,0.34835947363309006,40.723978058568804,112.40952514245912,80.72220639811391
1993521,9918,0.6877679744998673,0.780232302181427,3.3168414253225467,1.9886056950160445,0.6499868991034765,0.3435157081273592,44.704017954771665,113.93871344009911,64.99859634883877
1993522,9918,0.8703265665741832,0.8476699013847117,3.4152262339743045,1.9997068200806059,0.558042338093245,0.3354821990381947,48.56790776961468,114.57476105414537,55.8041703318551
1993578,9918,0.9362092383325487,0.7050395725855452,4.245858510422893,1.7109252350944848,0.4314825128122458,0.23088097392274468,40.395791898859194,98.02879503334213,43.14820565389962
1993579,9918,0.8174533011078478,0.6396531835022503,4.278843084928986,1.703377156132515,0.44833664832939807,0.22809044360858846,36.64942776678612,97.59632196538979,44.83361053592513
1993580,9918,0.7230410855752025,0.571223224305909,4.302517439539024,1.6880931256422924,0.4526531080027562,0.22480004476150003,32.72867991258333,96.72061152435076,45.26524882233742
1995388,9927,0.9316954602730244,0.551798467972681,4.445612802713951,1.9384415582973622,0.33933537690544596,0.24982949438504717,31.615723356619345,111.06452012320138,33.93350163351986
1996794,9934,0.8911301596203652,0.9470692341377028,3.7251259013820857,1.9249411050597134,0.6089241714921899,0.2960732167312179,54.26307002277756,110.29100113117038,60.89234950093588
1996795,9934,0.7572900620927965,0.88286341961334,3.7838937174567313,1.8701652479105517,0.6679652843003774,0.28318072180460624,50.58434783033181,107.15257569731192,66.79644110751875
1996796,9934,0.6402754311336326,0.8221146488915267,3.838299841480061,1.8257513308325972,0.7356786881278011,0.27253692974707017,47.103699657364004,104.60784569710111,73.56775506161486
1996797,9934,0.5232514074672949,0.7570244055611702,3.8833825286410466,1.783490900466823,0.8289380970433027,0.2631378711212286,43.37430342705502,102.18650139673574,82.89365286822127
1996798,9934,0.39094162888676603,0.6869286903159747,3.8627697982921307,1.7332756731813928,1.006751669984029,0.25709370667857284,39.3581147815545,99.30938080599041,100.67491205456216
1996799,9934,0.27302951530348174,0.6190955833729023,3.875170611866707,1.67936737069263,1.2991841817484395,0.24830045430701397,35.47156404245688,96.22066259266971,129.91794709477497
1996800,9934,0.1973232929928333,0.5508955960884242,3.9823146242105056,1.6265808186032422,1.599607959601041,0.23402524537435623,31.56399260821041,93.19621594290032,159.95999341731732
1999549,9948,0.380386800097731,0.5493422782573962,4.212478322828975,1.7593222709312606,0.8274470411885041,0.2392931974086555,31.474994052250093,100.8017409277328,82.74448876689365
1999550,9948,0.5112689206160457,0.6207068307615546,4.234145269601718,1.8020483977257666,0.6956002915085411,0.2438503188953189,35.56388171757814,103.24976766799881,69.55989445795299
1999551,9948,0.6464356606385775,0.6867954422260927,4.156220853870385,1.8160677543860961,0.6087300255183002,0.2503548801764768,39.35048022837608,104.05301763612431,60.87290932649768
1999552,9948,0.8056544248322375,0.7548486870025712,4.076493108893696,1.8288126721219728,0.5368262379793757,0.25704262113673876,43.24964393623901,104.78324763263147,53.682557832022205
1999553,9948,0.9654771382037026,0.825427322349419,3.9917790868155443,1.8609444715626942,0.4898458959220022,0.2671096309257331,47.293501865406235,106.62426412874562,48.984539363467135
2001562,9958,0.7883080173071204,0.5694701526334488,4.235770997328783,2.2769972260088607,0.4139021191503818,0.30800137870431676,32.628236304567416,130.46233101330375,41.390159935029196
2001563,9958,0.9731452642062194,0.6315742289428039,4.169408761031853,2.251716101056791,0.3718513435434263,0.30942955305454184,36.18653776765187,129.0138292522073,37.18509652520598
2001619,9958,0.8329021766289371,0.7641602829765537,4.448125362862301,1.4099411492414462,0.5256698780355691,0.18161286034385477,43.783159086079216,80.7836772133598,52.56692532172302
2001620,9958,0.6801177760075544,0.6959527621979871,4.475732381175075,1.3973104079787984,0.5862977977460742,0.17887572814841393,39.87515601441648,80.05998904688833,58.62969443145261
2001621,9958,0.5577780739515573,0.626696274228369,4.538708733354407,1.3845019003305818,0.6437515668503266,0.17477683654615217,35.90705154985881,79.32611561678449,64.37504242580694
2001622,9958,0.3967344826349569,0.5598394225802539,4.5726921546163855,1.3711186603671082,0.8085114028238451,0.1718010082956397,32.076436118889546,78.55931245066664,80.85093852924575
2005781,9979,0.6021822572726135,0.5862821119873366,3.3437180678863205,2.004722006661043,0.5578292893451061,0.3435161320516692,33.591490620890674,114.86211007867507,55.78283722638193
2005782,9979,0.7521794822065693,0.6588643910981722,3.345347281967578,2.0432593921290074,0.5018768694509272,0.3499491365232905,37.75014888138211,117.07013961945822,50.18762088939033
2005783,9979,0.9120938991097306,0.7280045595910144,3.3666274634774283,2.054929863509632,0.4573168213737869,0.349723304113842,41.711588730845364,117.73880837449622,45.73163249959937
2005838,9979,0.9569387093721653,0.740997462435201,4.528949489896849,1.878359447217131,0.4436650578345875,0.23763141703505222,42.45602722744078,107.62206873406794,44.366459884181815
2005839,9979,0.8501498594958474,0.6779338052952762,4.691460093651685,1.8608368320513082,0.45689292237023343,0.22725994569589578,38.84274583266303,106.61809683903435,45.68923903187885
2005840,9979,0.7467015412703197,0.6104354211756503,4.844059174944871,1.8508356653181273,0.4683982943272857,0.21891778804974144,34.975373298655605,106.04507219501644,46.83976733111705
2005841,9979,0.628190495570535,0.5458192366925257,4.95231590834424,1.8417110099205023,0.4978288968428609,0.21307660838103729,31.273138639533848,105.52226795122127,49.782811228813294
2009598,9998,0.19198514791600177,0.6317703833402045,3.9145102803027205,1.7333927392707924,1.88544661366965,0.2537126762570261,36.19777658675586,99.31608819883712,188.54368911341038
2009599,9998,0.31965760946560534,0.7108857681615903,3.9958450397761216,1.7920899356064552,1.2741993855696971,0.25696489363088354,40.730754231574636,102.67918981812136,127.4195439305294
2009600,9998,0.4522307346939365,0.7773962905741266,4.030110918871903,1.8332537153399358,0.9849291977963226,0.2606322816405895,44.54152645902324,105.03770066565595,98.49270416453251
2009601,9998,0.5773842602514839,0.8425225220732249,3.9870307432460725,1.8551304855979933,0.8360633835502287,0.26659224332363674,48.272984659513526,106.29114727081996,83.60619500138938
2009602,9998,0.7423204844397082,0.9127300712745287,3.910774740129438,1.8804688348001868,0.7044879039501285,0.27550277022824765,52.295580918705305,107.74292773993433,70.44869644070336
2009603,9998,0.9193236362608725,0.9786801342827418,3.796210957454118,1.9077861161006529,0.6099510375455504,0.28793998437744567,56.07424118769777,109.30809266622268,60.99503807030125
2009658,9998,0.9376629176235893,0.6084629293572462,4.4188514316721985,1.7835187882574726,0.37180053530208385,0.23125488738034944,34.86235784233696,102.1880992494399,37.18001427493546
2009659,9998,0.7735899640914046,0.557326816813647,4.418851663318707,1.7512326227923154,0.4127829403475402,0.22706858172559563,31.932474412882744,100.33823823162537,41.27824120901924
