start,episode,block_translation,block_rotation,ee_translation,ee_rotation,block_score,ee_score,block_rotation_deg,ee_rotation_deg,rot_per_meter
11258,56,0.5277509820812215,0.7883564401026295,4.449054584265414,1.779277657699979,0.8558865345133659,0.22913879389012928,45.16949676983875,101.94510036813155,85.58849289719413
11259,56,0.7043437900312604,0.8548766885467346,4.381807720661226,1.8138925556268877,0.6954107675211136,0.23718153400568426,48.98082625784765,103.92838792761957,69.54097900784326
11260,56,0.8881588340164481,0.9266782428581951,4.2836405351239115,1.8457357126438918,0.5978069423062619,0.24687614499177643,53.0947522823737,105.7528664310663,59.78062759522451
17089,85,0.7195961228715393,0.8196140798369217,3.2278695803454607,1.9821777430345544,0.6525942186036927,0.35184326919630043,46.96042760415412,113.57041892064699,65.25933207842658
17090,85,0.8328254464044487,0.8867871010450066,3.153735437583783,1.999573433834851,0.6100817143111615,0.3632743471650213,50.80915821652015,114.56711858521852,61.00809890929605
17091,85,0.9346340531857185,0.9545964611859803,3.0704282049620453,2.017526512648458,0.5851953242283277,0.37648088845461863,54.694348364080575,115.59575423050394,58.519470436780665
17142,85,0.9584219456051144,0.9143101137864273,3.2196915427142927,2.027338259004184,0.5465871308531698,0.3607734591483319,52.38611068608835,116.15792588633992,54.65865662576933
17143,85,0.848162268963975,0.8444010809822348,3.194517334939827,1.9605533756043365,0.5704169986864203,0.3516382032177423,48.38061815656649,112.33143393225534,57.04163328796713
21309,106,0.9135749118503671,0.8439797578932956,4.202785520827983,1.945711816341705,0.5293104808942981,0.2652552084977569,48.35647812175886,111.48107522511326,52.9309907304989
28342,141,0.5841015803905343,0.9930324433990511,3.800557970253234,2.0154062970343496,0.9740868517116689,0.3038350563894401,56.89656792632943,115.47427482415779,97.40852007242985
28343,141,0.7620397321411385,1.0377015707622634,3.890866581922148,2.0645303631170786,0.780220730112025,0.30401678826202927,59.45592039877384,118.28887648321992,78.02197164936051
28344,141,0.940700315029684,1.0998516153113802,3.930057642050812,2.0735353925918467,0.6698929932441532,0.30229792330023303,63.01685564798828,118.80482666651504,66.98922882445399
30555,152,0.9038867177293618,0.8357889386976043,4.843866249681855,2.134439618447386,0.529791812204031,0.25247266379022876,47.887178751091014,122.294381762549,52.97912319395979
37444,186,0.9503510424366822,0.840064215669623,5.030183548924103,1.8745325635255536,0.5064668887820691,0.21351667029985144,48.13213407783715,107.40280444985311,50.646636118577064
44767,222,0.8957264283219352,0.8120546773672409,4.06932936918817,0.6845190226841131,0.519436557373091,0.09637964229881027,46.52730574700064,39.22005099621954,51.9435983267425
44768,222,0.7768170155981435,0.8049944128406985,4.14537774544668,0.7249662530365213,0.5937406218905876,0.10020198167423743,46.12278238738383,41.537506588405975,59.37398652098672
44769,222,0.6800402849456005,0.7975024686046968,4.197740730885836,0.7629815564260167,0.671923795426987,0.1041408360543683,45.693525602313564,43.71562302953343,67.19228172443793
48848,243,0.8885051520642836,0.8367144474750979,4.01466565497418,2.2921678880477865,0.5395602473097981,0.32712947199153186,47.94020649794371,131.33154592055354,53.95596461157112
57489,286,0.6226607977061271,0.8025722467035327,3.537645635205123,1.8998073473332404,0.7385080596263811,0.30769317734712703,45.984002490444716,108.85094289013915,73.85068854368262
57490,286,0.722438472008819,0.8679099632101668,3.462651539483942,1.9237106851377597,0.6883295827628694,0.3183124310589103,49.72757788929711,110.2205032626136,68.83286395055954
57491,286,0.8311017677016779,0.9316249622540481,3.3874214861633267,1.9414246067662324,0.6422580225228632,0.32837790141126066,53.37817842619158,111.2354362105506,64.22572574725385
57492,286,0.9504808014924006,0.9978903885182324,3.2967761692382234,1.956229157328663,0.6015366853013197,0.3399796297401808,57.174907678764704,112.08367447536591,60.1536058754533
63116,314,0.41990645976655194,0.8444927485646998,4.52441082162461,2.0582784716566476,1.1523011386097517,0.2606542020106897,48.38587032215991,117.93066948856334,115.22984218727645
63117,314,0.5941715014459548,0.9119843134316424,4.501954565259531,2.1129644493386173,0.8794237208480168,0.26891418645935067,52.25285214176915,121.06394520828682,87.94222555673421
63118,314,0.7630645048771741,0.9761182490668798,4.441619591564004,2.1656430439344474,0.7329322080484142,0.2793625242144017,55.92745597723192,124.08220634930855,73.29312571433066
63119,314,0.9448870394675191,1.0459698211147463,4.381357016667794,2.218477792497432,0.6342520651722487,0.29011425839056654,59.92965624792867,127.10941445360247,63.425140063897246
66132,329,0.6683956187627206,0.8057462107988301,3.1660994416973947,1.9891761105819996,0.6906965762611254,0.3599741498438878,46.165857237431325,113.97139584459691,69.06955532313982
66133,329,0.8099208592182696,0.8745094682967384,3.166052876732659,2.011477960108276,0.6186493468923018,0.36401539020633555,50.10570167763278,115.24919769778839,61.86485906923715
66134,329,0.9247239206956265,0.9468658306885173,3.1468400328024035,2.025340071898578,0.5866768887746858,0.36876179475321946,54.251415863600826,116.04343819851123,58.66762606850702
75576,376,0.2646128704275628,0.7956493854560449,3.1485636847173084,2.066664470313533,1.722794131757635,0.3760798995976377,45.587351758809,118.41115181860525,172.2787686267126
75577,376,0.44534677041796994,0.86394325835571,3.271225204847448,2.133444719039824,1.1115001751243225,0.3736746026248642,49.50030244256268,122.23737822545561,111.14977042796333
75578,376,0.6264069595440981,0.9306723222166136,3.386713066358078,2.135669948162864,0.8512612209832302,0.36130865444982185,53.3235961726514,122.3648744626554,85.12598756162117
75579,376,0.8138882172696907,0.9912207507877409,3.4920404490942802,2.1279863985652274,0.6977956392912343,0.34915013421881885,56.79276558592632,121.92463949903139,69.7794790505345
75580,376,0.9968435998057851,1.0596883928775367,3.5793088261503185,2.1254620837393743,0.6090792167761714,0.3402333033779971,60.7156725108839,121.7800069133477,60.90786118790543
75635,376,0.9144072307067619,0.8543023772213242,4.790537084528145,1.925838074338719,0.5352967306442405,0.23033407634239125,48.947920642775074,110.34239368521028,53.52961510959102
75636,376,0.7856304677827801,0.787851132343473,4.872552508922953,1.8605434170642976,0.5745773114006512,0.21877914088075606,45.140544767883874,106.60128539863277,57.457658735692114
81207,404,0.5832056036275368,0.8187216365976437,3.255348158351216,1.988366560395101,0.8043354397999166,0.34996260351864256,46.90929437308851,113.92501203558359,80.43340744311425
81208,404,0.765123083801959,0.8952055821396185,3.330053138297286,2.006875108049232,0.670369278729785,0.34529621174327546,51.29150165315209,114.98547370108207,67.03684113337638
81209,404,0.9499461819421434,0.9636735587098081,3.3862347183122283,2.0115354447700144,0.581237423874924,0.34035588366828023,55.214427742424554,115.25249132629273,58.12368181306673
90910,452,0.9038606828735244,0.80927803502123,3.366763642756491,2.000524201928335,0.5130017957960379,0.3404503713541817,46.36821585935691,114.62159358427085,51.30012339050014
94272,469,0.9241528316176666,0.8352288736858313,3.6377749204118177,2.0546437256807475,0.5178265675826565,0.32361104283935244,47.855089389663476,117.7224138845421,51.78260128608296
99298,494,0.6569879283513242,0.8105453546986763,3.289661009318722,2.141180126159587,0.7068748940004775,0.3729277384076498,46.44082792816846,122.68058440623349,70.68738288285776
99299,494,0.7651059071964728,0.8885504846455241,3.186538821617093,2.1692407299840926,0.6654005871636605,0.3900418138412985,50.91019265449239,124.2883385759663,66.53997261773392
99300,494,0.8677323247816217,0.9602839815185421,3.058493339531055,2.165362825724781,0.6340690218588881,0.4056446650360526,55.02021927503121,124.06615102855196,63.406829844731256
99301,494,0.9832894448491775,1.0311340534540052,2.9241582611552333,2.14482098152142,0.6008366008989031,0.42025492007221227,59.079629375131525,122.88919005228409,60.083599596244916
103317,514,0.6178465426870169,0.8365288648929087,3.372191471760629,2.0312531261269324,0.7757520567329743,0.345123436433878,47.92957339923313,116.38223124982792,77.57508137167233
103318,514,0.7644777134926801,0.903835541414107,3.336019406267757,2.0399432074349284,0.6774031512697952,0.3503580814381583,51.78596189695006,116.88013623240161,67.74022740326558
103319,514,0.9126365811229397,0.9762302966539472,3.2859609303403468,2.044863127489633,0.6128822400409404,0.3565533158009565,55.93387583107551,117.16202688707796,61.28815752059279
103372,514,0.9477244256163493,0.8018786554722013,4.300687041432807,2.0781231163680087,0.4847850378607412,0.27685735430759284,45.944262640182146,119.06768387646095,48.4784531451211
104378,519,0.9354603661108172,0.9692406106363648,4.023005225311769,1.8623094981843606,0.5936477668143134,0.26523076196002277,55.53339632214643,106.70247439309011,59.36471385560972
104379,519,0.7803897390635127,0.9020967185068028,3.962397472917599,1.8333477328126313,0.6623143723385112,0.2650998238387139,51.68633468304087,105.04308747004188,66.23135321296314
104380,519,0.6602959556484977,0.8294547244226245,3.9258264668723095,1.7978612161572265,0.7197417140043869,0.2623902519454554,47.52425500660315,103.00985983606648,71.97406348773504
106937,532,0.9432600570021487,0.8253236860916532,4.215078297290946,1.8974928048954758,0.501320532899481,0.25792718770822837,47.28756394523173,108.71832937695132,50.132000673832565
106991,532,0.8823212799668838,0.8323141086915101,4.326649040405757,2.201782975201886,0.5404843586966634,0.2915717693141646,47.6880856572164,126.15287188282566,54.04837522521394
112764,561,0.8547382997356368,0.8211384654530575,4.877098212407104,1.7405529127325892,0.5504347696882875,0.20447883428019104,47.047768466309144,99.72633591877964,55.04341321483708
112765,561,0.9989799528613682,0.8868984424900626,4.746449480170365,1.7616348047218389,0.5086742427331207,0.21265208776148056,50.81553761140675,100.93423935391431,50.867373863191744
120402,599,0.7562908630678247,0.8140709897331615,4.2292799855777234,1.842800478569488,0.6167313873106196,0.24965169016268218,46.64283193574792,105.58468990671997,61.67305799978568
120403,599,0.9404160984691606,0.8844167291197587,4.189804925572287,1.8807138451414778,0.5388396205995964,0.25718850269984894,50.673345909327146,107.75696579842736,53.88390533499949
121664,605,0.9629061361505777,0.8043224210532625,4.2833251630358715,2.0901250545386634,0.47859576219684546,0.27958499399833797,46.084280094096286,119.75534427961642,47.85952701350601
123215,613,0.7356636060197773,0.8135275843602255,4.049332422705704,2.0534627701901673,0.6336006849638853,0.2905534481902833,46.611697101313965,117.65475011913907,63.359983231354306
123216,613,0.9163701194880207,0.8820778274025133,4.05896153328367,2.1039689773380483,0.551516631608994,0.29699355695398694,50.53933671223309,120.54854262792611,55.15160357789273
123617,615,0.5791623202811361,0.8127396331403973,3.618850416117447,2.0262237121923463,0.8040327968041595,0.32080371772233096,46.56655082195562,116.09406705795185,80.40314224207326
123618,615,0.7618721269080837,0.8814880217880685,3.66465396894053,2.074085867269136,0.662913642501216,0.32427718203454703,50.50554333979228,118.83636654225253,66.29127810920352
123619,615,0.9489182386911642,0.9476823815903144,3.711942031293124,2.1070339564655205,0.572211577329496,0.32523178339866926,54.2982007840314,120.72415299622595,57.221098034564484
130248,648,0.3053014596508862,0.7928716181666811,4.29468230019316,1.9906629672765828,1.4879783405106544,0.2655763062781876,45.42819741665895,114.0565864579373,148.79735154641784
130249,648,0.4246283342508399,0.8637437228442961,4.392566799800413,2.0525227701324704,1.16546317668001,0.267727042467988,49.488869899895676,117.60089208309098,116.54604594665446
130250,648,0.5945042971398455,0.9438140220251809,4.4203330755938515,2.1092087028198034,0.9096075412383806,0.2733928743462606,54.07656010731019,120.84875678383783,90.960602651434
130251,648,0.755146887488188,1.020645611312437,4.359105525847849,2.167941912723519,0.7744014588587678,0.2849527748458538,58.47868590675251,124.2139218285767,77.4400443617307
130252,648,0.9036676640335846,1.0920186793026492,4.258357838892452,2.1945836057417494,0.6923791043029677,0.29527903210461287,62.568061473491944,125.74037839760446,69.23783457779236
132665,660,0.7132460450073876,0.8095831756523986,3.6816951929882142,1.8776084643216158,0.6503463819256649,0.29219974672632554,46.38569912968082,107.57904058366839,65.03454792329406
132666,660,0.869819473146084,0.8787579608576372,3.5363461951158084,1.904679602337712,0.5788456495427684,0.3085956414016683,50.34912237066501,109.13010253860686,57.88449907203898
139298,693,0.9175606963188365,0.8436443041081801,3.7805134090336514,2.2290471072189635,0.5268017440456272,0.33782446303850794,48.33725803565006,127.71499157949171,52.68011756547182
141508,704,0.7920050517755676,0.8023388280732563,3.3664239563039824,2.148632276396905,0.5804335200208224,0.36569238573443785,45.970628588070156,123.10756116312922,58.043279448446626
141509,704,0.9263992719583227,0.8762133770836275,3.3009585192066138,2.1407772172618995,0.5419189051363638,0.3715814613894846,50.20332845979678,122.65749942686773,54.19183260133514
144725,720,0.7898209949721824,0.8316480805659285,3.2873836449684575,1.9718894998113918,0.6033003016710324,0.3436804397156369,47.64992505658356,112.98094600535569,60.32995454660869
144726,720,0.9651478398297177,0.8935444547211332,3.237136168506999,1.9928027635950372,0.5304506047635298,0.35271666516254807,51.19632606283942,114.17918775600236,53.04500606546037
144922,721,0.42531297458914447,0.8074810559546923,3.6094746118255134,1.886951158415905,1.087793183357981,0.2995292912459196,46.26525654297094,108.11433752455297,108.77906513103272
144923,721,0.6121741642323845,0.8817012115497126,3.7395468067981676,1.9298253532410885,0.8252187096379059,0.2956798065513439,50.51775821336989,110.57084793805761,82.52173751072515
144924,721,0.7954309432239841,0.9502503258508163,3.8109950908891617,1.9517905472733617,0.6844759175074725,0.2934387420918,54.445333152183,111.82936085229281,68.44750656040958
144925,721,0.9824515624901793,1.0224218604943827,3.8579856215425883,1.9750319887854997,0.5962681431692364,0.2933162747822154,58.580457488241564,113.16099736073846,59.626754232041755
157788,785,0.7788251977674646,0.7878484475969837,4.0106654422446075,1.8867483938358198,0.5795959156565799,0.2695381134554083,45.14039094324097,108.10271996987935,57.959517890689405
157789,785,0.9513982786160525,0.859107688542904,3.975644549038662,1.9051262101822228,0.5173778982969416,0.274560991713981,49.223244700748026,109.15569128319477,51.73773599276881
160657,799,0.9647516216227641,0.8066394341027898,2.899199252742796,1.8596010799212115,0.47905630473173094,0.3675059345753839,46.217035162910946,106.54729345745551,47.905581313862086
163071,811,0.9496609702139767,0.8145512959777456,4.947549671133732,1.7142921264279107,0.49144223495336886,0.19852595734686812,46.67035145643637,98.22170369682662,49.14417226365363
170451,848,0.7088432527525619,0.8205178661197592,4.863733203794412,1.8871694052987262,0.6632243432939733,0.2223124447762956,47.01221074374252,108.12684214983051,66.32234170085484
170452,848,0.888149572320852,0.8917419418546184,4.805942180181751,1.8855310164622234,0.5752752768239469,0.22479040552131974,51.09304968307009,108.03296938429754,57.527463557848485
173666,864,0.6092229088804352,0.7969465925413569,4.546748678533708,2.073097706561249,0.7495068690761667,0.26124106969834643,45.661676249951846,118.77974910420996,74.95056511137894
173667,864,0.7547349175211343,0.8657163114513323,4.427752682783862,2.108772837242671,0.6572094266884909,0.2728783468930997,49.60189090179444,120.82378352583311,65.72085646156555
173668,864,0.9238531677806404,0.9379048845396174,4.304544124817277,2.1281403164887926,0.5816724211299341,0.2832668327412074,53.73799146882485,121.9334583464431,58.167179781110626
175934,875,0.8503240510917949,0.8175938272866086,3.4408977242846817,2.0222395043309827,0.5509038001267803,0.3367312768651053,46.84467565947063,115.86578876279286,55.090315873116175
180100,896,0.754527512885231,0.8124279460851938,3.494860572176585,2.1125152847515367,0.6169250432531138,0.34633201275731085,46.5486924691636,121.03820997314037,61.69242337995512
180101,896,0.8967634265665203,0.8830429098901141,3.469238974677822,2.167458573333619,0.564191511413184,0.3579638908415986,50.5946318656546,124.18622852146301,56.41908885633253
181708,904,0.9835468973007464,0.8086823438549249,3.9221534016284356,2.033744928953881,0.4710917692455972,0.29709444992568745,46.3340852696344,116.52500103519084,47.109129506345226
188542,938,0.9629950908638236,0.8340057441668519,3.5047996404498782,2.047292792909662,0.49621238142918994,0.3346874234201023,47.78500923042809,117.3012364612745,49.6211871302241
195979,975,0.5226099181623205,0.8081141236360174,3.0616863536404852,2.0711022351765376,0.8859672607458758,0.38758188436593577,46.301528649257,118.66541701572687,88.59655824273453
195980,975,0.6568717277028626,0.8745297171948229,2.9495790850663823,2.0947165051994854,0.7628104389033519,0.40690014119327417,50.10686185403281,120.01841502432407,76.28092892402547
195981,975,0.8061276070987657,0.9359061270297235,2.86446354867594,2.1075170725397823,0.6651982882341566,0.4215512993438535,53.623471099237854,120.75183350829609,66.51974713095373
195982,975,0.9178872582816385,1.0042573042951726,2.7295638169115133,2.1015761577384655,0.6268711536768318,0.4411380418239889,57.53970508129863,120.41144416373383,62.68704775570137
199396,992,0.8734503981234454,0.7869158956578214,3.906935021264582,2.038398079627936,0.516193698390007,0.29893409026678897,45.08695965295023,116.79160693025266,51.61931133182302
199452,992,0.9440122240907933,0.997332386474278,5.379953111673138,1.9858055304343218,0.6053198724879082,0.21148562683430958,57.14293651668644,113.7782758276244,60.531923768040926
199453,992,0.8074021716483465,0.9274176029494612,5.561804742351185,1.9247840968254284,0.6581244849581895,0.19828456792802135,53.137114495143656,110.28200522199704,65.8123677996732
199454,992,0.6967392331034178,0.8558145471677518,5.7802110018363235,1.8599959546137526,0.7037720651445156,0.18437029010281458,49.0345615986119,106.56991811077464,70.37710651529672
200401,997,0.7265659047107295,0.8036184005326242,3.036837632461123,2.083938175300709,0.6337201038106057,0.3931749940841728,46.043942689573115,119.40086221092452,63.371924032109256
200402,997,0.8380810000836673,0.8713622089815636,2.962482335064239,2.0812439878008737,0.5957106341886435,0.4025222186948807,49.925377001840026,119.24649663796706,59.570993049434165
200403,997,0.9532598501912981,0.9389536723036084,2.8867492514253557,2.078163227401883,0.5643590465511724,0.41247081504620214,53.798082581306495,119.06998206941385,56.435846044144604
200455,997,0.9633561096969205,0.799040022789888,4.034275114148341,1.2540080194426575,0.47523049920834004,0.1780973403612164,45.781620967897695,71.84936698962356,47.5230010834725
218892,1089,0.6085638597586165,0.8135788820803472,3.280696282967101,2.0102477479022776,0.7659777150862574,0.35108008009577196,46.61463624417558,115.1787117304792,76.59764690104682
218893,1089,0.77972118376724,0.8829618443561359,3.2825042988907494,2.019261232726269,0.648821496158993,0.35245999847200743,50.58998715269367,115.69514636959913,64.88206723613705
218894,1089,0.949013572817194,0.9526399871116089,3.2436860335108237,2.0296379872854478,0.5751472017382745,0.3585109318564516,54.58225065689233,116.2896906108832,57.514660175198756
223773,1113,0.9750628757215019,1.113156214688472,4.873475662464252,1.699409499096662,0.6541029709403242,0.19979373758409633,63.77915304040802,97.36899196268001,65.41023068177397
223774,1113,0.8324563609690999,1.0523737885948166,4.990421555489324,1.679220085447784,0.7243211615580738,0.1927937800587827,60.29657655667572,96.21222376975548,72.43203001590597
223775,1113,0.7039831911451998,0.9858303443989794,5.147874460880041,1.6687558190835183,0.8023475270163424,0.18573231731316314,56.48391804998994,95.61266547138236,80.2346398689795
223776,1113,0.5553847146238096,0.9202225253377534,5.247731877997628,1.639955638637506,0.9493395222642642,0.17905361532954356,52.72486691472373,93.96253668261066,94.93378300238943
223777,1113,0.4070729559978879,0.8449518820175468,5.347177449812244,1.60853019970172,1.189275161335388,0.17235633631931138,48.41217673124131,92.16199166224403,118.92722690294758
242011,1204,0.9659412351951596,0.7856564591181736,3.0397500526758825,1.9728325698251914,0.4660200553457992,0.371856164507905,45.01479925466385,113.03497993693175,46.60195777190447
242063,1204,0.9902436245159199,0.7867913453287216,5.098070770022098,1.903333701791662,0.45523971953420433,0.21391030612015383,45.079823444755846,109.05298811767385,45.52392644069446
245625,1222,0.7184264665353045,0.8081999305091122,3.2933234169653764,1.9883978435539564,0.644553709159729,0.3459326329619966,46.30644502093855,113.92680442855584,64.45528209584813
245626,1222,0.8254358328990617,0.8828115292674202,3.234129862062859,2.0046458701432672,0.6127838422288923,0.35514265759611807,50.58137473251313,114.8577477775397,61.278310727743424
245627,1222,0.9431382521730625,0.9562061790302303,3.191912872957231,2.014133029028378,0.580896572645993,0.36154283081281974,54.786578402763,115.40132194122658,58.089596288703575
245884,1223,0.8755275480623559,0.9433616750551806,4.086066219344611,1.9254684800435031,0.6173494145024285,0.2699937086180255,54.05064253505364,110.3212174919623,61.73487164373321
245885,1223,0.6990391999988366,0.8775748666976364,4.083619486002002,1.9025767853991566,0.7192920704492968,0.26694362711722536,50.281336068530386,109.00962000293902,71.92910517680394
245886,1223,0.533137209460292,0.8128382102107804,4.073685272056693,1.8892975124813987,0.8735499449689805,0.26572689399093014,46.572198872045334,108.24877370974912,87.35483228484306
256680,1277,0.7407803074515064,0.810901429643524,4.557299287975177,2.2451297492292115,0.6271930884926633,0.282264671857853,46.461229519698584,128.6364590900987,62.71922502950044
256681,1277,0.8870754137077407,0.882608759688869,4.449422254143616,2.309100302701765,0.570072798095119,0.29734579898915525,50.5697568914485,132.30170181719197,57.0072161879274
259148,1289,0.916567816763826,0.9822639571088946,4.87775779786339,1.4458883790127097,0.6140252523249504,0.16983889940351132,56.27957911015898,82.84330176444023,61.402458910688246
262247,1304,0.5626459212023938,1.9004265263985667,4.40638741655148,0.47394103293828227,1.9352564943400756,0.06162604032910962,108.8864192373452,27.154820925434308,193.5253089178051
262248,1304,0.3492883475407775,1.3088892219493016,4.469098057722096,0.5536451423926603,2.1470463200051535,0.07097971341494287,74.99382826785705,31.72153000701893,214.70402345752032
270403,1345,0.9547389023827394,0.8331889172565433,3.4143364144836554,1.9872530317934878,0.5000132274564423,0.3334797670489167,47.738208495874694,113.86121154634405,50.00127089769129
273217,1359,0.9277449645979126,0.7928338879308283,4.601675384699945,1.9042814180282388,0.48963925299700317,0.23710340017436218,45.42603563338456,109.10728825820571,48.96387305017523
277182,1379,0.9402132670186838,0.8391171721939122,3.4897611331731926,2.0820459020842934,0.5113507079597231,0.3418355527721512,48.077872483663526,119.29244294193826,51.13501695322405
286481,1425,0.9989897746448416,0.8214643785048987,3.653799143084037,1.9700923861758328,0.47114037232523676,0.30893317954670996,47.066441908667876,112.87797897873276,47.113990542506066
287635,1431,0.8373558863300661,0.8494233359898082,3.6226721948870138,1.9309054464065003,0.5812148978163397,0.30538985163678956,48.668372172138895,110.63273271791664,58.12142106508572
287636,1431,0.9524480180880948,0.9238776662513108,3.499236066185457,1.951970187549109,0.5557709134938764,0.31961162678638394,52.93429106259617,111.83965348192369,55.57703358112982
287690,1431,0.9375287410856643,0.7890616106482604,4.800976437430303,1.8020407343216025,0.48222414527113955,0.215059019176291,45.20990006594034,103.2493285872835,48.22236360585963
288438,1435,0.6165869817554352,0.7864308590986834,3.1542515733293315,2.018836897339161,0.7307836478502042,0.36671403877279984,45.05916910520207,115.67083374281978,73.07824744964691
288439,1435,0.7641362707806596,0.8506994477257042,3.117430816526909,2.0236032722999506,0.6378638106150044,0.37192141017230385,48.74148798879285,115.94392691164985,63.78629842122144
288440,1435,0.8837087537086952,0.9181592009738588,3.039411250496074,2.0326140176623357,0.5952939395568477,0.38316698403023514,52.606647136906055,116.46020459118161,59.52932726625448
288441,1435,0.9933640017396173,0.9833406241903374,2.947271383556724,2.0401313167915927,0.5671764521768745,0.3966072291821187,56.34126758986632,116.8909141046254,56.71758869217199
290047,1443,0.5556709269232337,0.793097561917942,4.194416509681731,2.19957935074021,0.8177707348097509,0.3004628007499423,45.44114304001356,126.02661350153986,81.7769277847489
290048,1443,0.6585872642154782,0.8607200934017544,3.9951148863330492,2.182506722491873,0.7488093169242037,0.31300332331490915,49.31562869402654,125.0484239577143,74.88081913025307
290049,1443,0.7812832533336028,0.9312448619801167,3.8048081152307813,2.168639798762744,0.6829328463666413,0.3265707590594171,53.35640028470355,124.25390775320541,68.293198099208
290050,1443,0.9165384498807368,1.001426757367922,3.6058298960112567,2.158129338539514,0.6260242117512408,0.3429216185032333,57.377526688653454,123.65170274167419,62.60235355512477
292658,1456,0.48904303904951096,0.821768001708424,4.581631938953623,2.352876996825998,0.9627749198828778,0.29423996325661705,47.08383823679212,134.80992163154568,96.27729708821855
292659,1456,0.6573291153815648,0.8995884946915301,4.521486483608667,2.3334888829958014,0.7841220182421128,0.2956971445681549,51.54262404435154,133.6990645363562,78.41208372817705
292660,1456,0.8133330823226067,0.9747425755096949,4.433700858572851,2.3117699128606466,0.6866637570215235,0.29874514122301743,55.848635688417474,132.45465921224115,68.66629212061626
292661,1456,0.9885016132529383,1.0523687547723142,4.3739690458029035,2.290776449011362,0.6099766224102889,0.3000748763007048,60.296288139891516,131.25182233631668,60.9976011509672
293665,1461,0.7859355429609285,0.8110644657936192,4.1207138874414335,2.194965334433988,0.5912771171622684,0.30519529618077834,46.47057080300711,125.76224984058878,59.1276372363784
293666,1461,0.9327092829657159,0.882949000182571,3.991556849969865,2.259086023673303,0.5423903419563829,0.32427471098194155,50.589251235757075,129.43609471347142,54.238976625088426
294469,1465,0.9164017680677412,0.8389908535949047,4.0399178093042964,2.081618592742029,0.5245585081952228,0.29522372794360163,48.07063496106639,119.26795992008,52.45579415088908
294521,1465,0.8829169084060906,0.8619274805819043,3.629296298251906,2.178074467165226,0.5593369642620574,0.3438530884073277,49.38480688368733,124.79447443377306,55.93363370875609
294522,1465,0.8142245635566474,0.7957906552887934,3.708638330702443,2.134366488389366,0.5599861193679121,0.3297441823235485,45.59544592399801,122.29019171886888,55.99854384923869
295328,1469,0.8849191812395711,1.1405290749591088,4.1742303700516,2.259443798982016,0.7384572857503496,0.3101328435232998,65.34750240711683,129.4565937286747,73.8456459604977
295329,1469,0.7434031615434602,1.0729875777684619,4.249778800473713,2.22594494924016,0.826976020945103,0.3001032682115217,61.477659676098064,127.53725101992343,82.69749196514823
295330,1469,0.6106772839894783,1.0078506044793325,4.339573159308289,2.183927942830463,0.9455990354435793,0.28834599395594224,57.745586016374574,125.12985388487368,94.55975024874063
295331,1469,0.5114456400533847,0.9386453417741304,4.454140632613184,2.1335735659171764,1.0515372755181078,0.27445195474566786,53.78041654327237,122.24476060773135,105.15352400723326
295332,1469,0.40277193726837085,0.8728740729731777,4.557781881546254,2.072594791275364,1.2416952264660537,0.26054545172759286,50.012000427757314,118.75093418087613,124.16921744281423
295333,1469,0.30590475608478584,0.807556033847642,4.671297019849721,2.016703144783409,1.5125476157821443,0.24735866289060884,46.269552459793736,115.54857872684994,151.2542720738132
301962,1502,0.9136821946458409,1.145525125523875,5.352482772169482,1.7159438893960255,0.7183433658331201,0.18368362261934404,65.6337550187119,98.3163427436556,71.83425874890109
301963,1502,0.7831362436839678,1.0804747580609955,5.51740411185062,1.6691992260384665,0.7904964585166044,0.1733388903664885,61.90664350731377,95.63807081850764,79.04954592134807
301964,1502,0.6403083185872933,1.0102205272145641,5.641519247482131,1.6270232894582572,0.9039609513525869,0.16524195593556476,57.88137258687544,93.22156765545023,90.39595537134835
302308,1504,0.8134793362280691,1.0216745938682399,3.5132230185718814,2.157303490890359,0.7195959250326295,0.35182618396732357,58.5376422643926,123.60438515685682,71.95950492893151
302309,1504,0.9754109211873816,1.1598296401354822,3.513405239142325,2.1401295991011,0.6812856121372927,0.3490072591809651,66.4533433339402,122.62039363951787,68.12849206625
309543,1540,0.8066376849719299,0.8138505081289215,4.602549388881492,2.1283063273395832,0.5780810835028901,0.264946575254969,46.6301992703647,121.94297006754677,57.80803740151314
309544,1540,0.9895493350863126,0.8850532504002366,4.527526197607244,2.161898686658592,0.512453635021563,0.2735879701199474,50.7098158922688,123.86767048041294,51.245312233506226
309801,1541,0.9287030929006321,1.0574473938775126,4.265847431489664,1.8731653174815,0.6523858113217923,0.25159002635240607,60.587272726289484,107.32446702197286,65.23851158775079
309802,1541,0.8025458606337805,0.9943140474896247,4.31415500624268,1.8173268571627172,0.7098659468116892,0.24135701781500532,56.969998431726005,104.1251589111979,70.98650711403461
309803,1541,0.6765212298652203,0.9323711294228059,4.327946666920543,1.7600512943489184,0.7896415885836104,0.23300543749879057,53.42093065577263,100.84351089273078,78.96404330485248
309804,1541,0.5474022165540112,0.8635732167107582,4.302264337584661,1.7010554131332394,0.9038892831975145,0.2265395336414747,49.47910061806286,97.46329589041724,90.38876484786027
309805,1541,0.4296523229204747,0.7986083050124642,4.289903103614077,1.645581370864436,1.0649746749956501,0.21978320931461115,45.756885361310545,94.28486739588448,106.49722210988176
311205,1548,0.9935378491411677,0.9436748904538536,3.7905356625892495,1.7761341278729574,0.5442025984013733,0.26847126149522776,54.06858845547611,101.76498937626974,54.42020561371499
311206,1548,0.8885009133205897,0.8801120068509192,3.8647517358086905,1.746746624302848,0.5675481270507544,0.25895896045538896,50.426703491346665,100.08120945127682,56.7547494668722
311207,1548,0.7817873145770828,0.8090740427013083,3.9512751893142144,1.7196460638879052,0.5929557374884459,0.2493586418231814,46.35652796037231,98.52846171706129,59.295498661232095
316378,1574,0.9194052138680571,0.8391919908141203,3.8031419882253426,2.212143751254891,0.52297026410773,0.33326786294670746,48.082159274830445,126.74650062314306,52.29697009827982
318643,1585,0.9023936247464079,0.8110912107061641,3.2969836047865133,2.0246125724384214,0.5149870453893332,0.3518420747667488,46.472103173619374,116.00175554984621,51.49864804068289
326827,1626,0.6735431294730113,0.8097496686579534,3.471569467234879,1.9767033294390242,0.6888235624004394,0.3262407935920775,46.395238476217564,113.25675812631405,68.88225499421654
326828,1626,0.857220479608432,0.8736231194213059,3.5610363688396123,2.0352116276297294,0.5839211525468647,0.3274581449716395,50.054917627894326,116.60903667913438,58.39204781797906
329039,1637,0.643684830661942,0.8124960384610328,4.601539050797028,2.061795805676146,0.7232202925121431,0.2567232317757547,46.55259387491619,118.13219788301838,72.32191801867577
329040,1637,0.8074537644209411,0.8782839165839598,4.521232328764175,2.1271278058677208,0.6232178637169531,0.2695624480878961,50.32196163448094,121.87544576114351,62.32170996051882
329041,1637,0.9731403253662122,0.9463843723282745,4.431913869876454,2.181139391007709,0.5572046328872198,0.2819776850852527,54.223830331547624,124.97008163447634,55.72040660295885
329443,1639,0.6101044825887638,0.7909974286047475,3.3366973301725,1.9294947820530246,0.7428369208108886,0.33132135262360246,45.32081426475269,110.55190760415293,74.2835715431536
329444,1639,0.7356201542519651,0.8561686619267753,3.1684060861981744,1.9494065341530846,0.6668502749601753,0.3525203637760299,49.05485087976724,111.69276696219713,66.6849377512123
329445,1639,0.8385708909803763,0.9208357132379776,2.972456682228583,1.9738610687460207,0.6291656427831345,0.3804728556012619,52.75999999345507,113.09390858432903,62.91649000036625
329446,1639,0.9421357270102488,0.9892741534799707,2.7560574756494516,2.0011897760489674,0.6016249203713516,0.41602807187208296,56.68123377577956,114.65972817233623,60.162428818214366
329497,1639,0.9745169473479686,0.9215571513423267,4.6382902460587685,2.009902984178853,0.5418205907438154,0.24827889559902233,52.80133535201419,115.15895822419775,54.18200403153843
329498,1639,0.8418101071311629,0.8538898565541885,4.771403359270446,1.9521884773811489,0.5811795790280737,0.2344219339919537,48.92428494958627,111.8521605680102,58.11788955400818
342160,1702,0.9026994404277817,0.8466708814218372,3.8176868027724447,1.8710776289000566,0.5373955652582247,0.2808110160284867,48.510668142092655,107.20485127731851,53.73949758914915
373864,1860,0.7723422642642253,0.8157785598521163,4.460359756803097,1.8287531327261148,0.60518076058072,0.2349134189945256,46.74066849678669,104.77983627653406,60.5179984851869
373865,1860,0.9541317552167654,0.8837920587130811,4.371116936301769,1.8558772191043404,0.5307186782523026,0.24326489832105644,50.6375549314378,106.33393194915466,53.07181275831335
378085,1881,0.8895214694285531,1.226408301677204,3.3546883465453163,2.037101111195867,0.7899530395944171,0.34792291774348233,70.26801964591083,116.7172961129334,78.9952160410882
378140,1881,0.8953213925040181,1.1507870765048112,5.261136519092855,1.9774767953748933,0.7364421582854807,0.21535475050591832,65.93524260192426,113.30107446003649,73.64413439668141
378141,1881,0.7736047919737574,1.0818158807049079,5.4331732603887595,1.927654796967563,0.8012293100621422,0.20328172640164335,61.98348417461937,110.44648422438897,80.12282847117308
378142,1881,0.640746492910664,1.0166022496116398,5.554295063760915,1.8723081799201027,0.9090493366980277,0.19313946276283184,58.24701834625199,107.27535665724267,90.90479321527843
378143,1881,0.5158160593236703,0.9488633786845942,5.693335560810516,1.8253960053791802,1.0539777677813431,0.1837016029486866,54.36586693315085,104.58748704826674,105.397574489751
378144,1881,0.4107217343431524,0.8803030566354976,5.851638786727478,1.7909212704493696,1.2280248253800736,0.17535639809884046,50.43764983767989,102.61223023695635,122.80218653672098
378145,1881,0.3310686597730502,0.8138694370323778,6.011490692997948,1.750599319636776,1.4085079040734847,0.16685038302336516,46.63128381664355,100.30195263366065,140.85036922021038
378284,1882,0.6398417023144634,0.8544125616288891,4.113673983569004,2.0405070023549197,0.7650991300210377,0.2842044349761303,48.954233744296694,116.91243930182803,76.50979462173683
378285,1882,0.7816635682034089,0.9299833797898969,4.080483140539446,2.0920130459203934,0.6816759046358833,0.2937483474271925,53.28412267927303,119.86351821754663,68.16750412743176
378286,1882,0.9068486734646125,0.999241632414407,3.972381800551731,2.1328245989376016,0.6313327603054567,0.3076286565309648,57.25232825110832,122.20184796080706,63.133207108490446
378942,1885,0.9657807668934721,0.9798005759360349,3.688979919829463,1.935266570923889,0.5812751621149147,0.3005779615391402,56.13843776562213,110.88260674669404,58.127456626352235
378943,1885,0.8820273130203891,0.9146482163143178,3.9279008604774326,1.9619119832759737,0.594148062834645,0.2861815512268542,52.40548253397918,112.40927641785424,59.41473959551656
378944,1885,0.7766029218582675,0.849709289178678,4.023037945187806,1.9481769035708942,0.6268937971494108,0.2774577708757077,48.68475608299944,111.6223143194774,62.689299799704784
393416,1957,0.9559088319578006,0.8679588390489025,4.010299512318435,1.9473753201004587,0.520241848236531,0.2782245723760539,49.73037826857682,111.57638696969398,52.02413094415395
393417,1957,0.7855151098672963,0.7976061071742179,4.056517737146768,1.9479072707819096,0.5817770084764541,0.27512973554017145,45.699463654941894,111.60686549865024,58.17762752524869
394967,1965,0.5858094286665794,0.8134311239575907,4.223919652779261,2.130252348854193,0.7955858552473636,0.28896020433983816,46.60617032735285,122.05446888717557,79.55845107339199
394968,1965,0.7678276222161913,0.8947535773987982,4.17853401959561,2.190811346506529,0.6676707315314321,0.3004025885038563,51.26560368918318,125.52424386419708,66.766987067003
394969,1965,0.9499976218773406,0.9670119477108049,4.112502885624118,2.252229305686283,0.5832193837479829,0.3137827181807249,55.40570334255457,129.04323371150377,58.32187759711118
395022,1965,0.9724069883332529,0.8034728853601315,4.026535360480842,1.512432067713951,0.47341910705333423,0.21521225149428014,46.03560528433417,86.65597428025373,47.34186250695151
399992,1990,0.5481581514078743,0.8192898989302566,4.52662107866847,1.7892105318883877,0.856356006555468,0.22646961194562212,46.94185340640348,102.51421213756181,85.63544599381318
399993,1990,0.6642614331436942,0.8832674745506599,4.428942433313353,1.8171950128400183,0.7618611466206109,0.235084574072863,50.60749847293166,104.11760478795449,76.18600111619465
399994,1990,0.8256965799047492,0.9513399489633938,4.342482855703788,1.8435138603897134,0.6601427767078645,0.2432377212318176,54.5077639577936,105.62556367420025,66.0141985205788
402001,2000,0.45136296114055796,0.8329442658792097,3.307000593441556,1.8870033974933054,1.0573350951653437,0.326934716887252,47.724191004501414,108.11733060321366,105.7332776057408
402002,2000,0.6203669349127752,0.9065298061352529,3.423425333158757,1.943725197405441,0.8372517639808424,0.32530941726863316,51.940331894362714,111.36725034456457,83.72504278717373
402003,2000,0.8063687911586159,0.9716897737740561,3.5325319950188145,1.983659149090339,0.6904250629895579,0.3217389030698484,55.67372303327516,113.65529723538856,69.04242153377486
402004,2000,0.9900011063296303,1.0423644289621352,3.609342944025234,1.9986428178703823,0.6032627792937669,0.3172704829570107,59.72308249409446,114.51379821810697,60.32621760322711
405881,2019,0.8461671502098713,0.7951145836081374,5.42750076973287,1.7024164291100758,0.5383890088425183,0.1797167431573186,45.556709870048095,97.54127636173985,53.838837893802626
408895,2034,0.9443919294465447,0.9810401802574594,4.249661491131497,1.8750895658540285,0.595192096773371,0.25280770787002343,56.209461861505936,107.43471833245367,59.519147283797565
408896,2034,0.7549175848937942,0.9198255517676734,4.175872515609172,1.859218692780387,0.6981175476774298,0.2550973087297639,52.702122004579905,106.5253842881462,69.81166321662926
408897,2034,0.5641957422798883,0.8521051572525223,4.1159019543485975,1.8512717865043409,0.865338475424768,0.2577079362363527,48.82202921190086,106.07006009834272,86.53369570092464
412053,2050,0.854727413857179,0.8483918395370195,4.216317815325383,2.0023341573770943,0.5687108009176709,0.2720983121895889,48.60927177881138,114.72529639259147,56.871014220118994
412655,2053,0.5907192063734392,0.8240269676499727,4.5653826004811915,1.9910374403334892,0.7992505769688641,0.2498761920232915,47.213267451306656,114.0780421836394,79.92492374885776
412656,2053,0.738817489779857,0.8952744698206977,4.475393414522192,2.048522554986509,0.6942911969711425,0.2622600640984185,51.29544862653837,117.37169663808308,69.42902666367037
412657,2053,0.8811103106984819,0.9644572808096101,4.329132119548703,2.09023425124856,0.6271556513746049,0.27664113084650743,55.259331711054344,119.7616007902302,62.715494671437945
413916,2059,0.9983932078092631,0.8306994415848452,3.5411427985208723,1.9254253433286221,0.47672170841788253,0.31153430376996705,47.5955720466859,110.31874594025757,47.67212357043114
414262,2061,0.40883095083055854,0.8363231500740154,3.5841597256262503,1.8479313023589823,1.172068443910904,0.29540721470323483,47.91778680832724,105.87866445528331,117.20656057086619
414263,2061,0.5272565554548878,0.8912052031322939,3.590150457797668,1.8851999499481296,0.9684525554561078,0.30086204363618685,51.06229681957966,108.01400067030187,96.84507370506243
414264,2061,0.6367564067014304,0.9549282602974662,3.550402830341028,1.907144550969663,0.8592510042732641,0.30777164903754506,54.71335905281491,109.2713336919342,85.92496683508463
414265,2061,0.7705040155099729,1.0222988322110993,3.502643192922714,1.924992856789769,0.7601960086851038,0.31488781442212654,58.573408486848685,110.29396628688505,76.01950319308537
414266,2061,0.9041755511308828,1.086000342583883,3.4449758529556913,1.9444674438363387,0.6881764875617001,0.3233978476610493,62.223236179818024,111.40977793241365,68.81757340642534
416073,2070,0.8319947721728075,0.8015972707078935,3.3395926764271966,2.092728353150442,0.552024381220562,0.3590393007812018,45.92814048076803,119.9045023028836,55.20237243612897
416074,2070,0.9993115193168385,0.8725365415967328,3.382063976548727,2.0857695489898305,0.5002710349855602,0.35335165942845986,49.99266130443378,119.50579219402249,50.027053937651395
416129,2070,0.8969410937637423,0.7924764284713495,4.496481285073895,1.9047999925038703,0.5062267134874152,0.24271645587981713,45.405554715009394,109.13700038702261,50.62261547395876
417478,2077,0.6103797355345535,0.830443902446355,5.10821186747127,1.7632663789437344,0.7795299742602034,0.1977751199325805,47.58093073255,101.02772167079127,77.9528709910545
417479,2077,0.7929774905049584,0.9033853220211163,5.132643241531354,1.7904226200636058,0.6527318390864371,0.19986516624507866,51.76016622587675,102.58365967439951,65.27310241784308
417480,2077,0.9706825399845306,0.9719451640372119,5.075873648851812,1.8182491023080654,0.5737030692307202,0.20524151440220903,55.68835581748272,104.17799966570277,57.37024841110441
421960,2099,0.9886946961822065,0.8478672482679805,4.286577130314407,1.7547464422239227,0.49134697100495434,0.2345450973212937,48.579214913126044,100.53956525502753,49.13464790097902
429341,2136,0.964213491668015,0.8398383987205393,3.8230716048890527,1.8828690646115174,0.49905125406841583,0.28218265741568066,48.11919571971214,107.88045077798505,49.905074167128234
431806,2148,0.981315175005927,1.448658942844299,3.736143424089445,2.1205532700216883,0.8458245082425843,0.32519830875957645,83.00204337886188,121.49875260490838,84.58236549332386
431807,2148,0.8994291007786518,1.3819435162834817,3.843689580513306,2.0651174676188577,0.8803309795028197,0.30783577161209735,79.17953100851206,118.322515093305,88.03300105251648
431808,2148,0.8205996788558962,1.3171650555118237,3.913855990703815,2.009237203234199,0.9196688669010092,0.2941365542454476,75.46799860294229,115.12081178598883,91.96677573818464
431809,2148,0.7424833325461186,1.248523439790337,4.003358448307492,1.953454666652815,0.963457624218673,0.27957703272132184,71.53512372314226,111.92470786934142,96.34563395814003
431810,2148,0.649906347981432,1.1818294557468723,4.077370298659496,1.9033908448195076,1.041901484528537,0.26746715141468735,67.71383991853888,109.056262171998,104.1899897406199
431811,2148,0.5449187504955382,1.1155421686978684,4.139255331466824,1.8640559637394376,1.1729428819285825,0.25802355904096863,63.91585813525875,106.80253949846099,117.29407509479158
431812,2148,0.410326584376663,1.0542622750361292,4.160553863721592,1.8343417510439277,1.4721146444624915,0.25261069489635724,60.404778859430614,105.10004051945423,147.21110926820276
431813,2148,0.31275913809637634,0.9907285979867531,4.216422303263807,1.8060615720565885,1.8149610539948857,0.24542063847372203,56.76456730755418,103.47970561960514,181.49553089806577
431814,2148,0.23910511832478457,0.9097821712603567,4.233385816057362,1.77197937402893,2.18007363767879,0.2398244423911753,52.126678689466694,101.5269395160912,218.006461125606
431815,2148,0.2258427028952609,0.8454180941873034,4.349089764568137,1.7429044168849188,2.1448063610266015,0.22961371771667277,48.438888720926,99.86106718221562,214.47969591337426
436829,2173,0.7966995391054863,1.5308419247931044,4.087260890592031,0.4533922596930391,1.1009267105875442,0.06355714395562012,87.71078139232826,25.977462944310528,110.09253425485005
444614,2212,0.7091430671545175,0.8517639178122836,4.913535694331814,2.0979651868687927,0.6881894388364458,0.24463962003366246,48.80247763217177,120.2045507729569,68.81884780901376
444615,2212,0.8935159589860158,0.924171129516452,4.869961825411272,2.1527881270928644,0.5926150970667163,0.2532785225777392,52.95110526913088,123.3456738682942,59.26144404603249
446021,2219,0.621440115769291,0.9983808907454974,3.6560421921953066,1.970235300220946,0.9204911143356924,0.3087660401801907,57.20301138622875,112.88616735035089,92.04896479277254
446022,2219,0.7282011074727934,1.1341252960802295,3.6000391932377154,1.991341374760824,0.8923440426723844,0.3169283718937339,64.98059290442204,114.09545634357441,89.23428295193419
446023,2219,0.8499001051171704,1.196966579847146,3.538694111008641,2.0087221103209445,0.8069316855427825,0.32523664154164744,68.58113324345032,115.09129913600226,80.69307455953417
446024,2219,0.981023193367543,1.2565251037112304,3.4426006664243967,2.01692107233526,0.7338622068036751,0.33567955135544886,71.99358529489156,115.56106505581062,73.38614662270516
446222,2220,0.46018732647331106,0.7971399800455488,3.5801114438511865,1.8982151771662426,0.9924818202901904,0.3037886380389327,45.672756537752605,108.75971825930353,99.24796851708369
446223,2220,0.6364397235584258,0.8636331209862692,3.5619015094579036,1.920218750587566,0.7774896863142171,0.30888116796473347,49.48253288022443,110.0204301505516,77.74884769089087
446224,2220,0.7822431272031773,0.9322877357559417,3.512457261007888,1.9388430430737449,0.6828586920123921,0.3162672594577945,53.41615255062319,111.08752350642686,68.28578277935613
446225,2220,0.940665323632348,1.0016219944125802,3.484897307076379,1.9537059351213792,0.6100864026285774,0.3212120596598384,57.38871294731697,111.93910449211486,61.00857605459137
446970,2223,0.9417492015561798,0.8241840000492306,3.997701216031639,0.4850551650415764,0.5014314232023535,0.06951898657892341,47.22226474503095,27.79161378790392,50.14308960805029
446971,2223,0.828255277140834,0.81544014413454,4.014086424640882,0.4943404016968578,0.5640927311883772,0.07056055997101533,46.72127870444867,28.32361866003171,56.40920569383664
446972,2223,0.7195293224524535,0.8094059411655352,4.09925827487784,0.512461545247417,0.6445261124175766,0.07162730832000859,46.37554434159939,29.361883705429467,64.45252256156846
446973,2223,0.5851352938639838,0.8056000732983227,4.135429316785612,0.5409686616566054,0.7888343750687975,0.0749504312913892,46.157484175423654,30.995221161764093,78.88330404292621
446974,2223,0.48260556120495346,0.796926823913035,4.225112201972586,0.5802113321453515,0.9461254969970305,0.07868113055882911,45.660543590982236,33.24366055759183,94.61235561526298
446975,2223,0.38184006504639295,0.7883313034547476,4.32358753161705,0.6104620755793917,1.182905082461975,0.08089786582744624,45.16805654600401,34.97690048349542,118.290201554189
455268,2265,0.6966937397721561,0.8438752395757272,3.3685867554753237,2.0811576409197006,0.6939991880089743,0.35398093511560824,48.350489663280385,119.24154932610172,69.39982018393408
455269,2265,0.8809212543293903,0.9081705882483772,3.4181168150723504,2.133433903188081,0.5906809597127495,0.35761433788972835,52.03434178454529,122.23675852279891,59.06802958923643
459340,2285,0.3329660521862326,1.1044056661238613,4.400764552233993,0.30066224882450543,1.900427422655448,0.039144738767418745,63.277783539231564,17.22667791655636,190.04217721770118
459892,2288,0.8882942684065328,0.8094518823242639,4.399599048614223,2.0680663662564616,0.5221037408829876,0.26932334733423136,46.378176576100486,118.49147453945157,52.21031590013522
462503,2301,0.5853150259203588,0.7883247476225829,4.134125321187925,2.048475953792315,0.7716815416072028,0.2839029230703317,45.16768092448977,117.36902658633551,77.16802363896923
462504,2301,0.7210608841460009,0.8526733733012137,4.0769707471570635,2.109730473868626,0.6775375837182812,0.2964913394353068,48.85458559334248,120.87865206280748,67.75366534760612
462505,2301,0.8445081316231091,0.9241907851610762,3.9486766935718363,2.171720872515074,0.6270186022462673,0.3151193415328912,52.95223145461146,124.43044027558244,62.7017867205765
462506,2301,0.9559407701413137,0.9965954392935854,3.7889556901260044,2.228321123901364,0.5973247897748192,0.3369619649951317,57.100712553508686,127.67339579939635,59.732417116858144
465120,2314,0.9708498713532279,0.8067410569565663,3.7907631780650086,1.8987314054173328,0.4761071573609945,0.28698520736371247,46.22285772353441,108.78929595935642,47.61066718630671
478125,2378,0.9750702410631931,0.8466684054011103,3.3945170645995626,0.5305874444523178,0.49750801261406863,0.08955742617183927,48.51052627655501,30.400421229749814,49.75075074889949
478126,2378,0.9095599212225011,0.8407296687019669,3.524407920259748,0.5596224339395182,0.5295996456584343,0.09097699307245062,48.17026172805464,32.06400358557311,52.95990692224452
478127,2378,0.8220542192211843,0.8342815911037968,3.6020324038337366,0.5819254440290771,0.5814800580856232,0.09256405302209902,47.80081409570665,33.34187193414253,58.147935780996775
478128,2378,0.7357517249075248,0.8296053493166801,3.6588144278428394,0.5999413021562945,0.6460451660816874,0.09394875075819589,47.53288517732214,34.37410456913855,64.60442967886588
478129,2378,0.6414791518290933,0.8181103604143457,3.7186895136805806,0.6241684274393733,0.7307216448623657,0.0961688690864354,46.87427082766867,35.76221659759366,73.07205171354572
478130,2378,0.551354828445401,0.8136271964561849,3.70237932092053,0.6612667384119786,0.8455063999337202,0.1023336342847606,46.617404454000884,37.88779324338781,84.55048817647034
478131,2378,0.48149574097112646,0.8098542310914665,3.772799715953315,0.7109105334351273,0.963689282174704,0.10796272300654534,46.401229462353484,40.73217317722679,96.3687300744077
478132,2378,0.3857607298695528,0.8071623187023792,3.77779430795313,0.7470278902848984,1.198851761308797,0.11329771207628148,46.246994243639804,42.80154529188659,119.88486846343844
478133,2378,0.31759379385814246,0.8011532295905274,3.823620990042191,0.7701684903376669,1.44532727783681,0.11540736911378906,45.90269879881268,44.127404010310435,144.5322772492161
478134,2378,0.2770906683987533,0.7937507065192133,3.929379433393906,0.7852070457149254,1.6412881780032764,0.11449403248402736,45.47856546907816,44.98904976340112,164.128231396808
478385,2380,0.9864142792342222,0.82884404566404,3.71332362829334,1.9874862667260027,0.4814332700711896,0.306664826489375,47.48926569109798,113.87457492361217,48.14327868883482
482259,2399,0.8621591202848032,1.1423363114593497,4.7921136661423445,1.8947137008019217,0.7591527727548593,0.22653698509287723,65.45104943116263,108.55909844156314,75.91519010359902
482260,2399,0.7216333788273817,1.0746136592576698,4.90888025080389,1.8509222183293672,0.8532147796351769,0.21603711168929113,61.57082728257403,106.05003131726464,85.32136091218855
482261,2399,0.589983770091764,1.0008967586690145,4.995169650050322,1.805862329816339,0.9720124846676134,0.20713668788398223,57.34716000005862,103.4682898801381,97.20108536215106
482262,2399,0.4786916252267248,0.9331550327348562,5.1031274771341755,1.7727929474611273,1.1169162164652444,0.19904177212143678,53.46584500709944,101.57355384008008,111.69139065339942
482263,2399,0.3706122879426642,0.8678857195725602,5.159786861468774,1.7467457388857404,1.3417306740014097,0.1939637454291296,49.726188831182206,100.08115872061344,134.17270899060455
482264,2399,0.28155680674819206,0.8020609329293976,5.199821573967305,1.7168521956918323,1.6321645804895952,0.1891764616774763,45.954706369179874,98.3683848609105,163.21588415511042
485015,2413,0.7001532618893661,0.8019569314735122,4.567655558717118,2.2603136320563606,0.6562669828093721,0.2835293282174711,45.948747524694426,129.50643149271554,65.62660548648485
485016,2413,0.8816925683672232,0.8680281761212989,4.510688837820686,2.316598697375136,0.5640781402775363,0.2942595525054403,49.73435099018893,132.7313281850995,56.40775069085532
485070,2413,0.9242692700348846,0.7966906423369512,3.564692968779085,2.1711962152594904,0.49387134647330305,0.3489792258960658,45.64701138347388,124.40037962914658,49.38708174801623
489495,2435,0.8985881612563142,1.306190326936418,4.095546209743432,1.7547587056836504,0.8328530840734015,0.24548683497902402,74.83919297426992,100.54026789951216,83.28521664966169
489496,2435,0.7524653612894754,1.23684531492197,4.143900129824675,1.6903161310157575,0.9417844217085669,0.23371214817493832,70.86601645555807,96.84798035008521,94.17831826278245
489497,2435,0.6266923003882906,1.1684627325013874,4.171269806154871,1.6397924652312632,1.0682751643972312,0.2252388161783104,66.94798309065318,93.95318753510416,106.82734768214871
489498,2435,0.49774560394379297,1.1014183411876426,4.194024764263701,1.5993016698721187,1.267848890286319,0.21848520403169136,63.10662242835205,91.6332358518973,126.78463685807134
489499,2435,0.3688313673825325,1.0399242984351074,4.199911686230336,1.5749473997116068,1.6154610742794284,0.21485651481570972,59.58327331343473,90.23783895857856,161.54567381457133
489500,2435,0.31350475376933096,0.8099845696700957,4.264563085047924,1.5489266599146667,1.4803187280102397,0.2081032884504866,46.40869731281667,88.7469603884058,148.03140534053145
493056,2453,0.6952184146671962,0.7950241690623565,4.186114493097215,2.0410716306989425,0.6552117706025119,0.2793635722014032,45.551529498168264,116.944790122934,65.52108375738317
493057,2453,0.8765465803227623,0.8598561336063812,4.148987121475775,2.0423960394808374,0.5620480187589559,0.28204636324061805,49.26612744408268,117.02067315648664,56.20473839645066
493115,2453,0.9141957194956221,0.9536398970360856,5.712522963799898,2.1697054724561635,0.5976788067649769,0.21761832193645203,54.63954127545809,124.31496635817646,59.767815952789306
493116,2453,0.7801763517030262,0.882158653496922,5.879203657416729,2.1093120340398457,0.6478531033161035,0.20556300489542437,50.54396770631723,120.85467722663819,64.78522812279321
493117,2453,0.6459258711280393,0.8144478271744423,6.024929482652256,2.0411722653467126,0.7224423806830821,0.1941110783224133,46.66442313069582,116.950556063524,72.24412734091958
508389,2529,0.9564421797885115,0.7861490287315176,4.768804974078712,1.8899392730854703,0.4709434809079759,0.227070606253235,45.04302141462485,108.28554388382018,47.09429934414374
512953,2552,0.6561138196698213,0.802748931266826,3.7566568906055333,1.9906364944033816,0.7010083264571995,0.3036078957746895,45.99412577022654,114.05506967403129,70.10072687181842
512954,2552,0.8356412357652727,0.869740796139387,3.84397075964755,2.050119230900913,0.5963381671461043,0.30557771239243503,49.832476889135,117.46317942922862,59.63374606538278
526622,2620,0.5374156284948189,0.8119921766346554,3.816430764937225,2.0201152690537123,0.8656935412060126,0.30327834008365134,46.52372471880701,115.74407904671247,86.56919464719452
526623,2620,0.7190429721475445,0.8824208308374609,3.919418668720949,2.0694866771139195,0.7031427969773244,0.30252662978040207,50.55898936141408,118.57285235718052,70.31418288705103
526624,2620,0.9048971050532084,0.9467878656135743,3.9776462926309932,2.1112884016946674,0.5994819509471795,0.30411933477346154,54.24694879385717,120.96791475202565,59.94812950864498
527226,2623,0.6018051425862054,0.8484999866045502,4.242143339171493,2.1680164566746507,0.807827383006391,0.29281941381501186,48.61546814934761,124.21819288236478,80.78260540915585
527227,2623,0.7804561363126217,0.9207135093713055,4.177991646255169,2.232257569374786,0.6759252070330123,0.30612540194957116,52.75299822765457,127.89893751130681,67.59243496304416
527228,2623,0.9598741665361156,0.9884242492109261,4.098096293623656,2.21266445712101,0.5899995982029874,0.30935421102608074,56.63253784817316,126.77633487163939,58.99989896867734
530699,2640,0.8769275847463919,1.1163316890481045,4.058283260578636,0.76107233898595,0.7293771424499941,0.10744994871150872,63.961094319166975,43.60623292804483,72.93763190267603
533916,2656,0.8828864744358089,1.0008693265868926,5.331991853548378,1.9611086226046925,0.6495239112667508,0.21073409359478393,57.34558825752978,112.36324724196304,64.95231829421445
533917,2656,0.75236276133905,0.9357049020229705,5.61748984087124,1.9368703160620293,0.7125810021168414,0.19755174912743742,53.61194175561842,110.9744945745241,71.25800644650984
533918,2656,0.5889663348515327,0.8727907788157775,5.821305195881971,1.9264897079323093,0.8490676667897903,0.18961336957282696,50.00722802408019,110.37972953991196,84.90662395850195
533919,2656,0.4441393028266733,0.8086820183767034,6.035923356501568,1.920629351357075,1.0432327263762844,0.18231503145390487,46.33406662110598,110.04395584170928,104.32304009840772
536875,2671,0.8831251018496751,0.7886076509321174,4.5525918475549245,2.267860597085317,0.5116363410332686,0.28541728492831386,45.18389009013639,129.93884073700755,51.163576747986944
538339,2678,0.8784991946307015,0.8592870300597163,4.8631111224090615,1.9798868575558561,0.5604276014506964,0.23326458672799216,49.23352021275285,113.43916085136976,56.0426969893266
538340,2678,0.7333793326765549,0.7936347943902777,4.97279755192933,1.9201622063723498,0.6200327926791693,0.22123802353816252,45.47192419329578,110.01719040566383,62.00319556885419
547525,2724,0.44309592993767777,0.7977608075114855,4.6310575643137675,2.225184516510998,1.031567279487723,0.2753014390084125,45.70832733135658,127.49368143393883,103.1564974683655
547526,2724,0.6227737023507206,0.8695488767509255,4.662064559913341,2.279772080998504,0.7999933158725238,0.28017912779659154,49.821480718169425,130.62131849297114,79.9992044155192
547527,2724,0.8022284380323751,0.9426850268632225,4.6168440411925085,2.3369150072890026,0.6732729758202187,0.290014922561353,54.011873449439285,133.89536699844385,67.32721449603494
547528,2724,0.981589671216742,1.0140841792307556,4.5670282659229775,2.317845835059933,0.5919249626675825,0.2907859901175479,58.102743540910424,132.80278391091008,59.192436567157365
551748,2745,0.701329812257939,0.7927627411222287,3.255386001747741,2.008826011103462,0.6476547521576864,0.3535594605278026,45.421959221525974,115.09725221232863,64.76538379269219
551749,2745,0.8852158176173358,0.859761951464286,3.262845507287083,2.0082712993086114,0.5564827205747808,0.35265374642471453,49.26073120483512,115.06546956763755,55.648209822115795
557979,2776,0.7917891963921551,0.9739139358967572,3.2737628467782898,2.0603007677404275,0.7047476485581411,0.36058365765460293,55.80115813585879,118.04653851908976,70.47467673901558
557980,2776,0.9344225793276033,1.2530317061459608,3.29032537562523,2.063321724206832,0.768318629902792,0.35929463721486415,71.79342835824033,118.2196265747075,76.83178158871137
561196,2792,0.8131293812671391,0.8515245530364616,3.3611372166347806,2.057654074596333,0.6000122928126258,0.3507589432470302,48.788763040753075,117.89489417226694,60.0011562287505
561197,2792,0.944471882028235,0.916831355233665,3.3145624332736747,2.0763960732749602,0.5561898413656351,0.35892741087928,52.53056718014852,118.96873159619204,55.61892583653675
563864,2805,0.884697838803498,0.8056843953611988,3.674607324551903,1.9569879518414477,0.5217862294587708,0.3051404952691072,46.1623154737463,112.12715019846615,52.17856455670051
564813,2810,0.7316649366471181,0.7916544958557715,3.275992271116969,2.024365481931342,0.6199348711859093,0.3540533321009113,45.35846144509263,115.9875983066328,61.993403236659056
564814,2810,0.8354039446593863,0.8648454640276259,3.191130981047822,2.0630519994462997,0.5931501131092888,0.3704146674514479,49.55199501981622,118.20417248429882,59.31494101943543
566220,2817,0.5530356618696426,0.799618092395452,4.2598748417826595,2.080733332881777,0.828422907362844,0.2798608936044813,45.81474191656131,119.21723826631523,82.84214243894087
566221,2817,0.7061464892845624,0.8667763506628527,4.164036148520703,2.1458071306877096,0.7032907013636548,0.2952560630048899,49.66262667473294,122.94569223748283,70.32897153687955
566222,2817,0.8717399657722834,0.9364297281057679,4.069632757932605,2.2013938660771406,0.6154756317502997,0.3099311037744635,53.6534712310437,126.13057757220773,61.54749327801934
571646,2844,0.6781508826701522,0.8220202579669637,4.4902350447128425,1.798871437664606,0.694510498545793,0.22953751865759292,47.0982914557622,103.06774126481268,69.45094846646683
571647,2844,0.8291555103246556,0.8907885377771214,4.408478180889555,1.809724516120085,0.6155470524187655,0.2352049218919085,51.03842365325895,103.68957685503598,61.55463174651417
571648,2844,0.9687998202146808,0.9583782523251461,4.309907221513449,1.8432010840082205,0.5667943709608905,0.24503460801991458,54.911029035354744,105.60764290760933,56.67937917639951
578685,2879,0.9719180633166499,0.8400096701698458,3.0214896746903053,1.9823033099667642,0.49519615050134075,0.3758993914538233,48.12900885090849,113.57761337590901,49.519564609289
584970,2910,0.8844168869342178,0.9158697681577784,3.256315676721473,1.9168296836444219,0.5933341219618171,0.33727151014893614,52.4754722990659,109.82625091822213,59.33334577952625
584971,2910,0.7824664665213599,0.851100988545273,3.266420944942625,1.8587899002575905,0.623215128651268,0.3260474315937454,48.76449458305637,106.50081628630319,62.32143401418363
584972,2910,0.6696584031837849,0.786908862962529,3.2629333725758496,1.7969687494885456,0.673276939728637,0.31554038403725093,45.08655670919138,102.95872526259497,67.3275944380603
585977,2915,0.8756432782898101,1.2138657854867658,4.583335138326044,1.7283277471684242,0.7942661964503698,0.21605639195787638,69.54938640372421,99.02588552810433,79.42652984561111
585978,2915,0.7459244473828093,1.1506770845103538,4.60767290008229,1.7089083972702568,0.8838554611305206,0.2125004110508853,65.92894052486163,97.91323873805153,88.3854288068374
585979,2915,0.6275052991767295,1.0861137418601043,4.624487719833857,1.7017268149736533,0.9917005094568703,0.21083797834129667,62.22973347974535,97.50176438223028,99.16989448773502
585980,2915,0.498765121266428,1.0123606085455008,4.6227054485374275,1.680397049911309,1.1629519904022434,0.20827556444968517,58.00399021495286,96.27965886615235,116.29496820608756
585981,2915,0.36760644324765746,0.9444849091614792,4.630221985164557,1.6420381663211283,1.4720905639894273,0.20319081207737585,54.1149991087497,94.08185672960137,147.2086599516767
585982,2915,0.26690580312826045,0.8774631757309703,4.6776385287496245,1.6068857011652224,1.8836208945127497,0.19682531703550107,50.27493664753068,92.06776883668728,188.36139078617404
591400,2942,0.9642544886519744,0.8463933829492397,4.63743422595069,2.263603511292266,0.5029249925054752,0.2796695782392108,48.49476865079149,129.69492768804062,50.29244761529644
593409,2952,0.9312566586984466,0.7867228907221984,4.465264394094865,1.2259420658767444,0.4840330576930345,0.1573060404617292,45.07590128471384,70.24130630228659,48.40325431278949
597026,2970,0.9349428493285727,0.7936195678590907,2.7418734512281966,2.0945916557454005,0.4863511317683851,0.437698031563326,45.47105177732214,120.0112616775305,48.63506167774358
601045,2990,0.9215784990405328,0.9188293106629256,3.0964900238427653,2.004534120965901,0.5712485814009469,0.3709081694630267,52.64504159390041,114.85134502131255,57.1247967741359
601046,2990,0.7984231381054269,0.8502802627952589,3.18786317697792,1.99908873181504,0.610171067522832,0.35929818968719507,48.71747046144285,114.5393472051619,61.01703109458098
612505,3047,0.9428521713690463,0.8936868715337498,4.138286205822361,1.893050970155215,0.5430807390272332,0.26209842755278306,51.20448594513406,108.46383099303978,54.30801687900553
612506,3047,0.8220499671539337,0.8300709491462048,4.161205713585142,1.8465569058428084,0.5785483048993518,0.25425303232635116,47.55956208249592,105.79991733552906,57.85476081507988
618941,3079,0.9069478426646916,0.8272594248164028,4.8098075856576115,1.8314187113215241,0.5226152029043244,0.21816374271342284,47.39847360439992,104.93256268001142,52.26146324321803
619141,3080,0.918763162040758,0.9465934481285315,4.896635778918674,1.9517843833460882,0.5903132727015169,0.22837926385774765,54.23580949250067,111.82900768527482,59.031263661865246
619142,3080,0.7555439841065043,0.8825745643969566,4.937527276759622,1.919524071649366,0.6692899161397408,0.22274434467268273,50.5677976455427,109.98062797927611,66.92890391608302
619143,3080,0.6311628610206593,0.8174587696067163,4.997822348021136,1.8997888408992982,0.7420737114761128,0.2177946208409837,46.836937424421976,108.84988254958043,74.20725475105885
631198,3140,0.9332491587396483,0.809712334938445,3.663069460775633,1.8583216915498477,0.4971137501714577,0.29066877042021544,46.39309941165621,106.47398990341826,49.71132228288068
636227,3165,0.9048014505324486,0.8156038044586152,3.289274040877247,1.6266033005744243,0.5164741414408454,0.28333760770133604,46.73065575029193,93.19750406496418,51.647357633472765
636570,3167,0.6706095337925586,0.8168961997358719,3.7258788077876033,2.06176429182248,0.6979427146300738,0.3170537691892836,46.80470454514138,118.13039227220715,69.79416842804854
636571,3167,0.8516955225205988,0.8898115460921706,3.7382928335944916,2.095834449402582,0.5985994314448146,0.32122274399837913,50.9824461530919,120.08246850889262,59.85987356412959
641250,3190,0.8814908615688952,0.8976844652356211,2.946058767989985,1.8952438103159785,0.5834834239510265,0.3685923454435826,51.433531192459355,108.58947147939833,58.34827686431162
641251,3190,0.7289391615276994,0.83013462448955,2.869037446424544,1.8289769489357273,0.6524990324123535,0.36525371868559126,47.56321041092865,104.79266000073146,65.24981462298159
645415,3211,0.8056104152390372,0.8104755158478153,4.023541148384996,2.205232207164184,0.5764178938348464,0.31402809948523713,46.43682645676808,126.35049831682697,57.641718548625036
645416,3211,0.958308717997774,0.8825093610889824,3.900129603295278,2.250367723489351,0.5276385395845309,0.3305956101275886,50.564061771185486,128.93657290840287,52.76379944975466
647221,3220,0.5680386468860377,0.8408571591621326,3.5146801975480852,1.9068833404428855,0.848138868883635,0.31085720742543743,48.17756639335032,109.25636743118547,84.81373907166005
647222,3220,0.7498750359800836,0.9078900731313856,3.621113917166516,1.9504168786172937,0.6936924989184617,0.30860850468544754,52.018269452252056,111.7506554358507,69.36915830929905
647223,3220,0.9350635863081106,0.9712766278362444,3.7239012833407545,1.9788575144444795,0.595147236342398,0.30446613619477103,55.65005151471557,113.38018383541701,59.51466062300265
647278,3220,0.9064232846176141,0.8155890446149556,3.4673642480907882,1.7915653050112228,0.5155407010281825,0.2960436892653791,46.72981007354396,102.6491306992111,51.55401379526971
655720,3262,0.9510405680567212,0.8040151207129206,4.684331612215729,1.3487914157910676,0.4843817829064734,0.16497562897083923,46.06667308155176,77.28005556830315,48.43812786824928
662499,3296,0.7739785517251871,0.7961491994458816,3.3250743328097117,2.0305818613574798,0.5893701873252257,0.34989825374337685,45.61598899096823,116.34377061160245,58.93694334597209
662500,3296,0.9583853821226971,0.8639912967675759,3.429550249189549,2.0479379350958267,0.5165255569179157,0.34213873982840026,49.50305484081711,117.33820038572757,51.652502335409324
667380,3320,0.8977247717257361,0.8565857481378808,4.343587536528443,1.7336117516401393,0.5467014964765754,0.22867879516472275,49.078748159356685,99.32863668326185,54.67008935814613
667381,3320,0.7652579926413469,0.7937187765621403,4.477811101528117,1.7113849282637497,0.594266716066103,0.21898005759860936,45.476736017297846,98.055133511812,59.42659472753348
674559,3356,0.8066969308443513,0.8320158545622598,3.4604201621505424,2.044520103264887,0.5909405941776829,0.33852066286484794,47.67099695438801,117.14237304672928,59.09398689605156
674560,3356,0.9881025486735845,0.8973091401696448,3.5270897331240905,2.0518426150904054,0.52031063171467,0.3333114001393018,51.41202665023345,117.56192206976611,52.031011040541436
680385,3385,0.32752252670269,0.8038386298520028,3.214259352607311,1.9236904947104776,1.4062104355861957,0.3429074446155992,46.056560900098546,110.21934643634378,140.6206185056943
680386,3385,0.43968525588826246,0.8753635801593184,3.2887527030763084,1.9921054195249237,1.1406940958384653,0.3470593347748248,50.15463868259067,114.13923288391639,114.06915274453446
680387,3385,0.586487281553357,0.9420283720890354,3.3266791482554585,2.039762408602755,0.920297006936438,0.35131063641155214,53.97424990228125,116.86977722237717,92.02954534628809
680388,3385,0.754086076595059,1.0070671293294655,3.358968645587802,2.069672157392088,0.7651738604205125,0.3530353860165778,57.70069619693382,118.58347959430249,76.51728558652756
680389,3385,0.9243720294826128,1.0703533359214195,3.364181391329704,2.085782539235818,0.6634420570571502,0.35523214186089086,61.32672873604579,119.5065364802924,66.34413465132296
696322,3464,0.9441230964680867,0.8221518153383625,3.8802663686073346,2.033185403215507,0.49893736118934257,0.3002189313963118,47.105829137907186,116.49294257185305,49.89368380081321
697271,3469,0.6712277852062679,0.8533354038215847,4.730197378196971,2.2484839559672034,0.7284042391755238,0.27235362587882644,48.892517148068585,128.82864097979999,72.84031648470493
697272,3469,0.8498572063506553,0.9273193423792153,4.685827331927062,2.3083299721358985,0.6251813076004252,0.28225018865621826,53.13148457917602,132.2575651269379,62.5180579326591
709075,3527,0.9410128495821629,0.8595116912581972,4.931904892046879,0.8925733444184809,0.523333893365846,0.10369357592404296,49.24639235124615,51.140685541055774,52.33333427888756
709076,3527,0.7590370376259135,0.8560472010219606,4.992485588182665,0.9413900150213541,0.6461857406822975,0.10803771723671038,49.04789168254552,53.93767473648076,64.6184897873569
709077,3527,0.5955170819496652,0.8471473381107109,5.027163228981104,0.9869838747619708,0.8150558188107967,0.11248890832276014,48.53796709948589,56.550010471329536,81.50544638473033
709078,3527,0.4113392419332761,0.8351743147928212,5.020450282098437,1.0259317424221277,1.163321107102155,0.11708423645147018,47.85196339535909,58.781558909290595,116.33183072596435
709079,3527,0.3198783577466515,0.8253186584885738,5.096001761294437,1.0802030972925394,1.4782892703218509,0.12145026879788738,47.28727588479421,61.89107849182195,147.8284695139545
709080,3527,0.277578052322518,0.8034074872065768,5.223640888204603,1.1340709081882419,1.6583392023488914,0.12439116312548913,46.031858246147536,64.97747670775453,165.8333287796635
709081,3527,0.2304382481370717,0.786265618037449,5.305820206537276,1.1840612115239706,1.9549575601718943,0.127862813545812,45.04970148979108,67.84171010547055,195.4949161394341
714007,3552,0.9892666918843905,0.9190282641732934,3.4238688231356535,2.168799344478919,0.5322775010021255,0.3629316866545346,52.656440790363796,124.26304904938162,53.22769683306045
714008,3552,0.8771903144931535,0.8508124029052103,3.589452275206021,2.1889602685697698,0.5557284261202903,0.34940758351290485,48.74795984385269,125.41818491087099,55.57277989239959
714154,3553,0.5218343571824406,0.7997146025961153,3.4502669589753756,1.900417648616048,0.8780615924385805,0.3155869141633735,45.820271543739274,108.88591057787545,87.80599266239426
714155,3553,0.6814694847637985,0.8654947901160525,3.492250093243881,1.9432226968511244,0.7276803884141392,0.31881582330022457,49.589198664210805,111.33845918359923,72.7679331283125
714156,3553,0.8238781817407723,0.9299442076815431,3.4854109198682734,1.9560866463761544,0.6467203382360497,0.3215560846464911,53.28187828278973,112.07550919925278,64.67195611158735
714157,3553,0.9700144386409565,1.0019541810078703,3.464000113715725,1.9683868244559801,0.5918236157994277,0.3255780989104304,57.40774583723791,112.78025749048612,59.182301178287666
714959,3557,0.5368950519884165,0.803345584305087,3.6232432418875913,1.9597983460357242,0.8573055468359964,0.3099106687525542,46.02831147115255,112.28817392456627,85.73039660225628
714960,3557,0.6574095329367111,0.8748545613000672,3.5574988997163732,1.9674935973175738,0.7624695228235925,0.3168773405310653,50.125474050263016,112.72907934530889,76.2468374614384
714961,3557,0.7819441113194322,0.9440595380577287,3.4418183425522986,1.9847315094256972,0.6917454286695941,0.3303972705950463,54.09062713977797,113.71673895672181,69.17445528690239
714962,3557,0.916753969748664,1.0174108333103202,3.3365499348877723,2.0033692214902117,0.6358668526920503,0.34402182821710897,58.29334677956946,114.78460119779855,63.586616602199676
715966,3562,0.7374544294912002,0.8020667776557903,3.2397646113949436,2.0334301922268714,0.6231577001426806,0.3596155324978859,45.955041247334584,116.50696794907543,62.31568635821258
715967,3562,0.9172812917203679,0.8734134957516673,3.2530444195332193,2.0422319795118296,0.5455568208191113,0.35969774083124173,50.04290707633799,117.01127321267545,54.555623201318156
716019,3562,0.9055139653511233,0.8262974510945971,2.767795925181922,2.071982572764012,0.5228340794163893,0.4289183864136028,47.343356570137956,118.71585664403588,52.28335078016082
720241,3583,0.9925322046445477,0.8109678223247526,4.0406161168057775,1.8085400652998374,0.4681463518719533,0.2564502778043182,46.46503354012355,103.62171282199499,46.81458849204335
720990,3587,0.6386401757583201,0.8439166551439562,3.5275551016701496,2.0178489875604373,0.7571221429345533,0.3277460649713867,48.35286260054605,115.61423068195921,75.7120969269356
720991,3587,0.8036821053864046,0.9093703191519761,3.5000491967947274,2.0589552813703693,0.6483046008411192,0.33705082659888386,52.103081301872926,117.96944782869305,64.83038022408368
720992,3587,0.9530676115765342,0.9749131333063151,3.405965750656449,2.101815454222177,0.5860907103100161,0.3535712432384895,55.85840793032686,120.42515484230283,58.60901015083033
731043,3637,0.8741487501736944,0.7952227653494309,3.7224375947695947,2.228296285935088,0.5212260235682448,0.34297948345774754,45.5629082272446,127.67197268875704,52.12254332646231
731096,3637,0.8910065601218458,0.8366322199033798,4.01455983749624,1.8670049161519469,0.5379926120922929,0.2664588549910337,47.93549520512465,106.9715020256827,53.79920143277959
733855,3651,0.9752854357395337,0.8029482899209304,4.724607002315777,1.7945676621184221,0.47171367501369116,0.2176290066496911,46.00554817971613,102.82115309004473,47.17131961835535
736318,3663,0.9785435339084458,0.9029179983431173,2.602686681898206,1.9552862216348448,0.5286774500072849,0.430438471862519,51.73339055146088,112.02964823975788,52.867691514079965
736319,3663,0.8957896477295579,0.8395228060850879,2.6338588674037355,1.9494866621913172,0.5369688428371793,0.42408254640701004,48.10111359365536,111.69735796060851,53.69682493958928
750536,3734,0.7610605350897068,0.8514389740965571,3.742712625703487,2.026085611467276,0.640998407333429,0.31016582294311745,48.78385972868135,116.08615446925762,64.09975735133055
750537,3734,0.94397360908683,0.9206559106257188,3.8557815011774017,2.08063571719223,0.5588047906853116,0.3091763497327613,52.74969806262721,119.21164529928993,55.88042046348633
750590,3734,0.9771642765294064,0.8280337807061141,3.2086888484662426,2.0244522262770586,0.48551550218054096,0.3614952197234343,47.44284092872147,115.992568391539,48.551501028796274
758174,3772,0.4131527332598032,0.8010507162135512,3.1804023841523708,2.137429299751594,1.1108924232921522,0.3850634690394527,45.89682521496831,122.46567788336927,111.08897613689732
758175,3772,0.5327408289455986,0.8735460257211453,3.134170842609027,2.130654174849751,0.9394905895201895,0.38950490436472796,50.050500484248076,122.07749182081969,93.94888436544942
758176,3772,0.6467130133769123,0.9466973561081948,3.015848752969085,2.123635389296179,0.8387300242998252,0.4034530727313527,54.24176298119311,121.67534503129262,83.87287403586906
758177,3772,0.7450631744840038,1.015057386006906,2.8797608456492454,2.113923035007643,0.7805848603572497,0.4205865493442765,58.15850418177739,121.1188681214237,78.058382315933
758178,3772,0.8314696733383851,1.0817646587852399,2.750693996949043,2.102728222359056,0.7454336654338302,0.4379892939740275,61.980549374803836,120.47745260422,74.54327778747707
758179,3772,0.9386812654681418,1.1509219376380455,2.630881603225717,2.0894633091374137,0.7025064982018703,0.45504681190966784,65.94296957567894,119.71742906101262,70.25057572893604
758229,3772,0.9651337531857312,0.9746152855183244,3.040597192473608,1.8916202233193986,0.5785865611499857,0.3564492368460519,55.84134250913769,108.3818552377958,57.85859676570111
758230,3772,0.8688468162721416,0.9073623150060154,3.1424049545974913,1.8838390002238854,0.5983566903515493,0.34348222209099855,51.9880311390646,107.93602399497318,59.83560085599714
758231,3772,0.7899257331022802,0.8374902201589574,3.238948390377676,1.8814395925711804,0.6074577948319543,0.3328195906133361,47.98465499859039,107.7985480631418,60.74570335167693
759034,3776,0.9949350072634344,0.8017396052459186,2.998012311268267,2.1032345463669992,0.46170146644776305,0.40195452826545675,45.93629564907581,120.50646283294131,46.170100703685776
759782,3780,0.5420030712105673,0.8488630601079189,4.099705428038831,1.787537408030357,0.897343067130066,0.24981879978891286,48.63627072874367,102.418349201894,89.73414280840076
759783,3780,0.6964795325968032,0.9166948567695097,4.0792886823731145,1.8283177991459865,0.7541175753477685,0.25679695995914303,52.522746394242404,104.75489349971237,75.4116503420608
759784,3780,0.8739553443681369,0.9825738013713821,4.060830313685763,1.8548612756407237,0.6441671373408817,0.26170934071435337,56.297331878705855,106.27572267646552,64.41664076414291
767824,3820,0.7521700656718339,0.8054163293034068,3.1928138738194156,2.005766538037654,0.6135175795020283,0.35993941864424633,46.1469564200041,114.92195731812387,61.35167719963538
767825,3820,0.93134083817576,0.8782442117312397,3.1565644659457233,2.0296149569337754,0.5402929208200874,0.3684016973361238,50.319686713993896,116.28837106893167,54.02923464982115
768484,3823,0.8681986072340885,1.3792180523451933,4.5170618636102065,1.9067398811042264,0.9101992546289246,0.24185665566106873,79.02337342763303,109.24814781654857,91.01982167371142
768485,3823,0.7464623675724077,1.3114415437296447,4.539820557188051,1.8519990536518423,1.0066155748960217,0.23373551413772792,75.14006553383004,106.11172943647307,100.66142398681255
768486,3823,0.6256005474195925,1.244973481533345,4.5873526879546915,1.8036723104683103,1.1402119971214566,0.22527766626821677,71.331726097569,103.34281101444408,114.02101927623053
768487,3823,0.4830589512807255,1.1792120960834696,4.636157261132961,1.7660458937018415,1.3986672781564229,0.21825613372860742,67.56387625635811,101.18697613552513,139.86644116786664
769433,3828,0.7533103007117066,0.8403184642977123,3.0866440315598065,2.06704467758398,0.6391350385963256,0.3836948300351896,48.14670145117366,118.43293609054207,63.91341986465099
769434,3828,0.8595777921318032,0.9096483285285426,2.990145324822887,2.0723613657409286,0.6063326662991653,0.3970962832479027,52.11901006581525,118.7375598829224,60.63319679695355
792201,3941,0.9252292032238354,1.0481794774144297,4.292116803301286,1.935182519383094,0.6490960225825246,0.25832892200075785,60.05626022807502,110.87779094814492,64.9095328047197
792202,3941,0.7637157718932033,0.9846791863134293,4.39023110861993,1.884796115370075,0.7387298113740558,0.2459799034163487,56.41796155013556,107.9908626533579,73.87288537644547
792345,3942,0.8734870247082067,0.8020979713003263,5.115892008201496,2.1789245533408286,0.5261306314279327,0.24403013265269508,45.95682851151413,124.84318078385749,52.613003511829774
793351,3947,0.779571308766756,0.8084598834421188,3.1176941843837995,2.049317186384237,0.5941898850274532,0.3766155958302657,46.32133922687188,117.41722566344149,59.41891304496166
793352,3947,0.9618195771009572,0.8804340969476263,3.1526176556872656,2.061787368209919,0.5244763006600736,0.374709929902208,50.44515789451094,118.13171445181379,52.44757608176642
793405,3947,0.9835748726977499,0.8488742286797605,3.7201113659191947,1.8752567226485786,0.4944911820782982,0.2888201047065429,48.63691064077338,107.44429571129832,49.44906843573964
798976,3975,0.42775124429680045,0.8278389276873883,4.362052230903977,2.1428377407959833,1.1088611943662952,0.28146283434586866,47.4316766731231,122.77555872895812,110.88586279914905
798977,3975,0.5617110285720008,0.8938169803020133,4.338945073902936,2.2042103601284473,0.9117132673522987,0.2910660272306791,51.2119406284332,126.2919507943713,91.17116604859886
798978,3975,0.7004110308179007,0.9690695670196912,4.207519490146709,2.272131812748045,0.7927287408256877,0.30940691626820216,55.52359624479838,130.18356336787204,79.27276203402893
798979,3975,0.8526949059592545,1.0402856689527793,4.0875763202666064,2.2535311270486527,0.699007079828607,0.315878682497474,59.60397831893779,129.1178225812475,69.90062682649484
803054,3995,0.950847975778054,0.8634610904019767,4.462268444472527,2.012580503057584,0.5203005842549596,0.2584164756827621,49.4726762537973,115.31236875551562,52.03000425310986
803055,3995,0.7970967398486833,0.8008837202602922,4.56059483653909,1.9597167962327533,0.5756798915609906,0.2462036318579029,45.887257051650806,112.28350146503591,57.56791765632379
808025,4020,0.7988205536322233,0.8475647187403521,3.1666832185474836,2.114939589703559,0.6079197689554312,0.3826625641704184,48.56188124801485,121.17711241514391,60.79190155448997
808026,4020,0.9570907050650286,0.9144499657113399,3.1285987605822188,2.104430553952162,0.5474311137537549,0.3853961401301654,52.39412361114262,120.57498901983678,54.743054749996766
810694,4033,0.8970410250680596,0.8948612420244875,4.191505724386445,1.910321233510476,0.5715655183371625,0.2611313239928026,51.27177241783803,109.45334419437569,57.15648875418962
810695,4033,0.7322452113020627,0.8293633746625383,4.149847721587687,1.889519962531506,0.6489495549918834,0.26088070252484435,47.51902105089068,108.26151915877274,64.89486776093179
813504,4047,0.9375210424787354,0.8206019851210907,3.3247166783367246,1.8750566240423887,0.5015037292569183,0.32313379146727605,47.017030407495675,107.43283090567719,50.15031996814315
826168,4110,0.9969492057364706,0.7928754574365164,3.6785915496571517,1.947238033469755,0.4556743380058518,0.30329140709377744,45.428417390616936,111.5685210251711,45.56738855082325
838576,4172,0.7208208238408365,0.8534451558251398,3.864440076632452,1.8465642430148095,0.6783766947205452,0.2737792160124153,48.898805474665394,105.80033772451829,67.8375763016058
838577,4172,0.8655113193206919,0.9186185755061396,3.692810803760521,1.8825496876695285,0.6081141352607276,0.2920868608410931,52.63296735882154,107.86215182713529,60.81134396808029
841186,4185,0.33160279761608635,0.8188169586986153,3.583150501513931,1.873324782133004,1.4147876570901694,0.2995509212593351,46.91475592716849,107.33360367348557,141.47834332550065
841187,4185,0.4109117486963394,0.8842680620782487,3.5327158460913806,1.917719185951062,1.232985594669654,0.3110276063012569,50.66482791529593,109.87721564625977,123.29826240737242
841188,4185,0.5208110688561431,0.9444392562728856,3.4398334597115787,1.9380518943140541,1.0390021562090745,0.32281270299646275,54.11238339091071,111.04219402152957,103.90001811931404
841189,4185,0.6619000135243542,1.0094088036471838,3.3352458510195504,1.9583271364079664,0.8737703912501108,0.3364186164908909,57.83486425233325,112.20387982211673,87.37690843587936
841190,4185,0.8416211432201023,1.0768508627698279,3.2471326441282784,1.9760904774774741,0.7330971823327841,0.3486819183426502,61.69900960173253,113.22164429545093,73.3096319990679
841191,4185,0.972218097367187,1.145092908984293,3.096535115554503,1.998026891872915,0.6748381905047045,0.3696987233027424,65.6089908351581,114.4785082579597,67.48375033244069
841241,4185,0.9470372407948693,0.8450921883250496,4.009699794064863,2.167591176904387,0.5112810045207845,0.30973347685658154,48.420215690500285,124.19382614641637,51.12804700458576
842251,4190,0.980508849379161,0.8374135692972301,5.082437658429536,1.8491591986374072,0.48934043551730416,0.20846102725044327,47.98026322771738,105.94901772971689,48.93399414406444
844403,4201,0.5165694213344667,0.8032549075572365,3.528875656404407,1.9663828554049978,0.8909376607382299,0.3192672374212195,46.02311607620074,112.66543852158999,89.09359532686425
844404,4201,0.6536662786805282,0.8774213712737414,3.498795117692645,1.9940561158971093,0.7690857292035869,0.3265438397603445,50.27254142856663,114.2509995531541,76.9084564398652
844405,4201,0.7661848867636263,0.947290639414424,3.334815409756302,2.0097221668116547,0.7083897873732179,0.3452922685616265,54.27575561069561,115.14859815219462,70.8388872052404
844406,4201,0.8581423684409659,1.0163857442527453,3.13517292226552,2.0188511743122017,0.6786124886262274,0.36894823428299145,58.23461350294537,115.67165175311924,67.86117057426343
844407,4201,0.9636080377466454,1.090424571150316,2.972751803485099,2.0315144302772334,0.6483624327378222,0.39154699139970056,62.47672580427585,116.39720287480942,64.83617666182828
851984,4238,0.9528222587620796,0.8400219547873697,4.781390073118011,0.9137075941095008,0.5051279161451208,0.10949031127238142,48.129712707645545,52.35158885152687,50.51273913083975
851985,4238,0.8039604842164287,0.8347918026808979,4.872056945639016,0.9741966648864979,0.5949303157283902,0.11456630704842811,47.830047065733254,55.81735731371693,59.49295831298464
851986,4238,0.6770037517650972,0.8297928538338919,4.972257920057133,1.040936204276543,0.7022653503555336,0.11994802378791387,47.54362839479802,59.641251247413635,70.22643234163651
851987,4238,0.500876487673108,0.8150136333602919,5.009328983595117,1.097078122541991,0.9323025067876838,0.12548176871226033,46.6968414371674,62.857946217792225,93.23006640626572
851988,4238,0.3613504490433878,0.8014899772520211,5.116076054456145,1.151122189229624,1.2708436330798532,0.12891607223147947,45.92199301857717,65.95444314671717,127.08401513304372
855114,4254,0.9402096807538629,1.0158857766190619,3.941428783886398,2.030347552631415,0.6190743196974757,0.2951476527774329,58.20596746764217,116.33034571049588,61.907366783977075
855115,4254,0.7825937785211184,0.9475889791505993,3.936257378907441,1.9762657116125792,0.6937551768847754,0.287663313864869,54.2928492184395,113.23168447181908,69.375429926887
855116,4254,0.6364016211934507,0.8845976470173236,3.954899446916771,1.9140243597707571,0.7964107767330562,0.2772902798029379,50.683711741295994,109.66551770009386,79.64095378213314
855117,4254,0.5159246750414056,0.8209524072528007,3.9891400031042923,1.8550923248571505,0.9117049344695664,0.26644580153182945,47.03710811669063,106.28896082142658,91.17031850162462
859078,4274,0.7599175913440119,0.84961067619712,3.2294755222042117,2.002981110875598,0.6405840039664263,0.3553591378946546,48.67910597535097,114.76236409759697,64.05831694320813
859079,4274,0.9407589485116133,0.9227666277763052,3.272825828524713,2.008575424774673,0.5619997850538568,0.35163158796485516,52.87063324710169,115.08289467328535,56.199919363859934
865709,4307,0.8550742638427697,0.8236954930193552,3.5903981485231746,2.0218916464401935,0.5519318823832917,0.32265462731139205,47.19427535395661,115.84585797378033,55.19312433605218
865764,4307,0.9093900119916777,0.8833566146803505,3.071572338999373,1.9158458829101805,0.5565555438501543,0.3573735885597095,50.61260582614818,109.76988328826823,55.65549379611788
865765,4307,0.8088712558876578,0.8134589916137713,3.055780614564334,1.8624550709449958,0.5762074756764838,0.3492096724485923,46.607767026436925,106.71081509788658,57.620677044101946
866313,4310,0.5894427091544783,0.8001108966465224,4.689860539608971,1.9982637301909367,0.7777342230307444,0.2441268282562376,45.84297752027374,114.49207809400933,77.77329167874697
866314,4310,0.775153327255135,0.8721329985698876,4.606716977062679,2.047997844974807,0.6446407128825478,0.25471856269547677,49.969539992143616,117.3416329689443,64.4639889569972
866315,4310,0.958584104749223,0.9375624019702972,4.50260535369597,2.081959440219619,0.5603928527138109,0.2649299225817256,53.71836866304601,119.28748904200359,56.03922739556793
868323,4320,0.9339645761814849,0.8303908213339635,4.999098748057307,1.817737916928881,0.5094185594698013,0.20833497384516525,47.57788940883811,104.14871090092672,50.94180194880431
888423,4420,0.8770420270063626,0.8503282275532894,4.439112800317112,1.8823179727213089,0.5555060827636238,0.24295141877876258,48.72021863964336,107.84887553855222,55.55054557122648
888480,4420,0.818184052690301,0.9778519040877708,3.521806142168649,1.766691007299591,0.6847699637271949,0.2874205281277371,56.02678709306064,101.22393842198268,68.47691351588144
888481,4420,0.6612270402697056,0.9110907584775831,3.397652788754813,1.7204774231118947,0.7894664199361807,0.29012998364041725,52.20165521413854,98.57609509185517,78.94652379358598
888482,4420,0.538182647172777,0.8408444581824038,3.3536228381352085,1.674436575553882,0.8951763502358567,0.28607316083537093,48.17683868081618,95.93814884157582,89.51747035403628
902949,4492,0.9975655668417975,0.7975753391277421,3.4691346410992905,1.966595850660903,0.4580921980127839,0.3248004288767075,45.69770077573497,112.67764225080967,45.80917433952264
912400,4539,0.8739821327012995,0.837036126549997,4.410510955492725,1.9150512885506528,0.5487370394441103,0.2487792395110493,47.958637351293106,109.7243563850424,54.87364178649874
915761,4556,0.8568576165562133,0.8222737515765528,4.094164970794505,1.8151950826910417,0.5498324821951551,0.2540274212665327,47.1128155697252,104.00301723109716,54.983184692797465
915762,4556,0.9916030358178735,0.8909244218248029,3.9162383878189817,1.842659964851427,0.5147847160311149,0.26958685437155405,51.046209235694256,105.57663906371138,51.47842020791234
916620,4560,0.9901398503863221,0.7860267355497136,5.344304349701601,1.8962168461214048,0.454844980323008,0.2032916073111348,45.03601453144426,108.64522232436437,45.48445255427307
920639,4580,0.8136113890473234,0.8075012526959573,4.3096298312766965,1.962504466702808,0.5686549350854692,0.2609115570453095,46.26641373100534,112.4432232176433,56.86542431486288
923397,4594,0.7830995211668166,0.7866007749653203,3.5980521401095737,2.072483252983501,0.5755194936725363,0.3300245203613351,45.06890456723268,118.74454350749828,57.551876609761656
923398,4594,0.9649362710500562,0.8561995765582218,3.563232039561516,2.102165345374475,0.508392347982711,0.33802233605145143,49.05662215767432,120.44520212861848,50.83918263856708
923452,4594,0.9878547169832839,0.7940702717164942,4.985386013583007,2.0505375855349777,0.46056240825106165,0.2356630937470756,45.496875206161626,117.48714938410026,46.05619466889364
929628,4625,0.761265427994791,0.8044877951909539,4.514912685254259,1.751269983874177,0.6054886119044068,0.22224212434806198,46.09375533422663,100.34037886393408,60.548782448793375
929629,4625,0.9374866406073055,0.8734958481336652,4.431094989461536,1.8172156113831228,0.5338489405458562,0.2349730371616744,50.047625520259324,104.1187849975385,53.38483767939428
932040,4637,0.8316898338774473,0.8050804195212965,3.960483357632622,1.9245531563196034,0.554626349555245,0.2784225132893508,46.127710207192024,110.26877330569465,55.462568935789314
932844,4641,0.5339070740083196,0.850236809553267,3.3337915174280526,2.0087754377638873,0.9124243193842217,0.3452356082451499,48.71498077407055,115.09435457341512,91.24226275197974
932845,4641,0.6811759557804187,0.926085575888994,3.325618460839658,2.0438553303732347,0.7789587071762033,0.3521278384532673,53.060794966381664,117.10428436570288,77.89575750634482
932846,4641,0.8409289931439057,0.9970333281614067,3.3093477143953645,2.05320402139016,0.6793177726533335,0.3554776792953602,57.12580173753061,117.63992490494456,67.93169729142346
932847,4641,0.9894040384989027,1.0761545107827435,3.255720578992731,2.0631267568331966,0.6231944539277415,0.3630792401740694,61.65911157181704,118.20845576705544,62.31938303585405
933649,4645,0.8418798627106359,0.8183879810205458,3.277005781520963,2.063017677231793,0.556969929281425,0.3607018525023804,46.89017731670979,118.20220596626406,55.69692743191204
939477,4674,0.5317586606459376,0.8147773331244585,4.226214561462832,1.8817269345563736,0.8779039253699257,0.25511012212721595,46.6833024309562,107.81501154617027,87.79022909381504
939478,4674,0.638465369124541,0.8861132740870835,4.046642570854638,1.9091205088877183,0.7951966141895622,0.27030938748742317,50.77055077570902,109.38454774113423,79.51953811651053
939479,4674,0.7531463882075617,0.9562094403567152,3.882011574103841,1.9293890588361422,0.7274384554370179,0.284764348882149,54.786765263006195,110.54585011002902,72.74374992309922
939480,4674,0.8925919647924093,1.029348048785765,3.7458850588930077,1.9492431966823447,0.6607419796617271,0.29814958644070816,58.97729884545069,111.68340841448739,66.07412468141855
942492,4689,0.9227994449084662,0.8128154572680403,4.230511184251202,2.034649494855697,0.5046697305328844,0.2755620384649292,46.57089522445482,116.57682884365633,50.46691891124332
948724,4720,0.982609775570979,0.8015175847227224,3.331045838701906,2.030523076008119,0.4673632960356275,0.3492608860503203,45.923574810131385,116.34040245918689,46.73628251577635
950533,4729,0.8029948801643898,0.8173043772397052,3.3997480578702386,2.0527787564849267,0.5831679873307353,0.3459537491387695,46.828091393403206,117.61555902069966,58.31672683528156
950534,4729,0.9761209529773894,0.8822370924136086,3.4400983245409007,2.046901166679514,0.51785038783522,0.3409169928475078,50.54846192519295,117.27879793114039,51.78498626222767
954208,4747,0.9956885816157305,0.9217120427504563,4.7901946314550266,1.8863616133548824,0.5303888225764073,0.2256287419834239,52.81020997598285,108.08055908072359,53.0388295218339
954209,4747,0.8637030351865657,0.8556068872120611,4.86070449534213,1.86270071592845,0.5675870176999055,0.21956670972572323,49.02266355957695,106.72488951869707,56.758636711692255
954210,4747,0.7501779083457383,0.7917857715807973,4.944336033415049,1.8506835160773432,0.6047363149548356,0.21446025058690016,45.36598299008913,106.0363546856634,60.473551689327294
955814,4755,0.8595553016256131,0.7907122997241979,4.2321142986616325,1.9893639031223427,0.5270687874361326,0.2693267413200576,45.304477583279905,113.98215556458261,52.706818038095946
965144,4801,0.9844774476449182,3.399048728337117,4.172193590487598,0.4614364369484072,1.9782184445229751,0.06336800945097187,194.7511464930263,26.43836035069825,197.82164552094815
965145,4801,0.8734534966965966,3.0018778743117527,4.212417705364426,0.5304013004982049,1.969136668329969,0.07214326313355222,171.99493281176643,30.389755966797267,196.91344364503357
965146,4801,0.8430322346424937,2.8624445892617576,4.31242488890887,0.6122528827947229,1.945429668877108,0.08134519904968385,164.00599405475717,35.079506178855475,194.54273842988815
965147,4801,0.8322531674779214,2.8242146358666127,4.4246560355988835,0.6933586705598942,1.9443071345741574,0.0897844377110369,161.8155790742335,39.72652551188358,194.43048217421662
965148,4801,0.8313388391915716,2.821564240667571,4.444450341855208,0.7204498647314432,1.9446188852174444,0.0928770339006085,161.6637226152867,41.278736599882755,194.4616569470495
965149,4801,0.8312767964103767,2.8213900527849916,4.54712129634364,0.7510953243936136,1.9446439638178588,0.09464139881143357,161.65374238477258,43.03459209976353,194.4641647868206
965150,4801,0.8312725358952643,2.8213782895264172,4.608590023004044,0.781957490252648,1.944645822816219,0.09721598933571192,161.65306839970293,44.80286395011894,194.4643506852482
965151,4801,0.831272242783393,2.821377493512154,4.680163535152054,0.8057542257804635,1.9446459598545942,0.09864252822932472,161.6530227914452,46.16631646205179,194.46436438898775
965152,4801,0.8312722226111732,2.821377439638805,4.760334834685073,0.826861736557102,1.9446459699122751,0.09952175485822214,161.6530197047297,47.37568774558008,194.464365394749
965153,4801,0.8161211581411733,2.7903797252232136,4.852377661328101,0.8525970603503086,1.9589858434661853,0.10067273508404194,159.87698149416448,48.85021318333342,195.89834671111683
965154,4801,0.7707511538576677,2.668362804540469,4.947966072375385,0.8755392266979167,1.9835964456369437,0.10138449143098353,152.8859269098607,50.164702487938435,198.35938977874545
965155,4801,0.7371080861374124,2.496362715773219,5.086385820374003,0.8976728198150608,1.9404351749374598,0.10111868362771985,143.03104774762176,51.4328639590106,194.04325687684957
965156,4801,0.6500248703128989,2.2211302005632656,5.18430875687693,0.9227212231993085,1.9577925414187545,0.10197701204497768,127.26138624132119,52.8680317564692,195.77895596687893
965157,4801,0.4849825545760152,1.5264646118833378,5.167709754286072,0.9562484433871448,1.803363383041417,0.10602182102153568,87.45997983699051,54.78899997203803,180.33597018243273
965158,4801,0.4541708019319153,1.4334031695756542,5.259236406502659,0.968510930406572,1.8083053732143368,0.10551263402128352,82.12795195736004,55.491588724585164,180.83014314849916
965159,4801,0.42838175230767916,1.3497154719917392,5.346667466059052,0.9708730562627559,1.80523558407445,0.10404037433767063,77.33300008863453,55.62692856682323,180.52314121435808
965160,4801,0.4040021103114059,1.2752392194080073,5.439590713707589,0.9701195318827658,1.8085505364505776,0.10218370760475903,73.0658251416364,55.58375480008959,180.8546104640561
965161,4801,0.3863493210008584,1.2413169425305033,5.545956960685981,0.9652030647566989,1.8408786074725514,0.09971599541063662,71.1222218450812,55.30206198365114,184.0873890329269
965162,4801,0.3592306374231599,1.146998133989823,5.673383748276982,0.9656870100878203,1.8294138503607211,0.09752520253529126,65.71815218699776,55.329790008639456,182.94088087120377
965163,4801,0.26388034867811994,0.8884817799084009,5.681874290696099,0.9587835193301548,1.9291415404326435,0.09668332352510428,50.906256163022675,54.93424912431765,192.91343028990528
987719,4914,0.9431254122185642,0.8196819902877964,3.9145500371298,2.082763966169989,0.49796471900733413,0.3048462365961204,46.96431858637407,119.33358498346853,49.796419629366035
991335,4932,0.5045109532342891,0.8492834975652672,3.5930581807909707,2.095698411354425,0.9645055026881869,0.3341851640773092,48.66036002059894,120.07467410288002,96.45036100463147
991336,4932,0.6329798550299551,0.9201969735492029,3.4502606814708137,2.148102769940466,0.8329396528685109,0.35671861834151336,52.723402905080775,123.07722267795033,83.2938350127283
991337,4932,0.7436342202131068,0.9893498085407467,3.26772516885897,2.1918136046325483,0.7622775578151665,0.38430915132419885,56.685568491460835,125.58166902480068,76.22765429966617
991338,4932,0.8617281393497578,1.052329773783359,3.107374618012202,2.1720954603093827,0.6996876536903173,0.40050498402526297,60.294054693743135,124.45190257525344,69.96868498521441
991339,4932,0.9642779280200112,1.120030440887709,2.9094139992177146,2.1465099452991385,0.6655033228366863,0.4227172900070224,64.17301718904257,122.98596054849784,66.55026395817997
991392,4932,0.9997032004088484,0.9037316585028461,4.313834260926591,1.9617330368740742,0.5179538217487051,0.2605548022597622,51.78000984457128,112.39902354426634,51.795330882269816
991393,4932,0.8395204891389698,0.8373810446979099,4.376995308913002,1.9007755179264696,0.5714976555623554,0.24881547053156558,47.97839970544597,108.90641497897985,57.149698162763634
991791,4934,0.9978044422159436,0.7925228575926504,3.5055600475254742,1.6726557978064331,0.45508130182084267,0.2733831861949202,45.40821490770644,95.8361177923962,45.50808502994641
999374,4972,0.5271852878169155,0.7991086852382256,4.501967304843997,2.087223536015111,0.8684907417941536,0.2656374228211869,45.78555503639848,119.58909951403783,86.84891108605457
999375,4972,0.6573253308797271,0.8676587532925364,4.399484723188038,2.14262878884477,0.7562949658187792,0.279040828890599,49.713184621245055,122.76358666403257,75.62938267619955
999376,4972,0.7713982796630332,0.933519685032733,4.237719777253197,2.195651241559961,0.6933738220773334,0.29686141543017636,53.48673804475752,125.80154942404499,69.33729322138062
999377,4972,0.8863866176718341,1.002631893783479,4.071391561405166,2.251866400024635,0.6480984045290762,0.3169001027926188,57.44657591900239,129.0224407487299,64.80976806725965
999576,4973,0.6558788147504901,0.8374404817198199,3.85109794915317,2.232222241658599,0.7315650907650741,0.33210506390336825,47.98180519594825,127.89691338226946,73.15639865239866
999577,4973,0.842534027906252,0.9042501145993967,3.869644348249559,2.2187140945632886,0.6149272653662365,0.3285132735613217,51.80971519076646,127.12295356466626,61.4926542811123
1001439,4982,0.9535062074685392,0.8787164874224318,3.289975544018527,1.4777764608803539,0.528016967225775,0.25735861219030526,50.34674611786583,84.67035427222388,52.80164190004511
1001440,4982,0.8513142610361852,0.8148678579449216,3.2619725418729706,1.4337097666431808,0.5484283619994127,0.25182774339463343,46.68848912110991,82.1455186753404,54.84277242285383
1006464,5007,0.9095646999067313,0.9218746756226662,3.471452887388554,1.925247482172261,0.5807121536035276,0.31775904356829904,52.81952815317057,110.30855524665876,58.071152153810104
1006465,5007,0.8245708976434639,0.8567258244018315,3.673572289258047,1.9256017739003206,0.5953008223195239,0.3003312462087003,49.08677393809102,110.32885466739297,59.530010758765414
1006466,5007,0.7245748925440296,0.7880583342122317,3.752503986978087,1.8815970681439262,0.6231573354519719,0.2872950191009912,45.15241656047097,107.80757074883654,62.31564840218201
1013906,5044,0.8750232393595844,0.902221504047621,5.756270337334164,1.7166245469064734,0.5907669813997245,0.17086643887712524,51.69348436787401,98.35534154629813,59.07663130075986
1013907,5044,0.6963856970806154,0.8386595943637849,5.8502200770236685,1.696557806961017,0.6900149545952111,0.16615717117112905,48.05165520519848,97.20560203883691,69.00139736534327
1015511,5052,0.9469598428127042,0.8442608755601756,3.764435850945884,2.0349412648775775,0.5108198075550844,0.30972382142062116,48.372584977617656,116.59354603449853,51.08192735186315
1019273,5071,0.7308314784601162,0.8496428005333097,4.733487249414228,2.211176824835046,0.6661035728880059,0.2676485493189314,48.68094656423429,126.69109982018625,66.61026705710502
1019274,5071,0.8650669527290084,0.9172946419023186,4.619334450995108,2.2630217793115253,0.6075496327494261,0.28069324270753143,52.55711155096705,129.66159690073638,60.754893745822436
1027315,5111,0.5812816261935461,0.8264339451383865,3.336838009004496,1.900552254366446,0.8145995702332752,0.3263377553812411,47.351177102775765,108.89362291927144,81.45981828641398
1027316,5111,0.6726833179296038,0.8927964919037138,3.1671861494079683,1.9231110721861846,0.7604391074714101,0.34789918377183016,51.153470950168575,110.18614797114698,76.04379883213178
1027317,5111,0.7672027705965074,0.9618050338405428,2.989217833466036,1.9475478161998696,0.7182894867854093,0.37329587909453604,55.10736915350042,111.58627026817271,71.82885599044172
1027318,5111,0.8498935399473768,1.0307626161379912,2.8024798303264364,1.9722515052869891,0.6948911141663211,0.40322033994758544,59.05834758457026,113.00168739126805,69.48903047221246
1029123,5120,0.8978982250865437,0.8390292094568541,3.7587516787253707,2.0814896213927883,0.5353928843110176,0.31728770688369895,48.07283259007568,119.2605704060904,53.53922940009464
1047298,5210,0.5835159567279673,0.806701628818264,3.2556915382266385,1.975391783858878,0.7921051229633872,0.347642307090124,46.22059865761563,113.18161209993264,79.21037790708701
1047299,5210,0.7635987444402406,0.8747685716094213,3.233976569687062,1.9685409343947033,0.6563728255508806,0.3487628452475376,50.12054720390737,112.78908733955598,65.63719745695883
1047300,5210,0.9505327104770677,0.9465468132724169,3.2762840440022143,1.9952087469437383,0.5705551880933437,0.34892286066531775,54.2331375120671,114.3170404474617,57.05545938486262
1059932,5273,0.9978449619858535,1.0556008178011989,4.187102817907398,1.7820681382126402,0.6061209246783109,0.24385592453995186,60.48147171056687,102.10498312432055,60.61203233232538
1059933,5273,0.854214555625646,0.9876551139297324,4.1973573648550415,1.7496847840146041,0.6624620080230016,0.2388396904272608,56.58846964268615,100.24955360229582,66.24612402573204
1059934,5273,0.7255373124693887,0.9224093220782563,4.236173009041461,1.7135943106993334,0.7284278768558777,0.2317698577451337,52.85016113860751,98.1817218007013,72.84268829130552
1059935,5273,0.6137878184636727,0.8526615540655895,4.272430991270193,1.683370695308819,0.795941303093396,0.22574978078879118,48.85390840102414,96.45003619719817,79.59400192937137
1064901,5298,0.8337995463254521,0.8223989150993172,3.614211677039942,2.0604694374754327,0.565123674555381,0.3266444049372376,47.11998691132859,118.05620258303715,56.51230035646504
1067167,5309,0.9598342359278766,0.7936548996253762,4.400993635629702,2.0868665227019183,0.4737596760204569,0.27168556418320805,45.473076138413035,119.56864415796191,47.37591873719246
1068718,5317,0.39254369259086597,0.833488939126462,4.881860351693711,2.0949668838602666,1.2165625933517112,0.24587503896408633,47.75539848278267,120.03276066486698,121.65595251737682
1068719,5317,0.5480525317322775,1.028316075425426,4.839824795685427,2.150726611440565,1.0750460337453327,0.2546116082079246,58.91817112733334,123.2275577220173,107.50440917898268
1068720,5317,0.7322336860589991,1.0956518490759306,4.7622295850292975,2.2117923187367707,0.857325019397869,0.2661072140565106,62.77622676775547,126.72636502307111,85.7323860272543
1068721,5317,0.8929156970542896,1.1683976678557824,4.663744284436735,2.2584939736335725,0.7497264818188966,0.27746412447889773,66.9442551610645,129.40217274493432,74.97256505776178
1069323,5320,0.8160696026661853,0.7941303795120882,4.327349939719988,1.9284299272602112,0.557554385348459,0.2553315474887351,45.50031912916499,110.49089591873044,55.75537089623231
1069324,5320,0.9999965270504911,0.8652928683392235,4.296071799510294,1.950421081952455,0.49577801084028633,0.2601234365352793,49.57762939860672,111.75089626921533,49.57775200188418
1077216,5359,0.924095972359209,0.7910807292972515,3.6543085281242,1.8828624488853412,0.490485706118404,0.2952133641681303,45.32558704286368,107.88007172479674,49.04851806531513
1077619,5361,0.49319080602371823,1.0157583518849647,4.158664187374923,1.1754643027447322,1.1800435992987746,0.16194898245949765,58.198666568172825,67.34914351556122,118.00412305587652
1089277,5419,0.9305375496305213,0.7909598460542382,3.882452929243356,1.4535592602769993,0.48701592401299065,0.21451080589855348,45.31866094322517,83.28281088602999,48.701540587672966
1091832,5432,0.43219532855438253,0.79365948820062,3.825765911027812,1.7344056159672228,1.0521478365895574,0.2597496130448367,45.47333904440849,99.37412175870973,105.21454265127257
1091833,5432,0.6027698670387428,0.8610372023888777,3.969907620794317,1.7994909942266215,0.8184516111355623,0.25971193496095635,49.33379770063438,103.1032392409858,81.8450266898242
1091834,5432,0.7703430395035789,0.9253679166390775,4.008142141457754,1.8478181689561373,0.688260589284211,0.2641427833348496,53.01967612023292,105.87218238877834,68.82597047729426
1091835,5432,0.9341171357040983,0.9903290216522276,3.9791359792907044,1.8853053377103266,0.6074363748801878,0.2714660650829957,56.74167326999256,108.02003894428807,60.74357311050718
1095249,5449,0.33102895329071624,0.8422438471996802,3.6079899812462477,0.9156101893056254,1.4577883846079898,0.14540117808992617,48.25701776540307,52.46059952638668,145.77840248499484
1095250,5449,0.4655287135075387,0.9091948961342697,3.7123785051760168,0.9768765936509753,1.1190078650965416,0.15076831657254494,52.0930303033289,55.9709059213172,111.90054854035718
1095251,5449,0.5967257052241447,0.9741376687236412,3.712086542144081,1.0343160402957996,0.9353372187356245,0.1596459106197379,55.81397708257777,59.261943791632504,93.53356669635343
1095252,5449,0.7385098529172169,1.040051992166459,3.6119129211008767,1.0991776464629237,0.8069030979480805,0.17436256432198452,59.59058962531146,62.978240077448426,80.69020162658495
1095253,5449,0.9075592479459584,1.1062232459942485,3.561629349633123,1.1646056874257886,0.6983777934036218,0.18734961993154473,63.381923194732686,66.72699068642966,69.83770315875142
1103694,5491,0.796193663255538,0.8485391523645668,3.3569928044708446,2.07031001164687,0.6106267082392923,0.353352040075021,48.61771218209798,118.62002595104595,61.062594897718085
1103695,5491,0.9363260444197742,0.9199570428921168,3.3189072046485846,2.0926130016808258,0.5629412493889988,0.3612571409689412,52.70965589105394,119.89789315051397,56.29406541783401
1103748,5491,0.930075256185202,0.8235929265097064,3.135294467290721,2.0482918713298193,0.5073610754039547,0.37431405658445277,47.188398725834354,117.35847943815212,50.736053535418854
1105099,5498,0.308571648282868,0.8041903194361868,4.249343895730101,2.0434016316286785,1.4932256411809677,0.27552086143132165,46.076711228971,117.07828934246943,149.32208504343058
1105100,5498,0.4528894770049542,0.8720798452657025,4.218256719030148,2.102105189406763,1.1032822789194057,0.2855249530372888,49.96649453214664,120.44175544555605,110.32798671896133
1105101,5498,0.5844816986323693,0.9415541732139756,4.09304466669133,2.1654654318177036,0.9229900527481248,0.3031289412284747,53.94708030809047,124.07202992462875,92.29884893825121
1105102,5498,0.7265126813287369,1.0099410882973303,3.9724414795014438,2.228250201143245,0.7964810884508413,0.321387571250817,57.86536191628625,127.6693322246847,79.64800031082004
1105103,5498,0.8799547972661019,1.0782476366227145,3.8647731486041237,2.276855781191328,0.7020705874700099,0.33754691793953184,61.77903884843716,130.45422682222514,70.20697976009237
1110730,5526,0.8416627089354801,0.8496768844644288,3.8032222728748226,2.1384219045337334,0.5784133992677006,0.3221545858621144,48.682899429636635,122.52254994811037,57.841271891370745
1116413,5554,0.8879213843408242,0.9003100802025191,4.039495480410561,1.7937272985010755,0.5809519646385359,0.254420394936668,51.583967848689,102.77300380151442,58.095131689898665
1116414,5554,0.7789447466194235,0.8343253703644739,4.1732283497045675,1.784493469304457,0.6136933595912164,0.24499963948064798,47.80332246257364,102.2439443598035,61.3692579618505
1118368,5564,0.874481040023552,0.8436649258418158,3.681874130051815,1.9769436703728962,0.552767147700362,0.3076436736804781,48.33843957395363,113.27052864746916,55.27665219133803
1119718,5570,0.9007307814677884,1.2589930889949086,4.632862025475896,1.0950800664992575,0.8008496114360534,0.13543132853699982,72.13499043554671,62.743466039312985,80.08487312171783
1119719,5570,0.7223480474013424,1.2537804679840874,4.67544377919029,1.1822630887039467,0.9944835943749566,0.14488183007022792,71.83632925142544,67.73868525683702,99.44822314067876
1119720,5570,0.5596163273048271,1.243306741653764,4.734496683227771,1.2651489394239066,1.2729476283698984,0.15310538665731577,71.23622893692287,72.48769468444209,127.29453764414988
1119721,5570,0.45066365716024837,1.2273356410392426,4.842972302235883,1.3488576889411479,1.5603909833833352,0.15957938174628486,70.321152277532,77.28385274009779,156.03875555860827
1119722,5570,0.39372319883439905,1.2082394761323334,5.007984540005545,1.430010030842729,1.7582662406014609,0.1636058150949574,69.22702262348027,81.93353942866105,175.82618195280716
1119723,5570,0.35455078289795944,1.1946201175509743,5.199144640565698,1.4851011819497546,1.930518623231291,0.16366159357838372,68.44669085709312,85.0900298756111,193.05132327255055
1119724,5570,0.3281864900024592,1.1838397420508413,5.375484228534707,1.5325621842619994,2.066782784753821,0.16335150677234456,67.82902083936925,87.80934499956336,206.67765501622563
1119725,5570,0.26246325181954944,1.1018249157850903,5.529832683122114,1.570520497733725,2.405285867408238,0.16272498853509296,63.12991743684304,89.98419615892782,240.52767948088564
1134100,5642,0.989288705546467,0.8141557118381033,3.717281096017962,1.9226222810207467,0.4715275270174808,0.29634062950463297,46.64768615479255,110.1581423003041,47.15270551514043
1135453,5649,0.9246121658526071,0.8028996527181618,4.261990575374679,1.8579247550602283,0.4975357525532249,0.2497688462361303,46.00276147327016,106.45124711782832,49.75352198327173
1135506,5649,0.9982215389508264,0.8478491228593499,3.7194509458153315,1.9234763486110484,0.4866472423358051,0.2962993142747034,48.578176403709556,110.2070767686473,48.66467596971638
1138320,5663,0.9275736314175826,0.8711410098177731,4.368677450449557,1.3814628661874995,0.5380996289097105,0.1811806719611766,49.91270322332301,79.15199178658972,53.80990545962109
1138321,5663,0.8302249357754466,0.8090961416852047,4.574808691860767,1.340260652691137,0.5583763096347582,0.16785680855992283,46.357794138881104,76.79127884665118,55.837564380088956
1138868,5666,0.5892741449350747,0.8431081332351626,3.1966989871424576,2.016965489032371,0.8197633869221814,0.3615092007361274,48.306537707528314,115.56360994509498,81.97620096949896
1138869,5666,0.6842919106059066,0.9087579233508212,3.1750909793419013,2.020681182210561,0.7609032349961343,0.3646399547943907,52.067993607075216,115.77650348217082,76.09021341602335
1138870,5666,0.8166655292761091,0.9763598857287022,3.153927313772972,2.0254057897076505,0.6849964648651178,0.3679450781154503,55.941300738129975,116.04720355160993,68.49956344815084
1138871,5666,0.943085311996444,1.0414936297155963,3.16294080282097,2.028000966866205,0.6327443337379142,0.36736664745316816,59.67318937246461,116.19589624988384,63.27436695178078
1157620,5759,0.9038876292365275,0.864468031830397,5.109484644409924,1.921081034082904,0.5479704290424714,0.2154225774229081,49.53036974786266,110.06983535557826,54.7969828868172
1157621,5759,0.7556984796969168,0.7952193572723487,5.223018932676107,1.9002751020276776,0.6029218475358483,0.2084574926013812,45.56271295881153,108.87774325997783,60.29210576813557
1157760,5760,0.6535539617913155,0.8590530994628965,3.899175291524375,2.1002444724650653,0.753114801551117,0.30861691232729005,49.2201169768561,120.33514421792827,75.3113660738642
1157761,5760,0.8330609335752668,0.9265397820593766,4.044004068733183,2.166639769748017,0.6372501252446127,0.3069712891354093,53.08681906297339,124.13931453175782,63.72493679448266
1159972,5771,0.461796514716227,0.8234874854311706,3.0715663116526413,2.0454744476323885,1.0217131327707676,0.38155468799427356,47.18235739704694,117.19705295118919,102.17109424254988
1159973,5771,0.646706490300764,0.8889298758565767,3.2092364012682473,2.046663789933815,0.7875586552165956,0.3653990613895461,50.93193016967006,117.2651972454573,78.75574495972386
1159974,5771,0.8275496302018472,0.9614684341905639,3.325685407128929,2.0483982361784823,0.6656770873676479,0.3529034138063189,55.08808341417105,117.36457369506905,66.5676291017198
1170625,5824,0.5702221216310832,0.7904961782152206,4.844107784907147,2.014262675232195,0.794288615269955,0.23824562748762565,45.29209473295351,115.40875012153519,79.42872362558475
1170626,5824,0.7461861180166325,0.855831644182431,4.854711312882325,2.0710871659032692,0.6571489249703968,0.2444317400514663,49.03554118539529,118.66455360996827,65.71480531013708
1170627,5824,0.9279246695271417,0.9244881094447986,4.81732725972431,2.1301229472373104,0.5708358452995124,0.2533501418674647,52.9692668812155,122.04705472066603,57.08352362771462
1185901,5900,0.6649220928992202,0.8526631944226203,3.8473906462004015,1.938935161983936,0.7347327179160342,0.2887484309714131,48.854002386558896,111.09280153119416,73.47316239769026
1185902,5900,0.8418130583703142,0.9207410144783191,3.9398100735269797,1.9841115896372266,0.6266780136394217,0.288544924143746,52.754574154201514,113.6812201692058,62.66772766462254
1185903,5900,0.9952021421232986,0.9889361016807264,3.953289744575813,2.0125804855933818,0.5693503044937753,0.29168711355250393,56.66186483442606,115.31236775489056,56.93497381201602
1185958,5900,0.9496646159558793,0.8607020402762461,3.2844951970300573,1.99980551216294,0.5192843134121226,0.34885243689407497,49.314594326127896,114.58041569393447,51.92837720726641
1185959,5900,0.8487533488409483,0.7979376153169165,3.294626911251629,1.9487326949410826,0.5386542179323516,0.3388977310270432,45.71845767239275,111.65415881927899,53.86535896378673
1188717,5914,0.4783626977409496,0.7944013424411265,4.144496351991951,2.165162094433609,0.9514923179599493,0.29932382402461016,45.515844161403386,124.05464997275159,95.14903487942303
1188718,5914,0.6335905727025384,0.8580448395409859,4.012636172337491,2.20178293852063,0.775932428303775,0.3143890052540381,49.16234793867843,126.15286978114449,77.59312158932298
1188719,5914,0.778037170551891,0.9246872715781016,3.863109065029661,2.2305445059146454,0.6809530361172638,0.33082365453018286,52.980678030892584,127.80078620500267,68.09521696514123
1188720,5914,0.9287795142563549,0.9895261196130207,3.7245682139267133,2.2182960408273975,0.610431958189195,0.34124492614607804,56.695670371783564,127.09900084999003,61.043130752132534
1191529,5928,0.49417379247957005,0.9862701508753866,3.5391891964978837,2.1376560422583566,1.1435069366556874,0.3460642031999151,56.509117104890585,122.47866927204299,114.35046458227988
1191530,5928,0.6746332681970278,1.052154481049099,3.6346668779611253,2.1366720722749837,0.8935819371525975,0.3368184643008681,60.28401115989073,122.42229194482816,89.35806258552627
1191531,5928,0.8563266306111874,1.1181126784815927,3.7646278706570984,2.1360236274620044,0.7481156659022001,0.32509226057273827,64.06313749706324,122.3851387937973,74.81148010060052
1191587,5928,0.9180007523346676,0.97916947088877,3.904440324151033,1.8547982159566438,0.6111354196188753,0.2721826959248892,56.10227810998445,106.27210962271032,61.11347605525239
1191588,5928,0.8014508340703981,0.9178833011634241,3.974594609879417,1.8574002702034016,0.6561954439414153,0.26775358628232204,52.590839242199685,106.42119634911363,65.61946333705713
1191589,5928,0.6880879272769007,0.8485767093417143,4.051192956127932,1.8569366083016106,0.7065937564723529,0.2626254324802266,48.6198640383798,106.39463047902,70.65927398482056
1193189,5936,0.3005278582293726,0.9311576699688718,4.703877255861237,0.4841098215433064,1.7752564800324089,0.05896720519595538,53.35140455045196,27.737449595262913,177.52506319953
1193190,5936,0.26418860268605865,0.9121173048144712,4.747470287200177,0.54079396545696,1.9781500593600205,0.0652667839230105,52.260471986716844,30.98521180682744,197.8142646621068
1193191,5936,0.25086394327686995,0.8953329364358762,4.792583500337075,0.5970944717217352,2.0448851995971613,0.07138319682162983,51.298798516830516,34.21099320024891,204.48771297715368
1193192,5936,0.24427265988713717,0.8720382215453932,4.839907916203543,0.6695656358997035,2.0454236526636613,0.07926449351721158,49.964109668645285,38.36328504404617,204.5415362906112
1193193,5936,0.23126107662286352,0.8259457074909371,4.9548986335057394,0.7581850716203866,2.0463106801600115,0.0876724385686657,47.32320314617752,43.4408046936722,204.63019201955464
1207264,6006,0.9280085575783115,0.806682099552704,4.224975274090765,2.0062943424780477,0.4980501401375451,0.27207780059169023,46.21947971312205,114.9521982849667,49.80496088179754
1210684,6023,0.942316916200171,0.9141960489948925,4.75182316790939,1.882053815172604,0.5558594332605215,0.22693129855334263,52.37957525494237,107.83374042588491,55.585884927413055
1210685,6023,0.8238514074629646,0.8454932494251599,4.82470619560725,1.8443458074179455,0.5880088784461088,0.21902521360758398,48.44319479886348,105.67323072769639,58.800817185256804
1212489,6032,0.8860382612902871,0.8064447979498935,3.7408661667592726,1.9092464332057184,0.5214885725593131,0.2924236193016138,46.20588333280932,109.3917626730937,52.148798988345504
1218870,6064,0.8970668136064613,0.8274054917772091,3.734648745633333,1.870420873278388,0.5284650081494661,0.28695395193557277,47.406842624780424,107.16722195202541,52.84644249378625
1225901,6099,0.6683584973091191,0.8354952918103534,3.824548076440149,2.2099935213788764,0.7162376703562195,0.3310804274502512,47.87035402378439,126.62330152626448,71.62366094372135
1225902,6099,0.7904423907585968,0.9039122861471928,3.7864905016712727,2.199275801887307,0.6552072484541811,0.33278631240455636,51.79035904625573,126.00922143339245,65.52064278322572
1225903,6099,0.9349485819079647,0.9714550629356801,3.7294353267772777,2.1804714305724775,0.595329792189359,0.33498854126430133,55.66027509283024,124.93181032065586,59.5329161806175
1225991,6099,0.841729525210271,0.8279850921868931,3.1754767861540105,2.0513028451961715,0.5636020752225173,0.3701207820988217,47.440051282059365,117.53099553291828,56.36014123428453
1226043,6099,0.9844592854593683,0.8597738128937585,3.503829074437318,1.280579444412722,0.5003905295210456,0.2094046134326201,49.26141081468288,73.37179749605679,50.0390026314739
1226044,6099,0.913851717401853,0.7928697189166188,3.6913123816303846,1.2776396475613487,0.4971056817586975,0.19831255601619419,45.42808859764615,73.20335954384724,49.71051432314101
1227913,6109,0.935916872787019,0.8219080018210958,4.645316263057746,2.24229244970269,0.5031628397614447,0.27656651614260824,47.09185965237957,128.47389380201457,50.316230752327954
1229120,6115,0.6059055737659673,0.7990008133537441,2.66957315393922,2.0495610864173948,0.7555529385973108,0.43988755090976095,45.779374432689565,117.43120010596452,75.55517040878308
1229121,6115,0.7337347193708459,0.8649849678104605,2.602001248747223,2.0507295601941364,0.6754483059605869,0.45156837771252645,49.55998799779876,117.49814872184352,67.54473946054419
1229122,6115,0.8460870357624509,0.9374631902947093,2.4858830735579023,2.058501655878786,0.6348363861823844,0.47445295308796287,53.7126842527564,117.94345700254578,63.483564336603926
1229171,6115,0.9906914534691609,0.8899185601962043,3.5750802767257723,1.9492845049803158,0.5146766626115036,0.3124007469714956,50.9885776096014,111.68577520561999,51.46761482945789
1229172,6115,0.8897254877966314,0.8232944062686476,3.762992264505898,1.9704392029390778,0.5301780705705325,0.3000214772706521,47.171294775922455,112.89785011553107,53.01774806405966
1231126,6125,0.534369770748928,0.835676570906759,3.513718857290405,1.9507872315577015,0.8960226097332212,0.3181013601764302,47.88074055092237,111.77187509626634,89.60209497203009
1231127,6125,0.6870614052280033,0.9058348897128357,3.5526898851016213,2.0019508286081287,0.7553984980952618,0.32286334202744377,51.90051611624387,114.7033332719638,75.53974096286139
1231128,6125,0.8606912079473442,0.9699032998123646,3.543159322703904,2.020485965838808,0.6456597262325035,0.326729078592221,55.571365615060216,115.76531840797752,64.56589835708142
1233797,6138,0.9863853784746082,0.7919476106695047,4.362258469304651,1.796212003035376,0.4600154890473661,0.23592221179216252,45.375255686832304,102.91536688466687,46.00150273466126
1235405,6146,0.8687637835626014,1.0566354428882276,5.097529488281364,2.041374639829499,0.6968608937208147,0.22944869923107397,60.54075136143198,116.96215126726881,69.68600996137124
1235406,6146,0.7414530669203334,0.9854471092508423,5.3210560213938045,1.9887096850245527,0.7615041605594045,0.21413920649666854,56.46196029344061,113.94467162869816,76.15031437882348
1235407,6146,0.6139242390418304,0.860311859941555,5.519955969860771,1.9553768635583229,0.8029042461937763,0.2029632882004359,49.2922386397011,112.03484163942012,80.29029514511053
1240978,6174,0.8713259156093225,0.8442844065298816,3.405418184264469,2.090512042842031,0.5551761032364729,0.35172630861564674,48.37393320286966,119.77751707612032,55.51754724464303
1250826,6223,0.6939707440030467,0.8169407736287345,4.319040496944229,1.8303125551270831,0.6744845970969171,0.24280667067136133,46.80725844107887,104.8691845985877,67.44836348967166
1250827,6223,0.838031839191473,0.881439796001552,4.198044338785996,1.855669056487323,0.602635571124008,0.25326555957059793,50.502780205761184,106.32200510974717,60.26348592077351
1250828,6223,0.9831725379802881,0.948513192168073,4.091592177691092,1.8836201497267688,0.552759562249305,0.26376891888154147,54.34580272371179,107.92348478514405,55.27590056517711
1251285,6225,0.9120434484775686,0.7862336640694447,5.203468405240798,2.111736694911659,0.493922413932797,0.2325249053246044,45.04787066228574,120.9936000613436,49.392187779314874
1254846,6243,0.6885255305990777,0.7967030272717199,3.439712387870395,2.009374176956294,0.6629778896545819,0.3347043196793077,45.64772098796568,115.12865980216907,66.29769363897744
1254847,6243,0.8365015529331179,0.868279305051607,3.395638911785541,2.0352801785379837,0.5947238095236752,0.343419801230044,49.74873961800922,116.61296435685914,59.4723105668595
1271731,6327,0.8747081795087307,0.800785709992418,4.539332453436131,1.8474329199896053,0.5245365486142475,0.23318430650662036,45.881641476952666,105.85010924893429,52.45359549412927
1271786,6327,0.9796737825418187,0.8307436187900057,4.7777973543695555,1.9161139753488423,0.48585665531172706,0.2297821265343877,47.598103214092276,109.78524385352293,48.585616433441764
1284593,6391,0.5403377591924166,0.8502023432823672,4.380549440137108,2.338521303517104,0.9015287988292658,0.305868938401707,48.71300600221244,133.98740099296185,90.15271470626737
1284594,6391,0.7143810576096361,0.9214888760718639,4.354725382129905,2.317520405009593,0.7390652672786395,0.3049196589582286,52.797423467171555,132.78413814249888,73.90642430723247
1284595,6391,0.8975322750875665,1.0118055974263205,4.271086658087257,2.2933501711376607,0.6459064635717813,0.3076483713935926,57.97219042024099,131.39928575179303,64.59057511219851
1284650,6391,0.9448626677517007,1.1176987484698924,4.532363410616691,1.9260473461807037,0.677764320279437,0.24348088146804361,64.039421054379,110.35438407852693,67.77636101381752
1284651,6391,0.7855388041880773,1.0538304134439775,4.60706895765061,1.8884766297740434,0.7686448323406468,0.23486025790996617,60.38003501286652,108.20174059514238,76.86438636330396
1284652,6391,0.6483964465634324,0.9821503521113725,4.667437680570832,1.855124203754491,0.8678805914751971,0.22772834774512063,56.27307002326936,106.29078734769972,86.78792663592668
1284653,6391,0.514409147833605,0.9057910867937131,4.737055221785069,1.8344115643135837,1.008885740145302,0.22187632481024094,51.8980063938478,105.10404052515952,100.88837985100386
1284654,6391,0.37736913838552166,0.8342171407642648,4.748535458506766,1.8194308610228918,1.2665879436024685,0.21953233822058074,47.79712136326327,104.24570945246514,126.65846208115623
1290075,6418,0.9812185324919289,0.8286299590217178,4.135385697108381,2.1009569015748064,0.4838575442069095,0.2910876322665683,47.47699943004278,120.3759633991187,48.385705601955394
1290624,6421,0.9151811112686641,0.7898754229258055,4.28909228088971,2.1358235784157262,0.4945089777641285,0.2853136946660696,45.2565280747596,122.37367682774995,49.45084428280956
1291482,6425,0.9943084915867272,1.1547368925707044,3.586954036841937,1.9992868636918253,0.6654026420046864,0.3193536851311006,66.16155039235291,114.5506993254887,66.54019794860025
1291483,6425,0.8508695583672305,1.0855223283715483,3.5635040505864897,1.949927050575972,0.7309680624993349,0.3135189085150313,62.19584798290398,111.72259035639581,73.09672120075945
1291484,6425,0.7415684526883515,1.0191242511348033,3.575430902351467,1.9218987841465425,0.7874056318114248,0.3079815879046043,58.39151838945483,110.11668898292129,78.740458061983
1291485,6425,0.6231939152348975,0.9483625167974239,3.5540968783187554,1.8893254982769596,0.8719143024447162,0.30457913945314047,54.33716966089703,108.25037717772108,87.1912917332068
1291486,6425,0.5170150523272565,0.8819212660323101,3.5245756134288366,1.8781288217307242,0.9773480520863687,0.3053101035816698,50.53036640648566,107.60885486704866,97.73461806269289
1291487,6425,0.40567943852993166,0.8150484329068252,3.492599589617817,1.8703708240556418,1.1511264737106153,0.30683263651098386,46.69883530431272,107.16435434279414,115.11236645655327
1292488,6430,0.9534404423070719,0.7971248293364086,3.772212505694742,1.8317921624260776,0.47902192901033763,0.2782291809262689,45.67188846606224,104.95395985215683,47.902143162089274
1292890,6432,0.9220758535338986,0.8121421218254888,3.6278430936152843,2.0372111656797873,0.5046473699795458,0.3217437977239396,46.53231594540005,116.72360177037852,50.464682815822755
1294442,6440,0.5050703711071328,0.8126693966271022,3.426096867229416,1.9360087379013482,0.921901744943137,0.32376530424293876,46.562526566176096,110.92512978219644,92.18999379059939
1294443,6440,0.6388078984017218,0.8845301322084522,3.4176846099339975,1.9575670151914006,0.793350282004061,0.32817635492257685,50.67984342769304,112.16032808448917,79.3349052502122
1294444,6440,0.7734073252633623,0.9565271609379737,3.3879641868652146,1.9737647022412572,0.7086171388937558,0.33379451676306693,54.80496931137675,113.08838719031965,70.86162318296027
1294445,6440,0.8844732493098912,1.0298715744499403,3.3305519272604736,1.9859343536431195,0.6671461690375475,0.3416420431124865,59.00729465647473,113.78565685379183,66.71454222948267
1297513,6455,0.9975475061336538,0.7995002398150762,4.094925340017825,2.210127781020697,0.45920609013840286,0.30923883395468615,45.80798946110105,126.63099403709974,45.92056344071512
1299066,6463,0.9640066093779969,0.8450130765306012,3.598528869787498,2.0130049856909205,0.5022339260471862,0.32051066886447593,48.415682918568685,115.33668981888242,50.223341027160316
1302280,6479,0.5925051662874716,0.8164732141429847,4.017194554934744,1.9343468721956194,0.7895368872385539,0.27588883261605474,46.780469255874095,110.82991189114064,78.95355680260919
1302281,6479,0.7556504271388405,0.8792025058677756,4.084320155593821,1.9468863475675424,0.6666388378505483,0.27311367959578653,50.374592923549535,111.54837090726006,66.66379644684228
1302282,6479,0.919663689679038,0.9461927087128038,4.104635208438476,1.9603686326805652,0.5894855786328761,0.27364392440495233,54.21284881529493,112.32084894242833,58.94849440638539
1302341,6479,0.9286427754106529,0.9542136582745129,3.7292931425747082,1.828691773404843,0.5887346160632866,0.2809549058219081,54.67241537286817,104.77632064639138,58.873398843051135
1302342,6479,0.8030420017158758,0.8868135354981422,3.6953624111549366,1.8056399125832918,0.6327274545767586,0.279960487012421,50.810672799118564,103.45554631139353,63.27266745435864
1302343,6479,0.6753281055039917,0.8224692925206469,3.6225161348386177,1.7985012260357633,0.6977944225730264,0.2844612020508856,47.124019240543795,103.04652970095333,69.77933996399516
1304091,6488,0.7124777294403459,0.8510689510780788,3.7620003073906734,1.8978564330752254,0.6844095790235231,0.2890461312145358,48.76265897139985,108.739163736963,68.44086280260332
1304092,6488,0.8327071685353511,0.9157014849804157,3.6629459023251245,1.9169980067792225,0.6300633852529305,0.29985672120864104,52.46583038323996,109.83589512344062,63.006263617567264
1304093,6488,0.9717588049071741,0.9786672472705873,3.5642140903242967,1.9355117275449318,0.5770310693980906,0.31113914614812094,56.073502816290784,110.89665318639948,57.70304815359915
1311183,6523,0.9703517774629542,0.8390173688798825,4.729882847074828,2.0278933584572667,0.49540954936225634,0.2456503348035738,48.072154174988206,116.18973074221157,49.54090439218997
1318361,6559,0.722981210393121,0.8448309732044382,3.846114916470245,1.9591043867761018,0.669522911538752,0.2918488270210151,48.40524916654425,112.24841298783588,66.95219947420827
1318362,6559,0.8993404602937767,0.9107737231068384,3.8419017670668265,1.993910693528727,0.5802417677077554,0.2973596778219035,52.1834904254385,114.242667465199,58.024112897444276
1320225,6568,0.9871758761952782,0.8074259405933066,3.954659072387966,1.636619371466451,0.46863076086347866,0.2371162234236348,46.2620986653772,93.77138265438116,46.86302908925297
1320973,6572,0.4881219404683684,0.8428005475771922,4.8423235280785875,1.9547397482190765,0.989279713832847,0.23129048841676264,48.288914347487854,111.99833761941827,98.92777073979194
1320974,6572,0.6627516423229003,0.9046671747439797,4.865217976579916,2.0177545653138247,0.7820970463850349,0.23762310549008978,51.83361097685418,115.60882068573616,78.2095878111947
1320975,6572,0.8393440757408366,0.9693027631919693,4.805134561967208,2.0741579161576023,0.661670920719594,0.24731980521999683,55.53695740126852,118.84049463948027,66.16701402846687
1321979,6577,0.36142281929238507,0.7962355632112577,3.1928460490064325,2.0163237409298804,1.2622594250492285,0.36183028668554734,45.62093727022714,115.52684048731176,126.22559675105603
1321980,6577,0.5110452014724367,0.8661807474834836,3.1933629675555064,2.0645766643570593,0.9711176234936161,0.3704293253860175,49.628501126290516,118.29152934885704,97.11157422420882
1321981,6577,0.6499299486485128,0.9318650976981866,3.175637089661984,2.1014162878256504,0.8215029398656631,0.37914371357254284,53.39193717365222,120.4022842924584,82.15016885205591
1321982,6577,0.8018488553421886,1.00010857574224,3.101040763885371,2.1258300659228175,0.7146234523935702,0.3927748766321037,57.30200044487018,121.80109073939501,71.46225700872218
1321983,6577,0.9270543966962526,1.0659184567049418,2.989775696516291,2.121400604734138,0.6587814958124854,0.406543210057033,61.07262887429133,121.54730130776666,65.87807923014726
1336653,6650,0.701582400216648,0.8159087238732696,4.305494502901762,1.8147015294377797,0.6663240934362572,0.24149313952474352,46.748126345843225,103.9747387127203,66.63231531904471
1336654,6650,0.8862577958003607,0.8993472279953405,4.236101943437708,1.8463258641776439,0.5814199902520265,0.24972647208685522,51.528800480922804,105.78667962322346,58.14193407738006
1337310,6653,0.9788322246483186,0.7940757276966546,3.4630713604785055,1.3334933319025182,0.46481088587304703,0.22062363651574188,45.49718781079792,76.40353992685219,46.481041575948176
1352736,6730,0.8554675347354121,0.8366327675099047,2.8330138301005805,2.03641657476862,0.5603430179866539,0.4118514121363655,47.935526580667364,116.67807506472916,56.03423695237761
1352791,6730,0.96429543754857,0.99818230433732,4.747518292769811,1.9037437362506,0.593092432081516,0.22975473585428452,57.19163322317152,109.07648136162592,59.30918231800569
1352792,6730,0.7933135793503541,0.9312030568224299,4.780185102460277,1.8818661267215973,0.672546213021485,0.22556236658852796,53.35400502560621,107.82298666977887,67.25453737317906
1352793,6730,0.6111254413947549,0.8611164866522418,4.82299492572773,1.8772362611938265,0.80733571546895,0.22301021740362947,49.33834035430694,107.5577149153245,80.73344076178995
1352794,6730,0.45993370294302627,0.7929795123038106,4.867582607605029,1.8645609560990288,0.9878462486392862,0.2194754189542974,45.43437929535068,106.83147342935193,98.78441223205286
1352933,6731,0.910938499482298,0.794144884959733,4.063459932637275,2.0754307802019523,0.49949749358992485,0.29264081855311225,45.501150230094986,118.91342437711548,49.949695074101015
1355600,6744,0.9799988904762615,0.8919004674533705,3.051657374154204,1.9862422344024808,0.5214509169958116,0.3729229162907427,51.10213253082337,113.80329712189652,52.1450390223908
1355601,6744,0.8567446955663637,0.8278375419403553,3.187408948874786,2.0098318600312437,0.5536257996985379,0.3612805403903052,47.43159727566664,115.15488311071827,55.3625159964315
1379322,6862,0.9172537442167588,0.8737641096042165,3.8888208933189845,1.8977568821007806,0.5457922144246395,0.2796052134812389,50.06299577032788,108.7334598862809,54.57916253469643
1379323,6862,0.7725655913684298,0.8083961024745082,3.844105350686866,1.8896995637902307,0.5995307681907265,0.2816567169572763,46.317684846614526,108.2718095528929,59.95299999262594
1383340,6882,0.9908961346078402,0.8028485293997111,4.5140602203707525,2.2194014774074087,0.4642245564603873,0.2817027935183307,45.99983232288824,127.16233770054404,46.42240926561286
1394137,6936,0.623843529987317,0.8412246341022319,3.7368774629719432,2.053847362894914,0.7726075220314814,0.31490672763312216,48.19862115649483,117.67678565795256,77.26062959544541
1394138,6936,0.8082422705264669,0.9134595136433523,3.838487421902497,2.1091465724202965,0.6475456202779418,0.31482504272332934,52.33737488783693,120.84519697416663,64.75448271130774
1394139,6936,0.9910247032606931,0.9753048152370208,3.8926714090315455,2.1012307102135126,0.563869385941016,0.3092777132174771,55.88084965186784,120.3916514785108,56.386882265523
1398817,6959,0.9478208638612731,0.8853839690796879,4.331925725573934,2.150025015145753,0.5352146811258386,0.28437089353537015,50.728764676807494,123.18735921540254,53.52141220940685
1398818,6959,0.8682230092319485,0.8160297930284716,4.512215310213729,2.103430495145426,0.5385144376709362,0.26709206302955724,46.75506309746551,120.5176898709459,53.85138236251511
1401631,6973,0.9808455079317788,0.8011403660841891,3.7762749006231924,1.9178137174229408,0.4679836012400721,0.2909815479575237,45.90196177418976,109.88263190062959,46.7983128889137
1405192,6991,0.40654635978586884,0.8332370222475752,4.116881219771686,2.209345362910463,1.174305522245344,0.30748073047662083,47.74096470883434,126.58616478156873,117.4302662646237
1405193,6991,0.5826827621591405,0.9008102127332602,4.145430650518875,2.2049374129771664,0.8857756878695117,0.30475388011501064,51.61262333189766,126.33360785408587,88.57741829057767
1405194,6991,0.761455282897521,0.9682707204854174,4.085889396404872,2.187158654193637,0.7285762700368047,0.3067017913269261,55.47782570990584,125.3149600108085,72.85753227854343
1405195,6991,0.9409302853547,1.0394766159964874,4.048851612718155,2.1722572136777405,0.6329653035211117,0.30739869463783076,59.55762299913969,124.46117036058237,63.29646375472405
1406660,6998,0.9998305314595473,0.9140238506470679,4.792617388186183,1.82252135820295,0.523785850149405,0.21788257484730467,52.369709016372894,104.42278189747955,52.378533151403964
1406661,6998,0.8776590308008844,0.8415624267394947,4.849038865691634,1.7556344586491361,0.549393021747495,0.2074440882554958,48.217975248960585,100.59044484833055,54.939240203248865
1407203,7001,0.611307904567032,0.8480894893276365,4.550275108989485,2.053783537820106,0.7948849872538428,0.2586066241565445,48.591948387878844,117.67312875053896,79.48836999568125
1407204,7001,0.7724775454569958,0.9167953111640283,4.459600369115212,2.1174323383963247,0.6800003655252629,0.2720421698831591,52.52850200708187,121.31993639462614,67.99994940442802
1407205,7001,0.9152052705653488,0.9824878307649121,4.335238729723152,2.1555788539244163,0.6150795599760908,0.2848875878641994,56.292406125792944,123.50557073751604,61.50788946301638
1413436,7032,0.9677032986119416,0.8521572322859658,3.7658196042836907,2.0618516616297167,0.5045452718516484,0.31370434671202274,48.825012891535174,118.13539819341867,50.45447556817607
1419120,7060,0.9388493432156169,0.8386693766105725,3.6762780494688414,1.902119909850108,0.5118202991999916,0.2964504893244176,48.05221568665356,108.98344296221582,51.18197594951282
1425294,7091,0.5443984227191293,0.8054603316961692,4.481513880175035,1.9038657003521369,0.847715107130143,0.2434076342573505,46.14947757139786,109.0834693898961,84.77135655451943
1425295,7091,0.7060165540607339,0.8739952952344823,4.356451470084171,1.9200289912995103,0.7092785676756227,0.2525210214027154,50.07624173122618,110.0095577442226,70.92775731029268
1425296,7091,0.8737573038883125,0.9439400888297946,4.224671537393249,1.9352145123685789,0.6189794619569213,0.2624573834138735,54.083783203151256,110.87962401118722,61.8978760630634
1427102,7100,0.7019848228130576,0.8106343257771853,3.5958918729609572,2.0233756831592813,0.6616371668507909,0.32239814429283065,46.44592559546575,115.9308870144265,66.16362337538907
1427103,7100,0.885997345271117,0.8789512765132288,3.701443794478887,2.060661213193966,0.5684012287647732,0.3189760449137616,50.36019854184421,118.0671905223222,56.84005936425751
1427156,7100,0.951167928332934,0.7881298482640946,2.975458193921554,2.0116832517962755,0.4747480670233926,0.38737213614081284,45.156514013818594,115.26096004507987,47.47475728939354
1432530,7127,0.4233112437948432,0.7944822746343301,2.983193937363651,2.021537575420958,1.075343044306639,0.3882602782198898,45.52048123450069,115.82557119873023,107.53405294027365
1432531,7127,0.5749334182244733,0.8580724204870717,3.000365659127611,2.057166281507038,0.8551238421170543,0.3928419355672931,49.16392821048412,117.8669456869747,85.5122369648931
1432532,7127,0.7374968374360785,0.9228292377218148,3.037651928011464,2.093648626382733,0.7169416481786077,0.394901168807445,52.87422053273493,119.95723007509275,71.69406857727596
1432533,7127,0.8976329085873875,0.9936120363213055,3.0316789160135658,2.094793129172217,0.6342211273200756,0.3958955027351536,56.92977615461026,120.02280525457113,63.42204278379036
1439765,7163,0.4098482947021161,0.7975373985976908,3.3907849420864298,2.006559288509154,1.1149375615132224,0.33905830124557357,45.69552694349054,114.96737857434783,111.49348683569814
1439766,7163,0.5581893486432636,0.8613778362239293,3.3627816717296626,2.036714756012768,0.8841679587317908,0.34701973138953845,49.35331458174219,116.6951595915488,88.41663905816404
1439767,7163,0.7339586978931028,0.9273247915647651,3.2872194767066008,2.055043840512447,0.7239071656637144,0.35819128978724135,53.1317967945098,117.74533877571909,72.39061892230514
1439768,7163,0.9163641602520834,0.9903068435852379,3.2060536896008625,2.055390375217839,0.6191905402057298,0.3673213388985157,56.740402560356294,117.76519375179285,61.91898712599193
1444190,7185,0.8387249194094163,0.8026757249153245,4.064720083455738,1.8546706534807815,0.5483315177913636,0.26143202579264224,45.98993135525195,106.26480083121916,54.833087056180965
1444191,7185,0.9879862556715223,0.8773005019545832,3.9359414049398906,1.8799960225793804,0.5087683692904508,0.273672360026286,50.26561612670625,107.71583759517992,50.87678594856099
1445596,7192,0.8787155693671547,0.8383816878929202,3.338983949294997,2.0943265291009783,0.5466584804597818,0.35937899823006325,48.03573233731856,119.99607103976864,54.665786457075164
1455044,7239,0.7750369448481838,0.8373296478138563,3.0934542293123113,1.980114244898227,0.6190086108901368,0.36674920787457077,47.97545488090959,113.45218918640231,61.900782019526964
1455045,7239,0.8678438586678806,0.9062203551771819,2.992750925021698,1.9810039669937525,0.5982942731415376,0.3792603159159736,51.92260166049896,113.50316650741546,59.82935906332246
1455099,7239,0.8236784373499495,0.7961580267489885,4.577926791951298,1.954122980150725,0.5538143544358158,0.2445714059133495,45.61649475818074,111.96299941216328,55.38136887931082
1455444,7241,0.4638165512914656,0.7915598239821322,3.4684542900926707,2.237798429963928,0.9778227198272537,0.3696643932558354,45.3530371462945,128.21640543793504,97.78206327037933
1455445,7241,0.632861050628029,0.8630604305174926,3.3896959924966636,2.221068673593263,0.7813677157561884,0.3754255865773293,49.44972013339616,127.25786100561382,78.1366493445516
1455446,7241,0.7911582202206341,0.9330104142288462,3.2814558953486217,2.19901279609624,0.675687326947956,0.38395808429487704,53.45755897706558,125.99415231157681,67.56864814412152
1455447,7241,0.9461707012752805,1.0004946820987524,3.1218507742981534,2.166318401005999,0.6058539122636563,0.39758755313821736,57.324122709541506,124.12090145917277,60.585327834554995
1472528,7326,0.5277016917724284,0.8070764128998263,4.376612687966373,1.818435381792146,0.8762918908239518,0.2380577855160968,46.24207220371784,104.18867269395047,87.62902468509618
1472529,7326,0.7111788414031512,0.8746140792235674,4.319021790789441,1.8484291884138178,0.7046285943874875,0.24521105960971493,50.11169544223103,105.9071912249038,70.46276135071703
1472530,7326,0.8942199428540945,0.9449023834962095,4.230417889459811,1.8732727233520574,0.6054317894986444,0.2537116272573354,54.138918626184775,107.33062092505074,60.54311192196977
1472930,7328,0.7525226866297217,0.8115629842513655,4.104578250874468,2.019307838938691,0.6179100512834792,0.28187504136958746,46.49913380664534,115.69781670887,61.79092383775712
1472931,7328,0.9162002530084402,0.8798211406012634,4.1004867389714486,2.0823331133160767,0.5502076360173912,0.29096277158626405,50.41003808283859,119.3088989333482,55.0207041491289
1477355,7350,0.842856134618456,0.8028306095860627,3.2597957440530787,1.98811269264379,0.5457491872948171,0.3494405020414178,45.99880559319652,113.910466484879,54.57485462707655
1477356,7350,0.9916549561736534,0.8686545708044487,3.1654648382606654,2.0018149173943858,0.5018907025079865,0.36233397504334897,49.77024076184285,114.69554613302783,50.18902014553861
1478815,7357,0.9958674843840889,0.852278441332742,4.08767817998241,1.941604678297356,0.49034593390916137,0.2721490009216532,48.831957658354256,111.24575354929443,49.0345446452753
1478816,7357,0.830569495756497,0.7856429431088,4.138973886729639,1.958822382530661,0.541965778088269,0.2711596113796376,45.01402484437089,112.23225533476734,54.19651320911826
1479219,7359,0.9032199985416514,1.1391376892523746,3.5772279265140337,1.760425153867422,0.7226122236134715,0.28196394877639114,65.26778187844614,100.86493146527184,72.26114315746432
1479220,7359,0.762863104631014,1.0697578985580303,3.5239679657218668,1.7053172152181775,0.8034549254331893,0.27726551386435166,61.29261268815919,97.70747916300425,80.34538827568183
1479221,7359,0.65513520791277,0.9976845759267008,3.4879012411032275,1.6611946534431006,0.8725391937868687,0.2728845679386184,57.16311548589929,95.1794425919871,87.253787526136
1479222,7359,0.5190538985320481,0.9250788616192421,3.3985671990823634,1.6138969555841394,1.021148547699968,0.2720837295106812,53.00311448754929,92.46948412398366,102.11466000503742
1479223,7359,0.3910446926113272,0.8555490623514919,3.3426812010557705,1.5794325305617098,1.2535485102284436,0.2707252421425823,49.0193504391154,90.49481802685338,125.35453366529548
1479224,7359,0.3011326165290316,0.7880288550056334,3.3296889285714975,1.5420602075042082,1.4993635212090373,0.26535073778682916,45.150727526349485,88.3535416450591,149.935859193577
1481176,7369,0.963590040084561,0.8522246260790101,2.6959020699009795,2.015710417339853,0.5067390875108866,0.42839723480746517,48.82887427144199,115.49169963412736,50.67385668836954
1495643,7441,0.5830494671416692,0.819475644880807,3.232871333015545,2.0227788718662376,0.8052917926555858,0.35849460108135234,46.95249586543167,115.89669224616935,80.52904252973214
1495644,7441,0.7475950741307122,0.8863829485630148,3.2786926977945856,2.0297075826325313,0.6793249857183743,0.3546952657505065,50.78600198502229,116.29367813054483,67.93240861259885
1495645,7441,0.9105433475688935,0.957265517241169,3.2835705178897876,2.0361517670313605,0.6023576313572401,0.3552928183149948,54.847274011326725,116.66290269900179,60.23569764368547
1495898,7442,0.9352969159533588,0.8188181279680339,3.149159607010608,1.9695847143794376,0.5016035188349462,0.3583460518096735,46.9148229213713,112.84889152742149,50.160298789450984
1518413,7554,0.99070460989359,0.8102643544550214,4.21590171471872,2.027494779897677,0.4686031221409999,0.2755445962884564,46.42472780016489,116.16689387294268,46.86026538716308
1521573,7570,0.6963755508101741,0.802792458107042,3.801669125772919,2.227150901383273,0.6605145594275779,0.3356587394396563,45.99661967446646,127.60634698801856,66.05136204105861
1521574,7570,0.8355913390859139,0.8688345359858904,3.6810135173914125,2.200771617356561,0.5957523622241382,0.3425549088814937,49.780552007198764,126.0949253467111,59.57516563837289
1521575,7570,0.986457741120516,0.9442708312607948,3.539790510566787,2.1809722702738426,0.5484546427568565,0.3530166703247404,54.102733348553464,124.96050632175667,54.84540923333327
1526053,7592,0.9959513688303139,0.8886246405935446,5.127823419972497,1.7157325721237715,0.5112141271106604,0.1917075275666122,50.91444147733976,98.30423515581722,51.121361895183504
1526054,7592,0.8451659135518709,0.8204864669240146,5.236340476551153,1.6598695892995043,0.5562270128542524,0.1816221123382555,47.01041170234625,95.1035220089749,55.62263613087009
1530416,7614,0.5553108938014861,0.8062335452112819,3.644056361406935,1.933266786885452,0.831854356293889,0.3039690286640311,46.1937794424763,110.76802756135397,83.18528732789889
1530417,7614,0.7076444048093222,0.8656562895839277,3.686267670623859,1.9439998162092404,0.7008951228065324,0.3021565292950915,49.598451902113666,111.3829848429972,70.08941422502159
1530418,7614,0.8927846103882509,0.9322652192490398,3.7318424383250344,1.9599616882044195,0.5982950560525951,0.3009171322113333,53.41486244980834,112.29753274144902,59.82943926098843
1541731,7670,0.9078449190073694,2.1750403331186043,4.585559099008753,0.9689633076171305,1.3727083489322778,0.12107031380410911,124.62063135842469,55.51750802949807,137.2706852002857
1541732,7670,0.5361925206890102,1.6663813734100545,4.602797526909624,1.0304908663745036,1.780640614909757,0.12827585179790635,95.47661975560979,59.042777470038736,178.06373272269693
1541733,7670,0.2344354826556874,1.1071051390678404,4.631054593574373,1.0992447050759484,2.705752922787754,0.135999437804822,63.432451945831325,62.98208225295475,270.5741496684772
1545090,7687,0.7508717687159366,0.84814008407522,3.386638317578151,2.0161705763557998,0.6471790341685607,0.34109950230869546,48.59484725338091,115.51806480364601,64.71781808851944
1545091,7687,0.8761136007071662,0.9164094913971642,3.3248292846831244,2.042507659144708,0.5993103579386997,0.35197917883868524,52.50639616278783,117.0270684921371,59.93096807244928
1545145,7687,0.9544390775070405,0.7885329683538981,3.560461463390097,2.011515827669693,0.4733629593021881,0.3236978358299755,45.17961109360127,115.25136734923802,47.336246830297206
1548707,7705,0.5968340862678382,0.7874226544075007,4.313519449934439,1.7884875219947824,0.7559218729737537,0.23756189736459313,45.11599479053818,102.47278672211203,75.59206190885993
1548708,7705,0.7396331145372153,0.8682456777961004,4.194909278504807,1.812979686346866,0.6725876825665212,0.24762414924030876,49.746812918192084,103.87608437062717,67.25867823081467
1548709,7705,0.9232108576450914,0.94429932361441,4.107014309528338,1.8369001638922562,0.586045590842885,0.25626067646631034,54.10436584016401,105.2466267779155,58.60449624008539
1550371,7713,0.9538326639933339,0.8432853376648847,4.61047098725782,1.508703778133591,0.5065531103183836,0.18749138444620955,48.316690773462405,86.4423590224965,50.65525845583919
1554134,7732,0.6144538019601189,0.8283783084231342,3.792389391690776,1.9256037863731117,0.7724352911315743,0.290922050157618,47.462580912832,110.32896997359028,77.24340465958724
1554135,7732,0.8004444717208579,0.8904433802268074,3.84752306877071,1.9453142204524316,0.6373789656551199,0.2896884368899413,51.01864758235888,111.45829465870614,63.73781773376162
1554136,7732,0.9863685501885366,0.9541473716011198,3.867945744302882,1.968537137471043,0.5542412809243972,0.29159889242599524,54.668617426244786,112.7888697918551,55.42407246431656
1554194,7732,0.884937325155562,0.7977109751622471,4.982454926032564,1.7591598665543384,0.5164825839337821,0.20229472646795243,45.705472148062,100.7924358423607,51.64820061333371
1554882,7735,0.9051302754712447,0.957954489142801,4.1591143606283385,0.6884262091285684,0.6063961185976365,0.09483729653555684,54.886749193493344,39.44391628925756,60.63954553433951
1554883,7735,0.7913561499588406,0.9494190958151345,4.245860112482267,0.7162512303070812,0.6873985435605027,0.09665455616483246,54.39770717933393,41.038172567648466,68.73976836143227
1554884,7735,0.6796441168302558,0.9454682984052067,4.409680684006511,0.7688993176448768,0.7970545322694061,0.09990448023009456,54.17134316203385,44.05468577154031,79.70533712458551
1554885,7735,0.5678586900647877,0.9433996788274271,4.568661008326526,0.82223293951255,0.9518709493161236,0.10311659591667609,54.05281999080894,47.11047721070462,95.18692898353464
1554886,7735,0.47825380502586007,0.9337194926811272,4.736933246684778,0.8735049355506912,1.1186149383216568,0.10565516438356708,53.49818617972495,50.04814619090159,111.86126227593722
1554887,7735,0.39032216818451837,0.9217823547709257,4.896686952973931,0.9283198184169712,1.3530934574011761,0.10862202962090099,52.81423855800479,53.1888076336434,135.30900254693003
1554888,7735,0.28790199380079545,0.918017000117095,5.045176658177009,0.9875143323231854,1.8269584418858085,0.11214751667208182,52.59849962797034,56.58040345079794,182.6952159600121
1554889,7735,0.27803439463752727,0.9095088429205589,5.229553220686204,1.0559872024118637,1.8742651002890078,0.11569556183690992,52.111018129174965,60.503609918026775,187.42584265975103
1554890,7735,0.2702269844835822,0.8907804818244661,5.419594937718079,1.116904644660894,1.8887070175467868,0.1180787916347379,51.03796208117185,63.993922257628135,188.87000981303876
1554891,7735,0.22676047077614095,0.8649888776742686,5.594068898389887,1.1476365941162565,2.1855753633464694,0.11754365978404731,49.56021201649343,65.75473325762978,218.5565821515565
1576847,7845,0.37509488999838075,0.806621544868795,4.208112042637942,2.0977158057008407,1.2321151310109477,0.28561564136392104,46.21601018530432,120.19026228454321,123.21118790585477
1576848,7845,0.5168978851241556,0.8749596589396731,4.101885528623011,2.1533122157141102,0.9698529665981316,0.30077802213808047,50.13149570144922,123.37570193438242,96.98511090695808
1576849,7845,0.6308761197569737,0.9418769397928891,3.9468085506908044,2.197271190945842,0.855406805320384,0.3189776340832849,53.96557347083009,125.89436568688078,85.540546297857
1576850,7845,0.7487694415541203,1.007696727676422,3.772619742649904,2.228292906353164,0.7710887430726022,0.33841676984090185,57.736769525002835,127.67177905297626,77.10877235640676
1576851,7845,0.8862315427975896,1.073453958737768,3.622729186947177,2.255435857803465,0.693999002214851,0.35671160771140376,61.50438133728453,129.22695561460702,69.3998226956689
1576904,7845,0.9470132772521285,0.8559532281639666,3.5040052109334536,2.1105927793035,0.517865040486352,0.3451138080572328,49.04250743439368,120.92805852487696,51.786449911501
1576905,7845,0.8322065797340497,0.7864101646045323,3.4888428634305213,2.0683784633216917,0.5414278612288729,0.3396809792914503,45.05798339802806,118.50935638408768,54.14272171424746
1577706,7849,0.9417979134331727,0.8699836868901979,4.096974180725187,1.4841675658733688,0.5292684583793966,0.20755936858781307,49.84639350403923,85.03653761474862,52.92679020230807
1577707,7849,0.8184773630534468,0.8016914788679352,4.078920565236631,1.433517929446845,0.5612071844988517,0.20136338940326595,45.93353821073411,82.13452721363673,56.12065056841905
1579798,7859,0.8843773797927298,1.2157134837394588,4.259824961319644,0.13060734750435232,0.7876190924752409,0.017567035819031948,69.65525171541722,7.483249785397893,78.76182107905238
1579799,7859,0.2698929285050232,0.8542199855567378,4.308150325486116,0.1401071133994325,1.81343017787834,0.018633394037867314,48.943199948127216,8.027546277548305,181.34235260211236
1579800,7859,0.2316056610741354,0.8119572101866738,4.415433415804788,0.16073650352580993,2.008660715135158,0.020857574732971982,46.5217212889131,9.209523265718586,200.86521291381112
1590112,7911,0.7462141953873522,0.849218390882966,4.1325126173065,2.0120950165384937,0.6520464141690766,0.2789696313695276,48.65662968248498,115.28455242696126,65.20455491023317
1590113,7911,0.934344030997048,0.9156824509161205,4.239249180965432,2.071721746696055,0.5615141479973824,0.2800045646387737,52.46473981168887,118.70091241115495,56.15135530362191
1590169,7911,0.9612046691242806,0.9228658986303437,4.257775853765608,1.9291528746556676,0.5501046987852837,0.2596010717566154,52.87632104806676,110.53231775330008,55.01041322013887
1590170,7911,0.8533000280100682,0.8563779957909691,4.3880521198042235,1.8920031852155481,0.5750245240949556,0.24704309368128685,49.066844826694705,108.4037973381595,57.502385695140354
1590171,7911,0.7460775780282021,0.7871826176881667,4.421487484208326,1.8636288735269195,0.6045248164978694,0.24149806862889509,45.10224169959218,106.77806903181236,60.452401433093144
1602575,7973,0.8144701103975848,0.7892502538152052,3.4988880033965124,2.012985748995861,0.5552162981886395,0.32963497887285276,45.220708523240255,115.33558763744372,55.52156233161631
1602576,7973,0.996202574809098,0.8641941445952458,3.5965939160799096,2.0443389543494317,0.4970342169380586,0.3256747811562863,49.51467716522599,117.1319939784103,49.7033722998981
1611824,8019,0.8316651990555258,0.8567002911710612,3.208375063371852,1.9664176734981225,0.5902051745975271,0.3511666525103891,49.085310991730545,112.66743345137672,59.02044720282468
1611825,8019,0.9471039074653503,0.9245405778986452,3.113711686630232,1.9811595582346606,0.5593079294185949,0.36455552821956966,52.972273102178484,113.51208122884869,55.930734477918925
1612277,8021,0.9707868068730756,0.8042657247487084,3.246471187612011,2.1464996274390464,0.4746771467659533,0.3788278468914944,46.08103163513135,122.98536937866095,47.46766626947979
1614233,8031,0.5505739845189709,0.799734361999821,4.197415358864508,1.9985203992205087,0.8322478745878809,0.27280308018958843,45.821403674177304,114.50678414613553,83.2246378106168
1614234,8031,0.7076095747859712,0.8694229061648071,4.138132583545094,2.0522075926472074,0.7039794853868357,0.28414467416244854,49.81426313524205,117.58283374338787,70.39785004670007
1614235,8031,0.8781371792459096,0.9373468543661216,4.050425067380775,2.07976789695461,0.6115902999298097,0.29419609197994306,53.706018695042594,119.16192286229825,61.15896104319479
1614291,8031,0.9025493972163416,0.8013450372601301,3.5466593782820204,1.8741390862689156,0.5087110822039863,0.3027645119192787,45.91368856875915,107.38025986371336,50.87105242030448
1615642,8038,0.8266006030831459,0.7886780259479446,3.197882069813899,2.1180268043319983,0.546671773118817,0.37948240039816206,45.187922281526454,121.35399678380453,54.66711183837507
1624825,8083,0.9169065630471888,0.8405181485867868,3.1665066737416794,1.922446959770856,0.5252240951673736,0.34785367009701273,48.1581425181727,110.1480971326264,52.522352807438054
1625489,8087,0.7651101227591479,0.847932237680011,4.485139803809084,1.8913864339104585,0.6349796774609184,0.24161668217726048,48.582938532148425,108.36846009136868,63.49788558418595
1625490,8087,0.9472920028586461,0.913588772857657,4.491759820317904,1.904780263827274,0.5525728094900617,0.24296906811554564,52.34478089527977,109.13587001711826,55.25722320055033
1643580,8177,0.6593962203210805,0.7894420752958641,3.614598528220324,1.9265230449522148,0.6859562885653326,0.30537731491697373,45.23169908450196,110.38163961045409,68.59552586903123
1643581,8177,0.7550285500453384,0.860204546626817,3.4968544660789624,1.9499293717920998,0.6527712016181413,0.3194949178370111,49.28609003968105,111.72272335228328,65.27703456999993
1643582,8177,0.8561245290430203,0.9317320439577044,3.3641801334788557,1.9648311650732895,0.6235578040497165,0.3346328924528337,53.38431375587415,112.57653321447185,62.35570829846331
1643583,8177,0.9758750543053234,0.9965479048085613,3.2037310730333264,1.9721288880845016,0.5850952761948137,0.35269708666086064,57.09798902813548,112.9946619430698,58.509468263139865
1643983,8179,0.8512469865973765,0.8293222335604197,3.6733276952739735,1.9415324810566292,0.5582006636065612,0.30283608182410016,47.516663839374765,111.24161695210832,55.82000144201129
1654834,8233,0.49154635088903187,0.8145178375728997,4.580966107066881,2.0726309807227814,0.9494208104123267,0.2592313600422605,46.66843443104946,118.75300768347606,94.9418898233163
1654835,8233,0.6109645368214816,0.879271499669365,4.558140210034663,2.133403284515198,0.8245739665138597,0.2681685913583827,50.37854597719318,122.23500420206842,82.45726303857515
1654836,8233,0.7401507410688476,0.9407565941413992,4.454354119088213,2.17314471965358,0.7282487022483622,0.27952878711234774,53.901382393403885,124.51202070729062,72.82477281694332
1654837,8233,0.8891427700549606,1.0089395250979285,4.344168004568148,2.204597518112256,0.6501540345238097,0.29076714549081534,57.8079765720449,126.31413331284833,65.01533106223262
1654890,8233,0.902327042074609,0.9261239393060042,3.0229949643227707,2.028235915373272,0.5880682941541304,0.38441796560967023,53.06299302826405,116.20935780774168,58.80676489479703
1654891,8233,0.8015068096841169,0.8576662784388976,3.028305435965644,1.964502928816874,0.6131034294206985,0.371685514128858,49.14065798524095,112.55772666229608,61.310267213251265
1654892,8233,0.6972081512679067,0.7875141976012945,3.0501275056070156,1.9024112738345669,0.6471702761931324,0.35736255724093874,45.12123982918571,109.00013688882743,64.71693572456797
1665027,8283,0.931304498296961,0.7971076987199514,3.0006222246471697,1.9751847813721457,0.4903971423649106,0.37715427961694525,45.670906954038784,113.16975173109417,49.039662106102924
1669711,8307,0.7317739193825802,0.8195425225948991,3.8321556601267437,1.8941389363214038,0.6416780619092445,0.2831987429650165,46.95632767619263,108.52616686261543,64.1677193799031
1669712,8307,0.8911696859077121,0.8881002634928158,3.7391588961410362,1.9189080507898075,0.5709843716214537,0.29403760402737056,50.884396882594686,109.94533258393139,57.09837373158858
1670110,8309,0.6252853134848861,0.8310618099696631,4.3823779938374114,1.8648644997555612,0.7615137032224919,0.2438148080932485,47.61633422576494,106.8488651997692,76.15124975371123
1670111,8309,0.8072407487503976,0.9018932317486332,4.494817398188407,1.8758646225853277,0.640139576581873,0.2391178907873785,51.674675750610945,107.47912581204032,64.01387915157119
1670112,8309,0.9903810465500723,0.9701272084508733,4.512248174757361,1.8899713477425002,0.5612404868553039,0.2399854289755126,55.58419463504329,108.28738162629733,56.12399258313194
1670514,8311,0.7300547016102912,0.8045007718308147,3.48861096056464,2.0285993615115916,0.6313841703624058,0.33317037273071354,46.09449884092291,116.23018173754772,63.138331416701234
1670515,8311,0.9180498402331586,0.8665170739927825,3.5259290206317093,2.0569210896171186,0.5407960276144327,0.3342463679860193,49.64777121581171,117.85289722651147,54.079544443532775
1670568,8311,0.8426256544866385,0.84367482033109,3.3693802203374745,1.9215460194253233,0.5736711866695817,0.3267558705958429,48.339006486429476,110.09647705323432,57.36705126647045
1680016,8358,0.9111527301794954,0.7911479886953557,3.967547897926688,1.8995125336640815,0.49749552104269407,0.27431061662473216,45.32944072250765,108.83405131115357,49.74949804966264
1683635,8376,0.9687105794617719,0.8062607786886363,4.691072621457654,1.7380888422920684,0.4768745207116699,0.21228653424445237,46.19533980579017,99.58515508211487,47.68740333573474
1684385,8380,0.9842950755243391,0.8159466052352186,4.4030001952605256,1.8344873224332665,0.4749622087476031,0.23871990971088752,46.7502967880051,105.1083811456812,47.496173103302276
1690467,8410,0.9020409987946132,0.7976964373940393,2.797866589446893,2.0729875591801536,0.5066802811589988,0.4245143001014736,45.70463919530015,118.77343812414878,50.66797250723875
1700864,8462,0.8843250533819345,0.8110828029889288,5.136323748618886,1.8191379764264375,0.5255038375728547,0.2029251528903431,46.471621446906454,104.22892840120392,52.55032492731012
1701007,8462,0.9741171959888917,0.8508238921888438,4.010885045505054,1.8886939738424253,0.5004389392940302,0.26980128324653885,48.74861813131452,108.21419349296288,50.04384306960469
1702272,8469,0.9765008337974102,0.7899719230553225,3.674420423992354,2.060344131068905,0.4635127292761837,0.3212724977324759,45.26205712490339,118.04902305479716,46.351225935632684
1702326,8469,0.98071823694909,0.7872341039496893,3.7324320531481527,1.5452422575481748,0.4599199799269339,0.23720688865827996,45.105191645080325,88.5358596827778,45.99195156546294
1703274,8474,0.4128178726730769,0.788048266831454,3.8023913292812073,1.8736298500613233,1.0937471857971515,0.2823251822326536,45.15183974204165,107.35108277824307,109.37445628315227
1703275,8474,0.5891461611036097,0.855427287318581,3.939253433745882,1.9318790029479125,0.8319221213280196,0.28098855526696426,49.01237324367954,110.68851339885691,83.19207233701671
1703276,8474,0.7698313510003154,0.9206404253529992,3.999741355807407,1.9733515181376773,0.6851995579046584,0.28268006139491686,52.74881082185576,113.06471348502264,68.51986767419463
1703277,8474,0.9499837009002355,0.9866250895793122,4.036738423904621,1.9916128106840483,0.5950570830424262,0.2826812049994705,56.52945359461137,114.11100847638339,59.50564629203215
1703331,8474,0.9300576044937021,0.8579100256052546,3.5928738173844295,1.3736498065129554,0.5285115986701524,0.21905677800951426,49.15462366914148,78.70433644215449,52.85110360964821
1703332,8474,0.8277383120835939,0.792248916250431,3.6979052647895805,1.3216592002534866,0.5483921429504491,0.20477943187300665,45.39251922496312,75.72549412916048,54.83914870576896
1703479,8475,0.7077588904116541,0.7888133077378024,3.593449464339757,2.123849321466429,0.638574425992285,0.33863729909297896,45.19567335713028,121.68760244175002,63.85735327674918
1703480,8475,0.8673569233281915,0.8568442837388524,3.4491993595854153,2.110888114615758,0.5660133593417667,0.3506465328107368,49.09356115814624,120.94497999181051,56.60127132956411
1703619,8475,0.9563879485586367,0.8289763102220006,4.032943598646086,1.902057542267853,0.49662737246953964,0.2702241343750407,47.496843892048275,108.97986956297416,49.66268583888411
1705542,8485,0.9269399479253246,0.8206677435353983,3.7265453578336487,2.005820683753935,0.5072690812935159,0.3083957078079392,47.02079808710297,114.9250596391455,50.726853951532426
1707301,8494,0.893392905225949,0.8149859916600158,2.8299093521098593,2.043415023326674,0.5226732481149491,0.4137201643198775,46.69525768440302,117.07905663024508,52.26726689230466
1708502,8500,0.8620081647344692,0.8378132486547275,3.8613407734613094,2.104194791949752,0.5568759621432506,0.3122269895693011,48.00316316806048,120.56148085212912,55.68753225825301
1711974,8517,0.954106649120313,0.8352915691235441,3.8861804770730863,1.9339240326507547,0.5016072481641087,0.2851274801527888,47.858681573639146,110.80568496980867,50.16067276870156
1715594,8535,0.9073738195758636,0.8418749690161134,4.13055590905359,1.8035970757499369,0.5315987857493893,0.25018061105509926,48.23588260233024,103.33850038260842,53.15982057434353
1718003,8547,0.9631981884385488,0.9671869129127336,3.5253502071658853,2.2235598499860436,0.575330479230773,0.361384222987534,55.41572811018674,127.40059489894276,57.53298878918461
1718004,8547,0.8876153033762624,0.9013345899083409,3.760009006451079,2.254124606490097,0.5818136207504941,0.3434880764471444,51.642667930902775,129.15182644847005,58.18129718265364
1718005,8547,0.8285325800968488,0.8360140361945817,4.020843431897394,2.283716266360877,0.5781314635076412,0.3254225277821485,47.90007588764678,130.8473036678524,57.81307727086649
1720415,8559,0.9797846867514877,0.8977378166376588,3.67411179262258,2.0909431171156094,0.5249784791818768,0.3260712309493093,51.436588002627225,119.80221581265303,52.49779487304714
1720416,8559,0.8601103886031265,0.8389177143664723,3.823394883009459,2.1064116470607726,0.5588404054877526,0.31565794449965023,48.066444391960374,120.6884972937826,55.88397622547844
1724838,8581,0.9967595944425633,0.9954422395374091,3.619625669907912,2.0700411943258024,0.5722005468554359,0.3276709647393877,57.034639074544266,118.60462385308877,57.21999785358769
1724839,8581,0.8630872778916988,0.9297196207746968,3.579808571848007,2.011524649964064,0.6171914607966953,0.32194981992577537,53.26901040089354,115.25187282947111,61.71907528510982
1724840,8581,0.7782834076227978,0.8606015398077085,3.633468286261401,1.948719424380816,0.6335588675915949,0.307291516997872,49.308836073441604,111.65339847218392,63.355806168661616
1724841,8581,0.6638926665126121,0.7965091189359857,3.6919633650870596,1.8986297869776876,0.6874094635060903,0.29464938462202067,45.636610858715706,108.78347365164404,68.74084384392712
1727654,8595,0.991167253166015,0.7865846646232679,4.600503364966003,1.852957182874325,0.4546960254586005,0.23077176027054655,45.06798151262657,106.16662619714948,45.46955712985083
1731877,8616,0.8630795027443623,0.8484219799258607,4.669742711403246,1.9049914839554494,0.5632273501813857,0.23373444438115046,48.61099869588487,109.14797203901092,56.32267041291635
1738655,8650,0.9246614001260272,0.7991548242737865,3.264571454452678,1.3843620451968746,0.4951888129749699,0.24296635369009426,45.78819860840692,79.31810250787983,49.51882827956042
1739457,8654,0.7445775578067517,0.818874296775528,3.6046245214802046,2.0072978518332234,0.6301296625841694,0.3190615114870023,46.91804115698099,115.00969513572015,63.01288247567038
1739458,8654,0.9063454362488099,0.879725546662732,3.6492840472048154,2.046282677689437,0.5561296872205683,0.3212777062143437,50.404560953613704,117.2433611223337,55.612907976146836
1745286,8683,0.7238758761593236,0.8308252912898919,4.088045689277826,1.870135369915257,0.6576097313616104,0.2621077935435261,47.60278270363804,107.15086381428121,65.76088319909363
1745287,8683,0.9045623253989985,0.8976255991795443,4.035600026371624,1.9012107955450421,0.5685640049693642,0.26992604214410676,51.43015841588958,108.93135454944057,56.856338270406866
1756746,8740,0.9887150393522216,0.8277681917992921,3.2923608742458748,2.163339249769638,0.4796895105050573,0.37647819611728034,47.427623805275076,123.9502086667981,47.96890301926152
1758753,8750,0.6451652938847275,0.7862186241670722,3.791953883325188,2.033155581829152,0.6982242948917804,0.307206356430995,45.04700893935551,116.49123393227569,69.82232234749092
1758754,8750,0.8259074663417345,0.8532802155855899,3.853388088580437,2.0795679412111006,0.5919471187210615,0.3092096181176249,48.88935509506731,119.15046624210576,59.194640916586096
1760617,8759,0.955054258566803,0.8150594114724397,4.194836995975445,1.769477337184994,0.48897184031088453,0.2416865857250924,46.699464329787546,101.38358336474744,48.89713334479386
1764636,8779,0.9294172700089129,0.7898121181685466,3.4398077525530613,1.9888069449178305,0.4868954123481716,0.3312692222239879,45.25290097934557,113.95024421009887,48.6894893715739
1767999,8796,0.7919180563541565,0.8058828471413773,4.2949733387384486,2.092853219134609,0.5830614035080983,0.27919068841719924,46.17368592318738,119.91165659678111,58.3060674606849
1768000,8796,0.9403444552464858,0.8719050955371087,4.198351676152855,2.150176165070507,0.5312572568514287,0.29343901768518804,49.95648211022716,123.19601946816468,53.12566975413566
1770265,8807,0.9738793839889599,0.8075072889417728,3.9971655864830735,2.086175019094411,0.475076892148918,0.2990344558776897,46.26675958241467,119.52902391973367,47.50764092085785
1774033,8826,0.95794765146197,0.8518007303308338,2.8958940222955394,2.1161197349100274,0.5094702852516485,0.4186780607389075,48.80458683411795,121.24472975468714,50.946975873534555
1789508,8903,0.7714373564785416,0.8382850181570718,3.160883343774143,2.182421401476271,0.6226065220135252,0.39559680452716695,48.030193569447796,125.04353542361655,62.260572301195666
1789509,8903,0.8724777083736619,0.9063918513039653,3.0217469035245452,2.1646538649492766,0.595229271431377,0.4104431447027199,51.93242766476649,124.02553056827523,59.52285960258077
1789510,8903,0.9741655436333497,0.9804113226603537,2.8768267525641407,2.1478745548750147,0.5766312590890402,0.427777398762067,56.173430975277036,123.06414691787867,57.66306730855994
1794932,8930,0.5611226938088139,0.7886359046547087,3.8608756817948193,2.0167319818537432,0.8052696603164367,0.29928503322404915,45.1855089091964,115.55023096927361,80.52682395655887
1794933,8930,0.7460141989919238,0.8569173168926508,3.903734290240709,2.0769477988246874,0.6581341891057055,0.3048371994331255,49.09774564962341,119.00034314164095,65.81333157282621
1794934,8930,0.9277861404879594,0.9242760946042913,3.9434617186874314,2.116971615648819,0.570790147037742,0.30758137715220213,52.957119325660294,121.29353892566839,57.07895379732045
1803376,8972,0.7577093564223576,0.8202041340890138,3.3380545066389797,2.056941368509114,0.6202145216228925,0.3530621160738288,46.99423522248274,117.85405912143601,62.02137112705312
1803377,8972,0.8946652881538385,0.8885099550219511,3.3446997481938783,2.091137248899049,0.5690158161176689,0.35821851707613994,50.9078704781164,119.81333874451347,56.90151864687535
1803430,8972,0.9788893288618865,0.8391814674981357,3.8198602250645193,1.7490663476931743,0.4911847991841493,0.2623502265639508,48.08155633323804,100.2141198111803,49.118430242477096
1808802,8999,0.48434511923385537,0.8106489264807835,3.506614775644547,2.1550415746365146,0.9589600338838973,0.35211962091582777,46.44676215415985,123.47478690189948,95.89580737764537
1808803,8999,0.6620642020462276,0.8838279720368214,3.449139413817316,2.1444765775796313,0.7648746404341302,0.35623221349511824,50.63961261331641,122.86945715997193,76.48734967010179
1808804,8999,0.8427374277280891,0.9510901966221432,3.419737707885636,2.1334880231788063,0.6466243430412172,0.35745390276723776,54.493454202716435,122.23985936985476,64.66235834246167
1808855,8999,0.9685554719342017,0.8893252954432351,4.114574830220614,1.859145457412585,0.5260884584677202,0.25888747281833047,50.9545860431224,106.52118821066006,52.60879207318328
1808856,8999,0.8874880399531859,0.8216137052524843,4.435242166995462,1.8671178460779565,0.5304296514590378,0.24119984470902825,47.07499770107295,106.97797243382378,53.04290597611899
1811873,9014,0.9064439652541443,0.8177138515462653,3.9329196077670185,2.196110684487157,0.5168720166059038,0.31993502485093084,46.851552542988145,125.82787356470045,51.68714520892303
1814979,9029,0.8818842405585694,0.88063908128157,3.134394905760008,0.8046398425297712,0.5721488120436864,0.14708569993276813,50.45690263171222,46.10246700502705,57.21481697522658
1814980,9029,0.7764973427441129,0.8753792318680309,3.100173310330748,0.8539970105153025,0.6459202376182516,0.15783125446062474,50.15553545944206,48.93042441931622,64.59194140993847
1814981,9029,0.6520859780160531,0.8599576942699501,3.0821196945124663,0.9044108796106585,0.7556050482142355,0.1681275593272323,49.271946441469716,51.81892634740513,75.56039010528552
1814982,9029,0.5336692217146538,0.8512093348831257,3.0437190457551986,0.958885164933414,0.9138751022659313,0.18050310157406727,48.770702370941024,54.94007298839047,91.38734069561417
1814983,9029,0.4287256054540389,0.8474736891890216,3.0022097940963564,1.0121575230418536,1.1325813967865912,0.19316556155930906,48.556665638912634,57.992354272713584,113.25787814705167
1814984,9029,0.3590066300745238,0.8384046150097605,2.993367309441142,1.0672428666186815,1.3380545260772396,0.20428001460278605,48.03704596434991,61.1485119726939,133.8050836255994
1814985,9029,0.30401153101895906,0.8344060222994893,2.98034789025425,1.1300354450519068,1.5725700188164284,0.21724397241053128,47.80794347805959,64.74626170166191,157.25648978291017
1814986,9029,0.28745989152600415,0.8185894651020235,3.020986147716245,1.184836914606589,1.6315917891586251,0.2247152124310934,46.901721504217534,67.88615461825987,163.15861700434036
1814987,9029,0.2524289232355622,0.8034013426812112,3.059156460016581,1.2226069597970652,1.8235431889981164,0.22898540655330676,46.03150619077697,70.05021879969256,182.3536037279596
1816242,9036,0.9547012136249144,0.8053739427464358,3.1776740108753803,1.982316794344861,0.48333998854610205,0.35742617155731704,46.14452784918157,113.5783859738633,48.3339487335796
1820664,9058,0.9299786757861971,0.8136285495830468,3.109483054880698,2.0598060880672833,0.50127473559299,0.3795428146708228,46.61748198245922,118.01819546160769,50.12742019662869
1823933,9074,0.9073309145759398,1.0548140869038916,4.583071287648208,1.762363466052375,0.6660898875323228,0.22032384402281502,60.436395350538625,100.97598857284842,66.60891607541967
1823934,9074,0.7959713332282878,0.9870691931822955,4.675575699633646,1.700902138468615,0.7105142583067678,0.20843318545399836,56.55489885672886,97.45451389902799,71.05133745962588
1823935,9074,0.6881911478902948,0.9209570489122861,4.7705775329622915,1.653774734116316,0.7667484740323988,0.1986223086762721,52.76695201549732,94.75431253023478,76.67473710250604
1823936,9074,0.5549554140543165,0.8574992861760555,4.857326704237637,1.6036536195297795,0.8853159714060213,0.18916286592501888,49.13109003336876,91.88258419993466,88.53143920697174
1823937,9074,0.44459044906509915,0.7921856457593293,4.96581680795199,1.5589545809492207,1.0209147130215226,0.17987276054579537,45.38889409285527,89.3215179409762,102.09124396859288
1824880,9079,0.36127109158392695,0.8148372213724349,4.429176360153029,2.0838877992979774,1.292290846683232,0.26957150923853146,46.68673377480768,119.39797587857926,129.22873053968496
1824881,9079,0.48700254183317415,0.8830589731701893,4.381841908142807,2.150991944631001,1.0389175997816924,0.28125788765613213,50.59555222380805,123.242760193994,103.89154878290361
1824882,9079,0.611793578346325,0.9490734545780777,4.292799834196875,2.204935987084067,0.8888276116493489,0.29429167615911644,54.37790339522489,126.33352615642923,88.88261733572051
1824883,9079,0.7237038637862253,1.013398682343289,4.171109879184626,2.2632193310867095,0.8023097507909789,0.31088348000593774,58.06346746238924,129.67291578368977,80.23086532625621
1824884,9079,0.8825414474934564,1.0795124185923362,4.043557447279933,2.24468943534456,0.7008339947334352,0.31806455657331717,61.85150551730072,128.61123096284717,70.08332085665411
1826346,9086,0.8846286796844915,1.1929058072302983,4.151059540318817,0.9718340447306786,0.7726232362565537,0.13413922030080094,68.34846811094265,55.681989150195946,77.2622371604348
1826347,9086,0.7622690346139556,1.1685205751231373,4.209652865504434,1.0172042836987414,0.878315834833124,0.13844731164818946,66.95129722875542,58.28151235856593,87.8314694118368
1826348,9086,0.650072465222568,1.1558481899769946,4.268830895935911,1.078045925456058,1.018735995872512,0.14469413994360358,66.22522304351718,61.767481649907076,101.87344444345749
1826349,9086,0.5230539192128307,1.1348721435158213,4.2747932130986985,1.1241400234725178,1.2431487553927463,0.1506703963566789,65.02338411042162,64.40847892671258,124.31464024519313
1826350,9086,0.3927314397902815,1.1334004983764758,4.258097776971274,1.1777127131839893,1.6535234214034455,0.1584697471035299,64.93906505499618,67.47796794434382,165.3519253201328
1826351,9086,0.306712755338491,1.0780246920470344,4.236779889478056,1.1999833794736836,2.0138146189324577,0.16227886451726609,61.76626506518536,68.75398312968757,201.38081188116186
1826352,9086,0.26515808323742834,1.0516075458504945,4.274292839934138,1.2066088074511332,2.2723301916110845,0.16174275983763864,60.25267408134354,69.13359219026333,227.23217076215408
1826353,9086,0.2525919102198693,1.0139051400394266,4.387277599656811,1.214353084030963,2.2998552487471917,0.15858879410895582,58.09248535087984,69.57730655366959,229.98462348097294
1826354,9086,0.22830492291170262,0.8942178230820792,4.478447075350255,1.2111653759551806,2.244143679882487,0.15495251593260745,51.234907227979264,69.39466433460748,224.41339486314763
1833326,9121,0.89377689273844,0.790322183665134,4.144709564357379,2.253277329895062,0.5066379030475672,0.3114893305775503,45.282125579575265,129.10328107549435,50.66373418661729
1833377,9121,0.9479944801738804,1.026486806104101,3.270364339085102,2.064915122583264,0.6203977167086822,0.3617667909383186,58.81336171562866,118.31092157676005,62.03970688219016
1833378,9121,0.8375112138142956,0.9607052076350985,3.4621992305563523,2.07473431544082,0.6572372069599364,0.34334684871174787,55.044353753730576,118.87351988572301,65.72364300580307
1833379,9121,0.7495591583540635,0.8927164735280646,3.7005497403318293,2.0864817713200674,0.6823862397317723,0.32305091835855,51.14888623496038,119.54659952762003,68.2385338453376
1833380,9121,0.6660705094078699,0.8270748573684902,3.8511644559511997,2.0214377538870174,0.7114546776627555,0.3007398226435509,47.38789866859902,115.81985184613092,71.14536202085317
1838204,9145,0.9170883779060901,0.8249229110818129,4.469366980791277,2.1005074902061427,0.5153767276079987,0.2692779856127271,47.264601228633566,120.35021402442908,51.5376171257688
1840159,9155,0.8387665413969434,0.8119174408539483,3.839778181977517,2.104510567783964,0.554617284112212,0.31402744493582907,46.51944267399388,120.5795734747017,55.461662949566545
1850869,9208,0.9367882718190148,0.8722897553033393,5.461254544773733,1.7094247852146989,0.5335092513575697,0.17934125685873178,49.97852149138066,97.94282558785949,53.35086875443678
1850870,9208,0.79835397283621,0.8055204842969383,5.620454160903572,1.6846677149329556,0.5781010059921927,0.17173763367256337,46.152924061548674,96.52434994760685,57.81002891181011
1853223,9220,0.9318723639113393,0.8201650916545458,4.31306151313876,2.0590687408325086,0.5042750442158375,0.273531800889231,46.99199825576581,117.97594857701947,50.42745084860773
1854028,9224,0.8794578072542354,0.8268250810817022,3.3570318722547308,2.0417130928859994,0.5386681045084027,0.3484671796456089,47.37358754154362,116.98154319896959,53.86674981338698
1855891,9233,0.9761154802853123,0.7946262343124816,4.156289685501119,2.0093281104165195,0.4664276919032509,0.27699229076471443,45.52872951647883,115.12602038386323,46.642721884145516
1856293,9235,0.9670623321012721,0.8426867980805608,4.324426971787979,1.8105837023743323,0.49926871184435945,0.2398902907555353,48.282396981409136,103.73880460122001,49.92682007340646
1863675,9272,0.6872679097062726,0.84175446000437,3.4999877077529664,2.1499529554557233,0.7017492969143149,0.3519533222201589,48.22897794456406,123.18323049929083,70.1748286055546
1863676,9272,0.8273267702349075,0.9127791624126921,3.4779266866685443,2.1389934236418067,0.6321370815397055,0.3523803296323295,52.29839363373357,122.55529558091405,63.21363251095054
1863677,9272,0.9990530794582868,0.9826472711532727,3.5151072436277815,2.131654438553476,0.5635490444022162,0.34745683103522235,56.30154138712993,122.13480270944325,56.35484859604206
1863731,9272,0.9782143437947299,0.8028497767233969,3.3790754680144546,1.9121094310365514,0.47024359856125986,0.32421826940051235,45.999903789271116,109.55580036555554,47.02431226525905
1885639,9381,0.9946471171943616,0.8052344087496095,4.38268703242202,1.790097263018065,0.4638482520952318,0.2340231394486573,46.136533140064834,102.56501808885518,46.38477904146016
1890208,9404,0.9926450551586611,0.8491752771845797,4.003304263343428,2.0075460399892853,0.49014659073282685,0.28732244020393544,48.654159449528244,115.02391526958763,49.014610189279935
1892620,9416,0.8350917845530923,0.803334288243543,3.40334674265895,0.9965041304664788,0.551168920048282,0.1677627497065232,46.02766425450096,57.09548094308319,55.116826663917465
1892621,9416,0.976968597569351,0.8730905741260692,3.361022288627445,1.053420163348886,0.5120369748065492,0.17957789044875125,50.024405030077716,60.356529413872934,51.20364559402443
1895030,9428,0.6292480569605741,0.7928415626883435,3.8447029769567873,1.91415509511144,0.7219168043538097,0.28525742731081055,45.426475364598964,109.6730082833482,72.19156685592806
1895031,9428,0.812721741035242,0.86134508089896,3.924623473788578,1.9301037367033596,0.607236582225112,0.28177683436979956,49.35143783986487,110.58679813553199,60.72358425334729
1895032,9428,0.9967038703099265,0.9290094529795022,3.957411360587593,1.944945996480672,0.5340434790615178,0.2815911375992804,53.22832078348278,111.43719697920876,53.40429486105689
1895087,9428,0.9768486955209926,0.8011931113320162,4.166711110777606,2.0331786598388994,0.46992931039199826,0.279579152065367,45.90498385427962,116.49255620483379,46.992883413652166
1901262,9459,0.5365884675112358,0.7945038535502187,3.1540679584865114,1.043907804764415,0.8483543632252967,0.18963291854001624,45.52171761530758,59.81151141376771,84.83527980234608
1901263,9459,0.7151432036079148,0.8614624595463926,3.119107772962058,1.08979522656346,0.6901857166756092,0.20018759004311443,49.358163140967704,62.440667015589604,69.01847612265459
1901264,9459,0.8950012724787212,0.9299877248844433,3.0585611512632593,1.1295161487702443,0.595355254545336,0.2115913490174456,53.28437163485212,64.71650821640581,59.535459599762035
1910854,9506,0.9957942984115282,0.9195298649957304,5.205817809704982,0.7683922246990584,0.5290769384345259,0.0845700579825881,52.68518040048973,44.02563148592406,52.907641243669275
1910855,9506,0.838179541519454,0.9174530813547295,5.340264550628749,0.7989786266340553,0.6271471234010235,0.08572253810193321,52.566189462898556,45.77810322729015,62.71463826588786
1910856,9506,0.6858678038114179,0.9166755870412827,5.493720555533758,0.8269952805179921,0.7657691651730384,0.08624999885904257,52.52164232014264,47.38333925091854,76.576805984288
1910857,9506,0.5553877467870103,0.9102591334447979,5.674093533328904,0.8502550511959814,0.9390557492901926,0.08585693128109503,52.15400660962252,48.71602594320947,93.90540753902492
1910858,9506,0.4109197865898727,0.8965176195329425,5.821920551739031,0.8523388226407813,1.2500414018655934,0.08388197113750905,51.3666758583529,48.835417252466385,125.00383902365199
1910859,9506,0.3022613987348678,0.8274748933054363,6.0053067367458555,0.876101192020903,1.5685369573932797,0.08358757153642295,47.4108190394396,50.19690072917825,156.85318199643626
1910860,9506,0.2605482587972006,0.7946703302079144,6.168903496498137,0.8786006925386949,1.7475171197786972,0.08160301341512594,45.53125602518099,50.340111559738496,174.7510479798386
1922971,9567,0.8336836639616775,0.8285872610458193,4.494984231247862,1.878382833990329,0.5694552322301126,0.2394300022453272,47.47455301623005,107.6234086974686,56.94545560023921
1927595,9590,0.6675029643660457,0.8344462670561973,3.570121080551704,1.8947353374814857,0.7162552253519738,0.3040802689278212,47.81024933276649,108.56033813198484,71.62541630471623
1927596,9590,0.8165841431298368,0.907437210906672,3.4232411621669128,1.9263714147626256,0.6367050126897121,0.3224223660837713,51.99232235807506,110.37295184054386,63.670424077025224
1927597,9590,0.9613636735917921,0.9788281276073735,3.284619483807591,1.9548747737296126,0.5833663319906388,0.34100167225598205,56.08272058059528,112.00607401129858,58.336573124808545
1942067,9662,0.8641868979884434,0.8225671629292888,4.138694926838903,2.293950265301351,0.5453638138490342,0.3175727387993248,47.12962680189819,131.4336686146829,54.53631890888669
1942121,9662,0.97161941123021,0.9366834759790758,4.492262698851876,1.786893224919556,0.5523562903394135,0.2279061730443141,53.66800991324467,102.38144022841149,55.235572753451436
1942122,9662,0.8664459142211333,0.8707672353213639,4.5454572226079035,1.7677188032402689,0.5758153639771286,0.22282208721491886,49.89128752218914,101.2828267915842,57.581470605198504
1942123,9662,0.7525237256040227,0.7974654084031729,4.596778754293728,1.7511198668797863,0.607175562010726,0.21826540483754991,45.69140220917834,100.3317777937223,60.71747632279273
1946286,9683,0.6903044300572514,0.8414341568457051,3.9041655343361876,2.2110164455654036,0.6983965787821013,0.3244788401677615,48.21062592540785,126.68191076491435,69.83955771781983
1946287,9683,0.8735377506834959,0.913804585283746,3.829125140165095,2.198054109791449,0.5993690071908799,0.3288981652297402,52.35714603646114,125.93922363243531,59.93683279132672
1946685,9685,0.3478844204065229,0.8845990224109327,4.423444145349969,1.5334563503494323,1.4569145990902224,0.19862481328331755,50.683790545544966,87.86057694255699,145.69104530542907
1946686,9685,0.48722276056419234,1.043912436723212,4.5223867904878565,1.599170743774744,1.2276063521455913,0.20260481551291765,59.811776805457654,91.6257343390896,122.76038577469454
1946687,9685,0.6353461552125317,1.1095087786772035,4.559386929804272,1.6366235961049678,1.000559597769088,0.2056671783868461,63.57017035091831,93.77162470833814,100.0558038693874
1946688,9685,0.7821526044639674,1.177693149536604,4.505056296617496,1.6635929977692165,0.8627069165543947,0.21157750561226363,67.47684702991675,95.31685759969268,86.2705824595165
1946689,9685,0.936391113208928,1.2477285369008744,4.4106126608105605,1.6899219736575204,0.7634585310619451,0.21952822436162844,71.4895791424533,96.8253967969942,76.3457723895871
1946745,9685,0.9471497573755778,0.8820015384109561,4.2445557138900405,1.1161641254451653,0.5335477810971649,0.15066710815451007,50.53496567499355,63.95149363191855,53.354722341160205
1946746,9685,0.7936074076202825,0.8207840281616198,4.245370076234239,1.0945097227779272,0.5925783915481113,0.14771571494921232,47.02746070540772,62.710787751208976,59.25776523263465
1951312,9708,0.794188744611491,0.8276515333273375,3.3274314026494713,2.0462718518491783,0.5970991088936468,0.3523520887663391,47.42093976718764,117.24274084737718,59.709836457766706
1951313,9708,0.9123510411765041,0.9001344083014456,3.2689351050135205,2.0507603627452493,0.5652857255293602,0.3594440068215748,51.57390259017845,117.49991357802053,56.5285112133606
1952575,9714,0.9815800479604956,1.1291004262362363,4.107232550070016,1.8241219074947566,0.6590668641351135,0.2544644966853814,64.69268906975867,104.51448661680273,65.90661994154789
1952576,9714,0.8417874284658462,1.0632526162052534,4.091750225040466,1.8035808822843267,0.7236967989903764,0.2525510273829099,60.919887464804134,103.33757256537326,72.36959478741021
1952577,9714,0.719616720798999,1.0001796726170782,4.076634244262766,1.7815239283120792,0.7963416016204536,0.25038744176550753,57.30607399573497,102.07380219384916,79.63405060690758
1952578,9714,0.6011138981039527,0.9317656668810895,4.0795557635242075,1.764395043515448,0.8881218598962571,0.24780244467623908,53.38624020747902,101.09238938723641,88.81203972130926
1952579,9714,0.44923186537119547,0.8595676824140888,4.044596055771189,1.7375332106815464,1.0963068986917812,0.24613909057167102,49.2496004081688,99.5533197358679,109.6304482697954
1952580,9714,0.31072081429399956,0.788040103814144,4.042893317721346,1.7147766742495003,1.4531170267777138,0.24301770607771955,45.1513720356017,98.24946624197597,145.3112396958402
1953521,9719,0.6364814134794585,0.7995819515157102,3.7548815241525295,2.0062647783581604,0.7197801774989706,0.30613616791938625,45.812671196684214,114.95050438567213,71.97790579356321
1953522,9719,0.8229275710637585,0.8724861187031395,3.830687019602413,2.075274005749175,0.6074625937414895,0.31039978192887496,49.989772285440054,118.90444186263588,60.746186295149265
1959004,9746,0.9449349227836339,0.8966014435556393,5.2515856085677965,1.8828713683794507,0.543650963032372,0.20542478140837322,51.371478621075234,107.88058277416461,54.36503934546468
1959005,9746,0.8126617786009371,0.8308642806648519,5.446348111023391,1.8322177735577792,0.5857912516377197,0.19274997345191966,47.6050166302691,104.9783455737171,58.5790538016579
1959605,9749,0.9904762070440682,0.7916363095712963,3.4468492200560066,1.9972773706367661,0.45793547252562783,0.33200049151152905,45.35741944774717,114.43556385447296,45.793501481078636
1960958,9756,0.5786303485922554,0.8601291433072331,3.3605078964582704,2.044921055490479,0.8516969256090329,0.34865368324791646,49.281769747707614,117.16534591704206,85.16954684118754
1960959,9756,0.6732542626570666,0.9289157362660853,3.3205448976396013,2.0851738274278517,0.7905326913304888,0.3597953443962973,53.22295121133415,119.47165986275616,79.05315288778384
1960960,9756,0.8181245252644436,0.9979555504503494,3.2835125775365452,2.1101002491932266,0.6988989905305553,0.36820275666730506,57.17864118245993,120.89983862827518,69.88981448045887
1960961,9756,0.9634067229495743,1.0713722391997318,3.2267135707594914,2.1265339526183196,0.6371671018499939,0.3776022179434474,61.38510759362513,121.84142047630269,63.716644709560924
1972818,9815,0.5059432149418275,0.8070638780736281,3.425542333373679,2.0898988551731557,0.9139633012458365,0.34955744815787276,46.24135401107975,119.74238401064429,91.39615128596043
1972819,9815,0.6662865395745035,0.8740754852470399,3.354186297218571,2.086392768093016,0.7516411116581434,0.3563949317933853,50.08083628050484,119.54150001834694,75.16399948359661
1972820,9815,0.8013777368574095,0.9427837430406207,3.231710454512848,2.0820468181264915,0.674058266299542,0.3691311357785029,54.01752946977387,119.29249542729006,67.40574335875507
1972821,9815,0.980454086071787,1.016586275723092,3.131193219077667,2.0826097414801663,0.5940727193982891,0.38108395052576693,58.24610310985579,119.32474855964499,59.407211954216045
1975686,9829,0.9592022302126769,0.8599878913719892,3.126830433263602,2.0856107480263364,0.5136943445528754,0.38216556905563465,49.27367660797008,119.49669356903166,51.36938143655438
1975687,9829,0.8250477448122273,0.7902289460308193,3.2199675085901305,2.078163105182613,0.5487777306532009,0.36978626144309845,45.276783456637254,119.0699750667655,54.87770721588309
1981194,9856,0.48909670299882324,1.763814774939466,3.304817161829903,0.1987962631581679,2.066240474756405,0.034465406918798604,101.05914244684855,11.390186861935078,206.6236292405808
1981195,9856,0.31134946291574167,1.1022723151420473,3.328861069247548,0.22627933132726508,2.028445750696513,0.03894680603200552,63.15555153175353,12.964850676094681,202.8439300854511
1982924,9865,0.9381020506294799,0.8202205758602804,4.204559789263226,1.8908818997174701,0.5009601752185642,0.25767156987629236,46.99517726658404,108.3395524114904,50.09596465446907
1986542,9883,0.9694857360406246,0.81703967083287,4.741144789130343,2.0179496157523085,0.482863466788091,0.24386514470906137,46.812924833481475,115.61999625265346,48.286297370776886
1992113,9911,0.5608957098991594,0.8181332034389002,3.247322441075652,2.0099238278932017,0.8357271766130515,0.35463109751516464,46.87557963656695,115.1601524810593,83.57257015287976
1992114,9911,0.6690745101194919,0.8896720871027588,3.2392893746885734,2.0467085948989125,0.7618651466876929,0.36201694400987516,50.97445574158344,117.26776438085862,76.18640193911712
1992115,9911,0.7848951833003891,0.9622626038650018,3.2156777236374583,2.0784127033695663,0.7024324579298745,0.3703240369635804,55.13358598473362,119.08427598945204,70.24315719424685
1992116,9911,0.9198129761227807,1.0305790179066976,3.1842702867136676,2.0877557865849994,0.6419547133128767,0.3756577930861884,59.047828180791065,119.61959522533587,64.19540223740752
1993522,9918,0.8703265665741832,0.8476699013847117,3.4152262339743045,1.9997068200806059,0.558042338093245,0.3354821990381947,48.56790776961468,114.57476105414537,55.8041703318551
1996794,9934,0.8911301596203652,0.9470692341377028,3.7251259013820857,1.9249411050597134,0.6089241714921899,0.2960732167312179,54.26307002277756,110.29100113117038,60.89234950093588
1996795,9934,0.7572900620927965,0.88286341961334,3.7838937174567313,1.8701652479105517,0.6679652843003774,0.28318072180460624,50.58434783033181,107.15257569731192,66.79644110751875
1996796,9934,0.6402754311336326,0.8221146488915267,3.838299841480061,1.8257513308325972,0.7356786881278011,0.27253692974707017,47.103699657364004,104.60784569710111,73.56775506161486
1999553,9948,0.9654771382037026,0.825427322349419,3.9917790868155443,1.8609444715626942,0.4898458959220022,0.2671096309257331,47.293501865406235,106.62426412874562,48.984539363467135
2009601,9998,0.5773842602514839,0.8425225220732249,3.9870307432460725,1.8551304855979933,0.8360633835502287,0.26659224332363674,48.272984659513526,106.29114727081996,83.60619500138938
2009602,9998,0.7423204844397082,0.9127300712745287,3.910774740129438,1.8804688348001868,0.7044879039501285,0.27550277022824765,52.295580918705305,107.74292773993433,70.44869644070336
2009603,9998,0.9193236362608725,0.9786801342827418,3.796210957454118,1.9077861161006529,0.6099510375455504,0.28793998437744567,56.07424118769777,109.30809266622268,60.99503807030125
