start,episode,block_translation,block_rotation,ee_translation,ee_rotation,block_score,ee_score,block_rotation_deg,ee_rotation_deg,rot_per_meter
4488,22,0.24317740245027422,0.28956735961121466,5.207334706688095,1.694758664123996,0.6822585791705533,0.18647258920450643,16.590987590469574,97.10251874753442,68.22558016377357
4489,22,0.14680195992329192,0.21929804156251795,5.271702894948288,1.675774176647923,0.855904879449661,0.18213239530022093,12.564852237016792,96.01478773893646,85.58991074554784
7102,35,0.1864096052169267,0.25880450557631623,6.278533194187607,1.6184360214132552,0.795474303792588,0.14769302068367818,14.828405888492899,92.72955343892404,79.54700791426018
7103,35,0.1138673833919211,0.18788397914632793,6.358562575648327,1.5574529508651778,0.9453943506159452,0.14033907769686926,10.764959043208561,89.23548087477066,94.5386131122709
7703,38,0.17288937300395324,0.23902920282530177,4.98719135777597,1.7595107589050425,0.792146068446156,0.20214291583937485,13.695364502266324,100.81254049311947,79.21415324815784
7704,38,0.10177923571340916,0.17549907524949096,5.146177293227966,1.7733520522910737,0.9879574415945892,0.19743895750231683,10.055356320244677,101.6055881871414,98.79478318912875
8797,43,0.24184880575973788,0.6495868803287361,4.751098366937535,0.6557089573371848,1.5389195333865378,0.07907509561728106,37.21858666990626,37.56935584434444,153.89132338969299
8798,43,0.19884342423248458,0.596672001319081,4.8736664125499765,0.6733120513156692,1.7192816831576638,0.07915588694619602,34.186787429207634,38.57793883568375,171.92731232552532
8799,43,0.1621107046082624,0.5624026609534452,4.9906705630808155,0.6782061298711559,1.9877340580125376,0.07786197929215509,32.223298859559385,38.85834888151862,198.77219191190375
8800,43,0.13624468664843833,0.4712206273580429,5.09951846340938,0.6898149823221957,1.9816516775541018,0.07750435131874153,26.998953167122753,39.52348713195331,198.16372783080848
11321,56,0.1373094708093133,0.18815143600932413,4.10486901876199,1.6768992718876636,0.7851084374596848,0.23406167230797356,10.780283192660054,96.07925094772386,78.51027768764204
14137,70,0.1994562487168435,0.20182558120542707,3.7530105746800126,1.8841592348814893,0.5797639078983342,0.28764739574671905,11.56375400084584,107.9543720893077,57.97610302577747
16345,81,0.1918737367588903,0.278471420609931,4.452347126716197,1.761748582897582,0.8315487337624601,0.22671358558450896,15.955237115961417,100.9407583631851,83.1544443290143
16346,81,0.10361806464138999,0.20662095891536728,4.51965782118193,1.7164760474674052,1.1425138853205117,0.21759796167901702,11.838508904796525,98.34683315517948,114.25029694842185
17150,85,0.24557881318474406,0.37930740570309995,3.385801012659902,1.771261439356599,0.884958776290535,0.29973942417228283,21.73271348484408,101.48580488940054,88.49552087774845
17151,85,0.1680035239327518,0.3073651777745651,3.3647788177134745,1.743586276381131,1.048235536689367,0.2968995585408398,17.610727455770835,99.9001348535695,104.82293597534307
17152,85,0.10700864489961616,0.24062120179372057,3.390755290630377,1.710789500298517,1.2883611458417983,0.2890831372708522,13.786579324145903,98.02101800240011,128.8349226565404
17153,85,0.06669914365318114,0.17774610892182194,3.47425903892049,1.6802601887333775,1.5268712282389367,0.27710028510450574,10.184101866093025,96.27181729827768,152.68485655813598
18759,93,0.20003827042912367,0.2549170840508501,4.193851113965936,1.770835592910343,0.7301439009855103,0.24192896382397558,14.605673041895383,101.46140568530942,73.01402874827195
18760,93,0.11859575234814732,0.18907006380314106,4.193738403404773,1.7095928163038114,0.9134320209847202,0.2335683426200346,10.832916688189178,97.95245306009264,91.34243960061025
21170,105,0.24632402888793678,0.27967654095063765,4.392865659981951,1.5742915191542362,0.6505368090598498,0.20533352610153255,16.024285425289275,90.20025977077653,65.05341945003636
21171,105,0.17007386167896552,0.21694805542872767,4.440770028699621,1.526549293656084,0.7308711107076944,0.19695870532125698,12.430207949636342,87.46483174517056,73.08668563317539
21186,105,0.0441561235374229,0.17574815211225567,5.138268864027637,0.5890617583692852,2.2804594892171237,0.06568506525167411,10.069627373255454,33.75075262711514,228.0408361455316
21187,105,0.057191712406313364,0.22437842351787937,4.9498360408821425,0.5123407096753616,2.2478666737888386,0.05930491441611304,12.855936681373421,29.35496033713564,224.7827763446709
21188,105,0.067327469603093,0.24964743943762746,4.6480255976802285,0.4314880063267883,2.124503208845318,0.053189125361505475,14.303744646023876,24.722441673039132,212.44719700812536
21189,105,0.08003708181291391,0.2803950693902894,4.33614926510342,0.34941457721504676,2.007251101763457,0.04616995242695539,16.06545407234144,20.019980574770198,200.72262738497218
21190,105,0.1013744982491949,0.3270349145754208,4.034709349062936,0.28210374019945395,1.8483660914569058,0.04006076339049542,18.73772035859302,16.16335369828377,184.8348040917454
21191,105,0.2466535466412765,0.41860809356644607,3.8681842976163567,0.22670621149473158,0.972395345032747,0.03357986092460157,23.98447703137483,12.98930910804835,97.23914421191188
21371,106,0.21615684667462187,0.27779813562361094,5.506113621780786,1.1728838449332666,0.7363477140026558,0.12204850583880605,15.916660727835753,67.20129417375269,73.63443415401332
21372,106,0.14406766687038286,0.212474994549554,5.662561190967983,1.1373177708995619,0.8450140034330842,0.11507779947108074,12.173920439754616,65.16350823777157,84.50081967307555
24788,123,0.1590912602417866,0.3409839816069215,5.394747366123243,1.8396999984859521,1.228033631132047,0.19538828815227358,19.536943027643094,105.40704548346899,122.80259893190951
24789,123,0.07850468806520275,0.2745207253814695,5.461200845971346,1.8014231647989942,2.0035589386210164,0.1889949613320424,15.728878953228097,103.21394446008213,200.35336726384088
24790,123,0.04489786407179862,0.21559433642906084,5.539288801369155,1.763081293430273,2.751276273026865,0.18236477730622672,12.352645564308762,101.01711705202092,275.12156086076953
28206,140,0.17552810469235325,0.2111584170914468,5.102082770027472,1.6436305125845987,0.6892620096334955,0.18457774111127725,12.09848610800301,94.17309145002164,68.92581221335239
28406,141,0.22306762925593562,0.39306994786284666,4.863656076268455,1.6715254765175027,1.009615251279401,0.19691226816681726,22.521249065968426,95.7713551530467,100.96107705099533
28407,141,0.13205085584400209,0.32626724809919266,4.968019490789494,1.6292175471244112,1.4156466290433314,0.18789638274175607,18.693736309431472,93.34728935888508,141.56360158629727
28408,141,0.07160038253903882,0.2578263727302504,5.067745010310777,1.5843106563055347,2.063167879499521,0.17912170734734792,14.772363004610208,90.77431404390866,206.3139353008436
29008,144,0.22554588985243065,0.19441777859317308,5.347284113193867,1.7386837613817758,0.4938825393405907,0.18629876239979093,11.139318175697701,99.61924143510687,49.388037152655315
30618,152,0.20662081272464486,0.3529266314862696,4.705651211501825,1.577386995348927,0.9786625663029198,0.19206187037268604,20.221206461932162,90.37761749231554,97.8657877175824
30619,152,0.14631602735674473,0.28353060158983817,4.806244652883907,1.5579412716114098,1.1102752047811733,0.18572391930421908,16.245106833902955,89.26345959257844,111.02676925150168
30620,152,0.12913230243173832,0.21703914203244445,4.897814067945189,1.5219665727666558,0.9629988492750867,0.1780432245727555,12.435426827599496,87.20226117951988,96.2991466447862
30820,153,0.14847366270843992,0.2764597569401353,7.009658012665147,1.5039352624078264,1.0668542771880867,0.12292916846763088,15.839977277882323,86.16914319686843,106.68471636125099
30821,153,0.07065226015013978,0.20889917360038038,7.085093069448465,1.4516832948516742,1.6940773404219938,0.1173948246719733,11.969040991072502,83.1753259846464,169.40536028539967
37051,184,0.15156933464609307,0.21995469820669597,5.109468023505672,1.8396705984483224,0.8314660144994079,0.20629419793644413,12.602475891317416,105.40536098539529,83.14605836784212
37451,186,0.20767147999122637,0.3719783029515985,5.921930248376081,1.8558935006734827,1.0262740846355818,0.17956115687777388,21.312786829565326,106.33486481435037,102.6269192262053
37452,186,0.12364916504691045,0.3055728392509888,5.95841655051768,1.8219976711934196,1.4159442645912474,0.17520221317486698,17.508034022911204,104.39277684204764,141.5932927891281
37453,186,0.08567596836923462,0.24126852728072307,6.048334305020754,1.7698843895417173,1.6134824026108043,0.16766088060805312,13.823668342522396,101.40690574682854,161.34637587721042
37454,186,0.07806102544184407,0.19293689309718673,6.160462008624252,1.7178449285237143,1.4161315724630876,0.1597692899733868,11.054469686835546,98.4252642623614,141.6113612766951
41271,205,0.22054201643740878,0.26319806501325826,4.731716655210327,1.7573955690996343,0.683776173859969,0.2128008842641145,15.080138301269551,100.69134904440048,68.37731044432944
41272,205,0.15046100266077372,0.19694057479251545,4.792767977715339,1.7040540679997482,0.7499526655408089,0.2037133998740176,11.283863750491664,97.63510615848456,74.99477310515307
42965,213,0.1844686787747667,0.20558502910638635,4.670290735723741,1.534848717287995,0.6385449247298701,0.18829738549402095,11.779154498870124,87.94035369167018,63.85414978280634
44285,220,0.20998267348728183,0.243703121004563,5.980869653195297,1.8059180155267125,0.6649672275748957,0.17300407175407626,13.963160287727463,103.4714804363217,66.49640924856558
44286,220,0.12313731020203714,0.17687000044171083,6.092793631695066,1.793159175187073,0.8229758883139464,0.16862618164234403,10.133904547787036,102.7404527333791,82.29692718017651
44775,222,0.23715677616253117,0.7463377061045288,4.596377894897027,1.0122280787650713,1.8031109859094876,0.12617847796214604,42.762000651264714,57.99639681787445,180.31034589377606
44776,222,0.21888763421665441,0.7369412949610448,4.6992321762335,1.0376763431476852,1.9290091088184287,0.1265195517197564,42.223625950173385,59.45447496293132,192.90003842036285
44777,222,0.18084208469043944,0.6303701124743498,4.8230330710846365,1.0422341529093053,1.9971869402304967,0.12381341206282258,36.11754697596725,59.715618226095685,199.71760069118454
44778,222,0.1024154300284657,0.37699279051799434,4.9264949486057805,1.0615421220904109,2.1090663475680063,0.12345873462205785,21.600095803540636,60.821883371141695,210.9045960451569
47301,235,0.20474639768517733,0.24586039596121584,4.323962355298823,1.709769573536152,0.6880102658334822,0.22655743095658074,14.086763037992938,97.96258050350416,68.80069391481574
47302,235,0.12260569767410454,0.1778359547112921,4.347643888039208,1.6593380221067302,0.8310583449932446,0.2186772138702054,10.189249650636686,95.07306545230134,83.10516345298103
48104,239,0.23846797349699636,0.4180052379941982,4.253063501980731,1.443231103320381,1.0043250083393582,0.19442703089039065,23.949935951429083,82.69105108226708,100.43208389006944
48105,239,0.17477665221425243,0.35177484010534293,4.3361171839510835,1.3846002092861749,1.153198225757279,0.1829557291848493,20.155213676925516,79.33174830502831,115.3191693650748
48106,239,0.12554482216654417,0.2826430482101119,4.492912778034199,1.3224239406025,1.2899179911817664,0.1686418457206109,16.194253771152066,75.76931052358232,128.9907819446943
48107,239,0.0949241306163345,0.21584493149000325,4.59267307590778,1.2550657381637023,1.3028301887559546,0.1565754158050154,12.367003603667586,71.90996980825139,130.281660118564
48843,243,0.19821864531563943,0.4880063673059797,4.3675923688461165,1.9793077389922855,1.4105990769445795,0.2596533054483451,27.960705222143677,113.40597980183949,141.05920317645524
48909,243,0.1415829139137212,0.2766364822149513,5.34924850785844,1.69743766107058,1.1194925526415473,0.18181248009176126,15.85010289026257,97.25601396590211,111.9484724791642
48910,243,0.06526048730805248,0.20707994839593957,5.381254716295849,1.644493308278748,1.8180687482150435,0.17509397119124284,11.864807064874219,94.22252600187846,181.80411685791054
49311,245,0.21842963014903533,0.25770997076720814,3.6967429367257365,1.7052117555847137,0.6759931323114464,0.264290588172038,14.765693663400848,97.70143677109778,67.59900684865583
49312,245,0.13562194394692328,0.19326398659687596,3.719278378663604,1.6698789258157278,0.8164762740557101,0.2572461772119698,11.073210763873902,95.67701474708069,81.64703140648133
56548,281,0.18976536289967,0.2710400224567976,3.5703889723574482,1.7088144493634672,0.818350003934388,0.2742218184161324,15.529449365905556,97.90785591949839,81.8345734650351
56549,281,0.131526535948817,0.20754053786795862,3.575885551539684,1.6695448126405381,0.9040910191876003,0.26750820132810627,11.891196897709069,95.65787147226261,90.40842141478605
57551,286,0.21023778226541193,0.27888957387863567,3.915189672768522,1.6827373806579389,0.7600534309870922,0.24625562936307732,15.979195533447792,96.41374994059895,76.00498519476375
57552,286,0.13675605501594623,0.21378599606631976,4.005148797954366,1.6384600480336458,0.8956849769092334,0.23439040633568303,12.249035293600542,93.87684565313003,89.56784929429982
62109,309,0.1662728888004263,0.3146108953701699,3.764158069905981,1.8936758569495993,1.0841139249745524,0.2882440961983762,18.02587649354267,108.49963436903147,108.41074701259079
62174,309,0.16675991897501516,0.28036232386763277,3.0123220625720255,1.7961225414595754,0.9632756496617357,0.34163093664840605,16.063577892095264,102.91024111394489,96.32699310383374
62175,309,0.0830725366313499,0.21636735326675127,3.0065729099314726,1.798797644777438,1.4923024114831482,0.34279399165934393,12.396936166600973,103.06351324381987,149.22846274878196
63114,314,0.17365717960949517,0.7135547114259431,4.4292001651504815,1.938424219260344,2.3542747356626856,0.2507530079418595,40.88367341638192,111.06352666955942,235.4261314285164
63180,314,0.17198262047429708,0.2433018404016686,4.573811680183619,1.6921760240669634,0.8105567733402308,0.21197756038000048,13.94016860278115,96.95454437226502,81.0552107481916
63181,314,0.11808428679453992,0.17476460907550992,4.69456363917566,1.649094956407719,0.8479768081020106,0.20126722754108156,10.013274508280443,94.48618101847278,84.79696988586592
63467,315,0.2360470180280701,0.43810082503384595,5.228772571440268,0.1785011868585782,1.0634036990566857,0.01955978097302421,25.101328275638693,10.227364645072603,106.33992390757426
63468,315,0.17634320123937117,0.4294610492052939,5.4491917237402925,0.17672928518185094,1.3953644947138062,0.01858228275321423,24.606305584723515,10.125842157283978,139.5356661108618
63469,315,0.12097695273099328,0.4233138938555643,5.675620830428771,0.1730450372869008,2.004852740525866,0.017469014546564313,24.254099527172745,9.914750302223377,200.48363341958836
63470,315,0.10515840279585063,0.3744834423227229,5.917155693937632,0.16968394656825403,2.0403808095009057,0.01643048531410895,21.45632074262281,9.722173989484325,204.03616007858722
63471,315,0.09279123873703678,0.36936318888612063,6.109682306037306,0.1679408746799389,2.2807055750098066,0.015749269485973737,21.162951830668145,9.622303326895969,228.06812421717376
63983,318,0.1547101657657989,0.21917596073755619,4.037562471473404,1.705015590737856,0.811702104197539,0.24195340084900555,12.557857520987007,97.690197353284,81.16969100987214
64989,323,0.19007496163595525,0.2477369947469691,5.9836669972151855,1.789045830564798,0.746772923656769,0.17130762009857547,14.194284228255976,102.5047754468399,74.6769034131823
64990,323,0.07823050511424277,0.18350628759280188,6.070037970382318,1.7638119423597005,1.3439941917584575,0.16648821717194218,10.51413579318145,101.05898015198287,134.39771838503532
66196,329,0.15530997091301021,0.23070406369111485,2.9600435096375297,1.8640261375814253,0.8510959236690578,0.3608083120297029,13.218369166018217,106.8008305854878,85.10904985213077
70953,353,0.1028477609299676,0.4167421752307323,3.6326750419549936,1.8310998077924872,2.321641740012175,0.2888072545802414,23.877567785822357,104.91429085372576,232.16193923892982
70954,353,0.19305351392988615,0.48872545179051946,3.6747426386057613,1.8960000165284479,1.4504736903114481,0.2956201543665402,28.001905728221146,108.63279890381439,145.04662521587517
71020,353,0.18235152991765485,0.36538301693998043,4.0110658374049,1.6323716229675602,1.1480519871601629,0.23317494190097351,20.93490477641794,93.52800459296168,114.80457543348338
71021,353,0.12517766858981125,0.3003442190534574,4.080895432879809,1.5672489193487529,1.3747224223022512,0.22004177706095515,17.208456152915794,89.79674852512268,137.4711550040919
71022,353,0.07802661818054171,0.23714961229725734,4.178723969937562,1.5077102787801362,1.7414147214405846,0.2067268288533509,13.587671897796612,86.38543570259456,174.1392626692412
71023,353,0.07234863497302144,0.23682017698692923,4.239864170845739,1.45827445190432,1.8754735005682537,0.19706520752087942,13.56879664489223,83.5529714658709,187.5447837428885
71024,353,0.07192376522756197,0.2367358722183102,4.293163487285125,1.3963556758696423,1.8858807528584334,0.18635508984705837,13.563966337457531,80.00528692646807,188.58547948738723
71025,353,0.07189455904451318,0.2367302144933427,4.381776966951616,1.332558612088531,1.8866017772910473,0.17424434157212593,13.563642173695248,76.34998442648347,188.65757988330682
71026,353,0.07189253644188658,0.23672983202329356,4.404898117113551,1.2688363393329314,1.8866518062118751,0.16504119967978564,13.563620259775643,72.69896713660614,188.662582633412
71506,355,0.24272885147416126,0.271444387208369,5.424105169639984,0.7642133681680341,0.6407403579903516,0.08072520571293923,15.552617759554455,43.78620064350569,64.07377446613746
71507,355,0.1820384285965233,0.25810195966329363,5.503407419416363,0.7878046867109054,0.8123643054058239,0.08201806645805217,14.78815297276254,45.13788362916093,81.23598874581927
71508,355,0.1509793281855039,0.2514048345764013,5.623824729176373,0.8019786464623202,0.9540667049894015,0.0817059453894625,14.404435970412424,45.9499917019053,95.4060449035071
71509,355,0.1259497044278017,0.2446671267974103,5.730123512108119,0.8138831259151962,1.1130151278841969,0.08138056352875846,14.018393751083776,46.6320681318553,111.30063793426017
73833,367,0.19763130363752826,0.19429551528485614,5.10588902314868,1.682785227152643,0.5632869002004102,0.18883389497274725,11.132313004141833,96.41649134280998,56.32840785259119
75641,376,0.20150152355660375,0.45171400917709037,5.398551477832558,1.648543693930022,1.284422297734558,0.17496285108696627,25.881306272781014,94.4545960050968,128.44159872524244
75642,376,0.1393140688874635,0.38737252975096725,5.477388162698266,1.613635167519078,1.593149179988125,0.16879301203000904,22.194811054036343,92.45448477272876,159.31378587599133
75643,376,0.08301721367145311,0.324419038418809,5.535964436820366,1.5863448667087874,2.2390343681755778,0.16418253149523143,18.587841695090262,90.89086571465664,223.9007667480315
75644,376,0.05640255602974414,0.25782478399373215,5.623513996877489,1.5573532004353758,2.6190779988489767,0.15867261197715785,14.772271976712954,89.22976559613839,261.90320285697715
75645,376,0.046307376471364126,0.18982126105504274,5.72304026484533,1.5191966302249837,2.3486441254961594,0.15209320742503557,10.87595712030497,87.04355516238833,234.85939151916443
81069,403,0.18080157571783032,0.38154622887293804,3.5616250868307113,1.8044215180663343,1.209114871241752,0.2902768669835214,21.860988603551903,103.38573744778998,120.91082506296411
81070,403,0.14455648912426414,0.31560948101772995,3.653938068524585,1.7681191816077382,1.250935886395917,0.2772509128648249,18.083091236630196,101.30576678224853,125.09273193784969
81071,403,0.0759563830292624,0.23498874213464135,3.742777724291799,1.722966303546725,1.7725780043578399,0.26375784095328597,13.463863157402969,98.71869743648362,177.25549012419302
81072,403,0.06969353408482197,0.22770694490204416,3.821730899117388,1.6694427503054499,1.8720022177127933,0.2502845595513296,13.046646908705107,95.6520237312148,187.19756262129022
81073,403,0.06861029546132173,0.22663833920190365,3.9195715989822406,1.60744185420638,1.8926340911634352,0.23497372480107245,12.985420312123434,92.09963405870897,189.26067821359982
81074,403,0.06853695736598156,0.22656914886534152,4.0239239729857506,1.547876952288235,1.89408088755014,0.22039883692306472,12.981455997855333,88.68681657168855,189.4053528402731
81075,403,0.06853188744092142,0.2265644806413575,4.1323795967620525,1.492958784675504,1.894181981392502,0.20699995036494848,12.981188528323228,85.54023734888702,189.41546187607554
81076,403,0.06853153643680293,0.22656416476382576,4.194969956113603,1.4304370284100068,1.8941890420996899,0.1953720890713737,12.981170429873815,81.95800458712843,189.41616792258029
81077,403,0.06853151213268337,0.2265641433856781,4.1989747777844295,1.366061504148023,1.8941895351256661,0.18640159252843075,12.981169204996181,78.26955874297472,189.41621722349532
81204,404,0.1911920262252194,0.5876124996211545,3.0636567829522527,1.8322693032971933,1.7609371646507865,0.34266664024445476,33.66771621742484,104.98129801030495,176.09280464950285
81269,404,0.21578394994176467,0.27048685399371447,5.417414964162382,1.6207221817716801,0.7182070044406292,0.17141116422064312,15.497755147611155,92.86054077875191,71.82037093779542
81270,404,0.1255182057303924,0.20058165667153535,5.602622158268322,1.5925096813630146,0.9156027520106256,0.16285960544083294,11.492482375021067,91.24408357582428,91.55955304327067
85981,427,0.2124153413850844,0.2799700665360685,3.925439439468812,0.25655694871787915,0.755176266588798,0.037447094918959756,16.04110320251357,14.699630366288773,75.51727469702081
85982,427,0.13866337085450414,0.2724801804306263,3.97672049522285,0.2681659707676989,1.1258894917627371,0.038636807172740276,15.611964339638051,15.364778334017755,112.58814534282321
85983,427,0.10443777797268829,0.26452680487393837,4.025989438422619,0.2759432108591868,1.4512246746666893,0.03927079683160733,15.156269487357322,15.810381367519952,145.1210918163063
85984,427,0.07396719255447835,0.2587847414510473,4.113424297746422,0.28544711316790883,2.0045740511287597,0.03975985367693457,14.827273487529222,16.354914858714363,200.45472216464907
90917,452,0.22536156056486184,0.33593367383279765,3.4918350833847493,1.9710878656401114,0.8540755932211608,0.32342597153165176,19.247581706943688,112.93501575062785,85.40718413342672
90918,452,0.1658151989874499,0.2715771574752917,3.5149977987091394,1.970894031574772,0.9384075821821424,0.32126310177766126,15.56022493549395,112.92390987675805,93.8401979451456
90919,452,0.13300157317315006,0.2036383617682797,3.593505487999876,1.9573865318420909,0.8772541196814918,0.312090762662596,11.667618676280647,112.14998715030133,87.72475898711447
94336,469,0.21716602676151403,0.2719669893117403,5.580705665751219,1.5861096319216,0.7175413285989393,0.16284210821048745,15.582560654442288,90.87738775415615,71.7538057541054
94337,469,0.15913650768159998,0.2050816543010069,5.647216154210277,1.5552849399131903,0.7383794378684762,0.15779679829157953,11.75031324700866,89.11126299728365,73.83748443841735
95475,475,0.12315263647406949,0.27238815576688225,3.320226904052019,1.7645591891907944,1.267264014345034,0.30450266460334785,15.606691714794408,101.10179424165906,126.72538271397664
95540,475,0.20312722573388706,0.2699242968897569,3.9861965589434485,1.6644214082045434,0.7613712136604053,0.2392363757581028,15.465522999819283,95.36432202134151,76.13675029131726
95541,475,0.10671206406957731,0.20556986889633228,4.020520485824342,1.642269085816776,1.1037444436829087,0.23403707937774515,11.778285882817494,94.09508744210927,110.37342040087995
99294,494,0.23963704053961107,0.5240991817845566,3.4252009775043373,1.9189904210894473,1.2530896660135276,0.3210032125284699,30.028671162514808,109.95005205445797,125.30844892111863
99359,494,0.15654742978555583,0.25760946603983814,5.822397233505031,1.8536897229180407,0.9428410446648066,0.1824138635824891,14.759935166701435,106.20859764997873,94.28350822119381
99360,494,0.07811925326192451,0.18971824869496015,5.88531643309951,1.8483960588525363,1.3914692091230514,0.17994834103617052,10.870054946834555,105.90529304086526,139.14515753538367
100362,499,0.1864674717590447,0.3592897414478401,4.792003552988987,1.8843096252895841,1.1039879775879085,0.225298223187525,20.5857858073078,107.96298882497078,110.39821162855259
100363,499,0.10928952016618566,0.3077170787312448,4.923849695864004,1.8219330190828105,1.6132277143643736,0.2120070245536782,17.630889895395196,104.38907254897312,161.32131010618218
100364,499,0.08117163494753538,0.22663564339173825,5.10616057111995,1.7677792555541276,1.5997292973391766,0.19836095799363732,12.985265853578587,101.28629045403011,159.9709786675202
100767,501,0.24044376299428175,0.3176541573110184,5.933598523712295,0.5076159463585403,0.75694380985857,0.04901621027212855,18.20024255870608,29.08425133988355,75.69406932410051
100768,501,0.19115980761040768,0.30338850812253276,6.11515898592444,0.5320097574360831,0.9093376048107933,0.04984647787765037,17.382881068191622,30.481913760866227,90.93328954551465
100769,501,0.10522338332335442,0.2861341152576396,6.26852821611006,0.5486173601144966,1.5580449043866638,0.05014487957674164,16.394277178972605,31.43345930216948,155.8030245574641
100770,501,0.0799826662300216,0.2625989086555196,6.376146241921762,0.5597907545074934,1.8811335003885792,0.05030255953438392,15.045809170702697,32.07364764372333,188.1110216607613
100771,501,0.0779715125094956,0.2596147383878367,6.432484727946969,0.5800809866489542,1.9077258376229016,0.05166929058486596,14.874828809016043,33.23619231076973,190.77016156436622
100772,501,0.07783776181522653,0.2594322744317876,6.556650721897406,0.5918377619806221,1.9096608301823736,0.05171818250587946,14.864374394421167,33.90980591795782,190.9636541972004
100773,501,0.07782853761477246,0.25941999833454454,6.669646533235697,0.6087843886462645,1.9097967881182725,0.05229778801135841,14.863671025860247,34.88077610288299,190.97724952999135
100774,501,0.07782789960586732,0.25941916780568747,6.691391453786825,0.6291222020444232,1.9098063298029821,0.053869284393537394,14.863623440061973,36.046046975122096,190.97820366641085
100775,501,0.06338601454388025,0.21488634557288985,6.6628561435137525,0.6416852864718927,1.942396729391512,0.05518032784047669,12.312080676316311,36.76585869048263,194.23663923772838
103314,514,0.23382248373242875,0.628745302732802,3.321150159818286,1.8655975625108865,1.54067522162726,0.3218489412889632,36.024452235264825,106.89086660176757,154.0668698465236
103379,514,0.1979970689291227,0.33705482030243716,5.2168369816080515,1.806897807217252,0.9753587665191316,0.1984490190732986,19.311818667870025,103.5276183649916,97.53538896777357
103380,514,0.14920082036485444,0.26707150082757597,5.337746496038205,1.7757381858738532,1.025602189225437,0.19060909590909836,15.302069825644775,101.74230357078909,102.55953840392478
103381,514,0.1090618050390555,0.2047967346236944,5.425696819131096,1.7468281084600648,1.075902555609994,0.18446640367410816,11.733988551998427,100.08587814958253,107.58927892782945
104319,519,0.21474282648651086,0.33617252989090574,3.1470820924598533,2.0073474412777856,0.8969457359381724,0.3654576927360896,19.261267150984413,115.01253640160198,89.6941600889016
104383,519,0.2374584505567276,0.6312317026276089,3.8342634821634025,1.7459321584874319,1.5230837583392374,0.26089637345464073,36.16691245541902,100.0345439974958,152.30774084006808
104384,519,0.13996576496727534,0.5622280647912784,3.838967105363591,1.7218984057783726,2.301512297837073,0.2569897278009418,32.21329523634805,98.6575114014056,230.14960189927675
104385,519,0.1061381090576803,0.40935002031407625,3.887742835330144,1.6967078768455153,2.2097648531763685,0.25005306234856006,23.454028507591083,97.21420040985068,220.97442418557716
104386,519,0.0865621912338888,0.3044735048049619,3.955031191439501,1.668076338272158,2.015319221347485,0.24165102427977203,17.445046798880508,95.57373408863128,201.52961726821033
104387,519,0.07457108948867587,0.23256402862712122,4.09949631287938,1.6253057121092755,1.7868768729790803,0.22715755885093467,13.324937306893704,93.1231577223663,178.68531508584266
104388,519,0.055224746014980626,0.17561249801762024,4.224493449645124,1.567986715269201,1.8219826925862255,0.2126622327048252,10.061854966159176,89.83902111750633,182.19500309565362
106596,530,0.21121038574879752,0.25640462777464046,5.644565473625142,1.7655256302551074,0.6955577620612163,0.17921161075949749,14.690903019109744,101.15716723579234,69.55545018099662
106597,530,0.13149871863125925,0.19229829062276493,5.80708090631572,1.7499874479843953,0.8378697326542401,0.17266316143221483,11.017880460264566,100.26689497037553,83.78634247241246
106932,532,0.22416273556563002,0.4869341791295321,4.495804625024573,1.6792398454571447,1.244599020876156,0.21400697704999166,27.8992733647894,96.21335593489499,124.45935242108388
106998,532,0.21039403761953254,0.3592142292945331,5.122421178941086,1.8845641141906944,0.9782339145278475,0.21079400928227573,20.581459279621367,107.97756996493732,97.82293115125562
106999,532,0.1636810993595271,0.2903168401261676,5.274422347142744,1.8208966777135887,1.0162400368552662,0.19780307206740136,16.63392966080367,104.3296945623819,101.62338903209756
107000,532,0.1287480315879032,0.2204088832411899,5.378384936045611,1.770194351491123,0.9808691939045743,0.1885782930671601,12.628498776911922,101.42466525833913,98.08616516303529
108606,540,0.18953384314319038,0.25013489101457503,4.078212605469498,1.583056066852126,0.7561537596807348,0.22240731397660282,14.331673564099967,90.70243136320673,75.61498100522145
108607,540,0.11822097421614455,0.18191547089029136,4.108816182130995,1.5317988981062602,0.8816530144168172,0.21360315920766468,10.42298871014868,87.76561192427874,88.16456313859544
112223,558,0.14680304010667952,0.25152224459778544,4.6705486969115455,1.7619642261635282,0.9816664611966786,0.21614829465928137,14.411163069110275,100.95311381220422,98.16598411486478
112224,558,0.08925706579360883,0.18762374281393238,4.717049668675795,1.7296727345235188,1.2043917531584742,0.21009519589132378,10.750048599686334,99.1029476270497,120.43783947261014
112827,561,0.1975481760226291,0.22256547970711046,4.57917877896665,1.496617719852293,0.6455165653133992,0.1872603862916205,12.752062652522,85.74987889202899,64.55133303649548
115841,576,0.20257640050952155,0.17637203295988452,5.111819221024667,1.6809010932364914,0.49884253982615884,0.18840364666430495,10.105373112743631,96.30853842137704,49.88401019722167
119660,595,0.16380647124801287,0.34370692140341086,4.402269154288504,1.7963352762057654,1.2022085961320312,0.23379404138204649,19.692955985850144,102.92242991705737,120.22013303675267
119661,595,0.08630009714828892,0.2765145846823809,4.458979220584862,1.773440107458319,1.8358168025087267,0.22787868730050378,15.843118676113226,101.61063337658886,183.5795743000858
120399,599,0.22175038266095903,0.6068656059655718,4.0379016276713955,1.750571081281234,1.5680169733290483,0.24839717183628468,34.7708379534765,100.3003346950677,156.8009972981249
120464,599,0.18973126933341108,0.2426579107846256,5.921896439337761,1.5243140968978586,0.7327876669713038,0.14748107325366974,13.903274153421108,87.3367644045429,73.27838433740168
120465,599,0.09462620122398954,0.17611789235228045,6.065442707153106,1.5110124907289197,1.0663865537888952,0.14273424471635673,10.090811928525028,86.57463851031753,106.63753971375877
121605,605,0.18937808804606032,0.4081408402611918,3.7371063017692587,1.9772767510787994,1.2348179559920274,0.3031479527605944,23.384747593889397,113.28961276615465,123.48115008454268
121672,605,0.1616507155420707,0.2700351438011081,5.230891972143882,1.83863538294176,0.9571175142041108,0.20139212942188625,15.47187406001177,105.34604750598277,95.71116525506427
121673,605,0.09980295098659761,0.20583380902061893,5.333896872535261,1.8306859774855981,1.1816692031378706,0.19664905871568097,11.793408537983277,104.89058012370641,118.16574816328644
122272,608,0.24736402799134227,0.29539268310692485,5.427583165251752,1.7030739562716994,0.6842043078899176,0.17978342614434464,16.924754041072163,97.5789498930161,68.42015695793718
122273,608,0.15868760354884198,0.22690116447009165,5.571771283949328,1.6874532751120621,0.8192497700356821,0.1735246220433409,13.000479090739999,96.68395078944936,81.92446590368189
123280,613,0.17348165742276017,0.23143627239904127,4.805755832199946,1.7199846761289983,0.7643644329513415,0.2050621504821494,13.260321634705129,98.5478627693674,76.43600710122297
123680,615,0.23743090419476595,0.36322515440099273,3.5904478147535226,1.6036104954239971,0.8765188994341722,0.2559015416885648,20.81126836016456,91.88011337067805,87.65152446864525
123681,615,0.1334473388711305,0.2942478482681176,3.604004252912277,1.5411598496040875,1.2633566705659913,0.24501068393847295,16.85915983656897,88.3019549373309,126.3347298226744
123682,615,0.06278397534220681,0.22816198864377782,3.679880595971295,1.4871313120951992,2.0821741282186643,0.23154650079283579,13.072718994600287,85.20634776480735,208.21412962811553
125890,626,0.18059931741049973,0.2874513522041259,4.260339511650514,1.6796888365976228,0.9119496474751237,0.22589533238655782,16.46974929662497,96.23908123228316,91.19446484243804
125891,626,0.09927686751078926,0.21761724285489378,4.366129451927404,1.6276156311296992,1.2559369187960028,0.21358850475333008,12.468549564858884,93.25550633325358,125.5924394579067
126292,628,0.23978967158150707,0.31067733716695833,3.9703473948354735,1.8290628677790988,0.7423380394280643,0.26395066250425503,17.80050021002958,104.79758278783729,74.23349746105124
126293,628,0.14866390732839427,0.2411808950739391,4.013768276290039,1.7728268801994704,0.9295226195606879,0.25306766808071424,13.818647386924258,101.57549804277447,92.95164296170765
126294,628,0.09254350182737962,0.17783183495970462,4.100914814071378,1.7235117715320656,1.1009970774897255,0.24079980854580257,10.189013606258081,98.74995044990314,110.09852995117237
127098,632,0.14893255680253356,0.2347793130151703,4.407276412707646,1.7045734693345729,0.9032184190168205,0.22159913809727022,13.451863752750137,97.66486566284348,90.32124150896061
130314,648,0.20590647141937005,0.2376894877105755,5.117169704426593,1.7635688364396884,0.6613975619691927,0.1974627711172448,13.618604480442624,101.04505120879153,66.13943819797448
131454,654,0.17878277883929294,0.37493268025603754,3.3154157007340777,1.835968461405749,1.2015731670630247,0.3172852315837811,21.48206018019892,105.19324415767679,120.15665134536027
131520,654,0.15559794829005683,0.20046983634880752,5.526013540864358,1.7528953004397003,0.7381893482852319,0.18174675418195788,11.486075542464972,100.43350264351126,73.81846515474784
132660,660,0.10039796340740452,0.4617743190927543,4.019130140678215,1.6963072688785643,2.6352842267223364,0.24182159726204525,26.45771957154217,97.19124726410507,263.52582410816893
132661,660,0.18153528439490632,0.5296129986173953,4.054530715466278,1.741550761648874,1.6715531653053626,0.24610371756104818,30.344589596044653,99.78350845027447,167.1544049565007
132726,660,0.21678130379877505,0.2172528121495317,4.1205506560295975,1.843468614707029,0.5742039756743552,0.25633217462489166,12.44766922351666,105.62297128754123,57.42013534034136
133930,666,0.1983478119972847,0.37331737336627807,4.817378135949839,1.9548269787907921,1.078383906483738,0.2324985337868644,21.3895099127973,112.00333556302208,107.83785240463206
133931,666,0.12769911776152065,0.303725140685791,4.99206075916204,1.8949896206485017,1.3627476552394084,0.21749516383087078,17.40216869331299,108.57490748425607,136.27370904865927
133932,666,0.0828628768449214,0.23657476426665075,5.202465083153254,1.8287430924592796,1.635802956895438,0.2014031024437142,13.554735531781448,104.7792610116192,163.5783413458792
134959,671,0.12474659955018189,0.18045127273243397,3.1402444986934896,0.42956437514370815,0.8288078026820849,0.07837678135180909,10.339096335332622,24.612225724908882,82.8801225243099
134960,671,0.23173491709061877,0.19283129707566196,3.059965481166994,0.36133207346875107,0.47676971353344477,0.06765698133600485,11.048419480468803,20.702802812470424,47.67676767235177
136746,680,0.19465258969521695,0.2455827663589069,3.6203346372871144,1.6348474174437806,0.7228701828562577,0.258732593235772,14.070856033512742,93.6698571673909,72.28665063688004
136747,680,0.10177825726421855,0.18167972044552308,3.6345682702696016,1.574037156916713,1.0227607017146294,0.2481331452147303,10.409481204645125,90.18568588809896,102.27507533899715
138152,687,0.1986759623109946,0.31761020022763387,2.45443279121571,1.6544397855217845,0.9159499154161879,0.3862090545806573,18.19772400334844,94.79241716892737,91.59453512714289
138153,687,0.1164364072495828,0.24839078806020068,2.4400681434090674,1.618330310651567,1.2222759993784518,0.3800037164080207,14.23174382577802,92.72349665843021,122.22656070718212
138154,687,0.05858709371808004,0.18362530592526932,2.4810991607851864,1.5895848019848398,1.795780022160362,0.36708125738902764,10.52095504131652,91.07650033187001,179.57496777318423
139360,693,0.1975429617206308,0.2094649473345743,4.312520016426411,1.2420507790754391,0.6075365442600443,0.165017825183131,12.00145743820117,71.16426758195848,60.75334995647088
141504,704,0.23232309595411005,0.5116038029558334,3.2772768274509154,1.967351935309067,1.261722916962116,0.34394702767245966,29.312738692211845,112.7209627101041,126.17175403967508
141569,704,0.23386992741876883,0.28913162796821273,3.9060939544634827,1.8052108493327896,0.7083433719256549,0.2647938419786638,16.566022006325262,103.43096279799559,70.83403734343678
141570,704,0.15161564830312485,0.22167998562485614,3.9172305731130534,1.7648697028681086,0.8377319150922578,0.2581404980364718,12.701327578825016,101.11958536485027,83.77264450162126
144720,720,0.13632685623940943,0.49749450526966427,3.229566519284675,1.8167139513486115,2.090881736608173,0.32230344552730356,28.504335482900654,104.0900419948106,209.0866552822729
144721,720,0.20332064352521545,0.5614601921246696,3.2640418666093116,1.87613705991896,1.5821953557393191,0.32933013541206413,32.16929937334791,107.49473532143925,158.2187651820666
144783,720,0.24131192410552177,0.38069798414982364,3.071672361324618,1.8129360037642317,0.9039083724464702,0.33816621366493554,21.812387760923205,103.87358154300401,90.39046641109468
144784,720,0.15940675083207856,0.311831200883103,3.067572362047558,1.809648786225111,1.1208189438037013,0.33800421074487214,17.86661173109795,103.685237851671,112.08119829705637
144785,720,0.11122154416628499,0.24763099970393754,3.1082489190838136,1.8033563298425257,1.2756710033406353,0.33242095152473733,14.188211159640959,103.32470665817871,127.5659648499737
144786,720,0.05798397884523763,0.18466235811972548,3.10054306883669,1.8024777751165013,1.824706089716115,0.3330847743584789,10.580373755193639,103.27436918030624,182.46749358023808
144921,721,0.24793230069191752,0.7370354389915899,3.4773203364637966,1.8326307481725652,1.7032479505369535,0.3019624216761348,42.22902000578997,105.0020072761904,170.3241149451878
144987,721,0.20396052728680902,0.2644727117870729,5.106515753535484,1.7879407646447736,0.7429461788713926,0.2006093089245918,15.153170181779096,102.44145983353876,74.29425727171984
144988,721,0.13541760249655727,0.19783862665086965,5.155395014484398,1.7411070870951786,0.8370638148747024,0.19350231611174626,11.33531833175924,99.75808777087038,83.70576953818008
146595,729,0.17184907944804395,0.28348100515501057,5.864815618080498,1.144517185744021,0.9451470019233968,0.11181255896493605,16.24226516750844,65.57600432332292,94.51415570872064
146596,729,0.08815722993826137,0.21725128534700736,6.05468685041435,1.1063039174614833,1.411974983891647,0.1046900472157441,12.447581744175865,63.38654532933237,141.195912768361
151618,754,0.2338358145681303,0.253053229295433,4.3925240271830575,1.705958674567261,0.6200453697615613,0.22252406873365616,14.498882030784594,97.74423207643595,62.00427446620141
151619,754,0.14722368688107462,0.18254569558649125,4.4520640167761005,1.6850900126879527,0.7104221770653247,0.21686243784005121,10.459097925385848,96.54854582666603,71.04173998912637
152021,756,0.15614125907336712,0.21893555105516602,3.5020002246873645,1.8129279235486973,0.8033803705628779,0.2966108270122073,12.54408306083197,103.87311858075633,80.33752768325093
154834,770,0.22305905701637718,0.23954963207893493,3.324877688880664,1.6756216567251192,0.6153160723579523,0.2887506178750245,13.725182902034648,96.00604899106814,61.531334142118226
154835,770,0.12308447075821118,0.1745654535188127,3.3001271101893632,1.6421895995617395,0.8126015297625467,0.28511184505452447,10.001863735415114,94.09053321516637,81.259499385291
157849,785,0.20232320062215267,0.27016614095097324,3.4090038460640972,1.882624767692859,0.7650817519269054,0.31641634374722083,15.479379643827285,107.86645359559787,76.50780082771983
157850,785,0.10816161194981491,0.19928538497456585,3.4002414321392003,1.8790013451969627,1.055662005787996,0.31662118296946185,11.418211477682455,107.65884677919026,105.56523434345553
159344,792,0.24473663322965553,0.2664882809724869,2.6858334461649505,0.7650202752870476,0.6238809843890916,0.16319862616676056,15.26865378941994,43.83243301588422,62.38784606980417
159345,792,0.151777771264492,0.25741906269171716,2.6235899628360397,0.8031095836608193,0.9717513153487795,0.17538864726080933,14.749025858448942,46.01478963027365,97.17449769537971
159346,792,0.09685337526688564,0.24687468788527347,2.620624952137207,0.8400406051029163,1.4604422597577298,0.18366146238934053,14.144877684435645,48.130781292012955,146.04273318018866
159347,792,0.0644509868929377,0.231696394779425,2.648657435546005,0.8611427915630401,2.0597393662211396,0.18628247906367157,13.275225549258012,49.33984751467615,205.97077280658107
160665,799,0.20357541656504183,0.26120689326044244,2.5738600412082473,1.6694330760418459,0.7351600738886784,0.37162653576226384,14.966052563547539,95.6514694367404,73.51564987767601
160666,799,0.13285101174144534,0.1930810313262541,2.548364233811205,1.6725594638189905,0.8327168322843522,0.37604749201068943,11.062728199027596,95.83059826149207,83.27106269612023
163011,811,0.1755455761362888,0.41258755898778987,4.428961598693047,1.704933804563531,1.3466317399317675,0.2205607543739782,23.639525809605257,97.68551135067266,134.66241455630714
163076,811,0.21816726607688663,0.47780612349777335,5.1348548780422245,1.5371357975206736,1.2548295415432074,0.17151681139326141,27.376274301929005,88.07139373641047,125.48238474004779
163077,811,0.1590701745537962,0.41309980292701953,5.202698254411432,1.4903925610377655,1.487951704576017,0.164132531285318,23.66887522540427,85.3932035651579,148.79424441164042
163078,811,0.12416629663220681,0.3478916873415104,5.282651828444017,1.4358149196096628,1.6053248222479637,0.15572886037437667,19.932725412353353,82.26613505554926,160.53120228102924
163079,811,0.10691086402683839,0.28015275663020917,5.393227290183858,1.3789920853512867,1.5013973760832944,0.14649934459443126,16.051570573866677,79.01042647257292,150.13834731978113
163080,811,0.07446733003955447,0.2104037634780971,5.502607361633934,1.319333162764031,1.618863737386141,0.13737527846835865,12.055247640963776,75.59222199802548,161.88422158198702
165489,823,0.22705155580651515,0.17622473352287704,3.813202121491895,1.7679864755561971,0.44469781306342887,0.26565117660297494,10.09693347667845,101.29816328557938,44.469587408135766
166026,826,0.20302358750236593,0.26230132018698304,3.2404303928914655,1.7405471701433206,0.7402468871752039,0.3077554352152253,15.02875860742379,99.72600689265109,74.02432775413791
167701,834,0.22813180738486524,0.21175938424190696,5.033162231590053,1.653760830439547,0.5318380894183551,0.18825841759136722,12.132918989350381,94.75351590823621,53.183578146574376
168639,839,0.2497835222815704,0.3327672843801293,3.48061838810601,1.7894293312140395,0.7633073638144637,0.2945647488138091,19.066160955011053,102.52674841548196,76.33043385097601
168704,839,0.15606346691879228,0.22851896066359254,5.527601813506869,1.8325146119237745,0.8389645190048515,0.18994738859948157,13.09317198473993,104.9953531592862,83.89591970062556
170046,846,0.1753067237026185,0.25656521692176903,2.97946281090425,1.7711293322968324,0.8385361924780556,0.3405923879984311,14.700104099475816,101.47823571243202,83.85314570858378
170448,848,0.2081738300340206,0.6122016235913443,4.817747590652162,1.7718810668624894,1.6849652788798213,0.2107235898298526,35.076569242840684,101.52130693035826,168.49572658283597
170513,848,0.23584494967835443,0.44811981941514123,4.191625202032868,1.782232263015564,1.0886547842136758,0.24361526047152898,25.6753743686522,102.1143867828415,108.8650214416154
170514,848,0.18059487416694167,0.3755941370824613,4.256073617936573,1.769825834658795,1.191615087213107,0.23825610096019326,21.51995886468312,101.4035507991672,119.16085549545947
170515,848,0.12322437389098681,0.3105483879697839,4.285260143600476,1.7417989201491229,1.4439603107288375,0.2328860403052519,17.793111965259886,99.79772688498903,144.39487098656184
173729,864,0.19243460760523765,0.2758615594407846,3.933192087648443,1.765613577744396,0.8213544570384019,0.2572012852263933,15.805703085854248,101.16220625574735,82.13502315163035
173730,864,0.12246383791755291,0.20861401282642003,3.985815099048292,1.7608778754630667,0.9760188566252532,0.2531248132231773,11.95270248224189,100.8908705019967,97.60109665346404
175941,875,0.16770317502445264,0.32050961841273823,3.446879654863354,1.8208466281254667,1.0950208504221777,0.30267034847690866,18.3638484283984,104.32682693221614,109.50143862381958
175942,875,0.10332827205661559,0.25610599608182216,3.4512254654766124,1.7813775488848798,1.4201138731254963,0.2957367346634109,14.673792683482407,102.06541527046309,142.01002669836313
175943,875,0.07728439974225561,0.18634004119880856,3.5092977037104,1.7334383058885567,1.3814555808334248,0.28301588259581284,10.676497914985612,99.3186989737217,138.14378848516535
176076,876,0.1856274499616893,0.2901685995083503,4.26569822245922,1.763052868003531,0.8956345199401836,0.2368088010220105,16.625436099050326,101.01548839503774,89.56297433115206
176141,876,0.18130786799463566,0.2572661342187561,2.6885648207394985,1.5642618054299167,0.8129963168405187,0.33335852079861056,14.740263702380894,89.62559950464859,81.29918776403706
176142,876,0.09985192914175217,0.19427474015471205,2.655223292483072,1.5404971795109774,1.1147627950483503,0.33241643614397615,11.131122676865742,88.26398673778615,111.475174264181
176232,876,0.17092507054011566,0.20222134695621324,5.074541032397116,1.7975523796476227,0.6778659791429736,0.20295858078005632,11.586429708041715,102.99216480750664,67.7862052958295
180161,896,0.24004863632541393,0.34307884326592125,4.854868311641044,1.8388329516960304,0.8188744265077103,0.21701385162626446,19.656969759367552,105.35736736176612,81.88710493491583
180162,896,0.15806230771886873,0.2775168395565981,4.909124001331291,1.7792030631033056,1.0059667528527045,0.20765583875507487,15.900543650402287,101.94082641256769,100.59604521678732
180163,896,0.09144122774824082,0.2120366561310191,4.941856035801381,1.7252570181294518,1.3285915411406217,0.2000259513793936,12.148805498374125,98.84994571414293,132.85771571338216
181770,904,0.18874709182740704,0.24424557991174792,5.815209394862643,1.747522712414327,0.7414281203885696,0.17217896906837157,13.994240893668438,100.12567602459485,74.14242315342133
181771,904,0.14056295416745984,0.17832164225984254,5.888632541765371,1.7123657575154794,0.7268683865515638,0.16661139921006957,10.217077497330681,98.11133088835909,72.68632671757825
182058,905,0.2161748101848429,0.22539199520131026,5.193485563115539,0.9834194744036067,0.5973873391001644,0.10849319706591362,12.914010061067982,56.345785374300355,59.738460330162525
182059,905,0.11174597077624496,0.21576754905738407,5.236320044510751,1.0292693657056335,1.1063100284227938,0.11262258613515962,12.36256991687005,58.97279063704008,110.6300227289747
182060,905,0.050106067012216135,0.205456247013757,5.288315399516744,1.049357377188687,2.3493708808246105,0.11369168489011058,11.7717758284856,60.123748913829374,234.93244626782152
184181,916,0.17926435108771077,0.253008599735033,4.705553732276625,1.8745679476097172,0.8086562692870872,0.22825120632151863,14.496324945332148,107.40483180853761,80.86518034508185
184182,916,0.09383413106103065,0.1857399746340988,4.760566358156094,1.8405779738897512,1.1341412105514017,0.22152269627840454,10.642116633400828,105.45734976862298,113.41292448858161
188603,938,0.21726859381005045,0.24279427958159822,4.469324215674817,1.7660310669289947,0.6402714090300338,0.22640140100540423,13.911087509944917,101.1861266240172,64.02684916006604
188604,938,0.14376489292017913,0.1771176999013809,4.618635401685353,1.7183995360318018,0.7058813712723897,0.21317344227422758,10.148096681413803,98.45704093186109,70.58765104354876
193764,964,0.1199591505981205,0.3125992158452507,2.825267904027664,1.7735938374778542,1.4930594427077488,0.3596807260413947,17.910615747031912,101.61944145789269,149.30471208755327
195975,975,0.1163740679689418,0.5267439612093231,3.1739007027512134,1.855525586472782,2.5933787307300116,0.33496254138105014,30.180205861296965,106.31378488342729,259.3356668917389
195976,975,0.23276922318697194,0.5987994610223198,3.267912361016359,1.9178277961860442,1.4739354261535464,0.33624964833485155,34.30868189128737,109.88343855433617,147.39291573273542
196039,975,0.19892596663421286,0.27793578215964226,5.583963960549796,1.7242012446436257,0.800526284342299,0.17691635345483164,15.924547293414943,98.78945434928329,80.05223003624752
196040,975,0.0986473191577557,0.20882147981174742,5.753054806519171,1.7181179541673535,1.2128650179424336,0.17111067184129744,11.964589464889452,98.44090747944077,121.28528460536674
199392,992,0.21240511489627542,0.521641956772755,3.7553594506629207,1.8622043333552822,1.4071168270831436,0.28411780552532234,29.88788254002459,106.6964488922307,140.71102686765767
199458,992,0.24351790775292678,0.5821772912013038,6.562110036381254,1.6842497625229291,1.3697678602868442,0.1470569715478807,33.35630171419342,96.50040303847501,136.97622916425274
199459,992,0.17333275197805648,0.5064681661696656,6.645976096224134,1.6298436920056862,1.6741490788063467,0.14051083441375906,29.0184883792523,93.38316481794585,167.41395168625874
199460,992,0.1072913634660162,0.35647902515007307,6.707073143398545,1.5834459698047447,1.9036706275837274,0.1352673052489971,20.424743626037113,90.72477115681146,190.36530621777615
199461,992,0.06075478638656601,0.21177487625731642,6.815278617508922,1.5334400877220014,1.9971767396347488,0.1289157053799799,12.133806616449494,87.8596451626414,199.71441961505835
199462,992,0.057214785538695585,0.1978953784033447,6.90090869001139,1.473036488099916,1.9817548696800837,0.12230095702723702,11.338569967656031,84.3987738368979,198.1720579539653
199463,992,0.05699237625215315,0.19754175017587342,6.9700454629494955,1.421902657071917,1.9859334390087293,0.11688449012970849,11.318308562705234,81.46902112865847,198.589894247187
199464,992,0.05697707127747571,0.1975183107516944,7.068750292477125,1.3694654028528133,1.9862311878547216,0.11100206460136618,11.31696558262556,78.46458777264925,198.61966768782722
199465,992,0.05697601339393457,0.19751672550463464,7.106868045605,1.3213419981919818,1.986252125111332,0.10652698093933943,11.316874754659551,75.70731978978341,198.6217613130329
200462,997,0.1804870267311545,0.33030190649344965,4.273874513301691,0.8486243251786432,1.0485465078242227,0.11376700920857045,18.924905207199426,48.62259222487381,104.85407564120014
200463,997,0.10674618252166007,0.26005048081816823,4.324933033038811,0.7860035820568116,1.3958151255095554,0.10412805813608028,14.899795011228811,45.03468793401999,139.58021803718793
200464,997,0.06578783095499141,0.1933384598447564,4.384167662879135,0.7219635829356221,1.6838184086695767,0.09435192572639253,11.077477766664083,41.36546626435433,168.37930703226203
201955,1004,0.2205258890947327,0.27265713615242154,4.612582617519847,1.735241837302246,0.7084021976460337,0.21554526333852123,15.622103155657612,99.42203371194536,70.839901745255
201956,1004,0.1330760842503148,0.2057222949374584,4.7581868250343895,1.6787646428494805,0.8857352868720841,0.20214870110363592,11.787019251661908,96.18612883106222,88.5728697623913
202005,1005,0.24917498147678935,0.4021680693977892,4.062163231283653,1.652423220373095,0.9247530378089381,0.23307009313312624,23.042533031417722,94.67687649679429,92.47493636766963
204885,1019,0.22918843534092376,0.1761010306372846,5.586343402973653,1.1820074083768337,0.4402423433001391,0.12123142250064234,10.089845823420413,67.72403585318892,44.02404416421538
205020,1020,0.18585659611795513,0.33990809591516447,3.4118414961015446,1.877914245552943,1.0478669402747391,0.31536213029022053,19.475299318266902,107.59656055767776,104.78613586450801
211315,1051,0.2162635623707302,0.34335361376388435,5.044925432848825,1.7900016578075912,0.9096637373358267,0.20329247969199146,19.672712949235546,102.55954031379558,90.96595731441067
211316,1051,0.12113973356203762,0.2731240808622093,5.18286382659533,1.7579094096900656,1.2918020673190858,0.1943342389788482,15.648857116794412,100.7207899415747,129.17915103081694
211317,1051,0.06561206194773529,0.20694505829988352,5.305342391741875,1.7191341348727294,1.8071489102062048,0.18566027013212516,11.857078431672093,98.49913034508143,180.71216431138302
211717,1053,0.23259964937579836,0.2994673309679999,5.446532009093598,1.4386066805806101,0.7376715087442238,0.1513368339479827,17.158214166513773,82.42609117659389,73.7668369050523
211718,1053,0.09915470964388791,0.22913196163837946,5.517938554369276,1.439023617671079,1.3240211258306838,0.14942170694795437,13.128294353432626,82.4499799122002,132.40079064112544
211719,1053,0.07697801398802655,0.17844897204083435,5.602567068213727,1.4407933931861594,1.328219721251636,0.14734563536224518,10.224372956387837,82.55138057989991,132.8202639485374
212120,1055,0.22182306541565,0.39168372171747967,2.325584503498624,1.6158040254717427,1.0116992615099636,0.39808809631477887,22.441824158388208,92.57875117977983,101.16947462998262
212121,1055,0.13958691947642457,0.32290459447625314,2.315203811049176,1.5787824084353987,1.3254156759711078,0.39071103783793526,18.50107044887266,90.4575687728477,132.5406275719824
212122,1055,0.09156547854198713,0.257939807614951,2.36737336095756,1.533834117902991,1.614021022557674,0.3712224801847209,14.778862344753104,87.88222142901289,161.40035720579084
212123,1055,0.06629914428890678,0.19263114901761536,2.4479144898370375,1.484343742534997,1.6647198534946779,0.3474248459232148,11.036951841464994,85.04663179390863,166.46949957410087
213527,1062,0.21424765126579193,0.2595015595861637,4.642144115113242,1.7534284341300337,0.6939792973004463,0.21641734131086002,14.868344141349832,100.4640489538836,69.39760905614527
213528,1062,0.12631487655864243,0.19311645701087635,4.666424760917734,1.7103933077861817,0.8759662651563982,0.21000728106519015,11.064757941242812,97.99831784356861,87.5959399775528
217749,1083,0.24715456696079302,0.30894723494279414,4.860766103329346,1.7383882690450632,0.7162065486356259,0.2049107252830005,17.701372654458776,99.60231097133477,71.62036798170439
217750,1083,0.1657284706070667,0.2444712512349535,4.894488681870717,1.708070914414972,0.8451879156036854,0.19994990420056355,14.00717090804525,97.86525450502914,84.51828667971371
217751,1083,0.13163807169216216,0.17461341089955593,5.009108802382275,1.6628201265437106,0.7600089094525209,0.19019865390996274,10.004611490928202,95.27257534036409,76.00031937572437
218889,1089,0.19238035486097615,0.6035911491644105,3.152802854038573,1.9355746219139571,1.7976483942924033,0.35175131954251787,34.58322539857205,110.90025676829977,179.76391435419256
218956,1089,0.18727362482692822,0.25261210353664765,5.137280527347633,1.8332383157428764,0.7728587849511059,0.20445996197818803,14.473607386571686,105.03681833373824,77.28546993458201
218957,1089,0.11844946111529053,0.186033920618182,5.156180849598165,1.7975534075585742,0.8998738784843473,0.19974517284580343,10.658958497693614,102.99222370246588,89.98663574064948
221166,1100,0.21214175792137063,0.22828830124422628,4.7687961767364095,1.7398833011623012,0.6165667563566893,0.2090422112799747,13.079956173505305,99.68797000188901,61.65638790438139
223175,1110,0.1746818818420513,0.3157437321406971,4.307703932291009,1.7352214744581458,1.0356415921879831,0.23079781790677925,18.090783259371108,99.42086700691954,103.56357227795704
223176,1110,0.1068620712714206,0.24685913501705617,4.3672694792611955,1.7205296614189352,1.3235739377752664,0.22572247572259152,14.14398657072747,98.57908812637748,132.3561675932304
223177,1110,0.05902017110578048,0.17936037139240707,4.437830632129338,1.7096935677741518,1.7411997218824895,0.22073448401609358,10.276592292683913,97.95822569412287,174.11705156215433
223512,1112,0.1364200404102674,0.299085677830071,4.480929978745074,1.7241115936218163,1.256145779226511,0.22045494567472598,17.136347052472523,98.78431772410458,125.61366634455602
223513,1112,0.2161367277185378,0.36887749319033536,4.511640231407847,1.7848388667350328,0.977858911921536,0.22666641997793463,21.13512351717198,102.26373417483016,97.78544329241254
223576,1112,0.14596515375012203,0.22727417431512908,4.72363303608616,1.7559828827211024,0.8921204653234658,0.2129937001785041,13.021850980577474,100.61040807713498,89.21144146107629
223779,1113,0.20194363125066792,0.7235700760713425,5.59421161389959,1.5831225368671453,2.052924830120677,0.1621430255284164,41.45751154084784,90.7062398145315,205.29147659978074
223780,1113,0.18550154082474135,0.6684979191400097,5.768389574158974,1.5583023631357138,2.0647864780487737,0.1547817589472965,38.30210938000033,89.284148612939,206.47754585845433
223781,1113,0.17808761753980157,0.6222343860331729,5.890809533531026,1.5156859788117956,2.0019023600978088,0.14742016188324528,35.65140418761483,86.842409653071,200.18912314621673
223782,1113,0.1532398191901239,0.5396569740259897,6.003443083671131,1.4663599456113339,2.0177565558447554,0.13994675192163117,30.9200669964903,84.01623613056238,201.77435202906463
223783,1113,0.11889619343903773,0.41415569909454064,6.1046918666790395,1.4043813188542371,1.9958058317290306,0.13180865475742448,23.72937361940727,80.46512239736413,199.57892136094912
225587,1122,0.1996203746253014,0.2853736557960259,4.682091359088509,1.8019398655227161,0.8190899988506952,0.22050733548782026,16.350706061331348,103.24354923082275,81.9085936664968
225588,1122,0.11472678216397714,0.21905690993779045,4.725811062877993,1.7518672692190314,1.0939934932263933,0.21239655848584668,12.551036412612774,100.37460079335925,109.39840530233502
231906,1153,0.17258079608214458,0.2966707534709191,6.015815579948413,1.4468934275273315,0.9849288843140022,0.137804900371364,16.997982078849784,82.90088680253395,98.49232343577636
231907,1153,0.14083653027982673,0.2861644680521355,6.233614861309416,1.5206046450945512,1.164187662762559,0.13976517682043635,16.396016265993648,87.1242284719062,116.4179479249373
231908,1153,0.09425277291257417,0.2736432500433738,6.352977004542573,1.549242983352118,1.6634631716149293,0.1397220298186835,15.678603319728401,88.76508438633282,166.34456993325045
231909,1153,0.08772462403421373,0.2695433168781047,6.44980854555598,1.5623319564137295,1.7604740815504032,0.13878710744648964,15.443694453072766,89.51502730092359,176.04542142726274
231910,1153,0.07479389823389786,0.2656381662632605,6.519305779413594,1.576859641647641,2.034917838078869,0.13858439114427232,15.219945804479275,90.34740235092124,203.48909035056928
231911,1153,0.07397130236667092,0.2649773086173079,6.6099397177724395,1.581272877569456,2.0524282948030805,0.13706669935668114,15.182081450507242,90.60026214323678,205.240082635953
231912,1153,0.07393385152631696,0.2647946722969441,6.752848292142065,1.5960054857356507,2.052052584155126,0.13541601161597647,15.171617160164596,91.44437841237969,205.20251068285828
231913,1153,0.07393128246828445,0.2647821439044759,6.803225390715198,1.6015605459901772,2.0520267980787974,0.13488111081878643,15.170899336152086,91.76265991990493,205.1999320142742
231914,1153,0.07393110836956236,0.2647812958794475,6.808625672915064,1.6104342091558892,2.0520250582524553,0.13552086377674932,15.170850747897036,92.27108336812093,205.1997580274991
239344,1190,0.1705741608712903,0.34567083647738556,4.3923552727761,0.8748467250450909,1.161106627676683,0.11411878556928841,19.805480030911017,50.12502506592568,116.1099888737933
239345,1190,0.1181018796243567,0.3352990827250048,4.428745730659204,0.8768556218088674,1.6266651089034403,0.11344098151927207,19.211222314750625,50.24012637196757,162.6651473347195
239346,1190,0.09493152119792271,0.3174224831642201,4.498679097901135,0.8829731094162843,1.915798510608055,0.11245663755888397,18.18696860787224,50.59063259309614,191.5778531779919
239347,1190,0.0502189500071399,0.18505036572671868,4.55440811056834,0.8886883129668957,2.1112752936313077,0.11179957590021673,10.60260495349332,50.91808963560435,211.12336734676
242004,1204,0.1489889144228634,0.31288873078506024,3.481192473031687,1.7929342533530104,1.203257477066391,0.2950930353960318,17.927203731188985,102.72756566156696,120.32494817271971
242005,1204,0.23398363383534038,0.3815753131742751,3.553962234277883,1.858647553478264,0.934366806709526,0.2996448839266112,21.862655011268604,106.4926604166205,93.43628533595837
242068,1204,0.21710461704566741,0.4509348977929731,5.583336567999408,1.7504993381469727,1.1900560034248289,0.1796349238759364,25.836666478700497,100.29622411626548,119.00505767782988
242069,1204,0.13292906819032582,0.38315934166717036,5.744335166080639,1.7303852159302258,1.6515132322746877,0.17259398479648147,21.95341315853997,99.14376980463557,165.15009325886783
242070,1204,0.09214382693749341,0.32464871155985997,5.982018589599244,1.7185518873567758,2.0186918208494133,0.16460291518716086,18.601000996739998,98.46577001978531,201.86701321125727
242071,1204,0.06960670717139927,0.2592357136328542,6.205120458659718,1.7032917308186297,2.133861916465666,0.1572756370296868,14.853112290224564,97.59142745544058,213.38315674801422
242072,1204,0.05714526514786214,0.20836899900110953,6.423529813062175,1.6902753463410458,2.089177835479523,0.15076701786711394,11.938664224129242,96.84564356035543,208.91416426320683
242073,1204,0.045945973918086185,0.18289045294974848,6.593076347739399,1.6630046784823969,2.2806892297569554,0.14452001496342745,10.478851067256546,95.28314938755177,228.06400887114216
242074,1204,0.044237599102246374,0.17770266306425794,6.734433466648972,1.634202463933455,2.301573888924359,0.1390360516262141,10.181612601817282,93.6329040532671,230.15223828143948
242075,1204,0.04419917088200079,0.1775804673963475,6.8391358422241675,1.588827377958844,2.3019909199074395,0.13310614834807472,10.174611305771231,91.03310313187863,230.19393596766704
242076,1204,0.0441965092425615,0.17757211571939174,6.938338534626262,1.5361244823272844,2.3020212822850676,0.12685090108818364,10.174132789929809,88.01344964407181,230.19697182691644
242077,1204,0.04419632648940323,0.17757155048021248,7.020129494814906,1.483269525365389,2.3020234734953253,0.12105913947245667,10.17410040411042,84.98508368380959,230.1971909217126
242078,1204,0.044196313937889954,0.17757151222527076,6.989652413095193,1.4249583191174175,2.302023631323183,0.11680709243526291,10.174098212263715,81.64409766748396,230.1972067026805
244369,1215,0.21175214013533625,0.20765777697778834,4.9046807674549715,0.9693603295439432,0.5618792629161933,0.11323928759151235,11.897914203896184,55.54025571027859,56.187663598716675
244370,1215,0.158210283671207,0.19383494077019378,4.9735362806456305,0.9731245361134282,0.7019722781995937,0.11210520161437817,11.105924028300395,55.7559288599255,70.19678856395987
244371,1215,0.12723715523092827,0.18424723493549444,5.084616402849231,0.9876669290562305,0.8296780999167623,0.11129481951984348,10.556588948759169,56.589146599568906,82.96716444528533
245688,1222,0.14079436103573717,0.22390561539808976,5.223086879381662,1.6631354722814753,0.9111761128812228,0.18244123702775786,12.82884677158996,95.29064332022544,91.1169705963089
245890,1223,0.23828717989143763,0.5463144036997128,4.323236894311086,1.852648239472332,1.313604379381896,0.24553113186616327,31.30150961919979,106.14892504410687,131.3598921837438
245891,1223,0.20143048846234934,0.4820738083587312,4.411691016134629,1.815227265377228,1.3712320052624276,0.23574828914144172,27.620794632753764,104.00486116318902,137.12252659005952
245892,1223,0.13749225223529155,0.38892436659486396,4.471140302093215,1.7744166575130915,1.6207257334634744,0.22738401945971193,22.283724755684524,101.6665855732106,162.0714063665502
245893,1223,0.10882615690772023,0.35455013578770816,4.539711480973714,1.7231262267882852,1.8666674554155245,0.21747606771833672,20.314226406425924,98.72786036327108,186.66504743527696
245894,1223,0.10645835652945858,0.3535537674739835,4.633643901717594,1.6728583165062632,1.9028226120305436,0.20685171991051898,20.257138707208934,95.84772125916894,190.2804917067439
245895,1223,0.10629946866799661,0.3534827681038043,4.723197720879522,1.6191949658195424,1.9052841083262182,0.19641997442485598,20.25307074294958,92.77303775028936,190.5266363989896
245896,1223,0.10628849537056569,0.35347799100635097,4.812688590723495,1.5636367775731377,1.9054550597750488,0.18615330323451418,20.252797035427182,89.58978804637704,190.54373120145328
245897,1223,0.10628773528287966,0.353477667840196,4.853587235294612,1.4998310926889378,1.905466944045961,0.1770525330040802,20.25277851937042,85.93399159357071,190.5449196047835
245898,1223,0.10628768262298002,0.3534776459691381,4.848086167944882,1.441292009412352,1.9054677702046887,0.17033515113847125,20.25277726625111,82.57994918525749,190.54500221900747
252456,1256,0.14720682330453835,0.28955442493902805,3.6196779692487664,2.175240496444135,1.1270024710077386,0.3443181978802911,16.590246488343897,124.6320998721909,112.69948917064401
252457,1256,0.22980065457250815,0.35627610472058546,3.6598123420568154,2.2303778054292756,0.8882966974801597,0.349174281842427,20.413117141850492,127.79123497074819,88.82928706420451
252522,1256,0.1781266822249669,0.25015805256803325,3.7770194834063613,1.7252487355082984,0.8046520397548326,0.26171289644512447,14.33300062336009,98.84947115490755,80.46475676508373
252523,1256,0.11809476712734499,0.18490054388425675,3.8020791472586697,1.7311202715230372,0.8970778430630798,0.2608727522109902,10.594020794241377,99.18588538781114,89.70703228353338
254934,1268,0.1603383107427128,0.1917183645639553,5.134417007671455,1.64771348636829,0.6850921909236946,0.18387097949146508,10.984653144665119,94.40702861568973,68.50879608863703
256542,1276,0.24268508444382475,0.266977472827108,5.243752973225942,1.7503123087102215,0.6303099270731143,0.19124758248471035,15.296682418061906,100.28550811889492,63.03073558221536
256543,1276,0.15272930052512698,0.19838675914149825,5.348861289642088,1.6856018468244187,0.7442398561876702,0.18055781661221731,11.366724010086253,96.57787176249626,74.4235032014241
256743,1277,0.2381080527829238,0.24006594864672898,6.036645263216217,1.6308999155919097,0.5776690424297706,0.15479405819363892,13.754765662261928,93.44368197165863,57.76666406212491
259153,1289,0.19481540832723493,0.4294703266281186,5.153036074951057,1.1716485499359823,1.26308468565684,0.13027371801257678,24.606837141896133,67.13051698395466,126.30782670299413
259154,1289,0.12750312767689825,0.3600368048946602,5.222747938379427,1.1132821302272191,1.6178887645975708,0.12213181279243182,20.62858938983909,63.786367469353344,161.78762025738453
259155,1289,0.08173659267040734,0.29005409031941964,5.304904752107206,1.0491576428969345,2.0332231415125825,0.11331457901236702,16.618875205809132,60.11230498188792,203.31985152562376
259156,1289,0.05679930522722431,0.22439250385471188,5.426053851491942,0.986290943343469,2.2635384553167497,0.10414623567709913,12.856743425248046,56.51030842555737,226.34990030099038
260764,1297,0.19830748526532443,0.3067707949217402,5.060554235589908,1.519116606124749,0.886334215626717,0.17199493552516879,17.576671826889022,87.03897011918554,88.63297908494701
260765,1297,0.12718077964795504,0.2402509374928868,5.108036350422823,1.468025436290493,1.0823462238681816,0.16466535432088064,13.765364742403767,84.11166171729657,108.23377987402695
260766,1297,0.09454032187454162,0.17498536070394588,5.169529073683567,1.4040139482346752,1.0604915855610935,0.15561199542381798,10.025922644910462,80.44407361134613,106.0480480505136
262249,1304,0.2180832776082794,0.7802294197584836,4.525824743382022,0.632010503734266,2.049852296999446,0.08001090728237042,44.70385280410223,36.211534471910596,204.9842991634583
262250,1304,0.1812453018557386,0.6321350620373045,4.522829019170618,0.673038754670678,1.9983231988811994,0.08526141457627043,36.21867113697802,38.562280091370674,199.83122836793632
262251,1304,0.11599236404433687,0.41938584210843083,4.551501003599875,0.7229563230296865,2.071605046308317,0.09100810031268312,24.02903874035301,41.422346081897636,207.1587365219293
263176,1309,0.20129659004692543,0.3455543400033367,5.097211197475935,1.6919584399726748,0.9835638192599601,0.1901865035135113,19.798805274619863,96.9420777219731,98.35589820029375
263177,1309,0.14764359493329282,0.27993194695536094,5.157606530852398,1.6644029652375756,1.0863267067116653,0.18489829451281067,16.038919111422217,95.36326531717255,108.63194225747816
263178,1309,0.08710999105428106,0.18678343748462223,5.2428822648758855,1.6237817086328739,1.2285503984950945,0.1774517028563409,10.70190265081451,93.03583875520522,122.85364362512973
265474,1320,0.18051043219628682,0.30615059091210683,3.4630535839389,0.9231843996714111,0.9717519131455967,0.15273968010794717,17.541136754699938,52.894569813490435,97.17465836527093
265475,1320,0.11818258604917799,0.29945259422802595,3.4913013665489743,0.9532918824161731,1.4517678902881759,0.1564448198984121,17.157369813509483,54.619601506528255,145.17557291221507
265476,1320,0.07228021793412451,0.29237640599504283,3.5245511967353687,0.9752855868254686,2.3176371424820306,0.15854429306702578,16.751934092719416,55.879747945039156,231.76053989553353
269405,1340,0.23060105319337193,0.27316172443783937,4.261776504078576,1.6955471523819035,0.6787051940727412,0.22795117359154185,15.651013934803796,97.14769579690814,67.87022803166283
269406,1340,0.14109984238474357,0.21014635229757944,4.331779917812583,1.6552880654424773,0.8533317975336531,0.2189423784419274,12.040499066720633,94.84102002822877,85.3325810337083
270410,1345,0.1900229482891954,0.36622765301170007,3.354346060854314,1.700128746706966,1.1042507204112444,0.2903999759045912,20.983298858551986,97.4102018151753,110.42449674089357
270411,1345,0.11559431525404944,0.2988932923784259,3.394552683781917,1.6615760714877208,1.481502153364022,0.28045314014586387,17.12532417805354,95.20129623617396,148.1489465244883
270412,1345,0.05609046625617686,0.23283152026021756,3.3950241601344384,1.6215071991243626,2.3783473307656418,0.27365201042508697,13.340263448525185,92.90551895990515,237.8305353544959
270701,1346,0.24183993666459502,0.6346105552543426,4.135955710836219,0.4931092924528424,1.50349464395787,0.06831088919520106,36.36050645052756,28.25308129623009,150.34884892525582
270702,1346,0.19963310562090536,0.6282499166098837,4.207048666552961,0.5089551060547701,1.8031111015442558,0.0693145760378141,35.99606870119225,29.16097953857154,180.31021597856073
270703,1346,0.18447007556255474,0.6221298437292033,4.279593739002337,0.5067471887970223,1.9323140793323506,0.06784399852195558,35.64541435481679,29.03447519818849,193.2303709192031
270704,1346,0.17336074832759646,0.5995975686813062,4.396935836458214,0.5147886715869952,1.9816716552903797,0.0670813021910242,34.354410091744356,29.49521822308102,198.16603387516525
270705,1346,0.13571298196794215,0.4617714859378967,4.517812847520896,0.5269469887372167,1.9495228025019058,0.06682843985338893,26.45755724372612,30.19183848177024,194.95085812142648
271907,1352,0.21653793084145528,0.664974566243728,5.561470390342308,0.6290233671505128,1.7595178000332243,0.064803696789637,38.10023612930819,36.04038415283241,175.95097556477864
271908,1352,0.1928154903570674,0.648711645610561,5.704327494926889,0.6300543552245275,1.9276686441515718,0.06328433174116017,37.16843941447151,36.09945541820177,192.7658746699574
271909,1352,0.17527726250812994,0.5974573130404783,5.825529366057315,0.6435453388159535,1.9530074827503987,0.06329455996053321,34.23178247644585,36.872431839470735,195.2996451847991
271910,1352,0.13652891200788136,0.4594640137953828,5.936159926753433,0.6538601896801528,1.9281884337368747,0.06311054563800296,26.325348828616068,37.46342926029622,192.8174452137375
273023,1358,0.22558509985110328,0.25820142809063135,4.3919379004970445,1.7180991029036043,0.6557991395623776,0.22413756612157756,14.793852093843794,98.43982738158945,65.5796261543082
273024,1358,0.12174062849436419,0.1908559405093456,4.446492091480289,1.6818471762817349,0.8982407207180577,0.21671633005905508,10.935239886185421,96.36274498693838,89.82334162460829
273224,1359,0.21861923721015442,0.3302845895662439,5.837436350332526,1.7846051198704918,0.8656105654853533,0.17516309412954853,18.9239130203564,102.25034146601755,86.5606645654002
273225,1359,0.17850306656255605,0.26217807814501254,5.938194807727038,1.754797708359228,0.8415371683129496,0.16931492764108588,15.021697358560306,100.54250258821247,84.15325010702774
273226,1359,0.14629776393560281,0.1942511942365723,6.0356167662432965,1.6983241200876398,0.7607616504151776,0.16122097862359133,11.129773595131574,97.30680432629096,76.07565023605143
273829,1362,0.22216783204979698,0.38272287795786364,4.2712474557377575,1.564779259984744,0.987019787731971,0.20990412797644864,21.92840563008607,89.65524746673002,98.70153895021166
273830,1362,0.18040711103576249,0.31588751326332765,4.344804395964153,1.5232824340434608,1.0032320901170901,0.200878212969262,18.09902131087149,87.2776544771055,100.32265848226581
273831,1362,0.12321322048837147,0.2526336176360128,4.396993779367125,1.4708815538227151,1.1747796885360806,0.1916657362616295,14.474840053665334,84.27530519768622,117.47702494316734
273916,1362,0.14412565377228853,0.19112485607255775,5.803806149998438,0.5755570985887002,0.7597985900904052,0.056819596845282,10.950647613002861,32.97699261792755,75.979337106544
277244,1379,0.14521634499770966,0.18894387213420255,4.45742122808027,1.6278840054785402,0.7454867214040753,0.2092485274982487,10.825686438149289,93.27088305077173,74.54816391471714
277736,1381,0.1665516128984227,0.18497991526634694,4.2905754596532635,1.076587810525778,0.6363533572959039,0.14376611774956594,10.598568439449265,61.68393781835702,63.63495747684926
282489,1405,0.11193308924483734,0.1965112848713873,3.8807598743181964,0.49962054748876783,1.0058925667014287,0.07376428736237362,11.259267249823518,28.62614872912192,100.58836700940792
282490,1405,0.12121805165287829,0.20367155168820764,3.657545909548945,0.43953077824579756,0.9626882462476504,0.06885288418385829,11.669520318614895,25.183258559584697,96.26803839409354
282491,1405,0.14650322074560562,0.2115190174632861,3.4706437683458584,0.38654672387583044,0.8272272854135516,0.06381379731586743,12.119146987400251,22.147495862693894,82.72216954379974
282492,1405,0.2400969038793885,0.2322235448825441,3.3762757969570245,0.32952243767013645,0.5541690982342463,0.05592032764165072,13.305429025336624,18.88024493336155,55.416681321884894
286488,1425,0.24554262243567299,0.3546030375076971,4.51831950295133,1.713065381902124,0.8274431714839976,0.21722991508594428,20.317257451710276,98.15141641295826,82.74398353405799
286489,1425,0.16157690846959855,0.28815467632493125,4.627102017531998,1.6957586831010016,1.0218072579149542,0.20997984275305226,16.510046800376863,97.15981561434982,102.1800997225019
286490,1425,0.11221812873568222,0.22163606838398098,4.761166779707375,1.677734082299367,1.131618421883266,0.20189816132636695,12.69881130627501,96.12708206100804,113.16084387168459
287093,1428,0.20818072874889898,0.2972302570084665,2.625089706399575,1.6906334312708702,0.8180410624210044,0.3690013324512114,17.030039270173887,96.86616031554159,81.8037172258997
287094,1428,0.13787912062665317,0.22738939188020957,2.5848532715357155,1.6583858006483285,0.9449183789866349,0.3675972940526846,13.02845246078236,95.01850718157313,94.49115943305804
287697,1431,0.18072493002901038,0.3264193096854513,5.476626785019323,1.513973292355403,1.0348571034826735,0.15838997834648771,18.702448796550154,86.7442799474905,103.485143463077
287698,1431,0.1235500477268657,0.2586478568841909,5.585844627064017,1.4702753854215485,1.1994677179616906,0.15081080799788046,14.819430579567873,84.24057430662518,119.94581067680775
287699,1431,0.09115029277183831,0.19315356376076356,5.718737328490773,1.4192615247930083,1.2141357367846297,0.14219519202013517,11.066884001402798,81.31769539594123,121.41225499790139
288435,1435,0.2262559131054121,0.5798278535911601,3.0581382757118223,1.9402836656990865,1.4683234984051656,0.3635220343767211,33.22168885490289,111.17006510272999,146.83170736721334
288501,1435,0.2146791666459123,0.27675276100018165,5.169841075806321,1.2844724584844731,0.7386261407205329,0.1423541837175733,15.856765173903176,73.59485077195316,73.8622734537788
288502,1435,0.14056223298640855,0.21019711694174353,5.25935481760497,1.2363740417414846,0.8568024677682639,0.1346914532548806,12.043407666579718,70.83901449131854,85.67964332283272
289504,1440,0.16825026813224675,0.2299713110876825,4.9865683368864895,2.143085671023761,0.7831419763869586,0.24624101294288064,13.17638553441432,122.7897640846235,78.31373683351725
290043,1443,0.1647983783862602,0.5186730832501276,4.57529975060475,2.111207879852302,1.803280900272904,0.26438333556162646,29.717778617269904,120.96330119029949,180.32700674159557
290108,1443,0.23720116695563895,0.26838205914543833,6.274302458585752,1.5241448490165146,0.6482749994507772,0.13918211251765517,15.377159286064053,87.32706721525037,64.8272293774612
290109,1443,0.1496568985120312,0.20019378909069993,6.477329484011599,1.4935602393868557,0.7664370000471534,0.13211416563651887,11.470259199629249,85.57469816541574,76.64319299998148
291450,1450,0.14811434295464287,0.3502097805311776,3.4125791031534334,1.7540956955196987,1.3547331482981924,0.2945053488370945,20.0655423686393,100.50228021534345,135.47240932888323
291515,1450,0.15179781576286192,0.25248372095513505,4.4948312790598575,1.764860490998311,0.9529946515233462,0.2249674149276904,14.46625160648802,101.11905756358944,95.29884362923494
291516,1450,0.06417240102060602,0.18405325593916788,4.565232267172258,1.7097512345273231,1.643303501183597,0.21458169882294792,10.545474770955472,97.96152975569781,164.32781500187795
292207,1453,0.18165440110122108,0.3407979536700053,4.963193781483084,1.0441246801513335,1.0749138594331118,0.1205351633876904,19.526284411986268,59.82393745811841,107.49080012823804
292208,1453,0.11530291094905211,0.2740078332438502,5.084633190652461,0.9813959664160175,1.3615867030232536,0.11058781368847818,15.69949239839707,56.22984690680048,136.1575012432493
292209,1453,0.06883962530278118,0.20755850602008352,5.218801512367399,0.9317097221486454,1.7275260603408542,0.10228983528426637,11.892226396991475,53.383034810423986,172.75012167141116
292656,1456,0.22732504794437078,0.6804042254774443,4.508735067687134,2.236512452291987,1.714913913813458,0.28420992171160936,38.9842904827252,128.1427243447847,171.49064454006208
293727,1461,0.17741615551038475,0.24917244854922982,4.073321233712836,1.8595978239703892,0.8046915923214375,0.2615730518914273,14.27652967281152,106.54710690521509,80.46871020866904
293728,1461,0.12763995002343487,0.18236662967605552,4.155898592786561,1.8587709531121934,0.818618103808932,0.2562616196252461,10.448838204463213,106.49973069483812,81.86117544992267
294465,1465,0.2235825659244577,0.5612930313145925,3.9730918755853963,1.8618082595939738,1.4383822903666865,0.26849053233415093,32.15972176443051,106.67375553733186,143.837592139023
294528,1465,0.21248556545816472,0.39749890691816486,3.864830300590614,1.786009836704459,1.0718379202148935,0.2647744340329832,22.77500972747441,102.33082581201485,107.1832926395455
294529,1465,0.12537739118790764,0.3315522305128691,3.893670837436994,1.7301607083908404,1.5151489276815673,0.2545949833828731,18.996543496535992,99.13090647015991,151.5136963917922
294530,1465,0.07230851409848224,0.2621877084832227,3.97106222758074,1.67996664453001,2.0775211945738428,0.24239105986151682,15.022249136295033,96.25499845432421,207.74927509311456
294531,1465,0.057292959197560334,0.2038315707851656,4.042967549272573,1.636940714000314,2.0384156906305675,0.23198255452295682,11.67868873751208,93.78979422534954,203.83804682168613
295334,1469,0.24769161773937576,0.7410077921711349,4.828975027965921,1.951689660256629,1.7140918110638224,0.23156794055230634,42.45661907771327,111.82358045202636,171.40849600284204
295335,1469,0.19140869806850438,0.6703370826052333,5.0083678253623,1.8847100444302733,2.0065694017769773,0.21561102279532735,38.4074856843923,107.98593115176853,200.65590234955854
295336,1469,0.15756119718974151,0.595580631824685,5.185775111519943,1.8202886942470005,2.1657778060938324,0.2011172047220667,34.124256563289414,104.29485967573267,216.57641980072083
295337,1469,0.12817870297373105,0.5130953032482436,5.322090002638925,1.7645996983987766,2.293531794950566,0.18997069761729948,29.398195364109476,101.10411524830788,229.35140807850286
295338,1469,0.07521427975955002,0.2725928533435114,5.4428967270187085,1.7148686500952004,2.0765229681675925,0.18051919927396926,15.618420022011815,98.25473606975171,207.64956365170946
295339,1469,0.06897318777619804,0.24469995472418388,5.509063159720605,1.6635842936769447,2.0327134459142506,0.17301736421507585,14.020274652738067,95.31635889194102,203.26842699808134
295340,1469,0.06844136291643041,0.2433080457361649,5.604361057883772,1.618151918002094,2.0368562973276676,0.1654305894811451,13.940524142258255,92.71327551251925,203.68268347602103
295341,1469,0.06829886362253751,0.24281582786988218,5.7810458992060285,1.5674181146668387,2.036976804743158,0.15534635793109697,13.91232213591932,89.80644270276237,203.69472789589213
295342,1469,0.06828906496046398,0.24278238083747866,5.946101203764657,1.5119816117245186,2.0369884597468633,0.14569238218256744,13.910405762125361,86.63016505320286,203.69589295571302
295343,1469,0.06828839346516459,0.24278011768200602,6.049132681500451,1.4458815966898295,2.036989501440656,0.136950067705351,13.910276092868397,82.84291316596389,203.69599709454485
295344,1469,0.06828834742507979,0.2427799645156993,6.145103281850356,1.3860053452397718,2.036989589674437,0.12922851397815907,13.910267317085458,79.41225666481151,203.69600591580414
295345,1469,0.06448777076059856,0.23037699922540728,6.207594234416707,1.3199533129195777,2.046841990346383,0.12183102020984136,13.199629752504473,75.62775398460268,204.68105682313922
295534,1470,0.17588473108742603,0.25444016506543965,3.753269186685374,1.7896141180886738,0.828858007052205,0.27319472851577437,14.578347596861702,102.53733592350792,82.88533416969092
295535,1470,0.11433839601096868,0.18766506535277472,3.7930309920982435,1.7391164324983697,0.9404028429195759,0.26270291914008465,10.752416206760765,99.6440316640049,94.03947005045642
296139,1473,0.21775644780938308,0.2832134497511682,6.510666384091318,1.7396788302314654,0.7451873315411331,0.15309685467985132,16.22693537208235,99.67625468051902,74.51839436640908
296140,1473,0.1562339824972902,0.2167167348336019,6.626475086834012,1.6979092710779349,0.7947664946241804,0.14680962926334612,12.416954255821182,97.28303522889968,79.47614584996383
298083,1483,0.20106754428834306,0.38031057996426415,4.583809126829892,2.128328340862659,1.0837248810853135,0.26603252384510584,21.790191136124943,121.94423134951124,108.37195451555387
298149,1483,0.20589627319863193,0.24540667364054752,4.732031174022699,1.528368310447756,0.6829053174497123,0.1850559523484677,14.060766663947762,87.56905373019677,68.29020338886735
298150,1483,0.1504628264197964,0.17879411310070642,4.825513590526798,1.5075383176957562,0.6808424143935223,0.17899769891600664,10.244148082455178,86.37558305821909,68.0837934685633
299754,1491,0.2454752444025065,0.3251277594811051,4.2302370571514745,1.9622906017513744,0.7588727615805517,0.26577935910870426,18.62844842081186,112.43096965854038,75.88697010643058
299755,1491,0.16589192693958293,0.25489744234724415,4.3209982368204445,1.8940064544371875,0.8803651295297867,0.2511423750047573,14.604547655176313,108.5185762097879,88.03598757706644
299756,1491,0.11673026051790228,0.18924375231369203,4.439755395151772,1.8272908384575124,0.9288823077927119,0.23581491193197376,10.842868306793662,104.69605298653696,92.88744299245158
300561,1495,0.2275805879628519,0.27244138653833333,5.73652349337987,1.7588506126560737,0.6858994902494616,0.1756721067033322,15.60974161333878,100.77471689919216,68.58965065261235
300562,1495,0.13317053082541305,0.2008854434164335,5.756964434515635,1.718021645944554,0.8642968634080449,0.17098488339374115,11.509888073375748,98.43538942474196,86.42904382067314
301902,1502,0.1537710375036451,0.38479699941055345,3.7884467977860443,1.9764328191361793,1.4337708166421976,0.2989120997948604,22.047244035522738,113.24125902764624,143.37615858800152
301967,1502,0.15634732619146138,0.32736534582477916,6.021689168368404,1.5575308490551434,1.1996784295468446,0.14819752642308792,18.756652674600492,89.2399441122874,119.96708331646242
301968,1502,0.06261826841146972,0.2602992831214788,6.163930287331272,1.524246766021486,2.381740717165717,0.14168379981082424,14.914050333141642,87.33290662949584,238.17030622494295
302304,1504,0.1549814569677936,0.3035103214625877,3.3473472565039586,2.1216545466391414,1.122060643681926,0.36315876850783607,17.389860458465165,121.56185110716488,112.20534761607821
302370,1504,0.17150973705092223,0.25063162901074865,5.465679491801764,1.2127777216435622,0.837278044060137,0.12713340567217932,14.360134554804501,69.48704493766787,83.72732110958697
302371,1504,0.09394677785041831,0.1885593034058959,5.617522752836273,1.1646434569473136,1.149975695846689,0.11878751103968095,10.803652273084605,66.72915472060727,114.99635776682184
302568,1505,0.1875900565967829,0.3548921028606625,5.112430669230344,1.7521993066121313,1.0839497018861535,0.1963716115359402,20.33381967643865,100.3936251346244,108.3943981409792
302569,1505,0.11297580924948473,0.2876574550014079,5.266048675308837,1.7141375426306213,1.4588571454090373,0.18650197247825287,16.481558117055066,98.21284669766084,145.88443616476303
302570,1505,0.05454366163733024,0.22107214241383624,5.403205963622497,1.6751410309847539,2.3222677073244213,0.17763252341881858,12.666500728227897,95.97851116461986,232.22255575528172
302772,1506,0.19487872321873057,0.30777027078825636,4.441826431854673,2.0651759332206825,0.9048672107270611,0.2663901133339411,17.63393757576558,118.32586492553625,90.48626139505272
302773,1506,0.11223641641057706,0.23511928911675334,4.493090286538771,2.063211500950008,1.200264778497672,0.2631002349059228,13.471342948506155,118.2133112472873,120.02541914566592
303174,1508,0.24506003159048978,0.2794452455525213,5.01150398759952,1.6491451328480933,0.6533514428236252,0.18854430917743836,16.01103317515641,94.48905591673721,65.33488034079491
303175,1508,0.16519440160707402,0.20874884222163925,5.037410244991039,1.6107634392014645,0.7240213225851085,0.18320911378774618,11.960427637542253,92.28994686022129,72.40169835956307
305118,1518,0.21486716090424246,0.2426830437479396,4.033833294877633,1.7685169832019558,0.6471306951001101,0.2511966942514859,13.904714166145657,101.32855913468077,64.71277134606459
305183,1518,0.232610837414123,0.26313920133271196,4.604124769120446,1.41109719876017,0.6481540232715843,0.17560322069971362,15.076765660807643,80.8499139716908,64.815126471686
305184,1518,0.14249408451555812,0.19405300599424968,4.651460842998835,1.3586721154678782,0.7802722129009645,0.16735855770608626,11.118418245297372,77.84617795842068,78.02667918754365
306389,1524,0.23824950576858153,0.3322682105603627,4.238137914990927,2.0631134631316925,0.7990600136188598,0.27891422173174846,19.037566131472953,118.20769409406515,79.90566932925884
306390,1524,0.13899693866887952,0.2654531971222269,4.257025449426512,2.0488565431249914,1.0942217076714262,0.27575788274623086,15.209347853357892,117.39083274882556,109.42139141782206
306391,1524,0.07212749612937583,0.19855622797477906,4.265805447814138,2.0292239983257883,1.577267046858133,0.2725533828031298,11.37643385899225,116.2659707907297,157.72453980721443
309138,1538,0.12839184888171107,0.3440964805384868,2.8969433183675504,1.783756910658239,1.5355549995054343,0.3527916533859252,19.715276080160763,102.20174265801134,153.55431592864286
309139,1538,0.22716360609804748,0.41811848762313486,2.9429439359540095,1.8427201317465562,1.0545889825445725,0.35875670183260305,23.956424677198576,105.58008637286869,105.45843865685063
309204,1538,0.22514476508689907,0.2850189405605639,4.963053078177771,1.679724513634917,0.7253280636473732,0.19391516404528614,16.330382375410387,96.24112537594564,72.53248742701149
309205,1538,0.1542624846745962,0.21529332751700703,5.023566038528716,1.6237247337631158,0.7996369467557715,0.1851922985323878,12.335399024052254,93.03257433562977,79.9631815012644
309604,1540,0.2095516806165766,0.3129027384775532,4.786163591057814,1.9072554981223906,0.8555410008909443,0.228320006594389,17.928006312849547,109.27769049553449,85.55369590166606
309605,1540,0.14152161529349708,0.24205186531623288,4.915807765929158,1.8708302562800703,0.9799597960472574,0.21805302964672094,13.868550305889178,107.1906778702262,97.99529408870693
309606,1540,0.08480977551625635,0.1763853837157573,5.076534615484587,1.8490932944489833,1.1916240553127335,0.20869598951618462,10.10613805470845,105.94524169786796,119.16101454314997
309808,1541,0.2160048891753926,0.5984737677936391,4.483646711406246,1.4662495304733367,1.5874649683767132,0.1873696011955465,34.290021043867974,84.00990980916079,158.74576926939775
309809,1541,0.1896496099606394,0.5319513922984161,4.550102409529463,1.4104200474184485,1.6070989064535348,0.17760285067621712,30.47856968480721,80.81111605771854,160.70905171954266
309810,1541,0.15561629801713,0.4657121815050034,4.648674774997184,1.3477144973768467,1.7146880560313762,0.16610831314226931,26.68334246806725,77.21835268828838,171.4677147596407
309811,1541,0.11553750880705828,0.41792691181553143,4.768025576595389,1.2858155980796075,2.0725257422183145,0.15451218887996082,23.94544819196609,73.67180700205127,207.2507983632835
309812,1541,0.10987391467297064,0.41498568598035157,4.835008546440608,1.2176868218101418,2.164019209815725,0.14429822583350554,23.77692836501544,69.76831565841985,216.3999711470501
309813,1541,0.10372721711769095,0.39447740986734114,4.97133710787974,1.1664732005347447,2.1789737686717907,0.13443866251875247,22.601890698650983,66.83399130575819,217.89529721702127
309814,1541,0.10335122246788744,0.3936491394510558,5.109198028529223,1.1138462789491603,2.182309176284883,0.1249094091261917,22.55443429950229,63.81869081013828,218.22882721762636
309815,1541,0.10332477223409867,0.3935915421868279,5.255577916117108,1.0516285449014582,2.182548439178644,0.11464748137195621,22.55113421935053,60.253877238337544,218.25275274263473
309816,1541,0.10332294829905572,0.3935876466433512,5.336783958409475,0.9936673600198347,2.182565365180461,0.10668025220067284,22.55091102115041,56.93294596904304,218.25444528968413
311148,1548,0.20809733418934606,0.33373120802177275,4.196290485425313,2.035761253303465,0.9188675514307241,0.2779610421101922,19.121389711450103,116.64052791055146,91.88631800412102
311214,1548,0.2041923931096732,0.3597729190602579,4.509068639643289,1.649367191880327,1.0095120842562837,0.20958159279647023,20.61346984525455,94.50177896208696,100.95071897934994
311215,1548,0.14274161744997488,0.2943938392235632,4.575377721693711,1.6268617132851766,1.1816822326811753,0.20372593365784808,16.867524502163086,93.21231002266283,118.16740370530493
311216,1548,0.11243087036533875,0.2262836401055969,4.630485699699345,1.599070817063692,1.153161614387301,0.1978626319229793,12.965097550907952,91.6200089602857,115.31514604158822
313424,1559,0.21271970456255937,0.3375086396985641,2.9795046119869917,1.7615306751102802,0.9090751481918784,0.3387417909066439,19.337820603929273,100.92827316664966,90.90709173653654
313425,1559,0.13840277401184659,0.2691265124446301,3.0160313190372907,1.7315753572009203,1.1141259497231264,0.3289487046148784,15.419813318152332,99.21195987647069,111.41179803978815
313426,1559,0.0808082988177061,0.19843617946007294,3.060108921700028,1.688707349051172,1.406978533780621,0.31618418197814124,11.369555585762775,96.7558039333577,140.696129679467
317847,1581,0.2007881250268246,0.27815644793726296,4.686683211790518,1.8642711516135115,0.7937316868362977,0.22791143288459736,15.937190511155581,106.81486885544783,79.37277733057722
317848,1581,0.14704026845621146,0.2116930289217871,4.732980785611273,1.8299649213898914,0.8248839866806509,0.22152903461990228,12.129117109559273,104.84926665263025,82.48784328986726
318047,1582,0.22926892723827913,0.37885361183269967,4.699924001044305,1.629575410169553,0.9467795015223304,0.1986580914534178,21.706713011301236,93.36779340101539,94.67754132770128
318048,1582,0.1592534698775406,0.3068387206898077,4.761914108477837,1.5774742501143377,1.1039359202849575,0.1898031223860188,17.580563686719476,90.38261682211598,110.39290577048244
318049,1582,0.13171785728611557,0.2415571463503668,4.888831788991168,1.5168563150578422,1.0507462109932657,0.17777143610977744,13.840204997099974,86.90946498058067,105.0738313576219
318050,1582,0.09900330812129181,0.17588985676278088,5.001663218718596,1.4515235105075317,1.0179200700446616,0.1662770306856537,10.077746451667926,83.16617101609476,101.79098912869037
318585,1585,0.10152620101714305,0.34811373238790694,3.6800372712748386,1.7911250102255467,1.9645614129149174,0.27886647830561995,19.94544765637366,102.62390366625024,196.45422563166923
318586,1585,0.1620848248190478,0.4186363447098493,3.7089234131736726,1.85135130124814,1.4798482368468606,0.28599839860485704,23.98609570265825,106.07461595757148,147.98391981184207
318651,1585,0.18572662116758948,0.2730889497249557,3.6779048924747872,1.703406391911943,0.8424663793519968,0.26536302498329983,15.646844250900283,97.59799705216179,84.24618886806023
318652,1585,0.1342941725699389,0.20415005880844891,3.7589760473188196,1.6751328579196718,0.8709935555830982,0.2553302852132121,11.69693675707168,95.97804288248497,87.09871347743413
320661,1595,0.24867251711222838,0.2806348524593436,3.5830427668052702,1.7433207548573089,0.646601086855897,0.2787712227090531,16.07919263019694,99.8849215908846,64.65985126570703
320662,1595,0.137322164847037,0.2102405411114667,3.5555154094222337,1.7212288188239229,0.8771996002576878,0.27736948166835423,12.045895688233715,98.6191468948986,87.71932762874732
326891,1626,0.2167596041317824,0.33666890684992057,4.446064694747526,1.7297453074423519,0.8899124282467129,0.22290972428534117,19.2897074557835,99.10710574900578,88.99083637936381
326892,1626,0.12698612957275085,0.27468346093079055,4.4815849325259,1.6845041644761607,1.2393638444583521,0.21535903131247475,15.738203013380938,96.51497919669507,123.93541822964453
326893,1626,0.06523402087917618,0.20430913701517592,4.53064691297473,1.6212613670551286,1.794470019583968,0.2050290728876274,11.706051266929645,92.89143381986908,179.44427868906163
327429,1629,0.2440151413679016,0.3314098692219578,4.548294253395318,1.7431834986955024,0.7781642528734601,0.21959233859583735,18.988386795400743,99.87705739210094,77.8161095776532
327493,1629,0.18698733610055981,0.33991428310874583,4.005259759198596,1.4776412491448023,1.0415492932806447,0.21137856740656824,19.475653818346142,84.66260721043614,104.15437788521952
327494,1629,0.12600044345929182,0.2746090170517573,4.0631827380480425,1.4429598835635504,1.248720719754002,0.20347475479560334,15.73393769330175,82.67551133488013,124.87109084893162
327495,1629,0.07268752585909392,0.20951591044562515,4.114086914189236,1.3936254859217034,1.6515042458786797,0.1940864644733241,12.00437740937524,79.84885856518213,165.14817527935043
329104,1637,0.2020488173446049,0.18142019754049807,3.98541167851774,1.7702344573473452,0.5144603794097582,0.2544955730592472,10.394611637500217,101.42696315463442,51.44578586661995
329439,1639,0.16868915989158717,0.5254059552340885,3.5474257262081044,1.7828888335151842,1.784556992324974,0.28796094153225127,30.103543765952736,102.15200550142254,178.45465192101014
329504,1639,0.21361519464669532,0.456307383575675,5.287786441424327,1.7843625030428574,1.2239057272531009,0.1933444958205842,26.14448723954336,102.23644054575524,122.39000550863815
329505,1639,0.1593573208528327,0.38718563739065864,5.362611498115275,1.7665528958333403,1.3920980473157245,0.18874390782306955,22.18410291056742,101.21602521786414,139.20893990251332
329506,1639,0.13093514831005718,0.3216995656272333,5.449294820644551,1.731913987127316,1.4077217776744801,0.18209945511487907,18.432027381632317,99.23136194207,140.7711133978466
329507,1639,0.09354850530792039,0.25240620503806166,5.536199906222926,1.6813715824919595,1.5459155309940238,0.1740101458181202,14.46181027159463,96.33549547002161,154.58991711386653
329508,1639,0.06209000635028003,0.19380452656455308,5.677617444308772,1.6396865635392168,1.7884004668376703,0.16546926694367142,11.10418142267994,93.94711981510662,178.83719519759177
329509,1639,0.057091455032310195,0.19204531761446983,5.78041006477245,1.5899914807009137,1.9273259441374118,0.15760093164238878,11.003386174558528,91.09980130591883,192.72925237374025
329510,1639,0.05669750254636305,0.19197692134799044,5.860846914921482,1.5333936716023842,1.9400264426345428,0.14990493155741821,10.999467357154806,87.85698571488597,193.99925682623467
329511,1639,0.05667039410841607,0.19197234236796135,5.939905490323981,1.477696663234331,1.9409081643183805,0.14253725450560406,10.999205000924665,84.66578220389168,194.08742583396605
329512,1639,0.05666851668227561,0.1919720328039317,6.056942080437273,1.4137992401990656,1.940969336626944,0.133738656128312,10.999187264212278,81.00472954220898,194.09354284562775
329513,1639,0.05666838659600539,0.19197201185440116,6.098672403923255,1.3430693497679855,1.9409735804432373,0.12617861743057984,10.999186063892594,76.95220533508534,194.09396721205948
332922,1656,0.18463624017083208,0.2040693017467835,4.72742358760008,1.6842607691628277,0.633261870702759,0.20413028720649756,11.692309718272373,96.50103367248782,63.32584752379469
338148,1682,0.21957561745584503,0.27668069084859537,4.21347914040075,1.8314739276238696,0.7219670070885374,0.24904769335601326,15.852635858388414,104.93572634109613,72.19637519726454
338149,1682,0.16270429855685545,0.20484893270436966,4.283301729668604,1.7945750248664787,0.7213686832158122,0.24005214013334777,11.736979281719803,102.82157494443399,72.13642939611124
341563,1699,0.16693165705776006,0.2931431230315171,3.2873947819934477,1.6957953535470667,1.0061520404740598,0.29555901503763127,16.79586374299017,97.16191667614221,100.61460734539597
341564,1699,0.08143452029179285,0.227224119370063,3.264410428392153,1.6545020598512714,1.5987054873199793,0.290392360318115,13.018983043481429,94.79598522517898,159.8686052085492
342167,1702,0.20342086961850656,0.3731019734939388,4.070650083898126,1.8230204705489648,1.0508836875199403,0.25659630899000846,21.377168409204604,104.45137892840907,105.08785731492357
342168,1702,0.13458040006226007,0.3115821195364635,4.114998480277302,1.7895963028503603,1.3265185039130998,0.24917704205192018,17.85234042118007,102.53631518554154,132.65087458535294
342169,1702,0.09522913077818604,0.24048865900958236,4.194577278668789,1.7380444461400248,1.446929487067912,0.23740797824607532,13.778985182009869,99.58261136997615,144.69144449779714
342170,1702,0.0699587051811057,0.1751001135619511,4.297500158199078,1.6824274931555316,1.4340597127019252,0.22430713419839868,10.032497499361225,96.39599469458716,143.40394193185855
342970,1706,0.20282079267177172,0.4484904419505675,3.835492594355824,1.496324170880353,1.2669612355942508,0.22352555100091345,25.69660947572456,85.73305977485641,126.69550513888618
342971,1706,0.12463466183915987,0.37943920551634225,3.9480498270402724,1.4994526650458866,1.7443191960210824,0.21760695237621044,21.740265057883477,85.9123092867728,174.43053406286643
342972,1706,0.08693319250598414,0.3136324552645283,4.077206778358284,1.4819859789954166,2.067083172709081,0.2082591006579558,17.96981600498307,84.91154189400085,206.70596329224676
344600,1714,0.07833680412648814,0.19129068387734863,3.0690513973368083,0.32201736674477477,1.399105767646648,0.06011706418564787,10.960148846343298,18.450236044391982,139.9088086340344
344601,1714,0.13169886417826285,0.19981779385041806,2.9668210275161497,0.30320738356552335,0.869310108433237,0.05855595324365513,11.44871625924409,17.372503395508808,86.93035737491451
344602,1714,0.2290973244289075,0.21298339953361395,2.9195403381048877,0.2686699557987846,0.5326578735647167,0.052726294943068554,12.203049899624665,15.393654549236736,53.2655571796268
344782,1715,0.24698667277233005,0.20421595498624776,3.9887355548447982,1.011721152064014,0.47373859183862144,0.1453276385837247,11.700712329945596,57.967352057381376,47.373669295354496
344783,1715,0.19257847606583375,0.198520393259345,4.019803064020267,1.034080961741389,0.5906361044477962,0.14739148583056194,11.374380681037826,59.24847478261075,59.063306814426404
344784,1715,0.1669137335961515,0.18036359971510377,4.087350507920788,1.0356410571816728,0.6191265511644,0.14517438963654491,10.334073041462423,59.33786166697661,61.912287901831405
344785,1715,0.11614251087679756,0.17579547866712195,4.124919090418405,1.0371224872447398,0.8672395698895488,0.14405795583047115,10.072338985108185,59.422741357234145,86.72321775938647
346789,1725,0.21668953749185016,0.3239364777036859,5.981104418506473,1.5999556254489988,0.8565338391992791,0.15326718642384984,18.560193002754893,91.67070474644156,85.6529925929643
346790,1725,0.13176889149171936,0.25686474225452277,6.175820158140024,1.5748965281211915,1.116899774551488,0.14611002550990204,14.717265636899857,90.23492423115064,111.68913831749428
346791,1725,0.09766686973832171,0.1900087939662125,6.424827978574215,1.558809496197191,1.11467695024183,0.13901260135811574,10.886701964634799,89.31320519701319,111.46656514371797
347529,1729,0.12953796066549028,0.2755024456818109,4.485737540563719,1.6641405358614936,1.2185714583921017,0.2125586442513126,15.785127383099978,95.3482292215028,121.85621454739062
347594,1729,0.1925883809097541,0.19181941756920926,5.5540956660130085,1.053818207473177,0.5706700701665526,0.10871137118328851,10.990443055373284,60.37933566225479,57.0667136653984
351348,1748,0.15205567361039346,0.3087994372747976,2.9692038716763745,1.9392658522647763,1.1635806075618034,0.37421394123289387,17.692904471860697,111.11174868861231,116.35730318022254
351413,1748,0.15265742776140898,0.22100080357001436,4.603190860538044,1.8389766729672266,0.8294658615554568,0.2288968781599018,12.66241331356156,105.36560198403191,82.94604824144882
357780,1780,0.2499596931386301,0.43963861639952273,4.301195150990151,2.24771228807466,1.007739924250643,0.29941544813959303,25.189437230663632,128.7844276663715,100.77359329730047
357845,1780,0.2088799495422959,0.35653058989841196,5.039362358447402,1.7349048825677613,0.9779635209261041,0.19725258943503565,20.42769806848859,99.40272762777244,97.79588858270783
357846,1780,0.09866653722378023,0.28661414978610256,5.054116368112344,1.701969590685414,1.664371724109159,0.19294307275588196,16.421781131474084,97.51567440588245,166.43550243104892
363810,1810,0.09539387916699227,0.33765749258726907,3.3231162227917905,1.8387290052396343,2.0280491145877857,0.3170259608404135,19.3463492462204,105.35141166851928,202.80280676653405
363811,1810,0.19315832988191617,0.4144874932747399,3.3849006496295617,1.9008445961881755,1.2294775384856709,0.3217535278679366,23.748384025599687,108.91037287183171,122.94712370413458
363877,1810,0.16575707632430803,0.22826524616199534,5.1263186236935105,1.7954924346390966,0.7890241982782237,0.20067839321639722,13.078635214597146,102.87413865248905,78.90194857841261
366423,1823,0.21776505154258946,0.3924123836286365,3.4042998490558474,1.9442670016206605,1.032469269924285,0.3272282056561092,22.483573410589432,111.39829343941904,103.2464576150531
366487,1823,0.19445464557449463,0.380952555000808,4.8581649383004235,1.8028351013522395,1.1224711247867167,0.2126211101614817,21.82697359627166,103.29484246552333,112.24654101343587
366488,1823,0.08374815692315159,0.3123122213031663,4.931689585450485,1.7789923788772395,2.1366643388681115,0.20668120554390537,17.89417217102719,101.92875509560412,213.66390813279378
366489,1823,0.06788992916018685,0.2428250685374666,5.077617230756182,1.7438342865199696,2.0493245036417407,0.19677407738776645,13.91285158717179,99.91434478780141,204.9294619955014
366490,1823,0.047403722362452196,0.17551516536933057,5.141128458545963,1.7116521271373761,2.1214106390003957,0.19075664706604417,10.056278216203346,98.07044287956145,212.13663354705375
368385,1832,0.20649979361713644,0.27566818523578845,3.980015043118758,0.544227465524139,0.7648735390240609,0.07834627872877108,15.794623560041272,31.181936869634683,76.48698720899519
368386,1832,0.15372674069482592,0.26613801741681214,4.0501795322253304,0.5537676456107943,0.9919278913423207,0.07833862324770385,15.248585165962531,31.72854892439478,99.192150336961
368387,1832,0.12775714452260903,0.26049200730680966,4.146698085381189,0.5657486710409501,1.1682392795410859,0.07817065619483407,14.925092615571195,32.41501111578162,116.82302268353577
368388,1832,0.08262157857714547,0.25535460666377746,4.1853336230351,0.5768500738046334,1.770813354356729,0.07896879326403357,14.630741241057656,33.051074640815536,177.07921361225488
368389,1832,0.06901556472303792,0.2139083419069456,4.288487441792405,0.58739645736269,1.7758375907312733,0.07847834064141158,12.256045193909383,33.65533790781835,177.5812117437697
368433,1833,0.16063676903265778,0.2958205337271723,3.8649271803745373,1.7230981125274027,1.0551299757092722,0.25544142145976917,16.949268075874397,98.72624953477838,105.51234730126635
372719,1854,0.17212156808242546,0.310036654490522,5.112505341966533,1.7017299057413697,1.0320490896356944,0.19071264430593038,17.76379179666263,97.50194147017588,103.20431535832051
372720,1854,0.09132533163688697,0.24113804520137574,5.230658965768575,1.6829180691130046,1.5128541566269098,0.18434408183208448,13.816192270073703,96.42410262648094,151.28377569140534
372721,1854,0.04115228680950386,0.17602829404287226,5.380638102435242,1.6585751704018117,2.4508178414030124,0.17661354524027909,10.085678323544432,95.02935726921514,245.07588835444523
373056,1856,0.22322636700311993,0.31790066350071966,4.4554982480488885,1.7640811642440881,0.8159594115862588,0.22685320378505194,18.214366322999812,101.07440542971084,81.59557928551493
373122,1856,0.18679163894120804,0.18668117900657497,3.266554032506523,1.0402036218598227,0.5726189437392627,0.18245305784397123,10.696043671602972,59.59927736679006,57.26159088618847
373860,1860,0.17235890712196753,0.5450066217539322,4.492607527756686,1.7105742907076147,1.811718230457788,0.21815546222866775,31.226579233183156,98.00868740113067,181.1707824319388
373926,1860,0.22003352818498487,0.25191203345987356,5.999403009947281,1.799168965334013,0.6559680149157405,0.17182507659814444,14.433496325809132,103.08478834455806,65.59650635228836
373927,1860,0.13423110269563954,0.18611759564004912,6.135731334132694,1.7852628059205249,0.7944322675382007,0.1667087725389773,10.663752723297266,102.28802410092908,79.44264083738943
374616,1863,0.22527965841133835,0.20175183538956334,5.594707396034739,0.5394862490257308,0.5131190381430049,0.055249154122299006,11.5595286768401,30.910285174518098,51.311678323194705
374617,1863,0.1821699950222785,0.19345368406360544,5.786633617016402,0.5485227499812697,0.6084470177593889,0.05431143660816274,11.084079628101826,31.42803854083641,60.844371118170066
374618,1863,0.14200336759379678,0.18341754604869862,5.967822694814585,0.5559187984562319,0.7400564307208376,0.05337256563910526,10.50905127723686,31.851800903525916,74.00512713311736
374619,1863,0.11599269067097297,0.17601852778557495,6.09916390994247,0.5750459403476254,0.8694615005841869,0.054020035927090496,10.085118758219657,32.94770540805063,86.94540797763774
375669,1869,0.21474258554486936,0.2837722241074344,2.994553586850538,1.840779391729075,0.7571367358740582,0.352202379251651,16.258950784396546,105.46889016073487,75.71332453606321
376628,1873,0.17021327512513612,0.17667891856604123,3.424875744131331,0.6335357266381973,0.5947218723454875,0.10598610260047006,10.122956362769726,36.29892330712255,59.47184133250663
378146,1881,0.230810970939646,0.7494603214914386,6.153040278323428,1.7078258637437398,1.8604363258265313,0.15902904832508913,42.94091333397726,97.85121413580069,186.04283460326104
378147,1881,0.16811207007662293,0.6857295654138279,6.312852073775808,1.6781265683625786,2.337096178195221,0.1523076552087362,39.289409985552446,96.14956985594777,233.7082415284251
378148,1881,0.1614463341775301,0.6194812910733806,6.470802706006408,1.6456654111740456,2.198480470192025,0.14571558845040317,35.493663465819985,94.28968255093407,219.84669890424192
378149,1881,0.15002990908703248,0.5568187269769546,6.629442730656832,1.6042801559616868,2.1264667210224655,0.13865189834053387,31.903363009626773,91.91848209319413,212.6452689233505
378150,1881,0.1087715644885095,0.38834878641380816,6.741968821410491,1.558965245190692,2.0456398231956454,0.13248671299228934,22.250746440538652,89.32212895700421,204.56212046824706
378151,1881,0.10163195176503674,0.3613725882208432,6.821522209924865,1.511397106813571,2.0372650273780577,0.12694626301408532,20.705124136773325,86.5966753887009,203.72451825113868
378152,1881,0.10039950956831796,0.3567968416001828,6.901929486206729,1.4534193821372887,2.0361604572597187,0.12065437136781229,20.442953167288234,83.27479645897843,203.61403796838042
378153,1881,0.10029601778904129,0.35653924894604716,6.977603075983838,1.3932228199583703,2.0367899552652817,0.11440287806751075,20.428194195372686,79.82578750492958,203.67698507586854
378154,1881,0.10028881915774676,0.3565217569644305,7.065226561242395,1.3366979258947738,2.036836220963384,0.10840013248746223,20.427191978650733,76.58714963766141,203.6816114557014
378155,1881,0.10028832311341054,0.3565205733574192,7.133488323789423,1.27836432774393,2.0368395334544527,0.10267750815945764,20.427124162964382,73.24488065980593,203.68194269159343
378156,1881,0.10028828892176542,0.3565204932528237,7.168661984354798,1.216773851868488,2.036839770235237,0.09725107194179469,20.42711957330914,69.71600633394078,203.68196636875265
378157,1881,0.1002882865645061,0.3565204878313862,7.156235192837407,1.150000531586524,2.0368397871375543,0.09207380002208962,20.42711926268365,65.89017689770894,203.68196805892043
378158,1881,0.055619647222804866,0.20225376776246304,7.099044243847682,1.0852341037734687,2.083487720355255,0.08758831711209714,11.58828728340824,62.17933392988217,208.34506360539004
378347,1882,0.18171552580593908,0.2444393539069139,4.968954131219882,1.6440157726089666,0.7707290003386214,0.1895673869115404,14.005343325770838,94.19516522343304,77.0724801371538
378348,1882,0.07389056011772568,0.17725322581348957,4.994239917297552,1.5914533112312998,1.3744462558634378,0.18257744792612304,10.15586174419229,91.18355802567334,137.4427841016179
378950,1885,0.2162323277729796,0.44773891978083347,4.645829838483782,1.9093713964531207,1.1863882475396312,0.23547767806319392,25.65355042718829,109.3989225397641,118.63828157943163
378951,1885,0.146959122429287,0.3814180328599606,4.720604931889765,1.8865866925538266,1.4870558332653,0.22898220990635793,21.853643513057893,108.09345516887927,148.7045815681954
378952,1885,0.09779866926495479,0.3166414535242625,4.8003484395943365,1.8664518041704028,1.8550576594881623,0.22277510094622252,18.142218905828045,106.93981104354211,185.50388812336269
378953,1885,0.06958547923622473,0.2540455348458649,4.888050175892004,1.839576096699342,2.0917776264242085,0.21562779109394112,14.555736950811747,105.3999464340221,209.17478669095314
378954,1885,0.05962900095420956,0.19688620318445368,5.0026815703683205,1.7994084070893939,1.8918221694951676,0.20608648719751219,11.280748486824384,103.09850734658059,189.17907607425627
378955,1885,0.0569380940180996,0.19052064173232724,5.117661985825112,1.7526946379943658,1.917174600319737,0.19622633463133968,10.916028681386372,100.42200553228682,191.71412664058937
378956,1885,0.05659110493602797,0.18956390532227982,5.184086566403129,1.7023064143148248,1.9192432832012492,0.18814302489130225,10.861211722984157,97.53497297828797,191.92097087149756
378957,1885,0.056567387610647564,0.18949964810906594,5.293930216577966,1.6407768659141566,1.9193971288189575,0.17757995575312338,10.85753005586373,94.00958953958376,191.9363537563527
378958,1885,0.056565756350815864,0.18949530269830464,5.400255050275985,1.5762914170935685,1.9194084660377377,0.16724181445892958,10.857281082166857,90.31484548215718,191.9374873615192
378959,1885,0.056565644060928365,0.189495008619598,5.525582112535804,1.5102769644374745,1.9194092975577501,0.15660340221020055,10.857264232698121,86.53249595809682,191.93757050539676
378960,1885,0.0565656363292726,0.18949498871655768,5.6042128346894655,1.4498464620710463,1.919409358312114,0.14822792338688937,10.857263092337911,83.07008321864514,191.9375765802677
378961,1885,0.05656563579679613,0.18949498736952894,5.636100548693115,1.3937804759734815,1.9194093627361721,0.14168969841718498,10.85726301515885,79.85773884101553,191.93757702263412
378962,1885,0.053793755487354905,0.1810466839763499,5.664530980658712,1.3381023261510028,1.9283295736421406,0.1353468027123901,10.373210886683639,76.66761584509042,192.82940860511923
381498,1898,0.13575512734569967,0.20909120539365417,2.900919826215088,0.3312810071911092,0.8824744195022474,0.06543098264190121,11.980043602359418,18.981003544893632,88.24679840676752
381499,1898,0.2290203805726281,0.27366352762415436,2.9510329136406446,0.39510431385492195,0.6846449392703055,0.07671147776749086,15.67976513952586,22.637809651299285,68.464197972789
381965,1900,0.20774305425508235,0.2649139942934495,4.555151341703467,1.8630371140515778,0.7306358872385841,0.23433724912668344,15.178453806967429,106.74416371138841,73.06324054083534
381966,1900,0.10637933188959973,0.201575779637029,4.600900190714794,1.8112936964517163,1.0856846094467167,0.2255634326717416,11.549441425260882,103.7794842653334,108.56745058143602
384579,1913,0.1794960885253442,0.2981674707277835,5.402961872831594,1.7742191283926765,0.9517609464018711,0.1881472980797788,17.08373766079251,101.65526798827989,95.17556970502261
384580,1913,0.1217371897385847,0.23322372513706405,5.478516344230971,1.7263349699837471,1.0976706513183914,0.1805446975247677,13.362735132672936,98.91170780591237,109.76617248348684
386185,1921,0.24783318670138527,0.29503543230397694,4.760508634063233,1.775371501023483,0.6820831633061488,0.21367736450454042,16.90428507783559,101.72129407645149,68.20804386524574
386186,1921,0.1504563021102477,0.2293663835652973,4.813547242256006,1.7671407060311548,0.8734579198538821,0.21034322289845625,13.141725740470342,101.24970426135367,87.34521725532956
387995,1930,0.22583631058688608,0.35006933181010197,3.3145079953459007,1.6786877318568312,0.8881430231222233,0.29018400921239523,20.057495249683658,96.18172215578527,88.81391297815232
387996,1930,0.14656733785631584,0.2845548010984518,3.356874891843826,1.6258336904881467,1.112375258308485,0.2775003876491899,16.30378914312589,93.15340865514979,111.23677447382157
387997,1930,0.08138267016664778,0.2186626260045565,3.4059353872482863,1.5780198617560535,1.5394486371859564,0.2654597563403182,12.52844560730865,90.4138780664395,153.94299104051697
391413,1947,0.20526411101777325,0.27024433858346675,5.361534352556797,1.7542542539909527,0.7543383598342729,0.18746753848765915,15.483860038137077,100.51136494655235,75.43347216369555
391414,1947,0.12193860918536546,0.20492897385313094,5.335642328461123,1.7279990886235437,0.9629078449610963,0.1855578925650718,11.741565301731203,99.00705478058175,96.29000273309357
393422,1957,0.20805251326264115,0.46678082193010223,4.465376088293481,2.039878083918757,1.285472083435426,0.2617392182809512,26.744571054242478,116.87640492977795,128.54659666564174
393423,1957,0.1339366608857223,0.3937177077975399,4.521398396594978,2.0153878131032688,1.6842559119310434,0.2553927024092527,22.55836297636402,115.47321577291805,168.4243462756242
393424,1957,0.09978184234144973,0.3278657979595226,4.576043445975273,1.9766281302895123,1.8826395811421626,0.24748989082379033,18.7853264697696,113.25244953242405,188.26209024480943
393425,1957,0.06939603575551809,0.2640955559393345,4.679426548862281,1.9289483193336618,2.1804644023657223,0.23618406274025017,15.131560743485007,110.5205975966722,218.04332964296424
393511,1957,0.16811012320562044,0.18932356469934594,5.091432543501765,1.8471718767686856,0.6452580229876255,0.20786910454369903,10.847441219644502,105.83515257410508,64.52542230877106
394717,1963,0.21855505941607167,0.32413268722052896,3.432502121948241,0.8690015256704742,0.8497370950758021,0.1450548838642307,18.571434979970302,49.79011981134764,84.97332459959533
394718,1963,0.13765869444977888,0.3143691296634156,3.4533754146168327,0.91908756360559,1.3084551689563415,0.15248802091479743,18.01202433891465,52.659838397561906,130.84457590079725
394719,1963,0.1035200747563229,0.3064525483165147,3.5522214495834956,0.9605216870664233,1.6961382596330212,0.15492794980790545,17.558437639565234,55.033838799691644,169.61220390046998
394720,1963,0.09444716035317322,0.3036650682166857,3.6685885913305762,0.9914693507945738,1.842164961566132,0.15484704198366966,17.398726794368326,56.80700931710477,184.2145652102558
394721,1963,0.08423786561659038,0.28145645593770385,3.791368459521398,1.0195718487897314,1.9143724748400743,0.1540793629414142,16.12626704194025,58.41716384600216,191.43499765699917
395030,1965,0.208240318883568,0.25773807938853477,4.78008812543413,1.3047023287043866,0.709147178548087,0.1563861059412504,14.767304168770796,74.7539369556516,70.91438071916697
395031,1965,0.13747777006458015,0.19157900302899894,4.863479933712716,1.2912954957155427,0.79843217658369,0.15212519197164473,10.976668316885654,73.98578200875407,79.8426426984283
395232,1966,0.20602598182393284,0.2930118298842105,5.195015058121505,1.7640961898461094,0.8148652046833785,0.19456202726634186,16.78834119977051,101.0752663332913,81.48612890964709
395233,1966,0.15008714369686746,0.2227985222236469,5.269903235369507,1.7202245258010511,0.8505334860936254,0.18702735240897733,12.765415005166645,98.56160514329362,85.05278758693233
400055,1990,0.16155244110766218,0.25453317105447115,3.2791189025945116,1.4334075525812464,0.9027208406626871,0.25045814218460405,14.583676447502647,82.12820308508205,90.27153087865096
400056,1990,0.0865031259328287,0.18899121129222216,3.2961843328246885,1.4272530333226507,1.2517926263988821,0.24809163141814566,10.828398772109514,81.77557510663253,125.17783002070757
401264,1996,0.2272775359826408,0.2682411046419643,3.996600406926056,1.7058448051881068,0.6762253227199797,0.24455211341034833,15.369083187911631,97.73770784159463,67.62223771577575
401265,1996,0.15723481497686256,0.20643044698343463,4.0830180882731,1.6732956233255987,0.7522247935144366,0.23480860183994348,11.8275933751499,95.87277709426915,75.22200572999444
402065,2000,0.19787427169103242,0.23324946474982458,5.132770809624524,1.9158183279570764,0.67538892824474,0.21385779409060104,13.364209903850417,109.76830450575069,67.53855491714822
404276,2011,0.16929894467084386,0.28812004434725585,4.599200462999499,1.6930587905139727,0.9750835476991186,0.21091736212296433,16.50806253421987,97.00512316397442,97.50778457910991
404277,2011,0.09913142890008728,0.22146582034773163,4.672863502753022,1.6364921435418815,1.2800234671380688,0.20065660547407238,12.689056812327532,93.76409303126711,128.0010684002958
405769,2018,0.23114049009906967,0.2970290823102312,5.027508331730962,0.3213773822247439,0.7362843293029928,0.03662563317816545,17.018512809020187,18.413567632440508,73.62811757303231
405770,2018,0.15306716988299482,0.28527103507100066,5.091566726498679,0.3213255542326885,1.0678204393254571,0.03615900381951101,16.34482632689683,18.410598107235096,106.7813532976242
405771,2018,0.11069941916374605,0.27801383234009497,5.179734748492007,0.31808378194266274,1.4389432140416,0.03518492565086484,15.929019239345116,18.22485823687416,143.89303454924774
405772,2018,0.05176689119226785,0.19351217659972303,5.273407310794942,0.31906364968002254,2.141799247819464,0.03466639197510374,11.087431003554379,18.28100052270591,214.17582884292605
405885,2019,0.24924123310107432,0.5154902135446479,5.666722692132483,1.560275376094351,1.1850130920920028,0.15775819398177338,29.535413616405865,89.39719392839353,118.5008385173169
405886,2019,0.18216945758694078,0.4485576223873718,5.769901849330739,1.5078384257315571,1.410799458968265,0.14973006489245433,25.700458631219295,86.39277798206845,141.07917920200515
405887,2019,0.151982558052367,0.3805145903095924,5.88623820757873,1.4646356441145016,1.434498728852721,0.1425654855108884,21.801880067889257,83.9174409321858,143.4489384725239
405888,2019,0.083227365825251,0.30789168244947784,5.957937769765244,1.3974563304038212,2.1196023275535056,0.13438936884824826,17.64089395153724,80.06834978597846,211.95771149197662
405889,2019,0.07585284045294269,0.3007082887867403,6.084672045206587,1.3324908493342336,2.2714130990726598,0.12547282945401392,17.229315812081357,76.34610190665404,227.1383453916203
405890,2019,0.07520689436715775,0.2998675269565783,6.182429684434682,1.2686358280585934,2.284516807627073,0.11757105584601117,17.181143707637382,72.68747868684179,228.44867353632694
405891,2019,0.07516282838259195,0.29981209870135767,6.2619704475427165,1.2098989285639274,2.285433636115312,0.11070333645635924,17.177967902547465,69.32210224411332,228.54035341454093
405892,2019,0.07515978225119561,0.29980835414608914,6.340901523524094,1.1534096421237985,2.2854977163752292,0.10422099159559081,17.177753355334424,66.08550454338835,228.54676123412978
405893,2019,0.07515957148059728,0.2998081007474178,6.444285222049459,1.085821527414093,2.2855021939011886,0.09653978460771934,17.177738836660023,62.212990825276144,228.54720897238602
405894,2019,0.05633795317865193,0.22810583890568772,6.451560873003486,1.0261865780212203,2.3198392547743665,0.09113478269806868,13.06950185158696,58.79615991358828,231.97984900683744
407492,2027,0.21675733545246487,0.2813158001755428,4.031966288597239,1.527964163005306,0.7436060829568963,0.21712953756062267,16.118208060404225,87.5458977874434,74.3602686686019
407493,2027,0.14010651451904432,0.21846379951242376,4.086063246987709,1.4837191028582981,0.8933954882845333,0.20805072567424787,12.517053688454054,85.01084257671737,89.33891755500848
408834,2034,0.20039255686269974,0.35952211809099877,3.0444129125466146,2.0758014339831345,1.027937329747955,0.3906653410699308,20.599100008218212,118.93466127443779,102.79322514511655
408900,2034,0.23264180215963548,0.649886228789925,4.172445545955516,1.7649364933133813,1.6005608676992888,0.2423600519631425,37.235738073336115,101.12341217547619,160.05540565912543
408901,2034,0.2001412341923011,0.584430291583558,4.272713726503938,1.7184856565140318,1.6730878866309176,0.23044365090694563,33.485389127337946,98.46197527202249,167.30796107314583
408902,2034,0.18599171683384175,0.5365297413773745,4.402344694982158,1.6648523437740774,1.6528095247823538,0.21667774607191842,30.740889764169133,95.38901281071787,165.28007272258827
408903,2034,0.17855500851977935,0.49612389472040563,4.506179714135972,1.61502927047398,1.5919913939536328,0.20534991201664543,28.425805283072027,92.53436098825135,159.19825671911337
408904,2034,0.1678451549212287,0.48572568621842516,4.61541783385354,1.5491947711345149,1.6580776595186633,0.192316979811373,27.830031821411495,88.76232202974319,165.80678797481127
408905,2034,0.16751240420582592,0.4843765385030719,4.716186384790678,1.4927594222598977,1.6567566937028138,0.18135164211989407,27.75273135138204,85.52881472387925,165.67469023124798
408906,2034,0.16749460447691977,0.48434073147772155,4.842480631747433,1.4266253741242023,1.6568102709819663,0.1687969842954142,27.750679759952543,81.73961288358888,165.6800478234429
408907,2034,0.1674933713458807,0.48433832010813377,4.960613472816356,1.3637381551029883,1.656814220100215,0.1575136642252503,27.75054159865232,78.13644064835849,165.6804427257239
408908,2034,0.1484415875389885,0.4284561557595319,4.997201055269034,1.3082500483996524,1.6537634893732007,0.14999837977712088,24.548729431420995,74.95720632108576,165.37524600191477
408909,2034,0.08220461396867526,0.2556671521175743,4.956976179270651,1.2432102589851945,1.7819738196294412,0.1436978879208582,14.648648776466215,71.23070088721768,178.19523593666162
410105,2040,0.15351163650839553,0.3686483523112651,5.486414502590216,1.2145453865785463,1.3759213188252906,0.12683752661842182,21.121994711887336,69.58832467803572,137.591244553553
410106,2040,0.09930264413139318,0.2535588870086463,5.646544891709456,1.1961139844326776,1.4629874911910508,0.12137029691169438,14.527854083629952,68.53228312456908,146.2972906050405
410107,2040,0.08664910708981122,0.24305367203521272,5.87450123780249,1.176288467399785,1.6071657820056517,0.11472695609202735,13.92594960277457,67.39636467191961,160.7147419718776
410108,2040,0.06284102750512618,0.2041794403666028,6.090430711416976,1.1548596195067562,1.8616211095170276,0.10864351825748497,11.698620196349415,66.16858212782125,186.1591781932104
410109,2040,0.06095258261279704,0.19935934640923658,6.25166332635523,1.1422653816847683,1.873989057085271,0.10468731589214693,11.42244915573582,65.44698545443731,187.39586200036922
410110,2040,0.06079366293983682,0.19893407289039217,6.423526244349632,1.1356381525542538,1.8748797739605616,0.1012952553145291,11.398082777967357,65.06727319539267,187.48492428105155
410111,2040,0.06078275601619634,0.19890538860895784,6.555100127367034,1.128751116510076,1.874945817152526,0.09866008717096987,11.396439289702805,64.67267509670681,187.49152794483658
410112,2040,0.060782005282966914,0.19890344798722928,6.693203671237865,1.1045657887711342,1.8749506819103028,0.0945540594686045,11.396328100268127,63.286957891124764,187.49201437497356
410113,2040,0.060781953584032385,0.19890331665028105,6.813576810075736,1.0713292449246952,1.874951038634946,0.0900887240637877,11.396320575215299,61.382644203122304,187.49205004425943
410114,2040,0.06078195002298045,0.19890330776146972,6.898349038319617,1.0304269614736663,1.8749510646934062,0.08558441385814193,11.396320065923925,59.03911598893056,187.4920526498841
411511,2047,0.18121502992857896,0.3100987289208646,3.7149721356297256,1.8718464049207544,0.9804566114677604,0.28869368246774724,17.767348399536942,107.24889889869536,98.04512551422425
411512,2047,0.10850119821589103,0.2415277489693208,3.780709486964421,1.873230283390022,1.2754254886915184,0.2838837244187065,13.838520651237301,107.32818929434342,127.54138514043983
411513,2047,0.0535707203581083,0.177296015481619,3.845663922654349,1.8600838737365923,1.8962432178312352,0.27713018446698184,10.158313411582872,106.57495550545185,189.62081754474343
412116,2050,0.13101900568859431,0.20110184027331124,3.9026058574584814,0.8347429927995096,0.8794362130884026,0.12255208978271231,11.522286699974739,47.827250465531165,87.94295679822115
412719,2053,0.238067292985598,0.2870709093993147,3.1197566697321246,1.5712292046966696,0.6908950252004238,0.28856353657858336,16.447951529563166,90.02480207681607,69.08921521337656
412720,2053,0.16060139111103808,0.21455065046923552,3.124278760120607,1.5459496758659999,0.7654258729146807,0.283509885909829,12.29284676367371,88.5763917667394,76.54211546062612
413205,2055,0.23758883597487007,0.21101913077367154,3.4540542275034545,0.6078166293316909,0.5088835521819652,0.10082449545941335,12.090505589850569,34.82532757857345,50.88814317431232
413206,2055,0.17369850561584424,0.2016605629739523,3.476379219806213,0.6367510694915852,0.6651927399421987,0.10494582573013171,11.554299152639624,36.48314888230923,66.51889486774499
413207,2055,0.1334176887752799,0.19874850578935951,3.528094317551803,0.6645230248168112,0.8535187363291276,0.10791764951956631,11.387450566261709,38.07436471127055,85.35124030068867
413208,2055,0.11170265882894326,0.19422591340945589,3.5954909800712067,0.6780493824080733,0.9962452309422125,0.10805024409938856,11.128325110435204,38.84936791343461,99.6236401484082
413209,2055,0.07987520142287635,0.19296965880891134,3.6880767793285507,0.6940943866944997,1.384202536290697,0.10783039837019344,11.056347023830108,39.76867894131616,138.418538023562
413924,2059,0.20215176640772012,0.30465440977503566,4.706435303459471,1.8319368489602939,0.8634805095629157,0.22301857518310853,17.455411890158675,104.96224977991979,86.34762808515323
413925,2059,0.11344257191705431,0.23740997140151168,4.84307308074382,1.814561769255286,1.1990726185669844,0.21467099318162836,13.602589375628193,103.96673104411943,119.90621544933279
414327,2061,0.20398456032856052,0.21517123761300527,6.0074328883403,1.742077328702401,0.6043792316239547,0.16615030115051002,12.328403787831796,99.8136785200722,60.437629839947384
415331,2066,0.18056785809861317,0.31580380621101595,4.049524333751305,1.880094795634038,1.0020733722223925,0.2660102464640399,18.094225250058546,107.72149687434141,100.20678781817868
415332,2066,0.11792550346528245,0.2499623503350936,4.088444742594026,1.8578933059748453,1.214477451954257,0.26036659820443103,14.321787711371362,106.44944521796633,121.44672563439222
415333,2066,0.08428235738484692,0.18212696747421422,4.198172519501285,1.8229353267281807,1.2381126557753783,0.24879039585167803,10.435106571788895,104.44650054682653,123.80981127912442
416136,2070,0.1932030603994856,0.34216085092569604,5.688683043630833,1.6544593004345312,1.014702956433942,0.16663529044839795,19.604372672647308,94.79353529106533,101.46977569783779
416137,2070,0.12867273288673084,0.2822764000160904,5.855517926215612,1.621272099773559,1.2569287025540188,0.1586401916469467,16.173246377068544,92.89204875933784,125.69190318979524
416138,2070,0.09542903911126892,0.2231348648709879,6.048507870673609,1.5871874488871036,1.3397059007077372,0.15034971254305354,12.784686019329541,90.93914211736711,133.96920024755448
417542,2077,0.18564832785902455,0.39725887345906175,3.478532081259525,1.546460462747493,1.2260415086834793,0.25472140366885854,22.761256823325873,88.60565769927962,122.60349706523019
417543,2077,0.11637144238800484,0.3331166214423905,3.5057367947676075,1.5299425611987432,1.6401081281231356,0.2500451589375219,19.08617649430612,87.65925165412365,164.0094175446595
417544,2077,0.0702915197729124,0.26026658212590514,3.536251755129243,1.496919469755666,2.1214756247709325,0.24253693906555354,14.912176704109394,85.76716788796074,212.14457459036603
417945,2079,0.1792198817115268,0.27750087081685854,4.506430787031589,1.7738642006198262,0.8871575893262554,0.22553310303091992,15.899628709011068,101.6349321248636,88.71526887476787
417946,2079,0.12110349013619234,0.2081941548358701,4.5769162520669,1.7322266015273433,0.984996005728459,0.2168474749043942,11.928646391388535,99.24927342780657,98.49879536236644
420959,2094,0.21968396180766936,0.21388003501120811,4.13692900636549,1.7850587397742252,0.5578205468253781,0.24722766952830083,12.254423328252507,102.2763319720046,55.78180330331876
421965,2099,0.23057459550608683,0.513196357147669,4.142390478100624,1.4529970413583766,1.2752482113765848,0.200972357275286,29.40398532604989,83.2505981148305,127.52427359674182
421966,2099,0.16416438421829385,0.446615856975594,4.225195250657123,1.3918651774334547,1.558754795165466,0.18874394057178231,25.589203668319946,79.74800031816443,155.87453950884975
421967,2099,0.13687388128937772,0.3946752815900187,4.3189288281773,1.3298218538692401,1.6521213578590148,0.17641684451352493,22.61322791324539,76.19317973097036,165.21094082585557
421968,2099,0.10609377925605235,0.37001724383586787,4.430525121264212,1.2734799766317875,1.9982721483999486,0.16468708740762789,21.200426418858306,72.96502795542013,199.82535019647437
421969,2099,0.08969262926166678,0.3080904249031859,4.583987625087023,1.214737198531941,1.9680858095664373,0.1518313752870848,17.652281055344787,69.5993146934254,196.80640866752182
421970,2099,0.08546921920080301,0.2937690267378634,4.734167391694681,1.1475259174279846,1.9693315993526321,0.138880581043597,16.831725383745407,65.74839195050131,196.93087886204074
421971,2099,0.08524068496032401,0.2929368450007571,4.918079676569878,1.080369639597436,1.969017837106282,0.12586339508088693,16.78404488242135,61.90062066300291,196.89949688621869
421972,2099,0.08522478241050993,0.2928812245900148,5.062673658094725,1.030701318080002,1.9690113161908525,0.11664752527251018,16.780858067631033,59.054835464555126,196.89884437554474
421973,2099,0.08522369332430739,0.29287746216992533,5.1745906482648945,0.9708627108198264,1.969011183776263,0.10749900714901842,16.78064249683915,55.62633581660618,196.89883110501088
421974,2099,0.08522361869409749,0.2928772075393829,5.178581817472888,0.9064164516596116,1.9690111961573804,0.10028582900014327,16.780627907583735,51.933837161319545,196.89883234110536
426588,2122,0.13229148296040963,0.22042658552453545,5.242215761558294,1.853744977549828,0.9546731056104231,0.20260853069694676,12.629513043035367,106.21176350717869,95.46659613921469
426989,2124,0.22271682940538684,0.3219283355384534,3.791693310778285,1.6837267483664644,0.8281877105148375,0.25442573640128263,18.44513493202481,96.47043653468398,82.81840291488886
426990,2124,0.13524857420804626,0.25123543091577155,3.8088698941414707,1.657234541772456,1.0643164909942102,0.24929322160259296,14.394729855624274,94.95254490685866,106.43087004090475
426991,2124,0.07063505237268537,0.18651366542779085,3.845455189893407,1.6351445776898417,1.5129095227726401,0.24363015124432133,10.68644585052751,93.68688319532927,151.28883185804858
427678,2127,0.21141987700348674,0.1827962328354791,4.302826073995306,1.01762194899172,0.49538635181424256,0.1355049952726983,10.47345265236367,58.305442817102694,49.53840321167026
429401,2136,0.21575311116340085,0.28836977887418286,4.673013776508509,1.5784406364609262,0.7657998725357141,0.19353246280218284,16.522371268611487,90.43798668115456,76.57963586194799
429402,2136,0.1500387769151301,0.22004846121446045,4.781797541737025,1.5227980505229337,0.8403059218992781,0.18246255806881537,12.607848115936774,87.24990134571361,84.03003773504939
429803,2138,0.15341443820941972,0.31169917356478727,3.685556308410283,1.7503657686121463,1.164104641474145,0.27211243698727844,17.85904712297803,100.2885711456484,116.40971294296693
429804,2138,0.08195808678617762,0.24489030764443143,3.6923911956288435,1.7201551693073394,1.7119944974189085,0.26692088086082677,14.031181071686241,98.55763130892211,171.19738178991759
429805,2138,0.04223479174086597,0.17779450623792745,3.765265677664306,1.6823578365943885,2.4119622700131944,0.25600319250621806,10.18687482804563,96.39200366761827,241.19057340149593
430406,2141,0.17390643987583662,0.2273763997708795,4.3199785609236585,1.9203337043313242,0.7491216155037448,0.2546934312486258,13.027708067750774,110.02701651490817,74.91173509915428
431748,2148,0.20142356189171629,0.2713616820955684,4.261877196152386,1.693957833813882,0.7718996818309448,0.22773212332478548,15.547879105646825,97.05663455065874,77.18958879506066
431814,2148,0.23910511832478457,0.9097821712603567,4.233385816057362,1.77197937402893,2.18007363767879,0.2398244423911753,52.126678689466694,101.5269395160912,218.006461125606
431815,2148,0.2258427028952609,0.8454180941873034,4.349089764568137,1.7429044168849188,2.1448063610266015,0.22961371771667277,48.438888720926,99.86106718221562,214.47969591337426
431816,2148,0.21106208193932696,0.7820424722680377,4.4860522915471055,1.701199277180434,2.1229645100748815,0.21727686647685793,44.807733060935284,97.47153869314516,212.2954552223202
431817,2148,0.15333686009773853,0.5427303469348672,4.608172766556112,1.6610925197206816,2.0279635467463115,0.20653216659960805,31.096158293038826,95.17359076074652,202.79504535421282
431818,2148,0.1123644141692029,0.4088811182842521,4.732250630811807,1.596409901578653,2.084927019694372,0.19328551396774898,23.42716240027704,91.46754973335196,208.4908650361025
431819,2148,0.10945612261032703,0.39801099591082223,4.861929828189486,1.5363606478990945,2.0834237170313856,0.18105358132313737,22.80435026548878,88.02698093460282,208.34048732190263
431820,2148,0.10926806693663078,0.39730510842626915,5.032954627226333,1.4936743167484385,2.083308000836744,0.17004173588962912,22.763905891812783,85.58123431677242,208.32891256419737
431821,2148,0.10925528321323295,0.3972575882126155,5.204257364093274,1.4384053821664984,2.0833025581383957,0.15835988058027492,22.761183184128868,82.41455762704261,208.3283680784417
431822,2148,0.10925440907546954,0.39725437321836904,5.347762288100119,1.3736243888483801,2.083302366269029,0.14716974265144459,22.760998978527386,78.70288011724925,208.32834887657543
431823,2148,0.10925434926430748,0.3972541556343092,5.496302347842532,1.3096231417028577,2.0833023657038554,0.13652065313541265,22.76098651187907,75.0358787722371,208.32834881902514
431824,2148,0.10925434517061056,0.3972541409083395,5.602622212088881,1.2475086503218589,2.0833023665372257,0.1275777265290157,22.760985668143157,71.47698056950414,208.32834890229068
431825,2148,0.10693033752925361,0.38951380544529274,5.610719415875137,1.189411378864361,2.0871060115080615,0.12146080910672907,22.317497114095136,68.14825211376365,208.70866885013623
431826,2148,0.062444717049776555,0.22645343129673443,5.535685528332241,1.1223290745857684,2.077809685870836,0.11616396696182503,12.974825869558632,64.3047191985879,207.77767447551568
436035,2169,0.15023395920284302,0.17987134325388196,4.087737152391919,1.4299565346959384,0.6859879212724243,0.20042989818183057,10.305868823796368,81.93047432522974,68.59834008329362
436830,2173,0.18068176607766076,0.7311703954368151,4.286286195755111,0.5075763167489509,2.318605598908575,0.06784890073710553,41.89297776344097,29.081980730510324,231.85928947664328
436831,2173,0.07438394622076384,0.26832558170079457,4.473477877913276,0.5540753612363121,2.0668332457633842,0.07096532167243075,15.373923366848283,31.746179731027176,206.68057379810003
436832,2173,0.06919934256798345,0.2478341236834233,4.602509712563381,0.557985291780084,2.052020543462896,0.06946254147523821,14.199849306383395,31.9702022493746,205.1991186666923
436927,2173,0.17879601012789564,0.3162992750646964,3.8048563431045257,0.8560870351170822,1.0135915503763018,0.12891465394759205,18.12261352425462,49.0501740080767,101.35859381144739
436928,2173,0.10790559127174085,0.3111192943980604,3.82242194396197,0.8728707657239831,1.6519830559310718,0.13083801720136898,17.825822494097018,50.01181093633667,165.1967899644453
436929,2173,0.08411802126497732,0.30593616270405893,3.8912911836912762,0.8825460428728187,2.0838398925615853,0.1299470046460781,17.52885092337024,50.566163482584315,208.3815367769658
436930,2173,0.07218830185020883,0.2774392029373954,4.019428031555707,0.9032252241668473,2.2020317406467127,0.12875213278973885,15.896095399786308,51.75099329451803,220.2001542108046
441663,2197,0.18488042457003495,0.3063945063153226,6.789249615899752,1.687546228671183,0.9495386636606127,0.14241526231002863,17.555112077862432,96.68927663607771,94.95335790866528
441664,2197,0.08720934729727495,0.22731343106112004,7.005969393240665,1.6804134203671075,1.4934292179271846,0.13742651627859379,13.024100226440172,96.28059682417832,149.34122647218416
441665,2197,0.0572305038345515,0.19287635071044779,7.169620565469984,1.643455697918248,1.930963069026647,0.13133620435872254,11.051000863593755,94.16307530744277,193.0929666908753
441666,2197,0.054682001057839165,0.18590301737909282,7.291732044595683,1.5968182651302825,1.9478907392968368,0.1254721739037356,10.651458294569213,91.4909472413673,194.7855474007906
441667,2197,0.054458466092589836,0.18509174805477518,7.428906573916591,1.5325957272037605,1.9473508528235153,0.11820214169695989,10.604975986237383,87.81126686855872,194.7315452598676
441668,2197,0.05444281319960945,0.18503572454898903,7.543505312160725,1.4734262665141142,1.9473211440435296,0.11191230454490562,10.60176607580231,84.42110649497675,194.72857341811542
441669,2197,0.05444174172180559,0.1850319338302585,7.6902597336325815,1.4170549224834512,1.947319575202332,0.1055767543661512,10.60154888361773,81.19126639653979,194.72841646715895
441670,2197,0.054441668338391064,0.18503167728369566,7.727665245228931,1.3600029461079757,1.9473195000872086,0.10083566816590389,10.60153418458243,77.92242893734496,194.7284089510102
444275,2210,0.16849914317405826,0.2490589824143269,4.0599991140347615,1.6845079355488197,0.8468902230875366,0.2377222071105459,14.27002854216392,96.51519526324266,84.68852472975755
444276,2210,0.08630367054202245,0.18037686687275184,4.12774999121823,1.6548838451186931,1.197496228283059,0.22970833960801587,10.334833193601792,94.81785990968251,119.74824918159761
444677,2212,0.1980353282237832,0.3299552061104325,4.531235458317473,1.6602510896726423,0.9546296589315775,0.20993254717252666,18.905040738496975,95.12538037023839,95.46248866588797
444678,2212,0.1469594059380291,0.2639960838041611,4.623010250025182,1.6431463515694067,1.0292543225905852,0.20364512681556016,15.125861409960418,94.14535106724638,102.92473890102589
444679,2212,0.11445359898228437,0.19639815155801915,4.694488627159182,1.6275628425969084,0.9831743436056216,0.19864246988474699,11.252785188445191,93.25248177311798,98.31658394248475
445617,2217,0.1744135800790959,0.43291277714088877,3.9354911349325454,1.8814505100551453,1.422141188436747,0.27391542661124085,24.80407502746051,107.79917358889588,142.21331161771005
445682,2217,0.21048491777042036,0.3191461147040693,5.4483688808955595,1.380409048630979,0.8687427462970555,0.14516567081276294,18.285725420541233,79.09161248822431,86.8738660250217
445683,2217,0.14178292382373403,0.25410356689271935,5.565327376678249,1.3340679222771232,1.0268557399350324,0.1373440522353316,14.559061942173013,76.4364615302659,102.68485699600795
445684,2217,0.07894399155274515,0.18972040353436073,5.606425804682382,1.301744905921295,1.3769479879703088,0.13303393566114638,10.870178410037736,74.58448911194462,137.69307205226687
446085,2219,0.16610534521391754,0.4076614031931952,5.961162981138824,1.73668523599834,1.406172476695322,0.16692168040581756,23.357277873351066,99.50473436538623,140.61640958550228
446086,2219,0.11073472220224868,0.33899535173061834,6.006927408764531,1.6855280636229066,1.7540118210827151,0.16077045311846527,19.4230029287173,96.57364429645065,175.399613985837
446087,2219,0.0716097810470104,0.27207038170106596,6.063434859322614,1.6222866335909112,2.176864975314743,0.1532962409401282,15.588484601984423,92.95017726524542,217.68348807354906
446088,2219,0.05058167270629678,0.2048683082881358,6.1208693799289335,1.5604852705751417,2.320620586913365,0.14607274604388187,11.738089420895204,89.40921999628593,232.057516791397
446220,2220,0.2104394932582292,0.6641083715048691,3.4879217666115196,1.7926615730737914,1.8081494318984135,0.2944789155569735,38.050606826535144,102.71194223241126,180.8140925608061
446286,2220,0.22395685097731804,0.2158578787105454,4.574410879062244,1.6768946034337846,0.552237844859491,0.21003575278895853,12.367745424761075,96.07898346501975,55.22354037061042
446487,2221,0.2150592929515691,0.26855473873261765,3.1027311292601665,1.5881675770329173,0.7154795391986658,0.29327484477176347,15.38705309761749,90.99529932350421,71.54762455886083
446488,2221,0.13040763265740554,0.19939594448080242,3.131143315430051,1.5818930689148982,0.8760641506869602,0.28946549892401574,11.42454607077486,90.63579648982115,87.60575000267124
446977,2223,0.2305335492957281,0.7432489713462883,4.53155420041691,0.6950206171963171,1.8472377434191334,0.08787657874286563,42.58502918558218,39.82174803992658,184.72298107020134
446978,2223,0.21087935280198541,0.6614479411282348,4.6427627629098,0.7213641572848637,1.7971495593834748,0.0890226869776725,37.8981753942656,41.33112170443399,179.7141122475815
446979,2223,0.19889067909637942,0.5820671976687657,4.724549407265825,0.7485361332157461,1.676800154443952,0.09077682855759943,33.349993819427304,42.887961246304606,167.6791808030666
446980,2223,0.1407036271605818,0.504450397416299,4.777568517885276,0.7722310115758493,2.0541671366081915,0.0926110792847153,28.902878745651023,44.245577772414386,205.4152683455468
450507,2241,0.24269066566911765,0.2138420502393279,4.715191985547873,1.611151704968092,0.5048503378779419,0.1957761061206849,12.252246961138004,92.31219284997846,50.484827846715355
455265,2265,0.2078430757034429,0.6335369224895477,3.1462224988373566,1.9127376764293742,1.7464613605742174,0.3483281804361668,36.298991824357856,109.59179617506283,174.64530418538442
455330,2265,0.19547555181873316,0.4155312545797146,5.739276159050593,1.7656814348206207,1.2179623335868155,0.17626977897556076,23.80818714319381,101.16609417982512,121.795616516048
455331,2265,0.10248504576712301,0.3469289932791301,5.827069660658322,1.7299674702212111,1.9395576220190087,0.17010236764064832,19.87756710561666,99.11983473859932,193.9538886180081
455332,2265,0.07544471338176238,0.28072142980126263,5.945213681366553,1.6922547003408055,2.1319122697424406,0.163087581412767,16.08415314649036,96.95905219070399,213.18842947515174
455333,2265,0.05465312870830667,0.20185562922893388,6.038181864642339,1.6444301918114554,2.1161594556357413,0.15603854214852664,11.565475625775491,94.21890969468483,211.61211237125985
455733,2267,0.23517772399977455,0.30320182059203293,4.102819330003651,1.749175905071898,0.7386832233285706,0.24427202048459315,17.372184660606262,100.22039698659569,73.8680113793921
455734,2267,0.1459738503216746,0.23867496191846055,4.134416430148293,1.7200987665640697,0.9368162192353096,0.23837559930524282,13.675067993373435,98.5543996697798,93.68098657569192
459341,2285,0.11740564968318473,0.38250363799764525,4.483072055926616,0.2886029219933768,1.8666769698159458,0.03688481724628713,21.91584410566494,16.535729385363812,186.66612295643918
459342,2285,0.06610037259810318,0.2321909777748154,4.555112640619045,0.2660498781881806,2.0126302669683156,0.03346467218122649,13.30356306751282,15.243535160152405,201.26001238126443
459888,2288,0.20347588066706712,0.521536235422125,4.285265043713639,1.8520152432741157,1.4685683426604352,0.24762215569733154,29.88182515282907,106.11265703350125,146.8561197462148
459953,2288,0.17427798054864296,0.2696250455790546,5.034594663807168,1.7543265757575446,0.8864215793439773,0.19964965442299454,15.448377162702284,100.51550867854499,88.64165439842294
459954,2288,0.09230257107050284,0.1976145115289982,5.062477194140312,1.7034110486956213,1.2266696499529712,0.1927875621571048,11.322477481150946,97.59826386621266,122.66564933335752
461359,2295,0.225089154941848,0.2671323628122539,5.47480338331494,1.9885961642973524,0.6799775086665684,0.2081137151139849,15.30555696049961,113.93816737014234,67.99745179638708
461360,2295,0.11626373321994819,0.2008420036563352,5.629690700045861,1.9346184850896155,0.9897667871134438,0.19689442968124438,11.507399158459055,110.84547416362796,98.97583591999044
462365,2300,0.2161958306878202,0.23829278293767595,5.148833627858505,1.7772551951610462,0.6315186595319658,0.1977714351687231,13.653170750755866,101.8292218004274,63.15157677066281
462566,2301,0.17787696381831783,0.18921655510044746,3.2443020917378695,1.7997446726522242,0.609483610415672,0.3178426999411967,10.841310021260231,103.11777394412636,60.94802182654508
462652,2301,0.16346130636691317,0.28126396339759957,2.6916343163580656,1.7277190790554364,0.9858747249796692,0.3677728822400865,16.115238031804523,98.99101141410593,98.58687540864436
462653,2301,0.1011494474954779,0.21086612959233367,2.7338909154584914,1.6793107396692815,1.1944442972854832,0.3519431480533777,12.081739267899394,96.21741787404234,119.44326067800668
463170,2304,0.1750065976269226,0.23966933650608394,5.475808358958076,1.697073606698376,0.7846584564265795,0.17757223890098114,13.732041460499318,97.23515518686155,78.46540176943051
463171,2304,0.09518995614494188,0.1745426705462262,5.619084021671972,1.6662100931991977,1.0505895497445288,0.1698974522970556,10.000558367241144,95.46680612241357,105.05786234580793
465180,2314,0.1621098758644756,0.21282966865588157,3.2315724760673374,0.895952569255118,0.7522207362075491,0.15885238868552243,12.194241769149759,51.334300862220864,75.22161424471066
472350,2350,0.23579947874933924,0.39267068663049715,4.392611716390216,1.8723824228975094,0.9541315463303628,0.24422739169498003,22.498373082431605,107.27961046650657,95.4127540442691
472416,2350,0.17605420683075526,0.27068345095159363,3.9497771891510767,1.7394263710025561,0.8809229112911222,0.2523225610133747,15.509019323562741,99.66178983220338,88.09179576535793
472417,2350,0.10684772025137822,0.20039222471248536,4.003450739846826,1.6974520067422576,1.0745786266353101,0.24293251494617388,11.481628723262608,97.25683591234352,107.45686701956085
478135,2378,0.23917284157944269,0.7838106910872498,4.016234308451132,0.7873559937393697,1.8776815278139933,0.11232456036826145,44.909044536531745,45.112175415594756,187.76737556232712
478136,2378,0.20533976003657667,0.7464355118564374,4.0932791285537276,0.7957039565764927,2.082772592004125,0.11137886498940891,42.76760450806118,45.59047845369396,208.27625504280363
478137,2378,0.19612857298530934,0.7188785971115502,4.145821037262588,0.8009058382493994,2.1000870433996095,0.11068621582057273,41.18870959677732,45.888524319077966,210.00764428249929
478138,2378,0.16680737705774457,0.6146383107271942,4.2079953999800574,0.7955190759982145,2.111188344406338,0.10831733672699202,35.2161811317187,45.579885576844674,211.1175814601194
478139,2378,0.08608828981012742,0.3303017951923852,4.307052539657066,0.7980692315326134,2.1983125316515837,0.10616540708264272,18.924898830118174,45.725998726067665,219.82872517426523
478380,2380,0.18897996549238988,0.4716179891392297,3.6940544157491146,1.8298900490170587,1.429872146491664,0.28382087727471245,27.021720320124558,104.8449767816648,142.98646559307954
478446,2380,0.1548317979199429,0.28995390003094595,4.761347236279278,1.6465590983635998,1.0729794444899434,0.1981390605963942,16.613134725131392,94.34088705510044,107.29725838656807
478447,2380,0.06972979075253882,0.22561543673435303,4.806847281736637,1.6047724146421194,1.8538432891490237,0.1912827282782115,12.926812317879264,91.9466864380116,185.381696928607
480656,2391,0.17979859185434927,0.3999090428637332,5.427945053674875,1.7040545655685633,1.2743758910744827,0.1798749499520098,22.913100345208246,97.63513466707768,127.43688741946379
480657,2391,0.10483473195097695,0.3311711797704726,5.640328570768805,1.6745527946929228,1.8099640008738083,0.17010499713593594,18.974710897216347,95.94480770774152,180.99469087590535
480658,2391,0.07002606814947637,0.26298413532832343,5.822492535731807,1.644819678333822,2.1517528085817688,0.16185718554105738,15.067881033210222,94.24122562859365,215.17223884123
480659,2391,0.05525308522289817,0.1840231202592864,6.025231459761868,1.6172646439080918,1.9082637961096396,0.1537906699795616,10.543748123685507,92.66243845166163,190.82296053136014
482199,2399,0.14152237770305995,0.2847220779449132,4.861551137479195,1.7974274696289725,1.152706201839023,0.21183569783898856,16.313373400438387,102.98500799061908,115.26981383009817
482265,2399,0.2273508564020522,0.7368188250599431,5.254417913673354,1.6798810135617437,1.856892371241995,0.1831793617473782,42.216608941722875,96.25009216124693,185.6884285434047
482266,2399,0.17076973130720385,0.6128201209107053,5.276876001404376,1.635214115820463,2.056102343430734,0.1775498746497825,35.112006528880215,93.6908674367291,205.6090423698914
482267,2399,0.11664918722397966,0.3615249607404854,5.320771219368782,1.60684478751599,1.7757391334026629,0.17303022567309992,20.713854439062594,92.06542465726177,177.5724062858981
482268,2399,0.10152364441084336,0.32483608372706224,5.415338717723555,1.5554820005788725,1.833241399664496,0.1645742920668597,18.611736631118905,89.12255374173527,183.322352312825
482269,2399,0.0999686513655468,0.3207553233796641,5.477287287524807,1.5024779932310248,1.8383687482627855,0.15716839951471123,18.377926286008655,86.08564782342319,183.83505428870947
482270,2399,0.0998930103680748,0.320407278862029,5.5437871192155805,1.4455375508957928,1.837764514119407,0.14939823420984322,18.3579848040655,82.82320079400637,183.77463009466422
482271,2399,0.0998878133101732,0.32038344538657376,5.618905766132809,1.388798660004157,1.8377234219539982,0.14161529839076198,18.356619246510782,79.57230181166237,183.7705208240896
482272,2399,0.09988746024150309,0.320381832318638,5.603413530181904,1.323962254152835,1.8377206650788604,0.13537721043362744,18.356526824525993,75.8574493975843,183.77024513287031
482273,2399,0.05770887966299666,0.20017255278538507,5.5664472519404375,1.2609403000714345,1.9873961387817665,0.12978935039235057,11.469042448962256,72.24655741205278,198.73620454482005
485076,2413,0.24514380582023265,0.38485509830632014,4.095807531522995,1.9402997667779025,0.8994953751235778,0.2714262974994515,22.050572857044543,111.17098762659175,89.9491742574977
485077,2413,0.15257980969316548,0.3182675599606508,4.161364551562763,1.8959979625524817,1.19513759934591,0.2610506232091914,18.23538794167216,108.6326812196603,119.5129844856825
485078,2413,0.0838771745492166,0.24816163957652357,4.261964437038502,1.8419438797582615,1.6951707024022065,0.24762198681275713,14.218614584781498,105.53561041010077,169.51506945872484
485079,2413,0.03832811278781155,0.17648425830303213,4.373435744741329,1.785939121935609,2.6382202977276985,0.233973424768561,10.111803151260398,102.32677415421051,263.8152155318319
489435,2435,0.2458052414373052,0.3720628837001958,3.355709095236925,1.9841425169674651,0.8672570185069971,0.3387748717470362,21.317632949488008,113.68299217470009,86.72535255751525
489501,2435,0.21878819815399173,0.6995869868884788,4.330615782929736,1.5159413312253136,1.8320631668947913,0.20056510302867062,40.08338175098389,86.85704026865406,183.20548769858263
489502,2435,0.19936059181343155,0.6477188151429654,4.43372373267212,1.4821143843222444,1.86152901231892,0.1915295221486129,37.11155441890627,84.91889897729507,186.151976824284
489503,2435,0.1722866330602713,0.5799270064737937,4.53888734425544,1.439831022426508,1.9286097463156426,0.1817543251424837,33.22736989660435,82.49624079704509,192.85986641293303
489504,2435,0.15148189088001895,0.5021265080097524,4.609915037974209,1.4024559920316126,1.8992189511397648,0.1743086552789204,28.76972969060074,80.35480929624441,189.9206539000343
489505,2435,0.1482435815907186,0.4879045279230529,4.7247946053243615,1.353483902196973,1.8857388677207405,0.16413182275323143,27.954870255313757,77.54891523478403,188.57262744680293
489506,2435,0.1442600682121535,0.4812083545699404,4.847774744351362,1.3016165730937526,1.9112153635980524,0.1538378739969571,27.571207783292444,74.57713618255345,191.1202247771077
489507,2435,0.14257534227281327,0.47769603518523757,4.976940389958856,1.2504823138056618,1.9196843121857035,0.1439586436225166,27.369966706246988,71.64735893681822,191.9670982572678
489508,2435,0.14250082090505373,0.4775121252454952,5.096521785989775,1.1957229992771086,1.9199487658509473,0.1344247784424469,27.359429442889244,68.5098813253027,191.99354274299634
489509,2435,0.14249561194239907,0.4774994953726086,5.265399570977091,1.1377402919403634,1.9199681668491015,0.12380393151105962,27.358705804477054,65.18771691016498,191.99548278057426
489510,2435,0.1170287931107307,0.39881527206454276,5.3337198410378575,1.077547173780495,1.9525476880285006,0.11575205861601227,22.85043189465998,61.738905283872235,195.25311706771512
489511,2435,0.09339441088476252,0.32367088166032415,5.388168500261181,1.020420448910424,1.9856620229271684,0.10850771452316386,18.544975470414894,58.46578505141214,198.56409747259337
490706,2441,0.19233838288868774,0.2690726044843484,5.8787883017120395,1.782259249125969,0.8015417196746658,0.17370234742018573,15.41672461954603,102.11593297307319,80.15375940177643
490707,2441,0.09239751798195714,0.20042155430194275,6.040501838226796,1.7299937154636207,1.2428156289198304,0.16409454209391391,11.483309184953368,99.12133848022168,124.2802312824513
491911,2447,0.235300300286367,0.3395519818068723,3.0472639412775955,1.680881786514361,0.8268112974079611,0.3160455863605281,19.454895482836694,96.30743222768274,82.6807818705619
491912,2447,0.13317509791389617,0.2679652993669367,2.971240394115409,1.647378187581913,1.1528641463246798,0.3176714253064803,15.353280709685103,94.38781741035446,115.28555762019421
491913,2447,0.08132358162451668,0.2053468230343171,2.958383376720535,1.6109418339459474,1.446751927854993,0.3119952895235977,11.765506296286166,92.30016812616748,144.6734315905691
493053,2453,0.22377768799721576,0.5931500531226704,3.9888132725300176,1.9041558315764058,1.5186944439080088,0.27351516593264014,33.984994661889594,109.10009268455167,151.8687725182857
493121,2453,0.2428830867752752,0.5386477124731379,6.551721256445383,1.8140130849783018,1.2706623465708693,0.1586381494632064,30.862240569087074,103.93529375076305,127.06571673277999
493122,2453,0.19947441998603718,0.4741728031256576,6.6363195424243,1.7614224719292073,1.3619841089852762,0.1520753676549175,27.168100378987873,100.9220735810443,136.19773494343102
493123,2453,0.1345227291138458,0.42187322235025887,6.726358428035024,1.7145685884560895,1.79683786469719,0.14604863048739802,24.171555130253985,98.23754380423689,179.6824641234699
493124,2453,0.12771240595785205,0.41756518990778646,6.8088429521099485,1.6605608127861133,1.8733278885892015,0.139734646146068,23.92472305329488,95.14312619745792,187.3313367054866
493125,2453,0.12724149108729038,0.41732686427709126,6.86345203309159,1.6133624173752974,1.8791878275707192,0.13468274675813158,23.91106800050625,92.43885734062853,187.9173206700494
493126,2453,0.12720918256744998,0.41731110676816163,6.89917225279185,1.5574329044238517,1.8795941298873577,0.12934063522307016,23.910165161748946,89.23433229828842,187.95795021417555
493127,2453,0.08848000708491045,0.2999386998523019,6.898629426156434,1.494499150242965,1.9422715072134484,0.12412392140679708,17.18522161417807,85.62849379480981,194.22497754446147
493128,2453,0.0619072064358873,0.21088337997943563,6.813528692345336,1.4276774646630201,1.9517478474885859,0.12005510918736105,12.082727642275303,81.79989323112878,195.17166362731388
496134,2468,0.20712619482033942,0.17769957345281837,5.700070749942337,1.9627379213855307,0.49155709626180805,0.19728983011222917,10.181435580121457,112.45659918567087,49.155474678024575
496736,2471,0.24357792844970694,0.3273131735220631,4.634550296343472,1.755074086353777,0.7699245482250261,0.21697539401657304,18.75366342184738,100.55833788085042,76.9921418950636
496737,2471,0.1592138167346147,0.26277442387843064,4.74633421222569,1.7626746221216973,0.945638061781634,0.21278277460838319,15.055865452215796,100.99381650239047,94.56321817906861
496738,2471,0.1110882442832168,0.19688195954278195,4.853689741375834,1.7657236847338984,1.0154543715582616,0.20843630331514976,11.280505344066828,101.16851492154072,101.54453220788604
504510,2510,0.14611024873310177,0.2611663919173275,3.902689713686902,1.7464057180620665,1.0241397241556154,0.2563915761869517,14.963732007522442,100.06167696247037,102.41327849340583
508396,2529,0.16590721883653983,0.3252653670041695,5.053830378479307,1.7230312410333033,1.1232984169408406,0.19534177147188003,18.6363327511127,98.72241808039675,112.32917140454654
508397,2529,0.12036686035073081,0.25695755939177894,5.108485334404508,1.6767086624678713,1.22314251622824,0.18805638727663404,14.722583667131122,96.06832983243433,122.31324561417058
508398,2529,0.08189312515692619,0.18722767482814057,5.222110896803884,1.6192720336703887,1.3099212229625992,0.1776627403527553,10.727355575700216,92.77745341287901,130.9905387614114
512414,2549,0.24952851336265308,0.3692259351490444,3.3386685877752784,1.7408414528881937,0.8478023869065047,0.2987504303912628,21.15508777081128,99.74286805191583,84.77990232788852
512415,2549,0.18847061141349433,0.30285596168485096,3.3896842288780578,1.7256094609846282,0.9206935423026793,0.29167949648014657,17.35236840491773,98.87013920226408,92.06887061016194
512416,2549,0.16176251937442612,0.2384338379683332,3.4558583476533955,1.6862548555590515,0.8445251605253024,0.27956957840303337,13.661252608691616,96.6152864069759,84.45199919934099
512417,2549,0.1180415958495196,0.17744188186412851,3.5092665444906115,1.6503217861546386,0.8612786031252458,0.26944796502891394,10.166670939673509,94.55647318515237,86.12713797512514
513019,2552,0.24417420006193918,0.36248685592293084,5.118594775848082,1.6181360587505318,0.85057987770626,0.1811285532909738,20.768966973350686,92.71236684433849,85.05764290592282
513020,2552,0.17351110182499033,0.29126859032129665,5.1591932308372455,1.5960266792505364,0.9618093478052236,0.17724785338045548,16.688460930135317,91.44559271133569,96.180386005397
513021,2552,0.10062469185848437,0.22130187057926412,5.240879673812017,1.5525380656776524,1.2600944845903248,0.16973081631981374,12.679663182542196,88.9538786967341,126.00820872242376
514825,2561,0.2071538543938856,0.37083499143533244,4.928051747053234,1.8832769308908852,1.0256762511856727,0.21895837364119006,21.24727990501458,107.90381979439853,102.5671349444453
514826,2561,0.11248833567590494,0.3043839577573157,5.0523676614215365,1.8278999292343916,1.5503753767727573,0.2072908349679257,17.439916130982525,104.73095131739248,155.03617321760154
514827,2561,0.06093779998214177,0.23728730934658618,5.221722668283364,1.7695417920945684,2.231055130067659,0.1941644216011217,13.59556135757456,101.38727635903496,223.10188847759989
514828,2561,0.050712146711662194,0.1791124675017641,5.367354628056751,1.7195931436698357,2.0236545064282727,0.18356422531376854,10.262388446025199,98.525429611915,202.36150015248845
516033,2567,0.18438190083919714,0.2661549014896375,5.591477743629866,1.6715426214338063,0.8270633752882532,0.17128269431496473,15.249552552076416,95.772337484391,82.70589345687624
516034,2567,0.13697521376021513,0.19745663154125617,5.698202323643893,1.6455144802342816,0.8259473000744074,0.1654575062882976,11.31343162418375,94.28103484508766,82.5941330513674
522150,2597,0.20077798245715509,0.23846668818841804,5.582272432757792,0.24622896207778,0.6805095827708403,0.025272647413055894,13.663134787658553,14.107880320943591,68.05062273176016
522151,2597,0.12914207677462294,0.21230751677696438,5.660303806429429,0.26168145476312565,0.9419334141202161,0.026488406666885504,12.164324670222978,14.993242934770674,94.19261933376292
522664,2600,0.24962580797406284,0.3392217401267248,4.684963784694905,1.7135613303111876,0.7786043201013932,0.2095636945472863,19.435974028344933,98.17983216365384,77.86012322187929
522665,2600,0.16314620578958466,0.2695463798906094,4.79793506445382,1.6764804986010646,0.9466275313845085,0.20020124390024915,15.443869950761885,96.05525700582892,94.66217871166154
522666,2600,0.08380267000394656,0.19990093257548236,4.909977130465027,1.644138504809146,1.3667199851800669,0.19185872879968588,11.453479757304374,94.20219726051367,136.6703839672534
523671,2605,0.24375472404422463,0.26198989528701,4.893572047343998,1.2238142410364365,0.6158204612467796,0.14328876758678277,15.01091527502005,70.11939091939385,61.581796012702526
523672,2605,0.19715365173273003,0.24879279599667767,5.00307993110701,1.262752951813519,0.7230287816410583,0.14461175027835474,14.254777183868914,72.35041470660126,72.3025150996346
523673,2605,0.12166565931325796,0.23740656555876122,5.0649910648299485,1.2798002889037918,1.1180141704715587,0.14477252593435733,13.602394235212907,73.32715517381071,111.80050732050191
524007,2607,0.15197389648410328,0.3371260398721615,3.9877008543303702,2.163400257750118,1.2710010353425008,0.3108400263303376,19.315899248633965,123.95370416659622,127.09927557446585
524074,2607,0.20767911862741562,0.36179843299937137,3.7085527419081066,0.9380442015115809,0.9981514937160697,0.1449243878644568,20.72952324531067,53.745973743332904,99.81467355813706
524075,2607,0.1743442551059912,0.29460682622394785,3.804640488350303,0.8795956511160199,0.9681837110107625,0.1324622352857302,16.879727758376276,50.39711848700956,96.8178213288021
524076,2607,0.10886490522410877,0.2322405280293554,3.8736946484434847,0.8236301902553591,1.2222856243978393,0.12182306026193364,13.306402087971762,47.1905337811891,122.22745092303708
524410,2609,0.20842826229132594,0.22279416428942228,3.5790110251063254,0.5762881014697601,0.6124488378470054,0.09225698293172001,12.765165313928179,33.01887599782418,61.24459288296113
526082,2617,0.21104540441600975,0.2491990433582119,4.832349996368011,1.7329615266714988,0.6765393828921795,0.20547224726267713,14.278053443123152,99.29138153682473,67.65362093058258
526083,2617,0.14760837946849537,0.17611523679227636,4.861573567767208,1.6853960742245482,0.6836101804564597,0.19863132855295484,10.09065977614455,96.56608186098424,68.36055955575793
526620,2620,0.18442105984148824,0.6709444511149132,3.6095239915997253,1.8899273502067668,2.0844844555802453,0.29999761936809244,38.442285336606105,108.28486075319083,208.44732658147
526685,2620,0.23077556023360726,0.30201064094578334,4.450331616472146,1.4419189261664576,0.7498165891960753,0.18563980351024942,17.303935094234273,82.61586886937378,74.98133725850705
526686,2620,0.13975059925813166,0.24087586513788442,4.470587494574378,1.4212268940359167,0.9875570870300253,0.18214675962705995,13.80117045896318,81.4303027587447,98.75500911779467
527223,2623,0.1291869876254712,0.6370514356010966,4.130053600488889,1.9894604561753293,2.8253894945768434,0.2759956610672778,36.50035859269299,113.98768764701785,282.5367842907434
527289,2623,0.17998924314175985,0.19358974232903584,4.320581249652199,1.8182056700736728,0.6162520816586131,0.2411145744551122,11.091875192478858,104.17551118197726,61.624869208843315
528630,2630,0.17529011183412174,0.30596126950907987,3.69967425948199,1.7265492091033954,1.0000728651397728,0.26738565505423717,17.530289437334996,98.92398280327481,100.00672169803987
529434,2634,0.21321250424681937,0.3224081083110398,3.434911217762685,1.830170728194875,0.8663949183411905,0.30528025780232954,18.4726238870193,104.86105851395087,86.63908954676292
529500,2634,0.21985428345697658,0.2502928282684195,4.515732005744684,1.2367346652157387,0.6522830405847627,0.15691736455424107,14.34072270217314,70.85967669438665,65.2280103378979
529501,2634,0.14021133982491354,0.18461534953630157,4.584839016137081,1.1788124391898744,0.7544097089837059,0.14731373820992777,10.57768036176256,67.54097760310181,75.4404382308373
530102,2637,0.24994242203099412,0.24966364487852258,5.336848235544388,1.7314777141168558,0.5723187148798513,0.18588942532267105,14.304673149392315,99.20636533985515,57.231644798471514
530103,2637,0.1497187656369321,0.1786037865513481,5.3465617749737735,1.6887106672995138,0.6834976529104984,0.18096862609333464,10.233243174447658,96.75599405498306,68.34931333824754
530640,2640,0.23085601345781093,0.4007283520372505,4.608381719007611,1.6496921522910268,0.9945611537037974,0.2051054000738852,22.960043302967136,94.5203978221289,99.45568886588356
530703,2640,0.2477016107597168,0.41080310810407583,4.498629360531625,0.6224344627040992,0.9502273030361967,0.07927496310331401,23.53728430522005,35.66286773643793,95.02235052359752
530704,2640,0.1601125044175778,0.37178539026443985,4.665277601358955,0.5929110627713019,1.3304227857680822,0.07281732053993734,21.30173374677661,33.971301523411825,133.04145596127515
530705,2640,0.08629140750018818,0.34654035178662757,4.827781563603272,0.5837149190207249,2.3009587933016977,0.06927488493176905,19.855299588352597,33.44440129870816,230.09323952758297
530706,2640,0.055734859103811346,0.23297711899303836,5.013333501024084,0.5830134792075952,2.395018747878506,0.06663073917659597,13.348605641418269,33.40421175783338,239.49762067102435
533317,2653,0.24702663548815523,0.3646919607773686,4.82993403301596,1.9184079268348855,0.8458727249281978,0.22757386873847574,20.895310174893776,109.91667759208096,84.58693349674105
533318,2653,0.16686392366906572,0.29551917518103765,4.954415216958268,1.869605466400437,1.014719066652307,0.216212201989979,16.932001503060683,107.12050257933288,101.4713046382415
533319,2653,0.10524942067199458,0.230310527225309,5.045552059039358,1.8222891541649244,1.2537665147631316,0.20693370350252616,13.195821187443048,104.40947758611479,125.37547216620523
533720,2655,0.18664117991931858,0.2588046815540667,4.574477728640397,1.7570647899327216,0.7944878607817134,0.22007407740518783,14.828415971275291,100.67239679418553,79.44836466057832
533721,2655,0.11505930806514526,0.193443003337945,4.669018416065701,1.752670115944749,0.9632829269267887,0.21507861258743655,11.083467667599345,100.42060052233877,96.32746386637577
533856,2656,0.15101548291996958,0.36942336352826244,3.4603523377591823,1.9695941093953424,1.4016045092084481,0.3261212110242447,21.16639958369658,112.84942982218128,140.1595320883854
533921,2656,0.20196557461070386,0.6714734226070888,6.471250782049103,1.9157999109365131,1.904908365687543,0.1696229257921307,38.47259317059051,109.76724928820121,190.48990282054092
533922,2656,0.14153166946784984,0.6120373584588469,6.720989817284045,1.9193215569057358,2.477689636403505,0.16362028148406746,35.067157544027424,109.96902473917693,247.7672305332528
534209,2657,0.24043313473835698,0.4372140522750599,5.256211830061111,1.1561413587614426,1.0418912902559019,0.12602616179332085,25.05051993917308,66.24202037755103,104.18870002145628
534210,2657,0.17971874160207651,0.42739046248958457,5.358177612009734,1.1968483423705418,1.3625550748881665,0.12798074937526968,24.48766970479752,68.57435873506063,136.25475691488856
534211,2657,0.13846048514944553,0.4241445901166319,5.498516892548835,1.2467804886699279,1.7551356356742407,0.1299173236094472,24.301694916989216,71.43525998004522,175.51230864496134
534212,2657,0.12123470834987472,0.4149717721986001,5.629051687007476,1.279785373224231,1.9611652080906234,0.13026403827007865,23.776131164044017,73.3263005683233,196.1149193390149
534213,2657,0.07193224154200188,0.26528083045119644,5.745133754760469,1.3030422441477536,2.1130260272339756,0.12995140613585768,15.199471970579125,74.65882111692167,211.2996946162108
534325,2658,0.21512534021867674,0.2214118301336435,4.939267455887984,1.7676393481656287,0.5897009993489789,0.20504715537395696,12.685963400925274,101.27827435114642,58.969828557627785
536133,2667,0.1632250342744544,0.26419789001605687,4.078457158149678,1.7870075951887512,0.9273959226948518,0.2510458953982095,15.137424054181569,102.38799316213816,92.73902978448238
536134,2667,0.0872175175126576,0.19275063557998515,4.107133568891306,1.7391713252458647,1.2662360688445977,0.2426197611368203,11.04379791719731,99.64717678676224,126.62216960514809
536670,2670,0.2149838503524441,0.4779863921947818,4.212318457205088,1.7124495947471718,1.2738911140840232,0.23292667724860341,27.38660293744591,98.11613440790113,127.3885247846468
536734,2670,0.21235692354910454,0.2830352696684759,4.488138228299188,1.8007651246836391,0.7636541992918213,0.2298865054072429,16.216726405350794,103.17624153872198,76.36506391813971
536735,2670,0.12380489806643621,0.21758240688541758,4.590832552745251,1.7690484583965267,1.0069514856505404,0.2207856832827603,12.466553610832651,101.35901042024558,100.69434336757446
538344,2678,0.18880427413298898,0.5166125909814954,5.2981349716332735,1.7607149623303782,1.5677462639411637,0.19040952451529897,29.59972110655794,100.8815362670664,156.7738043467406
538345,2678,0.14723611173461887,0.44346859813618006,5.40273835544055,1.7236000511756142,1.7257231934962076,0.18278695324688873,25.408879019786283,98.7550085008954,172.57115899952868
538346,2678,0.11441580866221285,0.37508277362220044,5.486665011439045,1.6706797970379834,1.8782944655633103,0.1744646354643739,21.490659896612968,95.72290128804943,187.82782134798737
538347,2678,0.10715750243876952,0.3487211788511305,5.570003786489505,1.6302034709631226,1.8645684581763098,0.16769069114931717,19.98025177499652,93.40377863376457,186.45512320791585
538348,2678,0.10668756822225624,0.3470186751806964,5.650727876450051,1.5806849906134754,1.8636382821113993,0.16027418152447048,19.882705500075115,90.56657870182829,186.3620988769385
538349,2678,0.10665534386151361,0.346903704143417,5.710805373914137,1.5142128844024407,1.8635837232025747,0.15191904071002935,19.876118144872763,86.75800756059066,186.35664251421014
538350,2678,0.10665313921312322,0.3468959296341567,5.812432951144278,1.456244730449832,1.8635804798025362,0.1435486267982962,19.875672698304363,83.43667699294157,186.35631814146006
538351,2678,0.1066529882149377,0.34689540349258363,5.915282154769743,1.3966544190702717,1.8635802917192668,0.13528078867922827,19.8756425526128,80.02240365102236,186.35629933085863
538352,2678,0.10665297786943373,0.34689536788370995,5.965139699971512,1.3458019460115915,1.8635802811925621,0.12926565900553824,19.875640512374623,77.10877156695727,186.35629827803018
538353,2678,0.0819293031837439,0.26518978923140313,5.944630515953196,1.2843884461472461,1.8545567029039898,0.1237924491662216,15.194255692923246,73.59003721960302,185.4534293477141
550806,2740,0.24630520528764316,0.17801562238667343,2.7763234100864578,1.067101789101029,0.41410182233614523,0.22022084453130555,10.199543850150961,61.140428826348234,41.41001579005959
551745,2745,0.2154456086147741,0.5806509575472979,2.998901530217895,1.8715404363804349,1.5441877839797808,0.35756881896456,33.268849237690105,107.23136819267127,154.41806882732578
551810,2745,0.16311193654350703,0.25781194227259624,5.187590925936395,1.840791129700297,0.9056072539941245,0.2033112556472381,14.771536200290182,105.46956269694594,90.5601757488449
551811,2745,0.09795842070683247,0.19255181584331318,5.29293366184185,1.778208713537003,1.1262334753421697,0.19249032898536975,11.032406385402103,101.8838543790579,112.62220933726505
552816,2750,0.213782829473905,0.216618698782826,5.605825072306521,1.353632505867481,0.5805581605340479,0.13835149769962718,12.411337203871593,77.5574295979243,58.05554720585896
552900,2750,0.171152366082882,0.22974874006538273,4.432690083836674,0.3712680934344532,0.7691177566719862,0.04798913159131099,13.163633154194631,21.27209482166288,76.91133078750006
552901,2750,0.08727979441375915,0.22291773113753216,4.5151096644227176,0.3699401991953004,1.4633677582805331,0.04694462286529002,12.772245172812609,21.196012086119687,146.33511597368278
554423,2758,0.226818574609185,0.23779069439548367,3.784719415630658,1.4830696371737186,0.6006740241246816,0.2245176494685415,13.624403196346373,84.97363093405238,60.06714023611724
558041,2776,0.24734845722295906,0.28187716046513495,4.444044453446325,1.7021858503492857,0.6529400330274215,0.2194578969092242,16.150371635784097,97.52806517190122,65.29374196777098
558042,2776,0.11173046120751874,0.22107102110584229,4.418470653793817,1.6483894920102165,1.1336599895373878,0.21375215107755288,12.666436482012308,94.44576088589913,113.3649944708675
559986,2786,0.23172762345710418,0.347633583724053,3.049366520319875,1.8213146094994337,0.8595408699102368,0.3422141590794223,19.917937164395983,104.35364028983518,85.95371977464423
560051,2786,0.24112939415409185,0.26590207570227403,4.9127680691218,1.9187303099340558,0.6318211897447633,0.22377435085985506,15.235066701508417,109.93514878304977,63.18185957002421
560052,2786,0.15390436617688835,0.1989861729402574,4.9908296504664,1.9169195919207893,0.7407890648822981,0.22006642132670462,11.401067890937055,109.83140228300128,74.07842997386747
561256,2792,0.23648161874323434,0.3421902792252641,3.9143797608553634,1.7965383549009362,0.8290732305171393,0.26296392147639447,19.60605879001081,102.93406546919968,82.90697597229534
561257,2792,0.15283823321430515,0.2754718570134237,3.927057631270468,1.7872087188180852,1.0326849124645785,0.2607537908817947,15.783374781500465,102.39951669725934,103.26782233570643
561258,2792,0.11558982915947072,0.2096985651141297,3.9866809706690463,1.7723377129132296,1.0394376217111028,0.25471682162226905,12.014842750988912,101.547470821797,103.94287192466685
562462,2798,0.23199206356075486,0.3756134187740473,3.2102285823634444,1.417506150199788,0.9276637470373255,0.2529948179811435,21.52106362423287,81.2171198402852,92.76597883538395
562463,2798,0.15221553254940928,0.3152187585228756,3.2168801830219276,1.361381278966991,1.186521703646111,0.24247530810171844,18.060704486714222,78.00140159293073,118.65139866362244
562464,2798,0.12222393211543923,0.19936965406120646,3.2594634260848006,1.3051149247637546,0.9345991908771394,0.22941683020785275,11.423039740690383,74.7775769684971,93.45916207915361
563266,2802,0.20392243904363155,0.3700710069393969,3.223491692845845,1.9545874510006658,1.0397828643793556,0.34741709287696393,21.203506817784042,111.98961163157175,103.97778164798079
563267,2802,0.1288230742521407,0.30159485722929724,3.2714741745395783,1.956624434767193,1.341383226648077,0.34267830305409575,17.280112442089358,112.10632220433043,134.13729182534536
563268,2802,0.10244673035214026,0.2364694668078334,3.3220894732291675,1.954694020934383,1.3225118129895395,0.33712432553181454,13.54870243179776,111.99571763899674,132.24990329436528
563871,2805,0.23080607750601362,0.35113568471372286,4.110689543111999,1.6125875143506532,0.8716664706691702,0.2247663256346791,20.118592770532658,92.3944586677845,87.16627318331896
563872,2805,0.15368161032489736,0.2862958858840269,4.199365876419101,1.5702116328848659,1.067372007038652,0.21423829678095707,16.40354595311378,89.96649950664823,106.73651311905341
563873,2805,0.09713688596941404,0.22507700752742893,4.291317431037665,1.5395940549624574,1.32760703006369,0.20555981403102883,12.895962596755938,88.2122415127813,132.75934994937515
564874,2810,0.2309668648221912,0.2706336304059688,3.9276903326552506,1.661205144356828,0.6713588183804603,0.24233082390278762,15.506164816565398,95.18004367706692,67.13559407280619
564875,2810,0.14976766773128258,0.20091097674036618,3.952216061544646,1.6218375690720905,0.7686138424158532,0.23511985701548505,11.511351025074031,92.92444776358792,76.8608761728981
566082,2816,0.17734121892181462,0.23027969725507907,5.016154935247671,1.6991457151216331,0.7439925188565876,0.19408068394386663,13.19405476026636,97.35387825420769,74.39883655726254
566217,2817,0.1426708775587414,0.5946143213051887,4.244016961181086,1.8999388192402114,2.3879357331954716,0.25649868135479775,34.068891048823176,108.85847567553311,238.79191633120695
566280,2817,0.24039157482229018,0.3546126620671268,4.449160427603901,1.7067786482987795,0.8451963455112307,0.21979700323692775,20.31780889834527,97.79121311056355,84.51928647698531
566281,2817,0.14934436173965604,0.29218093636180836,4.512888529666645,1.6966073573171423,1.1209484704850696,0.21540182127408977,16.74073450771211,97.20844106511626,112.09410397957407
566282,2817,0.08787041921889845,0.22321188088084312,4.5974148470932885,1.6709742198269057,1.455449668942622,0.20824696801841053,12.789098711649183,95.73977047124714,145.5433271174325
568830,2830,0.19065024448430684,0.3758776025898224,4.257628264194613,1.9393695093859842,1.1296182268492683,0.2609849443119676,21.536200241892445,111.11768780417398,112.9612361049401
568897,2830,0.17158298493021792,0.4277895332102906,6.067865552523666,1.6099788163387516,1.428494401953384,0.15202214078604775,24.51053477282122,92.24499128167837,142.84861598703102
568898,2830,0.11759624211167657,0.36808628264096227,6.20413710893746,1.5715724441482108,1.7934066871415701,0.14513616724217898,21.089790491986676,90.04446824875177,179.33915892312078
568899,2830,0.06932370868731885,0.20282340713651892,6.307397962868957,1.518485756915731,1.676327443973644,0.13793774468685682,11.620925215386116,87.00282512199965,167.63035049741018
570791,2839,0.22864280195801956,0.5093592523311542,4.63133467360393,1.0794136172909772,1.2764072994288,0.13353784350475048,29.184135414514273,61.845844619722456,127.64017727396198
570792,2839,0.17486787736454354,0.49683189270686684,4.763372933825541,1.1265954992145355,1.6278786807927033,0.13551147072600714,28.466370579600017,64.54916732342693,162.78694647451238
570793,2839,0.12609511399513076,0.4149990860415703,4.911758274622031,1.1828609233749616,1.8856951306766379,0.13798101358635573,23.777696131968494,67.77293866033277,188.5680325793916
570794,2839,0.11584800183878946,0.3978223012604445,5.074812160536018,1.2209452888867238,1.9675381991124916,0.13784749015095363,22.79353885840544,69.95501206959032,196.75213853049817
570795,2839,0.09873001240775915,0.3448261801286038,5.224996821343431,1.2573791017600904,2.001122283289808,0.13788049659023496,19.75708478698689,72.04251577880363,200.11022175474224
570796,2839,0.08244160898460579,0.2852192124444521,5.354085200482092,1.2676779371466136,1.9822338899195815,0.13565827349582177,16.34185710911231,72.6325955803514,198.22100865541225
570906,2840,0.19663656440015492,0.23117083739737407,3.6507580092388614,1.7154885083546998,0.6735834048054955,0.2692324465602617,13.24511332937455,98.29025133191736,67.35800135533064
571709,2844,0.21096238151129088,0.32929938054341396,4.050765267676679,1.852130543857979,0.8943520485451187,0.26197337045210584,18.867464701410036,106.11926327033201,89.43478515677963
571710,2844,0.12600921353143738,0.26246159733159863,4.066768472775728,1.8351912434891697,1.1934000853208127,0.2585559352508967,15.037941811362671,105.14871285129485,119.33907093658694
571711,2844,0.08147278787181872,0.1968969690613968,4.093714031707981,1.8208407008889913,1.3846787665111213,0.2548455663089129,11.281365326135983,104.32648732658193,138.46619410754238
572311,2847,0.1711147555843431,0.3039106046548314,4.3580277356737325,1.7055075273202327,1.0176091429940284,0.22422616134155754,17.412794995990748,97.71838324324227,101.76032555580754
572312,2847,0.10142336095844484,0.23761605848701,4.45262704626856,1.6861773140819039,1.3423333465634353,0.2169749282540654,13.6143972958394,96.61084360759813,134.2320244089823
572600,2848,0.1826368440529138,0.20808189836273994,5.212865818380088,0.4897281023170952,0.6527825192280762,0.05382711601545291,11.922214569255154,28.059353371720505,65.27789807790904
572601,2848,0.1260013857944144,0.19686900047015263,5.295172130934715,0.491627593959175,0.8952093564346687,0.05319597829176474,11.279762843898766,28.168186226032052,89.52023227800494
572602,2848,0.09320741791814818,0.19031786395141173,5.383945077398172,0.49483331876503556,1.1699078725717864,0.05266001095376975,10.904410370360885,28.35186072768826,116.98954465611348
572603,2848,0.05492737850840642,0.1798098976378931,5.469465518069581,0.48676760408528796,1.8756304512372528,0.05099169045796244,10.302348249330624,27.88972931778201,187.5596645867476
573117,2851,0.17409355990990613,0.2508048310505688,4.061434083652839,1.7253743070563905,0.8254215424570702,0.2434033486573922,14.370058300689251,98.85666587464014,82.5416848643964
573118,2851,0.1056446817104106,0.18606911462910913,4.08887095328094,1.6792499023606697,1.0091349402776768,0.23530684391130596,10.660974965983877,96.21393215302196,100.91254837284389
578679,2879,0.18435294494575463,0.44244336617373775,3.307308737052648,1.8455994497831125,1.3750871290767015,0.31973144097440365,25.350137555316422,105.74505914423926,137.5079744714744
578745,2879,0.243678118516284,0.2626035540160168,5.104843823758896,0.9840062417425277,0.617456947074675,0.11044295673362901,15.046075330253503,56.37940466637665,61.74544385200589
578746,2879,0.15232070637139666,0.19765172218345645,5.227054000728418,0.9835050278851774,0.743471391441729,0.10780582544595561,11.324609494604323,56.350687227717,74.34665593222952
578832,2879,0.16409391189085673,0.29100115894885914,4.597192471835483,1.8561623741849904,1.0160728715031264,0.23133743159982073,16.673138241185256,106.35027013178262,101.60667414401576
578833,2879,0.10410369332633378,0.22102148230414753,4.696018226790343,1.8119977860286474,1.2164406945309616,0.2210805418367582,12.663598117753063,103.8198256264907,121.64291265963266
580841,2889,0.19057322990870412,0.19165126350064343,4.463982185512912,0.5304439220440988,0.5761988693794032,0.06808315237467305,10.980808536936507,30.392198001493316,57.61958761264279
584977,2910,0.1828360408998246,0.44597044241512385,3.2406561938374265,1.4962608730977136,1.3975484600664836,0.2645434371518399,25.55222413796871,85.72943307905865,139.7540892819887
584978,2910,0.127933168556521,0.37986155532034394,3.286140360319261,1.433371739689444,1.7012368616727043,0.24991674701209052,21.76446391913095,82.12615115752962,170.12236968981014
584979,2910,0.09297625667934438,0.31363254891670533,3.3628465542150834,1.3692749351996683,1.9327320845040699,0.23329543374008213,17.969821370857556,78.45367477999028,193.27115052265992
584980,2910,0.07116902925814125,0.24507438897509648,3.4373425992716387,1.304792868121193,1.9730107784775557,0.21749104753324366,14.0417281550205,74.75912448211417,197.29833332075304
584981,2910,0.06505213226786002,0.2262484053183828,3.54023449124204,1.2402774819541724,1.9927212685681441,0.20072869499507986,12.963078746308543,71.06266514108721,199.26909426793347
584982,2910,0.06444805753312263,0.22615015919415057,3.6673730689786583,1.1770588873011762,2.010525707598157,0.1838932255550722,12.957449658036518,67.4405064807222,201.0494823974304
584983,2910,0.06440603939319815,0.22614373144252256,3.776337963534751,1.1094055856910958,2.011780181686607,0.1683224813928431,12.957081374996475,63.56425782833898,201.17492586322538
584984,2910,0.06440312994407425,0.2261432972187646,3.8436757356766242,1.0469139549312931,2.0118672019810364,0.15605830226023162,12.95705649580778,59.983751130912374,201.18362761920898
584985,2910,0.06440292835220952,0.22614326783426733,3.8137581657329718,0.9819287789103788,2.011873238040788,0.1475195128311628,12.957054812200102,56.26037481399922,201.1842312062255
585915,2915,0.19009826480606482,0.3232299655025,2.8159838661648364,1.9575568093181,0.974217827823317,0.39829682364437446,18.519712835452445,112.1597433310228,97.42127542863386
585983,2915,0.20589950476991958,0.7427576106595114,4.769040134135079,1.56164687648213,2.066875987520708,0.18761799525267217,42.55687629201121,89.47577511221382,206.6866049676068
585984,2915,0.17415401084730464,0.62317807783369,4.912977789450472,1.5196858394913098,2.0502239093435297,0.17722771879487562,35.70547374494556,87.0715847886475,205.02122546592327
585985,2915,0.15733851988714584,0.544103289908903,5.040879984298452,1.453309852523379,1.9813851161138962,0.16518647729870892,31.174822130963218,83.26852087436971,198.13726489901478
585986,2915,0.11800677522681131,0.4434383602167491,5.126166618694594,1.3934028371920388,2.1530242066834218,0.1557423070989581,25.407146514621633,79.8361017326584,215.30061443654046
585987,2915,0.10971607205615733,0.41625569773325793,5.27135350056895,1.338605063429306,2.173764705358482,0.1454966365195702,23.84969467838899,76.6964205693411,217.3745091026656
585988,2915,0.10912047367464767,0.4146663663416841,5.4037465328480225,1.2759482069924473,2.1772844013634147,0.13528844581859598,23.758632697404153,73.10644713795199,217.72646480418663
585989,2915,0.10907947735549428,0.4145587770660064,5.508358993167301,1.2101837067168622,2.1775375794146097,0.12587853985280278,23.752468285986954,69.33841883037401,217.75178163712505
585990,2915,0.10455270617332629,0.3996933997184552,5.60743360709857,1.1578704620077005,2.1903538943109138,0.1183091860305081,22.90074490310289,66.34109069590397,219.03331542488468
586785,2919,0.23539133260197725,0.35112712185278155,5.649993430113209,1.888335086862309,0.8546661883295266,0.191493374161355,20.11810215474016,108.19363078368,85.46625938219354
586786,2919,0.1805048616831396,0.28669892288914217,5.788660916659864,1.836824986303788,0.9100385003087338,0.18180771123540063,16.42663827249448,105.2423194193823,91.0033509123922
586787,2919,0.1313666483996917,0.22770977879115167,5.8564333138265825,1.7814590494108344,0.9931598654884561,0.1742871117329412,13.046809278590576,102.0700849066284,99.3152380934391
591407,2942,0.18790628372472218,0.3602993632456214,5.512259629415629,1.8972886436806893,1.098613168618368,0.19720883795765487,20.64363287522508,108.70663180100378,109.86073805136422
591408,2942,0.11544625324901105,0.2913623129339317,5.665262721098383,1.8321231637081508,1.446026087849773,0.1852922447045644,16.693830840284246,104.97292482863304,144.60136876775152
591409,2942,0.058292210186666936,0.22699601733249855,5.836696470748799,1.7725635066997305,2.2311577287298907,0.1740032365701744,13.00591375943065,101.56040785280378,223.1119836732789
591808,2944,0.16352492789130507,0.26545068923729837,3.950685022952701,1.8187456622012377,0.9300846927852392,0.2637680543568268,15.209204162135983,104.20645045185702,93.00790619726965
591809,2944,0.08334693914539514,0.19446027009438485,3.9782371214645447,1.7842271595911838,1.3367919130364336,0.25696981491788357,11.14175275938231,102.22868593718961,133.6776034731493
593352,2952,0.24739281382688072,0.41278997063374406,4.63866407924001,1.441366685756269,0.9560149230194804,0.1780345078578946,23.651123142642728,82.5842278245934,95.60110973184287
593417,2952,0.18322494168193582,0.26187290583966244,6.427452580059638,0.9462271899275101,0.818895687279842,0.08434885156090595,15.004212273439467,54.21482444337009,81.88912626513043
593418,2952,0.10428659557110628,0.19124440041296822,6.584394957957786,0.8845443331479532,1.0507099103634985,0.07697086418452,10.957496999173058,50.68065708159156,105.06999359959278
593436,2952,0.11062953668758196,0.34391207835432713,5.753338618376681,0.4141265270745196,1.7811435735989736,0.04124162285312072,19.70471061327542,23.727702185780192,178.1127634671163
593437,2952,0.13800962803674688,0.351636551187581,5.41545432407494,0.3923516865423857,1.4598466159457535,0.041511005978335035,20.147290305584328,22.48009572371852,145.98361439395728
593438,2952,0.1754335044476234,0.3576044296134078,5.108550224763984,0.3680752035899517,1.1679196313512004,0.0412820756182641,20.48922455203138,21.08915570912276,116.79130406269944
597033,2970,0.21387688848222017,0.31370954882210844,2.677344198449814,1.792565499985591,0.8404008692857625,0.38361312425121374,17.97423314046006,102.7064376499326,84.0396979230243
597034,2970,0.118184882316731,0.24744380328243978,2.639644650362805,1.7485824127996383,1.199602192533549,0.3795449966756188,14.177485594749186,100.18639238422158,119.95921439038196
597035,2970,0.06295564032625493,0.1811401692329192,2.676230031513463,1.7041740132899084,1.6485521384572996,0.36484897412692024,10.378567197331757,97.64197851738321,164.85262147960526
597438,2972,0.17747652931509555,0.19999857926809547,5.458794895540995,0.7105810349698882,0.6456670016722512,0.07458293453100094,11.459074500674516,40.71329430581255,64.56634000313329
597439,2972,0.1338301367449058,0.19149105473698091,5.589837577850204,0.7377118684572221,0.8198174714588564,0.0756153929251543,10.971629250937637,42.26777655930899,81.9811406956107
597440,2972,0.08626557013712452,0.18295351328502793,5.662709979969757,0.7529700043955732,1.2151386615218038,0.07618614308030949,10.482464158322738,43.142003351813386,121.51247165223329
597441,2972,0.05451862201912271,0.1753142941387484,5.7437866931297625,0.7724554566022777,1.8424470259895975,0.07705445869193787,10.04476914246539,44.25843752516143,184.24135697313153
597638,2973,0.1806880313153224,0.18283605463862113,4.72311582099859,1.9403516850807114,0.579769098018772,0.23538267174514144,10.47573427361631,111.1739623262222,57.97659214484907
599132,2980,0.23712793653180145,0.19251925163755834,4.620464757125654,0.9300269133015373,0.46517252627453753,0.11532739594702396,11.030540593849155,53.28661696575741,46.517058420535044
599133,2980,0.15101921825549208,0.19177966710160876,4.653895384364296,0.9700228279562939,0.7276004286524685,0.11942299807714558,10.988165521346103,55.5782140732404,72.75956589306877
599134,2980,0.0779910718346574,0.18849660062506501,4.7459729061830975,1.0179442170708342,1.3847813640123106,0.12289136168272567,10.80005966837926,58.323907417907726,138.4763786154483
600252,2986,0.14220337053747517,0.181599004690355,4.5587135390669555,1.7144662530215533,0.7316884094602637,0.2154811425601608,10.404856532533783,98.23168041574333,73.16833155835943
601053,2990,0.15562354386650518,0.3809055503220937,3.3887706971007416,1.811615659116855,1.4023764323802146,0.30629965948923943,21.824280426563966,103.79793136720663,140.23675112124246
601054,2990,0.11489571428951338,0.3124836658817841,3.474826107710733,1.786779190368465,1.5582821147189112,0.29461878972338745,17.903995221802386,102.37490652991532,155.82686878833124
601055,2990,0.05939310225033665,0.24325076622329805,3.5447582265830704,1.7535842625136802,2.3466091841044108,0.28344098682296787,13.937242267918418,100.4729772625949,234.65700700677598
601056,2990,0.03167450038256781,0.19068255507193022,3.597215615021712,1.7068802495308084,3.449242151002679,0.2718687024266494,10.92530563239249,97.79703443235213,344.91343468736756
601456,2992,0.16845736472587478,0.37496990014422193,4.565660141464074,1.987286570594203,1.2753488980619794,0.24939029494247922,21.484192722705835,113.86313317807497,127.53414030621845
601457,2992,0.08709348100984857,0.3084724691714498,4.683533858250667,1.991565718809703,2.0293331194526205,0.24363720541078165,17.674170579503475,114.10831031073404,202.93100520921521
601458,2992,0.061097308643253107,0.2449597678433325,4.855096454163132,1.9968865542567817,2.2971811463410754,0.23565581563590327,14.035160847927413,114.41317172533527,229.71439242086566
601459,2992,0.04640574624992718,0.18725054170270297,5.045587761226865,2.0136725171316865,2.3119256355444335,0.2286650074963942,10.728665751103296,115.3749365531306,231.18763149916228
602799,2999,0.1758582699950234,0.4227100156476169,5.010568557570059,1.8392535473507143,1.3772169189419354,0.21031837863615382,24.219499854517437,105.38146571766104,137.72091658974142
602865,2999,0.24044984109398002,0.27343538499724757,4.845015458861192,1.1900575066966455,0.6515576307740667,0.1407328272733178,15.666693529877074,68.18527251157948,65.15549481381835
602866,2999,0.18322040938637307,0.20727976697685505,4.925688402525201,1.130311619357328,0.6481949919121437,0.13147824202418765,11.876255826228968,64.7620853237725,64.81914895209978
604356,3006,0.172816960208571,0.3808052378270472,3.648697285741883,0.9987836227712603,1.2625225935643247,0.15683977483789607,21.818532943965373,57.22608623157972,126.25153611136807
604357,3006,0.10349062859714803,0.3340232189625363,3.7138967089501693,1.057142906220887,1.8492610505985325,0.16308969110420674,19.1381207059275,60.569826868651006,184.92433605837465
604358,3006,0.0931935054656806,0.24869470191485593,3.85527836727846,1.109900552952086,1.5289858672873764,0.16494948260592932,14.249156806985317,63.59261736339087,152.89696249563391
604359,3006,0.07012652094679375,0.23699715623816991,3.9714190112693495,1.166456900286617,1.9363480020639101,0.16828508150966703,13.578936809049706,66.83305737033545,193.6320666368934
604674,3008,0.16156971278456508,0.250553453285192,4.175646277218024,1.4142379752872385,0.8885114839747155,0.19405347492943611,14.355655415669734,81.02986721108559,88.85060397555624
604675,3008,0.10953689853724746,0.18344073959918145,4.235873350335051,1.4111932292066056,0.9595286474802646,0.19088251520480012,10.51038016979145,80.85541611097632,95.95199752912441
609498,3032,0.23686239137263182,0.22956588717958748,2.957462588699695,1.7074154567449122,0.5553079078546636,0.33078254172985,13.153156455566776,97.82769954688524,55.53055868762059
612512,3047,0.2199994986069319,0.4330002459376587,4.774299530328708,1.722614826056366,1.1276882742806638,0.20672887912872107,24.80908662035451,98.6985592596922,112.76831996949306
612513,3047,0.15454353009856892,0.36746472591501295,4.8899763962504394,1.722616132098722,1.3623460353912764,0.2018386713773282,21.05417791486181,98.69863409040707,136.23373083106466
612514,3047,0.10197011559200034,0.3033586976308029,5.011619980503037,1.7277762033985726,1.704535809083466,0.19752951058832902,17.38117305283029,98.99428439787509,170.4519260373165
612515,3047,0.06392470285813623,0.2245576123475003,5.079729246524551,1.693016169586428,2.012711965339552,0.19096033718748714,12.86620344504659,97.00268116470717,201.26807950159326
612516,3047,0.05974151783736478,0.20468233644433156,5.145668355063978,1.6402708041879532,1.9630288082123908,0.182640208561771,11.727434019136956,93.9805943384992,196.29962786406472
612517,3047,0.059039369871493795,0.20436883309740958,5.263923638802714,1.5888964674575359,1.98333241744445,0.17294525479918169,11.7094716004951,91.03706166856236,198.32991605543333
612518,3047,0.058991073427554025,0.2043474777976106,5.393691963443686,1.5351169292324522,1.984748770773991,0.16307145743056936,11.70824803194638,87.95572110410258,198.4715462887543
612519,3047,0.05898773042164053,0.20434603501505133,5.516923668229631,1.4867553431788365,1.9848472382406541,0.1544063527085212,11.708165366594981,85.18480633267166,198.4813926814017
612520,3047,0.058987498826395514,0.20434593738148826,5.636307024855815,1.4328485121083752,1.984854082762138,0.14565596217117666,11.708159772603878,82.09617242540953,198.48207710898453
612521,3047,0.0589874827809557,0.2043459307737543,5.707956712667021,1.371629014469152,1.9848545584884776,0.1376824622280085,11.708159394008609,78.58855358677094,198.482124679914
615930,3064,0.2196822671805187,0.27176818726077373,4.9646483610671135,1.711908009461566,0.7088041118204597,0.19756707127217327,15.57117013596336,98.08510385678953,70.88009176032591
615931,3064,0.1629121141311921,0.19731129782578996,5.032182788604248,1.702828816593482,0.6939388136982765,0.19388187657078781,11.30510461566658,97.56490442406304,69.39345967300525
618946,3079,0.18350303002770973,0.49062765322943797,5.1876582298812774,1.784715706312173,1.5319034408481746,0.1971152934020909,28.11089384245489,102.25667760239725,153.18951762645239
618947,3079,0.14048496697329563,0.4128244246315912,5.329128837588283,1.7638388619259522,1.6836744911025516,0.18963797915160321,23.65309721130672,101.06052252951541,168.3662626303653
618948,3079,0.12175606500265221,0.3998702239830689,5.444312549882588,1.7340701602740594,1.881702920095091,0.18249301536321147,22.910876187180758,99.35490156327783,188.16876200721245
618949,3079,0.12009504119884065,0.39906504474456717,5.551625771111967,1.6895229475799738,1.9038871782656588,0.17436790249116177,22.864742815063053,96.80253428683513,190.38714837574327
618950,3079,0.11998198622092647,0.39901231762544,5.657062265710491,1.6378426613984645,1.9054293555489115,0.16588375278725473,22.86172177367118,93.84147200460637,190.54136335276363
618951,3079,0.11997417084218943,0.39900876562352505,5.7571364697240845,1.5902248540848665,1.9055365161462543,0.1582612691860949,22.861518258952632,91.11317261587001,190.55207922165633
618952,3079,0.11997362946921432,0.39900852530351744,5.883415230720094,1.5404544331598893,1.9055439670559307,0.1500175220361916,22.861504489630462,88.26153755227922,190.5528242993804
618953,3079,0.11997359196256938,0.39900850903912793,5.997590627237282,1.4789558413911128,1.9055444851011611,0.14128661478130466,22.86150355774959,84.73792779793035,190.55287610298438
618954,3079,0.1199735893640395,0.3990085079383628,5.98803040718869,1.4266823181448238,1.9055445211167705,0.1365104547582046,22.86150349468039,81.74287553563899,190.55287970448157
618955,3079,0.05499735203400508,0.1808335571084899,5.9668352604627035,1.3621361378048906,1.883908470055013,0.13079739641013835,10.360999616654418,78.04465181847053,188.3874558686465
619147,3080,0.20806706184538423,0.5566362188058646,5.240167968969739,1.838930355284345,1.5328185175497857,0.20106788293645733,31.892906061696664,105.36294817628597,153.28112243096848
619148,3080,0.16538361367566623,0.4900715648547796,5.342159897774235,1.8247372468527256,1.69781213529439,0.195706876562859,28.079032325550674,104.54974296498264,169.78019721118753
619149,3080,0.14374644587781707,0.4243142192119595,5.466809043754827,1.8030394796057898,1.6912704942721197,0.188970478868145,24.31141394823411,103.30655247687602,169.1258846358801
619150,3080,0.12571366093616604,0.3560082741087084,5.573736091517174,1.7714611946680199,1.6225579466630133,0.182099130954644,20.39777157816553,101.49725002568027,162.2545169057321
619151,3080,0.09614659466751012,0.288448216847864,5.694439494206371,1.7381316013616965,1.7189234597112855,0.17488570196026676,16.526865433456972,99.58760499634046,171.89057605246236
619152,3080,0.08089566427902717,0.23790883473358307,5.799197866780826,1.7040359040974469,1.6850310304717622,0.16835787899988083,13.631172139109717,97.63406544354321,168.50104093406557
619153,3080,0.07734502533593308,0.22634188121386897,5.8849410537471085,1.6600892654962562,1.67669902331549,0.16162627203499155,12.968434520606106,95.11610852790828,167.6677562199345
619154,3080,0.07569880755774518,0.22113445858088068,6.023243294620536,1.6001963376755604,1.6737475683725034,0.1522178200418501,12.670071181594976,91.68449654110073,167.37256791478654
619155,3080,0.07550535458375843,0.22059308301234457,6.147891776987959,1.5322808436838633,1.6739277687171223,0.14280216440641513,12.639052646386359,87.79322537183039,167.39058210479473
621291,3091,0.12833703855794737,0.3196214614281964,3.7479972774515793,1.9099774572085941,1.426942647303466,0.29197899269983135,18.312960781639088,109.43364726318124,142.69316398637645
621292,3091,0.21225884906721842,0.3898899506762202,3.8125040756668356,1.9766461650381602,1.0524436410560791,0.29705799732303045,22.339048648311252,113.25348284740616,105.24387323594546
621357,3091,0.18635489763717153,0.2406256831053112,3.1488657399725564,1.821849827698919,0.7398160992480737,0.3314981149472442,13.78683608438673,104.38430603378428,73.98121690373986
623164,3100,0.2417447412642693,0.32668713690681683,4.91466644280915,1.7639251218084921,0.774279237422255,0.20564053700726476,18.717794165973118,101.06546485672625,77.42760665848246
623165,3100,0.14630510242451264,0.26137561085442984,5.019716122607835,1.750383889230783,1.0235950830043257,0.19979139602963197,14.97571936961262,100.28960938061846,102.35881567099648
623166,3100,0.07364785336577893,0.1915709093462077,5.148343529397083,1.7442420768700728,1.4903629353789483,0.194116240862769,10.976204583021,99.93770945378849,149.03429016752503
626179,3115,0.20321299763746428,0.2588799586278631,4.786125735567455,1.6800255893821787,0.7299104128393089,0.20111961294524003,14.83272902989792,96.2583757455775,72.99068569262462
626180,3115,0.11438472322753501,0.19273697211030907,4.924931880170181,1.66222657660653,0.9654273561214252,0.1933804762338397,11.043015058051365,95.23856743403338,96.54190004188462
628527,3127,0.13708844125723973,0.451089795489101,4.693962765427278,1.8419298570260376,1.8853186556500694,0.22483094139390694,25.84554146294493,105.5348069667271,188.5305040703127
631205,3140,0.17382353585154914,0.35084477862474955,3.617945823672511,1.8778902424508588,1.156455817359031,0.2973930241847076,20.101925079399827,107.59518528123311,115.64492308823085
631206,3140,0.10847187301965819,0.2846276276151415,3.629170057780993,1.8627048044898675,1.5034275557116843,0.29407584043386037,16.307961795168847,106.72512377601056,150.34138343706826
631207,3140,0.07808643484675942,0.21850831083169756,3.7135934823521066,1.8374397681207646,1.6033005502757964,0.28349237481062045,12.519603999189002,105.27754382281644,160.32802234774084
635511,3161,0.2133275595387008,0.4607000371406068,4.894476330555526,1.320930170335266,1.2373537938277774,0.15463089108142983,26.396167749677044,75.68372379170768,123.73480516043332
635512,3161,0.15561882194758414,0.3315251818915274,4.980621347036045,1.3881182038419637,1.2206102235164829,0.1596855268531296,18.994993724691465,79.53331454542501,122.06024584123581
636165,3165,0.18890390872035778,0.289783879682029,3.2712062213993747,1.7454431438019444,0.8789332370222448,0.3057175807503769,16.60339327670711,100.00652551989745,87.89286307687041
636233,3165,0.20360189772383858,0.40913114718695354,2.9840289955572112,1.4266686209320185,1.1513393102855238,0.273931957735412,23.44148800115812,81.74209074315415,115.13337120060794
636234,3165,0.16345826160090554,0.34262384903249343,3.0649639144861784,1.3784346448974114,1.2009732097265486,0.2576816218170537,19.630900510089347,78.97848748723601,120.09659359663102
636235,3165,0.07633829008590266,0.2577650407836052,3.140058907915351,1.3273200511580816,1.9346578226524416,0.24219238868592693,14.768848942918115,76.0498369944466,193.46327331966415
636236,3165,0.0715700670931709,0.23153422640147814,3.2465525502637154,1.2777254824728548,1.853558711186157,0.22549543296494406,13.265933985631175,73.20827752201141,185.3533072011018
636237,3165,0.07011481411181972,0.2306190819881566,3.346019414592215,1.2285364957327287,1.8845515538953463,0.21036923953857728,13.213500073102875,70.38995618327722,188.45249449760607
636238,3165,0.07001689813754022,0.23056214620347798,3.4681728976165966,1.1618334072998517,1.8867211141325348,0.19194011518108695,13.210237892937524,66.56815073558548,188.669443732628
636239,3165,0.07001012872602178,0.23055830999180815,3.5766933075906553,1.0998789654541339,1.886872149460482,0.17619185403960727,13.210018094199524,63.018422695737144,188.68454679391016
636240,3165,0.0700096598481849,0.23055805043231764,3.598097677253771,1.0342418098488162,1.8868826622353618,0.16469172282406014,13.210003222536185,59.257690700308984,188.6855980386631
636567,3167,0.21388856625305014,0.6074516855543188,3.50085917635532,1.910964995184052,1.6272219138619912,0.3127524507355925,34.80441784037047,109.49022902128387,162.7214382172985
636633,3167,0.19141476324374235,0.28726910384984294,4.319910919933688,0.9624899067814221,0.8598765370185151,0.1276568206543139,16.45930723510135,55.14660948251552,85.98720897475212
636634,3167,0.10225869459147989,0.21733966058421889,4.367347305977175,0.904769605583752,1.2177589499133064,0.11869786412914644,12.452645272281554,51.83947983166511,121.7747160504339
639939,3183,0.22638620382725966,0.6441397020418889,4.488935833107954,0.38023383051176163,1.6302444269850949,0.04853220112260064,36.906486343814606,21.78579371641661,163.02372978631504
639940,3183,0.18336653664760388,0.6146733047412614,4.571855385711164,0.3767684924984507,1.9206440206738322,0.04721768867387743,35.21818614103297,21.587244473667642,192.06336511306992
639941,3183,0.1651225266421991,0.5471124309489931,4.6494962982448165,0.37409037913334675,1.8984224594638897,0.04609918679316225,31.347233212519985,21.433799880789607,189.84110774502355
639942,3183,0.13039354495971883,0.43062498819148276,4.761356054010989,0.37567363543030297,1.8921943177225942,0.045206687958472824,24.672994376242876,21.52451378449271,189.21799515359172
641255,3190,0.20520248010592063,0.564687240184941,2.6194148884404536,1.5986965300566642,1.5766960523133455,0.3496909326926114,32.35419560748734,91.59856389445642,157.66884455754337
641256,3190,0.14463937548327954,0.4965020897250175,2.6113967893488943,1.547949124688376,1.9667861672405804,0.3396303149629635,28.44747426066922,88.69095174561397,196.67727054509587
641257,3190,0.13435404575022733,0.45014913454213445,2.682314417552221,1.4847547111663872,1.9196774832521069,0.31715214923416485,25.791645560730966,85.07017856199955,191.96633380393402
641258,3190,0.12060965047861096,0.3945214421223504,2.739593307924466,1.4194332098984908,1.8741793544004004,0.2968598722145552,22.604413561025456,81.32753222789063,187.416397070457
641259,3190,0.1004300573461051,0.34312635347550413,2.793887515753363,1.3609674810230818,1.9575504043135425,0.2791010446855663,19.659691893860433,77.97769271717355,195.7531107743821
641260,3190,0.0867549014051933,0.3002007304389615,2.9171554482116173,1.3035828128172118,1.9826237595428358,0.2560363836969036,17.200234860896998,74.68979342021863,198.2601135173886
641261,3190,0.08501036064645576,0.29468516511842147,3.0631136383456243,1.2431527042224828,1.9861360582251821,0.23253268216376188,16.884216246401333,71.22740324222342,198.61129286730525
641262,3190,0.08489591418854595,0.29439522111704275,3.1876099767776105,1.1816059091058375,1.9868567119153826,0.21238806478932815,16.867603678827198,67.70103163948326,198.68335427794534
641263,3190,0.08488795266000371,0.29437660962553885,3.3060031946633246,1.118196459094547,1.986917436865347,0.19379272737007242,16.866537318913583,64.06793777259054,198.68942648482485
641264,3190,0.08488740383580437,0.29437535086701494,3.4557248197605803,1.060162096240291,1.9869217867783233,0.1757744516901227,16.866465197362736,60.74281371431087,198.68986145606817
641265,3190,0.08488736599091858,0.2943752656767756,3.5324137811618077,0.9990337173584058,1.9869220975950503,0.16204334763701594,16.866460316321565,57.24041559590223,198.68989253634533
641458,3191,0.18320007985311107,0.20480601947038368,3.0075577796330184,1.7266738119867404,0.6405302827054195,0.32894171597838917,11.73452053452715,98.93112202260563,64.05268213449277
643666,3202,0.18209237597510472,0.3026471240350532,3.033309567039161,1.6893800982166374,0.9522859946132853,0.31910475064563504,17.340402888980886,96.79434962120982,95.2280817252332
643667,3202,0.12094573424409327,0.23636707956368638,3.04745897778187,1.6914647955401394,1.1197447383927743,0.3180150885310144,13.542836074832161,96.9137939794087,111.97355728101074
645411,3211,0.20196809121206066,0.5268742702086108,4.100443862865645,1.9539599823211424,1.4946752400911338,0.27302814962375827,30.18767201698872,111.95366032445841,149.4667913581524
645478,3211,0.16601378619424798,0.33441177767250446,5.831390329523556,1.5934951754795015,1.154144048226131,0.15656737572620374,19.16038348010172,91.30054822943394,115.41371656909428
645479,3211,0.11390733984868259,0.2673719268518024,5.868215802973635,1.5480415391966553,1.3448897713132093,0.15114687246302652,15.319282968888844,88.69624670690415,134.48780826091567
647019,3219,0.22590195029704668,0.3402263280316791,3.880278749633199,1.7857084978610107,0.8629200317613869,0.26367579935868724,19.49353267544871,102.31356036808191,86.29162500895215
647085,3219,0.24974674414848583,0.1968413909245182,3.5632384169437215,1.8066621364443587,0.45158468513085237,0.29050572266402297,11.278180933459637,103.51411542435022,45.15828950492651
647286,3220,0.17580525833230312,0.28302287033366363,3.797934706716717,1.6671812029336746,0.9223850985595116,0.251511554927994,16.21601597579728,95.52244661164318,92.2379904425604
647287,3220,0.09345934653390287,0.21754225747908773,3.8173988682161966,1.6734503990127032,1.333654936387083,0.2511700981394831,12.464253219299994,95.88164508791148,133.36408093435188
648024,3224,0.22639038162500624,0.37105958116208676,4.38827068301608,1.9757018993615856,0.9390923261308268,0.25795897365574066,21.2601479484796,113.19938040939937,93.90882195195408
648090,3224,0.18501798375460435,0.24252547801706195,3.4019898678632274,1.7857369548676014,0.7510451298699518,0.30075101486992306,13.895686314770476,102.31519083445713,75.1041111175959
648091,3224,0.10879653883579217,0.17721715846217387,3.4771355667444177,1.7523499250330032,0.9332828426854717,0.28874989979097165,10.153795237183685,100.40225493445729,93.32743503057344
650903,3238,0.2019633271001889,0.2841933234401843,3.924444092391287,1.7651218992209081,0.8062393022769903,0.25770283003865474,16.283077998918888,101.13403515147427,80.62353502082229
650904,3238,0.16209270125956451,0.21852306240402,3.980823884777482,1.7288821235968692,0.7724251821523821,0.24883705377590645,12.52044920202426,99.05764895771576,77.24204645049696
655662,3262,0.202756901117383,0.4295882719613065,4.083511682373187,2.034137298131052,1.2139460389318815,0.28540993858479846,24.613594911701064,116.54748213305376,121.39401116335027
655727,3262,0.17593204006027183,0.35397844319577043,6.0677419628929705,1.3537562579189943,1.1528013700051158,0.12783094669268047,20.281470833729,77.5645200681821,115.27948830294125
655728,3262,0.11272747390620276,0.3209681517047824,6.284317954417067,1.3821677671500012,1.6313785967316232,0.12601587011528892,18.39012045079877,79.19237963671578,163.1364269696449
655729,3262,0.09280532066845018,0.28670467340789907,6.471774519546182,1.3832625300841888,1.7700457112356076,0.1224627102977422,16.426967752949263,79.25510493241208,177.00268294908997
655730,3262,0.06275246821003427,0.25181093473747224,6.572312520564305,1.3701825634912344,2.2991448636357354,0.11944909449356804,14.42770379570137,78.50567805046369,229.9108592279268
662496,3296,0.2309679640259102,0.5846570182531078,2.9322411487899265,1.8927103621933687,1.4503473804055769,0.3698342316397677,33.498379608606214,108.44431559435743,145.03411637958575
662561,3296,0.2086804582409572,0.32335351430248294,4.385865826123033,1.7915517065211541,0.8878066939577225,0.23404352845836326,18.526791660255373,102.64835156312242,88.78024821382613
662562,3296,0.11601504773644965,0.25762238024740003,4.454664916038511,1.783855094792444,1.272306835361163,0.22943895869045405,14.760675096290486,102.20736819451645,127.22959783823951
662563,3296,0.0660928244510746,0.18796563915299133,4.523233233447441,1.7536540975208212,1.6294713196054011,0.22213530257216296,10.769637816945385,100.47697851376634,162.94469122327033
663163,3299,0.2353104605403251,0.23439132502118531,3.943018489294459,1.2518137166451986,0.5707197664156477,0.1819003454160543,13.42963367819305,71.72364270035541,57.07173652892111
663566,3301,0.2246866544963196,0.3200533412560152,5.942811344494194,1.6880387740813503,0.8161457073626331,0.16274704283883612,18.33770567302994,96.71749740929883,81.61421113294995
663567,3301,0.13410891173662767,0.254731645123512,6.118715249731105,1.6607689345456205,1.0882980777866693,0.1555147553966815,14.595048174001475,95.15505069590252,108.82900439651338
663568,3301,0.07825641824264606,0.18859371134815617,6.32113559973503,1.637700781553887,1.380796944814981,0.1484438061157929,10.805623702957847,93.8333428883141,138.07794769632926
666581,3316,0.18651584505580834,0.26660443891666535,4.824673217340168,1.6327496121072076,0.8189818042443457,0.1938984411322277,15.275309149378282,93.54966177536525,81.89774572268635
666582,3316,0.10942162404469707,0.19993934566289964,4.922734929685146,1.5849930100650562,1.0469301400134436,0.18447755393523682,11.45568066509145,90.81341003446413,104.69206679243975
667320,3320,0.21000118804900683,0.4169508739788207,3.2442174886982436,2.020361063765281,1.1375899549726622,0.35681381440288906,23.889525343277484,115.758162046312,113.75845921044662
667387,3320,0.16796461271559762,0.390018806830271,5.172260898973282,1.623898569188169,1.330424895481726,0.17988755016282537,22.346431562102655,93.0425343718152,133.04170538728087
667388,3320,0.10624700503527493,0.3246979960431443,5.212853336030309,1.6227373177426498,1.7509974076402095,0.1783591315413401,18.603824789627673,92.97599956503348,175.09810921580222
667406,3320,0.11985502956552521,0.18183671610607152,4.097523883371849,1.7963889819231667,0.8692564310323054,0.25118952251747056,10.41847639339642,102.92550702800018,86.92492510525426
667407,3320,0.1659114278615033,0.2440799026751187,3.838352892406471,1.819772730507518,0.842904411383749,0.2716407265879825,13.984748287248193,104.26529713107853,84.2899381770368
668591,3326,0.15365740690416937,0.2934777112844515,3.3081899838173694,1.6279058298961822,1.094319726085523,0.28194309780305227,16.815034237757963,93.27213349779295,109.43126755339088
668592,3326,0.08309681418913725,0.22767562844808872,3.3351889794529654,1.5904625165927588,1.5698376845753659,0.27322826371367726,13.044852608064145,91.12678967452075,156.98189820460283
671001,3338,0.2275329468571001,0.2641142494762901,4.672773687581313,1.9165210588261758,0.6650742825691243,0.2349965462173397,15.132631804256736,109.80856801868364,66.50713888315136
671002,3338,0.12755426304135897,0.1985930192302571,4.806384679027045,1.8546685382399155,0.892054932488595,0.22109066691945548,11.378541842654128,106.26467963684489,89.20480089453235
671205,3339,0.2167628548276836,0.220281937904862,4.548470742344452,1.925469822312483,0.5822595745329696,0.2425459025793364,12.621225344911466,110.32129439830983,58.225691524745706
671340,3340,0.1337413790441468,0.27874150322396857,3.6603703359333615,1.8436082213557028,1.1941487840083556,0.28858000742099027,15.970711709865629,105.63097015930222,119.41399445716368
671405,3340,0.19960633458390067,0.3109703055665374,5.0461672908421615,1.6064466177772703,0.892621229049511,0.18240102978024966,17.817286062856162,92.04261121170332,89.26168018824502
671406,3340,0.1071002517515011,0.2439265559507435,5.2006185706832815,1.5836983467420565,1.304941924378019,0.1744777662165029,13.975962167139338,90.73923129016586,130.49298620306232
671407,3340,0.05469693439537462,0.17772778474024467,5.3073450840390635,1.5533870838921602,1.861722273591344,0.16769688475150818,10.183051967825616,89.00252385715513,186.16885775282068
672409,3345,0.21460259849797086,0.20162839265232171,5.638223211784282,1.8168084791213,0.5383185232389123,0.18462457753542116,11.552455928984612,104.09545803723243,53.83160398912809
673214,3349,0.19866913783833268,0.2170398925045501,5.307479685459563,1.9280986554326613,0.6259386503536609,0.2081438305560484,12.435469826483791,110.47191544114025,62.593553121723424
675625,3361,0.21106854703538422,0.34317902523065513,4.070749911552101,1.6759535678595348,0.9315792953392774,0.23589035914451606,19.66270976313013,96.02506609824356,93.15749258624137
675626,3361,0.1454506251016489,0.2742997288712502,4.159490917939989,1.6674529737921326,1.080518952352601,0.22968680444302159,15.716216785905413,95.53801793482747,108.05115979228235
675627,3361,0.11650162745219242,0.20808471571284565,4.2967116078568,1.6528034863277985,1.023365529640567,0.22039799864047435,11.922375991525621,94.69866413109132,102.33568334257562
676431,3365,0.18990826048018145,0.2202667656695603,4.347672028990671,1.753263684830975,0.6645501013701212,0.2310537883572532,12.620356039862898,100.4546095143698,66.4546637059857
677235,3369,0.15040929155527524,0.27744482423604233,4.560406129000248,1.6955384870991002,1.0568772883126676,0.21302313072947543,15.89641747647416,97.14719931277521,105.68703319501434
677236,3369,0.09007206632887994,0.2093706078979215,4.626676748300458,1.6478331655158076,1.331828095406413,0.20406414940563034,11.996052186639323,94.4138857257382,133.18134571813786
680451,3385,0.2122690107505878,0.3546009537178471,3.9270185524385295,1.7044269001950156,0.9571409896509929,0.2486783963890892,20.317138059346476,97.65646786973998,95.71365256686508
680452,3385,0.12693854741237157,0.28574023736871196,4.006628875790197,1.685492312289182,1.289734968793487,0.24102955039937568,16.371709638293527,96.57159589591627,128.9724910166013
680453,3385,0.07608672850791261,0.21574736393846852,4.067678809356963,1.6689318092976606,1.624647558452213,0.235079398385256,12.36141339474722,95.62274896788831,162.46264196810287
680651,3386,0.18780637163323888,0.2285393003103929,5.06557994130786,1.7226875736554157,0.69722536831735,0.1948498066141545,13.094337360658379,98.70272739008746,69.72216929924221
682484,3395,0.2303022198672495,0.192597603720156,2.837476748778798,0.6831874194587,0.47915427670235144,0.13795269205399294,11.035029837498062,39.14375575141736,47.915221697112315
689180,3428,0.24139046113922638,0.31078852078502656,4.870577140531744,1.3517535898428612,0.7376791005070554,0.15901560173664125,17.806870562095884,77.44977563965409,73.7676075121211
689181,3428,0.1395869168614728,0.241144538671244,4.97109141688534,1.3277050504183134,0.989817931316965,0.15302855911229282,13.81656431849155,76.07189582717353,98.98109112268739
689182,3428,0.07932542786798366,0.175457861291605,5.057286064247493,1.278900114466603,1.267310361542706,0.14489110938545707,10.052994934400783,73.27557897773423,126.72945454106595
690299,3434,0.16500130010176253,0.23388083277680466,3.974799040262036,1.9037607128528373,0.812138074470521,0.27442256242386326,13.400384627115876,109.0774540492846,81.21332017100006
692711,3446,0.16328276522316365,0.24150512902536111,3.999832925432014,1.6853320574363413,0.8474393336960265,0.24141611794286724,13.837224623915588,96.562413969202,84.74341956166884
696329,3464,0.21848261849419817,0.37249033445382784,4.654839762553424,1.84363649615806,0.9768339121838949,0.22693066861074543,21.342124073620813,105.63259018614386,97.68294859226506
696330,3464,0.1660868750355561,0.3025951543855053,4.7335914548814975,1.8298392113199795,1.043876838540707,0.22148523964098926,17.33742524739902,104.84206399618199,104.3870616304015
696331,3464,0.11576954171031179,0.24109567689627173,4.781762892583577,1.830246264514856,1.193212251488377,0.2193027729786167,13.813764745006122,104.86538642628574,119.3202047855298
696332,3464,0.07571637072955971,0.17479180389157134,4.855974247768795,1.8289389633604807,1.3226771485863693,0.21579703273743506,10.014832656465396,104.79048358758745,132.26598546633966
697335,3469,0.17860150454839172,0.2978726560349075,4.436795349631282,1.6702782316979574,0.955582379371595,0.21569598219382446,17.06684602315227,95.6998932888672,95.55770825446666
697336,3469,0.09584524151908505,0.2316756007876057,4.47936882096102,1.628361181217549,1.3849443692726255,0.20828430684661087,13.274034141287538,93.29822320670297,138.49300641219605
702045,3492,0.2241021895119397,0.19184594095642846,5.5291756967284975,0.8067804956284128,0.4904888375686695,0.08360218565079984,10.991962733519335,46.22511739298082,49.04866707813505
702046,3492,0.12789346576246372,0.17556966608282176,5.72200612054953,0.8377494499207865,0.7865452727041486,0.08388580276697048,10.059400877066844,47.999507769867385,78.65391842482069
702158,3493,0.17581662431709094,0.318358464578452,4.511628547438577,1.9455103661996263,1.037478419687691,0.247071609648369,18.240596392610417,111.46953298218983,103.74725778180861
702159,3493,0.10993408534998925,0.2537969188509983,4.644744287857702,1.880978177295714,1.322746347008337,0.2320302346136955,14.541492303586447,107.7721109152547,132.27344352616967
702160,3493,0.06331972179941747,0.1830089373184031,4.785439015069616,1.8196003793241005,1.6559829651102838,0.21785968139915432,10.485639721518726,104.25542213567462,165.59570743262105
706579,3515,0.23539348071321262,0.5094992587276852,5.540367659343252,1.8480555552817313,1.2401429241603825,0.19111688960509107,29.192157190140335,105.885783623349,124.01377084837397
706580,3515,0.15519176286432523,0.44275067749964697,5.5942837050564975,1.840084552709977,1.6346063150825059,0.1884585841324903,25.36774519728759,105.42907881749954,163.45958876616515
706581,3515,0.11870599097442357,0.38339994603109234,5.679760342469689,1.8227100502456963,1.8505550345224915,0.18386971751325126,21.96719877312513,104.43359315515661,185.05396011476822
706582,3515,0.10142019190470321,0.3201248637016639,5.78395706898609,1.7944432713297074,1.8084960651666275,0.17775724234949555,18.341803607306066,102.81402602284108,180.84784119417847
706583,3515,0.08222325578986273,0.2544920234867878,5.867486984327373,1.7579955072266076,1.7733811379862376,0.17166756920709944,14.581318865537161,100.72572296704503,177.33597860468402
706584,3515,0.06286202301529291,0.2055933737317401,5.920049840901379,1.7190488970948286,1.8738866762102324,0.1663740155248119,11.779632610684512,98.49424658015263,187.3857165255772
706585,3515,0.06123342604210237,0.20411855402879023,6.000353298041217,1.668667187308393,1.9099257565950578,0.1593365962577752,11.695131666162746,95.60758724473692,190.9894878106906
706586,3515,0.06118117152944413,0.20386930611955256,6.069154871337482,1.6177803155859163,1.9092228232449922,0.15272634505908098,11.680850812910968,92.6919842624154,190.91919297584133
706587,3515,0.06117759369177344,0.20385233632122188,6.145838255385608,1.5789324107721154,1.9091755495905485,0.1471990627920999,11.679878515087433,90.46616327365865,190.91446550622496
706588,3515,0.06117735092980442,0.20385118771070254,6.222962767332044,1.5293603739843107,1.90917236818272,0.14081057194016805,11.67981270455237,87.62589478385019,190.91414735833104
706589,3515,0.06117733445839347,0.2038511099729614,6.268564061667812,1.4672928762313822,1.9091721541544346,0.13411315279944505,11.679808250507893,84.06968911766967,190.91412595501708
706590,3515,0.0611773333406913,0.2038511047117036,6.214178950159933,1.4078775174981,1.9091721397603343,0.12980868484984984,11.679807949060026,80.66543982399683,190.9141245155739
707786,3521,0.18954878081040713,0.28343444707186544,3.4331852208887055,1.8261338655311903,0.8567502602580764,0.30476002978075145,16.239597585842002,104.6297633208478,85.67457855351091
707787,3521,0.1024790587801324,0.22143396571385385,3.442325825601972,1.821384643647146,1.2380315148519452,0.30316029898044644,12.6872316762484,104.3576529509209,123.80195549524848
708591,3525,0.21166037781568617,0.27940850145310625,4.08952672121652,1.719283800906294,0.7563497383024022,0.24087800875637722,16.00892789333792,98.50770557714115,75.63462006412159
708592,3525,0.11319684826588043,0.20907404346648006,4.124742226969536,1.670271373555237,1.0582502447397637,0.23201328676611999,11.97906029636403,95.69950034623402,105.82409895484474
709081,3527,0.2304382481370717,0.786265618037449,5.305820206537276,1.1840612115239706,1.9549575601718943,0.127862813545812,45.04970148979108,67.84171010547055,195.4949161394341
709082,3527,0.21516559890195458,0.7340000466773602,5.39871391239956,1.2156397137844843,1.954545851989831,0.12901410596949098,42.05510483701816,69.65102500834232,195.45368589565103
709083,3527,0.20937197032825078,0.7271102980335766,5.4979369795306905,1.2367121980700437,1.9897768198260724,0.128881777940873,41.660351317823384,70.85838942176062,198.97674113573072
709084,3527,0.19270820137865508,0.6679336390170649,5.600961872961282,1.2553413414318761,1.9858924659570238,0.1284168009268971,38.26977851049247,71.92576071233778,198.58822638829804
709085,3527,0.14934209822294936,0.5143898823467559,5.701312350204786,1.2546270801117991,1.9734801947955276,0.1260847187657788,29.472369282700082,71.88483655322791,197.34671125345048
714017,3552,0.19455259762670313,0.25606114176600353,4.906855896813968,1.7994827257948836,0.754100543779058,0.2101198149135968,14.671222720493054,103.10276549474402,75.40967064841045
714018,3552,0.10897029201188321,0.18690563191909418,4.977515012052567,1.746447359283918,0.9827360004032968,0.20103216642322264,10.708903876189742,100.06406282873624,98.2727072284501
714217,3553,0.23399658018620104,0.3450475348104328,4.81688888190335,1.8088843393694716,0.8448741693329594,0.2151626093086566,19.769767476031156,103.64143827318082,84.48705948283558
714218,3553,0.14530688283008128,0.2795722408927241,4.977081384673227,1.7693752205484548,1.1023778129299977,0.2036891191310559,16.018309472167857,101.37773251245567,110.23703022979966
714219,3553,0.07533438441708004,0.20987009740236684,5.116509628156613,1.734414944388841,1.5961727601581215,0.19422352983918328,12.024670827155122,99.37465623789798,159.61517844765768
715023,3557,0.18809741976762642,0.32831984666759284,4.543344023743744,2.0457546722955384,1.0000849861518433,0.25798862637553516,18.811341544435397,117.21310864170316,100.00797225024328
715024,3557,0.10974298084979885,0.264343413169983,4.563963900077625,2.018893151329065,1.380112005280812,0.2534508579342702,15.145761916722968,115.67405685902206,138.0099555296087
715025,3557,0.06244231065881499,0.19559667342310266,4.6230796236206375,1.9810573907277353,1.7947545439857682,0.24552081395362926,11.20686387394246,113.5062274618985,179.4726089264521
715041,3557,0.05788505100655354,0.20060286698283733,3.7868001690195925,1.2850187466785807,1.985606896922775,0.1944284020788635,11.49369763634083,73.62615077987336,198.55729379500383
715042,3557,0.13960677723040693,0.267456118479086,3.61060700750536,1.3008526773308464,1.097662019004251,0.20642891297222257,15.324106793802535,74.533368179351,109.76542351585343
715107,3557,0.17504289618278554,0.2573883600636497,4.63983214328375,1.1119667620049678,0.8424943946052367,0.1373131620216531,14.747266727440715,63.71100242171272,84.24896296892993
715108,3557,0.09277106475323241,0.18816475790191342,4.717028056651776,1.0662465805124217,1.1621129225416142,0.12951254077862928,10.781046480880546,61.091428983617696,116.21005212676273
715713,3560,0.20907830162754,0.49395299216984095,4.767486096297997,1.2632661235646334,1.3536278109805913,0.15181967113965883,28.301421729190487,72.37981728210545,135.3621401491357
715714,3560,0.15747396628956276,0.4859632923561057,4.93340619126235,1.3478145352352207,1.7681426675280092,0.15653299421321681,27.843645650286994,77.22408443536473,176.81315517215918
715715,3560,0.12516986611171366,0.4292037808770377,5.0578030635934494,1.4000389096732695,1.9646552316920223,0.1585991378295874,24.59156519531205,80.21632067837582,196.46396928630614
715716,3560,0.10355696942323206,0.36105343938424367,5.133535582654839,1.4246877725863913,1.9976285877220903,0.1590104812166687,20.68683825539966,81.62859649309425,199.76094906664713
715962,3562,0.22153784508487395,0.5196977399289754,3.10720572207528,1.90481166607217,1.3440812230040786,0.3512405635282019,29.776487120417773,109.13766923321803,134.4075216651512
716026,3562,0.20378574252375206,0.35141449378925443,2.6895108308015825,1.7546116291094123,0.9880262532830304,0.373792287829487,20.13456735385056,100.53184103254306,98.80214534320753
716027,3562,0.1536567122125875,0.2856779436822781,2.746956237004513,1.705127945065526,1.0652407676850524,0.35565413496703946,16.368140472970556,97.69663478206952,106.52339044541425
716028,3562,0.11012407835966462,0.2170200840049362,2.7497185169454412,1.659388944118565,1.1291203467171473,0.34576623802393375,12.434334883057428,95.07598306866379,112.91101961759635
716429,3564,0.1339183945411746,0.21223908022710714,5.633006673541667,1.7704382550231048,0.9080457302650197,0.1800790334542121,12.16040354475172,101.43863990133002,90.80390175310198
719846,3581,0.17089570892233327,0.28020769993029626,3.3958205086049333,1.6070439933979621,0.9394453351034823,0.27114754095242893,16.05471859307419,92.07683831355295,93.9439892922134
719847,3581,0.11489869342852382,0.214605294087541,3.4466911983649315,1.5746195489125325,1.0701580823345862,0.2617555476757677,12.29597761237994,90.21905449148161,107.01488616267679
720249,3583,0.1594657140990124,0.27032183916677016,4.4878595421800735,1.6827452471314825,0.9712620427982046,0.21483337331601074,15.488300494470165,96.41420065633265,97.1256013016831
720250,3583,0.09634296147745436,0.20433472337189226,4.52745182324953,1.6401236047596908,1.2151916302397145,0.20756081763782236,11.707517257182609,93.97216043251302,121.51791433158276
720786,3586,0.15817129038995933,0.3221754500874376,4.1495212415822085,1.7614164092266256,1.1670444326643263,0.24321293974646488,18.459293552737883,100.92172621377392,116.70371281359193
720851,3586,0.16622755298596073,0.28467721809741076,5.189907110563694,1.6633359564925154,0.9812333663271281,0.18362974135272378,16.310803120506897,95.30213021937705,98.12275224392087
720852,3586,0.10534468030246184,0.2168190501262114,5.343780952755057,1.6312108849596383,1.1792541659764164,0.17489769856847207,12.422816490267351,93.46149920398733,117.92430837790167
721052,3587,0.2265731698481469,0.2956003749776381,4.339933864523919,1.7483066425853395,0.7475136254014899,0.23081133217914596,16.93665390870321,100.17059191482683,74.75103591929471
721053,3587,0.1520394726409059,0.22789592213066712,4.34623166687182,1.7211522067579454,0.8588212929643446,0.22689714833111665,13.057474506329282,98.61475734685833,85.8815700814667
722861,3596,0.23938275128098124,0.34424993977737844,5.495034159413388,1.7158551087195169,0.8239552648373433,0.17890927145241825,19.724068646876542,98.31125598558934,82.39518572722608
722862,3596,0.15795574501922147,0.27383725983984186,5.665163377222038,1.6688991823653812,0.9932983613253565,0.1687875054019559,15.689719262250213,95.62087958237025,99.32921357895137
722863,3596,0.09632288943610595,0.20349625218081097,5.82384494142326,1.6141379895644996,1.2104573746167646,0.15880109296380915,11.659476396690343,92.48329435377755,121.04449337486902
728690,3625,0.15876893111465848,0.24230083300904076,6.130698061695231,2.0060353581156627,0.8744037093436555,0.18747842126607978,13.882815103922178,114.93735957404215,87.43982570538789
728691,3625,0.0871127730743036,0.17617896338491706,6.322471202341094,1.9551542306587248,1.1587634655565515,0.1771808553200398,10.094311040945612,112.0220857138924,115.87502968486604
730233,3633,0.24434784625815595,0.38754318980018077,3.290491694349363,1.8145229522702855,0.9087286254366971,0.3159543203141508,22.204589154587772,103.96450699470547,90.87249436458765
731037,3637,0.1690873457487796,0.40551852912114145,4.240311151259709,2.123101575323974,1.374112223241274,0.2868769651977663,23.234500232994375,121.64475974364015,137.41041779138743
731103,3637,0.19093323680115226,0.3902364282043154,4.5991352662565825,1.6147073385278405,1.1710323227076815,0.2011593703800543,22.358900348367236,92.51591564644713,117.10262508683986
731104,3637,0.12992338675779294,0.3298421566225669,4.723261436104094,1.5801964721280108,1.4545927794050384,0.19168659132573815,18.898563479966157,90.53858865439705,145.45816956748197
731105,3637,0.09273463726358196,0.2630152194710207,4.823984697202157,1.521941199611745,1.6250303924231997,0.18076509918168002,15.069662023396559,87.20080740483054,162.50130443989022
731106,3637,0.07079623024721403,0.19836220615898556,4.912607437946703,1.4700940623703356,1.6053560454802633,0.17145718674564053,11.365317227813817,84.23018526106225,160.53335968268416
731504,3639,0.22082156751912196,0.2816792150395328,4.877403075879162,0.39996882556468716,0.7308629156462583,0.04698509686026914,16.139030198323173,22.9165256416608,73.0859639014279
731505,3639,0.16228429402941488,0.265791264774361,4.942324177982966,0.4135336868942905,0.9383974497160728,0.047940471009849,15.228717703015072,23.69373494552729,93.83917251463835
731506,3639,0.11094131718195675,0.25709602884830524,4.996183072556135,0.4255268074855203,1.3277754788728802,0.048799032652987795,14.73051738258155,24.3808901385962,132.77636303938013
731507,3639,0.07807565652399444,0.2504549484071639,5.042052160502314,0.4374642144467473,1.8379620873921307,0.04971161013057807,14.350011501897272,25.064853175804597,183.79387823154596
732595,3644,0.19704826471151762,0.3495081867194958,5.013514773270099,0.8133147330641917,1.0162658888343437,0.09294776944886654,20.025344004297438,46.59950162038733,101.62607829881918
732596,3644,0.142837009327731,0.254583479162358,5.076143638450226,0.8442212780193232,1.0212029737397326,0.0952894944578951,14.586558889759853,48.37031620564772,102.119589585515
733334,3648,0.15467809821335962,0.23177755003451134,4.332581957608003,2.0741253018021344,0.8585491221900514,0.2742905428288311,13.279875402859767,118.83862597456041,85.854362717721
733335,3648,0.24165744056420804,0.29984349163851354,4.080961117927608,2.054734860576466,0.710914004316551,0.28848016885967626,17.179766585353015,117.72763552943314,71.0911091921426
735526,3659,0.21613395844682676,0.31643376246389543,4.155267550316933,1.4787944147655483,0.8388463514048157,0.20390667388725744,18.130319084626418,84.72867873358446,83.88425090930774
735527,3659,0.15050299494716007,0.25085566660233694,4.193612090377913,1.4243552078416073,0.9549956140942818,0.19460441257656838,14.372970963254787,81.60954193680328,95.4989332230081
735528,3659,0.11164129051547654,0.18340087359223714,4.281485786334146,1.3613521560861201,0.9412373348688098,0.18217912352191798,10.508096015847501,77.99973297476957,94.12289883456667
735660,3660,0.2035906060237926,0.34591721360713246,3.2307498170568647,1.6638901207196821,0.973502452504876,0.29508283399831586,19.81959640061406,95.33388149075084,97.34977186779427
736327,3663,0.1845338929591562,0.3124519523792036,2.7697731551206815,1.721156346978785,0.9701294930023413,0.3560399667593066,17.902178171950947,98.61499456403868,97.01242884137528
736328,3663,0.11815562461461401,0.24418765510850093,2.7666991215845496,1.693752750344605,1.1841095934651942,0.3507605255141766,13.99092204691326,97.04488413342126,118.40996721552264
736329,3663,0.06590690903595843,0.17547695742166527,2.7690248432787725,1.6620799374120834,1.525498264692485,0.34391228202346896,10.054089062058269,95.2301656270804,152.54753502455827
738539,3674,0.21498605744145874,0.3038671239238748,4.873670735919429,1.7325099473308319,0.8098340483556062,0.20367709088596328,17.410303733616793,99.26550794648921,80.9830319127822
738540,3674,0.14221038267388236,0.23480484958038322,5.020921259038674,1.7160223819222584,0.9460157332531484,0.19582230982274887,13.453326890160097,98.32084003413206,94.60091475948254
740952,3686,0.17729880298806014,0.20268983408452446,4.305227089040572,1.6011597388163135,0.6550112686897812,0.2130890966957082,11.613272043250152,91.73969536044397,65.50076112623894
741087,3687,0.14694693094147887,0.2440384819564657,3.4082357641056316,1.7164436358686483,0.9515254257966086,0.2885509765919012,13.982375054884978,98.34497610736344,95.15190152934765
741088,3687,0.23278786192465203,0.31117010854141064,3.445450563352403,1.772116414802042,0.7658789859903569,0.29469234636333497,17.828733930050557,101.53479137401173,76.58757288749182
742158,3692,0.21588687029997264,0.19625935237721115,4.162913404684676,1.635598252503085,0.5208668801717101,0.22511368244371202,11.244832581185019,93.7128768473995,52.08644916252363
743901,3701,0.18094288565706718,0.2801130087048751,2.994825782310062,1.7731624453888948,0.8869811178394164,0.3392341710584601,16.049293185500634,101.59472451187999,88.69762648912028
743965,3701,0.24069399700320324,0.31745858785160314,4.274725674534212,1.9001214489614124,0.7556913227938351,0.25468052834747995,18.189037254079928,108.86893958777159,75.56882145679938
743966,3701,0.1529708553587885,0.2514492770816427,4.333129802188945,1.8922312831927215,0.9418121747956784,0.2502045198013549,14.406982338393746,108.416866389567,94.18060795956765
743967,3701,0.08973406493819351,0.18283369611906747,4.419210195059472,1.869084599677484,1.1674048178036387,0.24232986019043118,10.475599140399984,107.09065911441887,116.7391938437357
744366,3703,0.2421410202337626,0.3356003639980054,4.236363782361045,1.8840945199589223,0.7941026946807296,0.2548191550310866,19.22848446013989,107.9506641973731,79.40994479841547
744367,3703,0.15796813298351195,0.26590451694939676,4.348447447631212,1.8490704971635155,0.9644480391375801,0.2436362323378251,15.235206574665298,105.9439355096263,96.44419948962735
744368,3703,0.09517535021321298,0.19564991835852105,4.464401444124784,1.8226368906479684,1.1778168802208677,0.23391579474218369,11.20991458402238,104.42940141897593,117.78046288715692
746463,3713,0.2022750809473199,0.25020517581755913,2.5756569765599813,1.7631788454724648,0.7087229831184909,0.392221118337835,14.335700586674864,101.0227063723214,70.87195144149744
746464,3713,0.1267724678564255,0.18217743160931524,2.5928716501121425,1.7090813703942538,0.8233646711211542,0.3776629243723947,10.43799795374696,97.92314936802575,82.33582412976415
748992,3726,0.19177122586442305,0.253180799559778,6.059952121203463,1.7228075874439326,0.756432068820707,0.16288842145366886,14.506191268522931,98.70960367365285,75.64281638352757
748993,3726,0.0994074081243468,0.18487268113534042,6.235766866510866,1.6675607742527165,1.065556733711058,0.15321963815893785,10.592424376322839,95.5441944462485,106.55461219209057
750598,3734,0.24311804726364206,0.3077244813580243,3.395132475880763,1.8678156054533965,0.7252161453210045,0.3152099411325024,17.631314034666975,107.01795110115218,72.52131921834699
750599,3734,0.15299912767185828,0.24090146032770093,3.385443816627836,1.8573399146856961,0.9021382189041105,0.31433910495179906,13.802636955315501,106.41773823267877,90.21323815440356
751693,3739,0.1990441945008706,0.24229770679403076,4.3920947098578,1.0557628197404032,0.6974649686389404,0.13772643259368206,13.882635984996256,60.49075373795622,69.74614996261833
751694,3739,0.12601344002172493,0.23563388795136708,4.483729658508197,1.1081056565275533,1.071379863621249,0.14160036859386754,13.500827289871873,63.489777373602024,107.13714466012249
751695,3739,0.07308925276918936,0.22727534644537264,4.523746860391928,1.1499724564100178,1.7816458458222173,0.14565043137101433,13.021918138693469,65.88856830858604,178.1621713611416
751696,3739,0.061305244360498605,0.22145370720422583,4.591119643755443,1.1696624930563688,2.069702330197593,0.1459703282881368,12.688362780328013,67.0167243068799,206.96689077407413
751697,3739,0.057586561083865666,0.21325329129646273,4.678314307442617,1.171096332382441,2.121764385097166,0.14342532950082557,12.218513558561247,67.09887724876371,212.17279093947448
752208,3742,0.21257819597543182,0.22012864625294126,5.857006947708697,1.7197510356569747,0.5933083460907309,0.168233496848951,12.612442380221818,98.534476156397,59.33055830016152
755559,3759,0.22897329332639713,0.42312560867686666,4.726883655676398,2.0674140589350034,1.05878332665403,0.2505966054191779,24.243311581088506,118.45410008298654,105.87787488672483
755625,3759,0.16113114908457105,0.24160195888229813,5.66340855251629,1.7849381931596917,0.8590996703985376,0.1805792819480399,13.842772566048934,102.26942515975725,85.90943920684309
755626,3759,0.12651116709886942,0.18152507400929746,5.775390583625932,1.7511654867106023,0.8221108091030167,0.17372745616240265,10.400620616532658,100.33439161749017,82.21043758111075
755710,3759,0.21065734845623443,0.240560912323678,4.426916779978349,1.1498492843821557,0.6542911718332841,0.14882030586248654,13.783124991963382,65.8815110712355,65.42880969574729
756162,3762,0.18881468962149164,0.37205887789479136,3.5316386267747886,1.8179520881920381,1.1290118553523016,0.29493669291579033,21.317403433744783,104.16098201039861,112.90059357079171
756228,3762,0.24476114059871307,0.28898449904358897,3.9793202940706007,1.8876723169050966,0.6764795842558472,0.2717942980154351,16.557592139900024,108.15565686234368,67.64768480696594
756229,3762,0.15831832678151242,0.21912156687307474,4.0053197907526465,1.8773805828301824,0.7930061190225244,0.2685577913548057,12.554740982120814,107.56598393598011,79.30011602087535
758172,3772,0.2314160492422931,0.6631567107724732,3.1248654225709305,2.0822570572997403,1.6418947244823034,0.3817909725042135,37.996080683040525,119.30454124460555,164.18877004718317
758237,3772,0.24708152475933393,0.4230435930201085,3.530830347790417,1.6228311025446778,0.9809965141147243,0.26334137756921183,24.23861243010227,92.98137303837214,98.0992583498628
758238,3772,0.1856244069346783,0.35483581862919394,3.6102199998916285,1.6019190261146132,1.0952543400945334,0.254231595488912,20.330594827522365,91.78319931807444,109.52484987508588
758239,3772,0.1406688741490541,0.28960501269046557,3.675506132907597,1.5908433614306072,1.1795888659651317,0.24798927530637593,16.593144952996322,91.1486104763788,117.95805643086159
758240,3772,0.09294555790374028,0.2177172524786527,3.7595519594628226,1.585305923068514,1.3421059202231178,0.2416014976430697,12.474279694210962,90.83133862891702,134.20916250744756
758260,3772,0.13705978198861596,0.19567293876680458,3.1912125471594006,1.755051798389534,0.8179812178024383,0.3151061205527293,11.211233556259694,100.55706087456535,81.79753094645908
759042,3776,0.1541039590192843,0.27144324529592506,2.5615778922727466,1.7473145694005372,1.0092246443597195,0.3908284429669079,15.552552332790842,100.11375030836956,100.92181609058171
759043,3776,0.07875478732177077,0.20367487851596447,2.599793388289856,1.705757745071883,1.4817777873423061,0.37592494745413113,11.669710931804527,97.7327196643711,148.1759160647566
759847,3780,0.1921152515193783,0.22512898714660604,4.883315923219273,1.7296297255034143,0.6714167686388824,0.2029368665614592,12.898940809555484,99.10048339171672,67.14133087410566
760785,3785,0.08046326484833348,0.2298189584031582,3.9729425944255707,1.8491999189337078,1.6364802940737273,0.2666823092606807,13.16765636859359,105.95135083083542,163.64601594774044
760786,3785,0.20135043402129407,0.29890678993756303,4.075912291735127,1.9112205410603331,0.8505616967705634,0.2686634613675329,17.126097531225824,109.50487072146674,85.05575147487968
763599,3799,0.18039151847253937,0.40664252139612034,4.523195803544296,1.7225977556605847,1.2915739693453905,0.2182032024846646,23.29890024655597,98.69758119805932,129.15668811455
763667,3799,0.24850453857849358,0.43722790262741035,3.907959100527669,1.2456685231085287,1.0080826950334363,0.18263125848513873,25.05131350590753,71.37154904641315,100.80786790188485
763668,3799,0.1971835850569994,0.37500452260839084,3.968907066684673,1.1918952902459252,1.0896533475600798,0.1720639169251012,21.48617644377906,68.29056975261179,108.96478767631928
763669,3799,0.0938609659932373,0.28580626891254957,4.030466354392771,1.1313628349500644,1.7446540262110648,0.1608308063634238,16.375492967070155,64.82231554059464,174.46356246416147
763670,3799,0.08150770393841505,0.2632527326106398,4.090132922764635,1.0733836605798084,1.8505328876322227,0.1503627255164934,15.083270523875635,61.5003535495259,185.0510411166885
763671,3799,0.07903965114369464,0.2631768317877062,4.203881477027805,1.01176641358933,1.90776649455093,0.13789624072571505,15.078921727059969,57.969945351756316,190.77425993931564
763672,3799,0.07887729263146355,0.2631719624402503,4.297124720919839,0.9456018598901341,1.9116580094597466,0.12608197123435183,15.078642734001765,54.17899567142569,191.16340162752311
763673,3799,0.07886607928613705,0.2631716351066772,4.38266748099693,0.8899909060677138,1.9119274349286173,0.11635088180304712,15.078623979169532,50.99272272270409,191.19034349507086
763674,3799,0.06351109325855187,0.21358399261435118,4.352298753513082,0.8255739216240214,1.9268223539649938,0.10868256972997771,12.23746134835567,47.30190138512064,192.67923194623887
765072,3806,0.2349007014152113,0.2942013317862308,3.636795868873727,1.7811403859405748,0.7176008338554353,0.2806091687122726,16.85649463847906,102.05182683469752,71.75978095060107
765073,3806,0.15831288592474144,0.23187189902503844,3.725192910210627,1.7484557273851555,0.8391787115140531,0.26892334434851656,13.28528120181829,100.17913384464585,83.91734637941859
766680,3814,0.19538964139737436,0.32424269653109,3.9152491820709088,1.7021226639420548,0.9508046058892882,0.249088729920305,18.577738049172595,97.5244448574443,95.07997883783108
766681,3814,0.15056484472089077,0.2560199638962522,3.9856049843704566,1.6503229145637976,0.9742554747945218,0.23724513084410753,14.668863402346963,94.55653783823475,97.42490688734324
766682,3814,0.13025451491306636,0.1934419492194741,4.095229751410127,1.5999607026928988,0.8509038191538506,0.22384823561040723,11.083407271059855,91.67099565108859,85.08973519053696
766815,3815,0.2014243648091545,0.32519152521360833,3.5935625137304297,1.770994129214896,0.9250172401336925,0.28236739579843106,18.632101928161855,101.47048914645991,92.5012693699987
766881,3815,0.1980132564948713,0.2053872514251006,5.314717229448248,1.5970679424023055,0.594294659179079,0.17217332281781797,11.767822672450567,91.50525269529456,59.42916879197211
767820,3820,0.1702985800836653,0.5195583489054642,3.0462998562770367,1.8323692457783598,1.7480180304748103,0.3446378521526749,29.76850060306857,104.98702429266986,174.80078687477567
767887,3820,0.2184028375702905,0.2511705893980269,5.411055395693517,1.767869868338312,0.6589206537560686,0.1871935779433247,14.391014710320281,101.2914821841338,65.89176669429499
767888,3820,0.1393115594662835,0.17917731371445134,5.4415405831857875,1.71767747708027,0.7369168188729802,0.180859939048549,10.266103860329585,98.41567000137867,73.6911582104282
768423,3823,0.16472658668344103,0.37544960068075317,4.641229211830731,2.0527100547373034,1.3059018987819393,0.2534061927976137,21.511677538879237,117.61162270051568,130.58940504129697
768489,3823,0.1774927047492517,0.4519088949282143,4.717132739492986,1.6980729324561339,1.458790713770229,0.2062532845733398,25.892472403807652,97.29241233513977,145.8782577127813
768490,3823,0.10104153905536285,0.3844029975238046,4.806344081366046,1.6688937441431158,2.179763631515986,0.1989465718173527,22.024669390291837,95.62056799518638,217.97422745111504
768491,3823,0.07556696201994526,0.322402647759373,4.899906385841723,1.624064719846408,2.4444953299940844,0.18990577898031624,18.47231102045498,93.0520541032956,244.44633051741474
769428,3828,0.2210026289963675,0.4953413501185756,3.2192881443000343,1.8887014246944869,1.2841913973965218,0.3361445611844235,28.38096878010642,108.21462039533978,128.41856447783897
769494,3828,0.19218460963744832,0.21700698638125113,5.024209785648014,2.0549241491896106,0.6469604314827212,0.23434228616420766,12.433584444498623,117.73848096807622,64.69570988147427
770297,3832,0.16725338827019665,0.2523922016000652,4.584393124883763,1.71214419352411,0.8646166884057629,0.21398390871041392,14.46100793369876,98.09863620676155,86.46115706295996
770298,3832,0.09306454882473746,0.1857752796977648,4.58005886969993,1.6718449368546993,1.143737164712698,0.2091450380838023,10.644139464544331,95.78965888208988,114.3724998021507
774318,3852,0.20479697322366103,0.3252013022386691,6.3253270575010205,1.7277794963450446,0.9098113564536785,0.15650490798876643,18.63266211043403,98.9944730698101,90.98069583962724
774319,3852,0.14747729973164034,0.26072891951730565,6.4711166185753735,1.6925480177057057,1.0129467856805319,0.14985954295668455,14.93866668534773,96.97585803777068,101.2939985918671
774320,3852,0.11000334215203122,0.1947709930538267,6.582853422127832,1.657773190600166,1.0144741642175565,0.14428911138710224,11.159555873556142,94.98340721132611,101.44650343104735
775321,3857,0.2440499176780167,0.3323147810052757,3.4744346579040837,1.8512329999223969,0.7801778350263203,0.30528085265416693,19.040234421416514,106.0678377908956,78.01746702111087
775322,3857,0.1490425063058053,0.26494030067455987,3.455866760108435,1.8369250163788924,1.0184987094845532,0.30454892425499314,15.179961051579317,105.24805072051015,101.84919442537331
775323,3857,0.09160472268310303,0.19431924481901636,3.4826364096674833,1.8040733092462768,1.2154036456625883,0.29680326653759814,11.133672606299026,103.36578655201146,121.53905105704348
777669,3869,0.1445922141438718,0.2824049857115173,3.574049304048624,1.4671418576974489,1.1190514490338197,0.23519831151357026,16.18061379472226,84.06103639304703,111.90437871186938
777670,3869,0.23333368871986565,0.35286048539077697,3.639408342701438,1.536269613666918,0.8664593533101991,0.24185734747784388,20.21741656982916,88.0217650573079,86.64556770682974
777735,3869,0.1615505787827835,0.3469497871132264,4.54737298490024,0.7488141125538883,1.2304974345391402,0.09434873351556511,19.87875850455027,42.903888289171995,123.048989396003
777736,3869,0.09250082505048846,0.33408176599640904,4.608851827996262,0.7564776255706129,2.0693299896615733,0.09404289129875264,19.141475203871416,43.342975241273884,206.93078426748662
777737,3869,0.06068027873211834,0.2506820578830965,4.705076691813596,0.756093388046561,2.3669999297075237,0.09207280305572249,14.363023916355637,43.32096005281515,236.69613126912154
781955,3890,0.2242988657517805,0.3395402989422043,4.702943015441884,1.8131163608500143,0.8673349805608273,0.22089129015774925,19.454226103998597,103.88391524282463,86.73311523747164
781956,3890,0.15230882213422253,0.27559770003983297,4.7635537480837575,1.8051296782471566,1.0367478257517841,0.21712006894402255,15.79058505579487,103.42631203737032,103.67410869851497
781957,3890,0.10603399579473957,0.20756743542528377,4.83071727003951,1.7835061026824488,1.1215965977221451,0.21153664455125093,11.892738014223012,102.18737241953035,112.15861258904312
783096,3896,0.1625290146323117,0.36827486471686666,4.570035475025346,2.025687826849729,1.2982662940827676,0.2539659997604444,21.100595449027814,116.06336308951697,129.82583861056835
783160,3896,0.1948889386162749,0.34348792145587786,3.1799938447350926,1.8018511155082249,1.0098267938164367,0.3246498859607415,19.68040821314292,103.23846422956068,100.98216641081872
783161,3896,0.12384135239265277,0.27716495227727506,3.2088680256274342,1.7938617702347086,1.2823164803437985,0.3203020732643453,15.880381994432735,102.78070846431541,128.23062294620038
783162,3896,0.083630450653179,0.2146033594686171,3.2527333169023684,1.7864807388138928,1.4702617528166442,0.3146824415911348,12.295866766880634,102.35780651544921,147.0244348369825
786981,3915,0.22266270163363222,0.25155938440041486,5.71019423906681,1.7017280571763025,0.6473149867485861,0.17075047065366233,14.41329102305289,97.50183555519938,64.73121086780601
786982,3915,0.18192500529930122,0.1835441848626669,5.7930852648903945,1.6416774452282383,0.578057235806657,0.16236803787628878,10.516307146799786,94.06118893339743,57.80540901504739
788273,3921,0.17010627697806407,0.19989959205396218,4.915712112117978,1.6902038776523898,0.67330862101269,0.19700410906976193,11.453402951078921,96.8415487061281,67.33047024529043
788812,3924,0.19057377709296958,0.2181447847479095,3.4518457090944548,1.68609506208348,0.6558496674439082,0.2798680438724105,12.498775488845025,96.60613091523193,65.58462604286636
789528,3928,0.19071326483153414,0.2596366945100136,4.509816705056836,2.1434313855766374,0.7800236672193892,0.2723161046864669,14.87608680215125,122.80957206941956,78.0019618107325
789593,3928,0.2202238214683641,0.39190867371593696,4.435048095389877,1.7331594965426258,1.0196313817979568,0.2239045034353275,22.454712958492845,99.30272437491105,101.962679814085
789594,3928,0.12717915341547192,0.321912829511377,4.565547984308403,1.7109046444530187,1.4502569451461333,0.21471160832980807,18.444246502116318,98.02761527648866,145.02456560075598
789595,3928,0.10973530108254942,0.24585123312929463,4.6696453232185045,1.6754559534817126,1.283655908698246,0.20557568732613934,14.086238046395465,95.99655489456931,128.36443280331687
789994,3930,0.2025354721867984,0.2560824597641321,4.074616863154571,1.9155600193861178,0.7244382067474525,0.2693590782434754,14.672444151813487,109.75350451482271,72.44346656873317
789995,3930,0.12504292656756086,0.18762940727014255,4.1265627107692255,1.8530020729999972,0.8597345395285062,0.2572824052268409,10.750373149120414,106.16919821189231,85.97277328229147
792206,3941,0.24102877518252494,0.31456304321299766,4.978337686408772,1.7191155162597127,0.747758602909094,0.19785331888631985,18.0231347668961,98.49806357713518,74.77555315830874
792207,3941,0.1484471640822523,0.24366534254170144,5.054475974252501,1.6727102778524578,0.9404689464491544,0.18961261180722502,13.960995741249004,95.8392392691011,94.04626744668585
793347,3947,0.14466734223813682,0.513062387742176,2.827719983266683,1.8873882037535945,2.031993327433133,0.3824260486729876,29.39630944453127,108.13937837785845,203.1979422017732
793413,3947,0.2216163973338789,0.3168653395727196,4.111371370094999,1.5781107481795638,0.819210402781451,0.21992439289887847,18.155046631496504,90.41908547492167,81.92067432388858
793414,3947,0.14328903592050393,0.25080230651044133,4.126683397876534,1.5399371653541634,1.002861981729371,0.21380826094322217,14.369913655194738,88.23190029013314,100.2855052891957
793415,3947,0.0962716829349045,0.17971018654993934,4.173032293225296,1.487817337515648,1.0695392291254748,0.2042774844090045,10.296635224820216,85.24565412603775,106.95282307425008
799040,3975,0.1878933079477901,0.2552627676821443,4.4912025373984585,1.8661115068070293,0.7783927291698193,0.23806611327911553,14.625479255015295,106.92031344084137,77.838862788112
799041,3975,0.1085126315339637,0.1826501742330657,4.557227851724086,1.8632663735631514,0.9644115158332317,0.2342592965571541,10.465084110883803,106.7572993138148,96.44027172391087
799845,3979,0.18463191532735346,0.22990324927027572,5.446950575843036,1.7786283855067602,0.7134457302644724,0.18709165468945124,13.172485879530923,101.90789981170492,71.34419047750048
801052,3985,0.20397326303270774,0.3682155385514842,4.525837652932814,0.7822844773508701,1.0343117996029658,0.09903492407139763,21.097196310136702,44.821598930802296,103.43067795153019
801053,3985,0.15996999380985172,0.3585561887411515,4.619780609233945,0.8078692769717613,1.2842255325306784,0.10019415159251154,20.543756333164147,46.287499968767264,128.42175849443882
801054,3985,0.10589009358478213,0.34231889814212607,4.718946805708909,0.8326514833052436,1.8522437363949527,0.1010975916064256,19.61342811111254,47.707415798698186,185.22264193455487
801055,3985,0.0933640024397564,0.325173904363425,4.754676827212387,0.8414746551485184,1.9955325227519254,0.10140110034376845,18.63109232781492,48.21294630723649,199.55113630331235
801056,3985,0.0918662951983069,0.32220538473984683,4.827262326186264,0.8408426913449185,2.0095516677340326,0.09980136585356326,18.461008681982126,48.176737448485184,200.95300119734404
801057,3985,0.09175141821476158,0.32175435433625055,4.8892683090600855,0.8412368531551162,2.0092511802947612,0.09858186974267062,18.435166543423975,48.19932125665475,200.92295006626904
801058,3985,0.09174351718599669,0.32172359382950816,4.931456968757902,0.8490048029463795,2.0092321127833794,0.09864101462244905,18.43340409621195,48.644391995163666,200.92104314900152
801059,3985,0.09174297748224511,0.32172151222377726,4.969262738022256,0.8549597223596654,2.0092309325065667,0.09857716572620658,18.43328482898896,48.98558374488547,200.92092510983937
801060,3985,0.09174294060077255,0.32172137134351675,4.945749164588618,0.8657492614310778,2.009230860402412,0.10029578340008496,18.43327675714462,49.603778796568896,200.9209178986301
803060,3995,0.22213839671919078,0.48109870682643124,5.192584344983379,1.8430262014680654,1.2408896704297316,0.20336236381948178,27.564925430356237,105.59762287614791,124.08841402050537
803061,3995,0.13222371141064873,0.4232756461265456,5.299530566330075,1.8331395061662303,1.8341571266478416,0.1981895480160717,24.251908093724015,105.03115696202094,183.414339384755
803062,3995,0.11692325376261745,0.33247313749494145,5.422406877526149,1.8252032675148748,1.6292144922166714,0.19285982433863486,19.04930757993287,104.57644398208969,162.9200697624913
803063,3995,0.08722196322254676,0.2625778156746432,5.522222398753027,1.8151409228402935,1.7248635952702938,0.1883298179649277,15.04460063192113,103.99991410023023,172.48440176854902
803064,3995,0.04766113651727978,0.1893034206735111,5.609456236657983,1.7823027062586596,2.275708379790945,0.18204691933234435,10.846287051981763,102.1184228833661,227.56611105860665
805270,4006,0.18266493459602284,0.2803384157728801,4.344671872955296,1.7034263736956445,0.8793262491986358,0.22464099603684445,16.062208059169738,97.59914192403502,87.93214834880033
805271,4006,0.1242937379066181,0.21428037826785562,4.506487379194999,1.6533055540631603,0.9877698206058535,0.21020236453003488,12.277361307214933,94.72743049335723,98.77619530795296
806277,4011,0.18265897198860362,0.23446023328415055,3.626532196959904,1.7201736457215673,0.7354460035079292,0.27177116954959835,13.433581830834536,98.55868992947791,73.54420174592315
808020,4020,0.12003919615572385,0.5036768236562347,3.110403284323904,1.8946626927423567,2.4040942253999735,0.34900996952109176,28.858556234057268,108.5561758950289,240.40743982640694
808021,4020,0.18561027804779978,0.5759026155258076,3.153098058691578,1.9581242367647849,1.7777457072679346,0.35581593748352225,32.99678928017409,112.19225452889772,177.77362252565575
808086,4020,0.15865730649985574,0.23285819123317622,2.7516995240847333,1.5073040055459113,0.8409187724237953,0.3138502474241615,13.341791582711224,86.36215796094434,84.0913525238173
810700,4033,0.21637066188792903,0.49149197990555654,4.194406131926793,1.7403716195106371,1.3014895164582643,0.2377355582845412,28.160416113117055,99.71594858230746,130.14835615443442
810701,4033,0.17032138372364863,0.4202061300165412,4.302645491521918,1.6891550825693922,1.4135650988470312,0.2249347689463727,24.07603777547335,96.78145717429825,141.35568824903945
810702,4033,0.11910937533877006,0.3336883435790036,4.4320434861582125,1.644544508593797,1.605157620905382,0.21260048473241996,19.118933759788252,94.22545956384052,160.51442794475938
810703,4033,0.09894694858334148,0.3134321479095287,4.5149336626491605,1.5855887111946325,1.814946057569838,0.20121567177250416,17.958339238936166,90.84754119504002,181.49278985617664
810704,4033,0.09562688903809431,0.30756666918236036,4.612689948892537,1.529211387614458,1.8428153835695935,0.18994851003315374,17.622272063045653,87.61735849365265,184.2796305586715
810705,4033,0.09508090665247146,0.30680372587555343,4.714541749113364,1.4654550196915999,1.8487998696740515,0.17809660404912886,17.578558631557858,83.96438769458962,184.87806198300441
810706,4033,0.09504015957970699,0.3066001936657641,4.826883848801613,1.4021904867325707,1.8483655040418665,0.16644195160543424,17.566897094941957,80.33959696317096,184.8346250469445
810707,4033,0.0950373776846175,0.3065862987570466,4.944335808138643,1.3614013212901206,1.8483358395339116,0.15776143207607354,17.566100975315727,78.0025499334577,184.83165857069235
810708,4033,0.09503718938730674,0.3065853582946762,5.050545727798213,1.3018789301303837,1.8483338318087321,0.14769130309073578,17.566047090791113,74.59216813347797,184.8314577964511
810709,4033,0.09503717664285365,0.3065852946445764,5.054174143672678,1.236773891213058,1.8483336959375274,0.14020475358370374,17.566043443909027,70.86192417848022,184.83144420921397
812910,4044,0.18611282293420026,0.20899879754601708,4.668791363276772,1.8242093971728988,0.6434133978783488,0.22386842985608638,11.974749022695926,104.51949940611122,64.34099753530691
813512,4047,0.21471862302396433,0.29148013799869515,4.138883636017487,1.8047040118588318,0.7777891226306441,0.24983046636098127,16.700581719216046,103.40192314983874,77.77855365064671
813513,4047,0.16627293127970658,0.22313466985224495,4.231812172344451,1.78531062159515,0.7688968961024207,0.2417185813776119,12.784674845578644,102.29076373727966,76.8892318067119
814315,4051,0.23677161352937148,0.3924224842946249,5.547324213073869,1.4941038184464457,0.9496134630057002,0.1543191627330667,22.484152136120837,85.60584295136194,94.96094924564278
814316,4051,0.13713468102957932,0.32728188922646817,5.666349526173927,1.4422328461929363,1.3674053460112483,0.1458326116919929,18.751870963744754,82.63385516199565,136.73954745373737
814317,4051,0.08516731652872689,0.26024103890493444,5.771739839645784,1.393637881769246,1.7507551068100309,0.1383457516711018,14.910713185352602,79.84956879492981,175.07347559609548
814318,4051,0.04789523758818454,0.19180166951274485,5.837496381688606,1.3379264250010756,2.2944711051779456,0.13131920314457524,10.989426166643312,76.6575374515881,229.44236791898408
819428,4076,0.20724203096814925,0.18696278866507815,5.504507926679355,1.0681583503932712,0.5168921646622687,0.11118335377696022,10.712178716505324,61.2009653291906,51.68896954682957
819944,4079,0.23488307249517,0.2953931174009615,4.737949258762441,1.888284591486817,0.7205618533482744,0.22834929517942887,16.924778924287533,108.19073761177938,72.05588162916226
819945,4079,0.13397470324121122,0.2274102693998746,4.893101582435601,1.9004399085568315,0.9725453661607757,0.22253203601344934,13.029648654545868,108.88718597853455,97.25381796344936
820747,4083,0.23678151632194272,0.2606339892284466,3.4184043552184846,1.9152383200670449,0.6306753661239608,0.3210125566714632,14.93322758044815,109.7350725015676,63.06727292374958
820748,4083,0.1469138308361491,0.19319858458299796,3.419700626056679,1.9062912356303565,0.7534663474527667,0.31939182387129833,11.069463504507038,109.22244232439817,75.3461270145869
821236,4085,0.22556231291327147,0.2727946055544856,4.461302319403071,0.37924709297968295,0.6929339692169149,0.048706086734204256,15.629979572208068,21.729257820341346,69.29309279216766
821237,4085,0.15494265317751887,0.2674309125835232,4.573468997276904,0.3892886720850308,0.98892469563484,0.048769539899003164,15.322662602367938,22.304597922724533,98.89183769800994
821238,4085,0.09405624375644642,0.2646031445368857,4.708184910583695,0.40181196683353804,1.6118697930614294,0.04889810032049078,15.160643427853657,23.02212985741234,161.1852827317682
821239,4085,0.06454534315749257,0.25456108011442125,4.881117940138819,0.4068114197555386,2.2596941228688396,0.04775253875816384,14.585275518847965,23.30857740971732,225.9659464093885
821240,4085,0.05705705738645003,0.24976072090428517,4.990934295420849,0.4282006439569721,2.508056556611394,0.04915730839588713,14.310235195960415,24.53408968351854,250.80130399530154
825458,4106,0.24875334076543015,0.3542884500955946,4.654367224006858,0.644881783229958,0.8160385722743756,0.07938566642095045,20.29923292070886,36.94900446394703,81.60353245795453
825459,4106,0.17920450695707862,0.3512155547718503,4.693308393076612,0.669024329507963,1.1229163934853568,0.08167430558632789,20.12316898777282,38.33227047237598,112.29101900642209
825460,4106,0.1355981370101501,0.34508932413179066,4.750468503988479,0.6845408372204749,1.4581439543044525,0.08256301617744019,19.772161827773676,39.221300877085106,145.8133308495441
825461,4106,0.10012643582373407,0.3434119318302241,4.809896258657362,0.6968369189331249,1.9651206198754485,0.0830076413995366,19.67605432830618,39.92581446376795,196.51011899420072
825462,4106,0.06547468172538748,0.2358677251685206,4.885183692800769,0.7034399673697806,2.0640379999326948,0.08250281611314154,13.514225175507853,40.304141271108776,206.40067914356453
826175,4110,0.1676754644921568,0.32507730561703724,3.8965430659976033,1.8760913691206116,1.1108098953500722,0.27586533841669614,18.625557627340644,107.4921174315313,111.0803336875693
826176,4110,0.09953022343807602,0.25850572356857676,3.9255135233802996,1.8621806912577932,1.4881193813003575,0.27179907391110053,14.811286940454982,106.69509429982574,148.81045795312582
826177,4110,0.06038437953836169,0.19217133200222972,3.986270754823748,1.8338942430186758,1.8234193226612236,0.2635907252601164,11.010606267135095,105.07440019830906,182.33894282539475
834214,4150,0.1879012059649492,0.2715249489299652,5.31660581924672,1.9597160838778653,0.8279474683705211,0.21119387868183587,15.557233606192224,112.28346065010732,82.79431061652481
834215,4150,0.09988184520410245,0.20575083008327588,5.480440190662031,1.9021851615360554,1.1802598350817222,0.19886574365917029,11.78865419508504,108.98718160842671,118.02481368042616
837366,4166,0.22282380285110132,0.34868957698548586,4.3676472911442055,1.7653199243801874,0.8966026057017809,0.23157863761307151,19.978441121470343,101.14538115733838,89.65986221390524
837431,4166,0.23964600469257333,0.3306011281262249,3.817416417392408,1.7719090503048798,0.7904178739711575,0.26594664793448153,18.94204934389646,101.52291026350349,79.0414608694814
837432,4166,0.19587166390576838,0.2630785684134293,3.846870022604757,1.7555575333614168,0.7695493355351003,0.2614750082572936,15.07329165043319,100.58603735400641,76.9545445998771
837433,4166,0.16150636650728792,0.20001452454546811,3.933428696691347,1.723714349079104,0.7095687703236908,0.25108261685375016,11.459988097771133,98.76155728837256,70.95644208435537
838235,4170,0.19952269142063936,0.2175030813973437,3.304943172436556,1.6967709033099165,0.6245910117709085,0.294158798483746,12.462008595158203,97.2178115602585,62.4587912664746
838637,4172,0.1406349490942518,0.19507277319680102,5.966808145687422,1.8506675580746217,0.7947416968066129,0.17770881448297865,11.176846602089427,106.035440359458,79.47361022606599
841185,4185,0.2367679736462455,0.7481343343731149,3.5256137214833156,1.8056548206603047,1.8104196018517862,0.29344224399126184,42.8649398684086,103.45640048128702,181.04120319604348
841250,4185,0.18748538651849547,0.23708572943924175,4.718866714914223,1.6946574737689764,0.7245370536530839,0.2057627956615565,13.584011679649086,97.09672096726436,72.4533227819665
842257,4190,0.21154177173171745,0.43806358835539666,5.697815605552285,1.7895338671411052,1.186488766694415,0.17995095805319755,25.099194771120462,102.53273788291031,118.6483214040125
842258,4190,0.15560182947909965,0.37564727106992085,5.837179279839933,1.7799333556226022,1.3832100757911805,0.17471224375314662,21.523003217913253,101.98266909173337,138.32012753215514
842259,4190,0.1341478184501019,0.3092488904198697,6.001684456776138,1.7529243235104595,1.3208306422010332,0.16734496140035163,17.71865624016221,100.43516554297427,132.08208946508802
842260,4190,0.08162129020399916,0.24212857961507542,6.148355844917047,1.7097226569883626,1.6996722273190932,0.1593269724376553,13.87294571144116,97.9598923833265,169.9651611927135
842261,4190,0.07546158002791625,0.2371145818126264,6.303548536518561,1.6453283653722495,1.8003417094507395,0.14955127346652056,13.585664798872962,94.27037124898855,180.03180906148648
842262,4190,0.07502919019290531,0.2367243185099443,6.475147465761324,1.5876747563656166,1.8077367643341844,0.14048647250079116,13.563304358730441,90.96706277921106,180.77129118103923
842263,4190,0.07499952235420929,0.23669837882350125,6.618429758187406,1.5210573595806927,1.8082536915197467,0.13167801148270616,13.561818124175362,87.15016710128654,180.8229822737258
842264,4190,0.07499746924951434,0.23669662540469075,6.722626074180128,1.4544182538890849,1.8082897980555288,0.12395755252657956,13.5617176606778,83.3320275946312,180.82659281430094
842265,4190,0.0749973270833868,0.23669650674406456,6.802011854611474,1.3929986440229447,1.808292319345413,0.1173372595616902,13.561710861924727,79.81294316996129,180.8268449354364
842266,4190,0.06938519280402965,0.21942076917245054,6.7955108931988715,1.327588006329921,1.8118969899970554,0.11193446788391627,12.571884011095657,76.0651896948917,181.1871137908223
844466,4201,0.18236167161529046,0.29621556882274647,5.582522635049504,1.3654075802413224,0.9306725935667891,0.14013752677272717,16.971901919610342,78.23209166299806,93.06675411848545
844467,4201,0.1023697971884239,0.2286919267254396,5.643748769181782,1.350544210814348,1.279975274932869,0.13710830576109928,13.103082210082766,77.38048332548865,127.99628966418231
846677,4212,0.17387979488751673,0.22942169274508883,6.25069034180763,1.6703711072923966,0.7559759301285272,0.15311143134897326,13.144894723040728,95.70521466844833,75.59716259374214
849426,4226,0.14496239366802868,0.2957671341158135,3.543796435582879,2.1401929756875773,1.16900714079794,0.3460244591736813,16.9462085035159,122.62402485044298,116.89991572854123
849427,4226,0.2445511645576749,0.35950029313924825,3.621802293144513,2.205255775802031,0.842271543690216,0.34886456555235923,20.59784953059483,126.35184870030446,84.22681339930261
849493,4226,0.17593501094772565,0.2361730520526959,6.888204043569532,1.5685512786852418,0.769131639877632,0.13047140810519509,13.531719117342979,89.87136821851296,76.9127311938631
851991,4238,0.22116005911507325,0.6708536067939344,5.599671903040107,1.3551870716237806,1.7379755981366525,0.13866258748823898,38.43708034042129,77.64649965473583,173.79678183048458
851992,4238,0.19284934610097665,0.6181596821650779,5.763905063056276,1.4325992331987392,1.836559974546266,0.1424067342463056,35.41794085320735,82.08188979596576,183.65505465394642
851993,4238,0.1631147542039735,0.607703486635878,5.896285531207678,1.4709391327216146,2.134622524793647,0.14293507944379544,34.818844979620636,84.27860422558217,213.4609569108834
851994,4238,0.15387810225911006,0.5642561939288981,5.976734726890335,1.490113107189932,2.100980964843307,0.14284922419616983,32.32949847624117,85.37719203910835,210.09674479256444
851995,4238,0.08576657956995537,0.32257417347983514,6.067834988850303,1.4997044293703055,2.154934551203121,0.14161020254551226,18.4821387203154,85.92673431999397,215.4909677174771
853511,4246,0.22706456486116994,0.3420552379443055,4.71256926587327,1.876192008081957,0.8631166489327755,0.2281088665786264,19.598321494551836,107.49788361927098,86.31128857664719
853512,4246,0.14898659529206665,0.27484071162206414,4.745604913875007,1.8285357213399256,1.0569549378916514,0.22076717552825675,15.747212814316429,104.76737952168732,105.69479145862114
853513,4246,0.08964492136886908,0.2084291553058926,4.831160737699785,1.7862005643623107,1.3321568485969686,0.2118367801166069,11.942110926504414,102.34175370184616,133.2142136993139
855120,4254,0.2138841146610312,0.6196335383847803,4.2519772996958185,1.6770544770731188,1.6598888136494683,0.22598461033810882,35.502386594205404,96.08814354980899,165.98811305999578
855121,4254,0.18612440747269365,0.5541684544629826,4.3921194174203,1.61530763240062,1.7059295073240417,0.2107190195558597,31.751513580016653,92.55030995182496,170.59204334945457
855122,4254,0.13725410656967288,0.37975252344690874,4.472643191049408,1.5561898102674774,1.585250584590358,0.1993521598786834,21.758216852950707,89.16310824959079,158.5239150421401
855123,4254,0.08464042429371896,0.3010138062021305,4.520955797916464,1.5060534099796912,2.037657393238449,0.19086783366035637,17.24682067055096,86.29050411312217,203.7633559981434
855124,4254,0.08206027013762213,0.28763189747700874,4.606550195404966,1.4481897754190443,2.008291191686607,0.18012429771882912,16.480093778772194,82.97516206550976,200.8266963347508
855125,4254,0.08166032465147262,0.28711182260303053,4.718793910252715,1.397882233613216,2.0144781127425597,0.1697314050918937,16.450295683462443,80.09275224235786,201.4453690736915
855126,4254,0.08163229655396201,0.2870744305609284,4.820434777749933,1.3427842953890514,2.01490732916995,0.1596035965837691,16.448153277262616,76.93587292224069,201.48828935739357
855127,4254,0.0816303584761476,0.28707190123314,4.962692123071664,1.2916781982269114,2.014937414163633,0.1491281491234827,16.448008357455336,74.00770924746456,201.49129776226115
855128,4254,0.08163022439553806,0.2870717300618321,5.0884392882609655,1.2406600033416337,2.014939522329838,0.13969820181692297,16.44799855006182,71.08458200216222,201.49150857231123
855129,4254,0.08163021511855613,0.28707171847709406,5.0958492084903,1.1769181038040935,2.0149396700078777,0.13232817002480277,16.447997886305224,67.43244018051428,201.49152333965836
855130,4254,0.0816302144766421,0.2870717176930443,5.0939270786616815,1.1163590916132056,2.0149396803495203,0.12556650940855907,16.44799784138248,63.9626643704951,201.49152437379087
855724,4257,0.17549300444355914,0.23187904994663408,6.012701314376617,1.7900323316974465,0.7570495590135413,0.1705744095127806,13.285690919445349,102.56129779822554,75.70452883316693
859074,4274,0.149104857152406,0.5528168411190464,2.922174642975813,1.8320817801998448,2.124281550614992,0.35922067019973736,31.674071839875545,104.97055372826566,212.42674462814986
859140,4274,0.18942096032836708,0.28212700030577065,4.1341583456848765,1.6810990850043122,0.8533736458104275,0.23298546941628914,16.164686404206744,96.3198825140515,85.33691857155796
859141,4274,0.14950098222451363,0.21279108537649624,4.193274134324829,1.6527309976581437,0.8155150630553529,0.22582475549426453,12.192031110081205,94.69451083625758,81.55096627262039
859275,4275,0.16806236117536485,0.26617434087885794,3.4797884234672822,1.7831291581626587,0.9074408649823068,0.29359766273962,15.25066634703506,102.16577508943578,90.7435519578942
859340,4275,0.15834191698241049,0.28556335157483176,5.921051253055815,1.195799043147586,1.0333065373560792,0.1157129625707364,16.36157482884837,68.51423831813891,103.33000768620357
859341,4275,0.07347458888848027,0.22106437009963656,6.023778676586796,1.1643026859479648,1.7238686020799843,0.11074382617858634,12.666055407427205,66.70962998056413,172.38453749110445
861350,4285,0.2282062849657795,0.29515630329181125,2.910847950072488,1.635099150743787,0.741049254484412,0.3218453237959951,16.91121047530407,93.68428042304419,74.10460396932538
861351,4285,0.1815002690579418,0.2325285817998241,2.983945541352189,1.5838552500280345,0.7340432985802335,0.30412157200764317,13.32290635329245,90.74822118624414,73.4039294735691
865773,4307,0.21045442627003105,0.27957198595634464,3.0603568032946367,1.7144077497789598,0.7611288766009392,0.3209701823007588,16.01829486538927,98.22832842685489,76.11252961867812
865774,4307,0.15501721292285994,0.21107128455631802,3.1196069589161155,1.67136312943668,0.780138719650516,0.306968327435719,12.093493781481856,95.76205335049929,78.01337374144425
866310,4310,0.13107694738491762,0.5922957102031815,4.637307069256012,1.8062689246395642,2.589016795582932,0.2231717336779959,33.93604441834599,103.49158604748078,258.89972413659274
866311,4310,0.24304583492955,0.664591079773661,4.718253759349555,1.8734335152754582,1.5667111685908666,0.22749906823777935,38.078263973072985,107.3398336236414,156.67047869234923
866376,4310,0.22608675728612287,0.30787803092054566,5.4430760736284585,1.7077142572846302,0.7802363662540753,0.17976015409930132,17.640111776545528,97.84481955672732,78.02329497311646
866377,4310,0.13601759778855102,0.24694420532200395,5.467020765372663,1.679485076223186,1.0402227307333822,0.17601434232017624,14.148860740162869,96.22740662279593,104.02151595591444
866378,4310,0.08598795584866188,0.17929447250336886,5.542966691638861,1.6390988954862244,1.1946807280622844,0.16942813112723293,10.272816564467423,93.91344891591548,119.46669735759193
868722,4322,0.18006420903226134,0.3569405622317029,3.3568428244480093,1.825543002321687,1.1357718853204886,0.31159012950891757,20.451187752903287,104.59590935267371,113.57656408373234
868788,4322,0.2442912544300606,0.2657090590501717,5.7969429424105545,1.1695360664672938,0.6231908331837125,0.11559451446566846,15.22400766196721,67.00948059690766,62.31883076884761
868789,4322,0.1504496067058322,0.1933419058724391,5.819993271186011,1.1482602479006223,0.7363046481644482,0.11304216827883415,11.077675209506387,65.79046598735131,73.62998031085348
869877,4327,0.19772935281921403,0.3713789301052452,5.178616633246315,0.7489524215952037,1.0761398808820135,0.08286346677055394,21.27844529511454,42.911812813507865,107.61344928448867
869878,4327,0.09737715312361807,0.2669602600260039,5.173064081514185,0.7511468359323512,1.570768310203031,0.0831954577251953,15.295696197205045,43.03754349352942,157.07523409062512
870193,4329,0.24605318289222392,0.3594153367090153,3.7229462914698077,1.72395736018552,0.8369321138913287,0.26531535187641236,20.592981885699984,98.775480799145,83.69287464915837
870194,4329,0.1452033756747117,0.29340921478119164,3.7448098402974788,1.6859416046267022,1.1577629267454166,0.25794991551560426,16.81110967720977,96.59733845062374,115.77550331451573
870195,4329,0.07942442491585623,0.22358956825398557,3.74855215021723,1.652098866892029,1.612946773581401,0.2525196085460722,12.810738604105628,94.65829241125883,161.2926668969968
872003,4338,0.18992010728319716,0.2992461779589696,2.8624143289389545,1.7395962980520436,0.9027765608897208,0.3482078907273451,17.145543032469718,99.67152593496414,90.27718549946886
872004,4338,0.12262529225798001,0.2306442050669079,2.8571803460532235,1.7150845329833797,1.0776682524852834,0.3439303544136609,13.2149395194837,98.2671052481135,107.76595521360328
872204,4339,0.2289757470747976,0.21024401166762335,4.168209307390805,0.8265445859952925,0.5260860228324983,0.11361597451291819,12.046094536454055,47.35751635691819,52.60837482558469
873411,4345,0.22487106440426294,0.27029124173686797,5.732278961905149,1.5618868114857856,0.6886856138300746,0.15611508583912917,15.486547390872822,89.48952237528074,68.86825818894043
873412,4345,0.15173193353232284,0.20310778105574237,5.886806934582779,1.5071437296769172,0.7669590443413904,0.1466889871589179,11.637218640761214,86.3529748300932,76.69540402237199
874817,4352,0.20766363304470903,0.28654184955433504,5.248155411175416,1.9674005875687723,0.7905880101410598,0.2147873704814987,16.417638633335986,112.72375027924899,79.05842411693358
874818,4352,0.14291371047927948,0.2153468579517229,5.476491626688651,1.903887655593031,0.8633507021340112,0.1991872435296831,12.338466092036974,109.08472733253753,86.3344721523672
876225,4359,0.20045038251025826,0.1965889328102035,5.455368916050798,1.6467735211362555,0.5619203837891783,0.1729547054543723,11.263716149005576,94.3531725750051,56.191760854675806
877632,4366,0.2461602671023512,0.24030682467495076,4.670437352598952,1.7553008282750167,0.5593334149660575,0.21533599838283954,13.76856684206491,100.57132923597614,55.933116546479624
877633,4366,0.13239479825533998,0.1746528501319195,4.670285485020849,1.7229896746235913,0.7558356195652602,0.21137901870410183,10.006871192489871,98.72003650055075,75.58299677449364
880244,4379,0.1882409854702557,0.23304124732561168,3.8943958144710797,1.253718867281301,0.7093183868299161,0.18445171736208085,13.352279924221932,71.83279979114074,70.93146563911343
885069,4403,0.2367960080505581,0.21775494690054212,3.809115076843671,1.9098069155876845,0.5268855248584703,0.28726849531538623,12.47643942549641,109.4238759480718,52.68833220575401
886877,4412,0.1797492227500373,0.32583882105350054,3.5693556079664677,1.7562613406866667,1.0386241411024981,0.2819174476110689,18.669189247884052,100.62636254333361,103.86184207318418
886878,4412,0.10013936879993617,0.2591053754485123,3.621470826941814,1.7154879551988147,1.4824981580934111,0.2714096676846965,14.845644462352375,98.29021963841973,148.24835019343206
886879,4412,0.05137303985576007,0.19178894916384187,3.734468712283947,1.6755789405329864,2.1390003854531052,0.2570743221403329,10.988697344337238,96.00360153354207,213.8959165989198
887279,4414,0.15186668134286957,0.24691647977387737,4.125520320721472,1.7178590423075586,0.9315585964357529,0.23857856714378584,14.147272183270529,98.42607292260864,93.15525237611567
887280,4414,0.07431702750909337,0.17571362314695171,4.21797570078156,1.6678131047809424,1.3546892269542787,0.22655097722896042,10.067649009272584,95.55865192055813,135.46711809649054
888485,4420,0.2292174273213297,0.6335757854715949,3.2201133830608004,1.5565274400816111,1.5837023104974073,0.2769543867776912,36.30121850920845,89.18245301297844,158.36954704483514
888486,4420,0.1965498477079612,0.5225103228948055,3.2610209419357576,1.5060230495054858,1.523157360834742,0.26460659363401134,29.937636253890226,86.28876458608617,152.31496888974047
888487,4420,0.1687292794418538,0.44579780656310874,3.3593794534500416,1.4527300291293335,1.513805511582967,0.24776986448427685,25.542332832255603,83.23529944102795,151.37966295526556
888488,4420,0.12134797307501057,0.38136844508741546,3.4592479290853246,1.393613167039951,1.8006728904153813,0.23082517978275474,21.8508023429756,79.8481527452494,180.06582000054308
888489,4420,0.1188107860663839,0.37330005382077236,3.578770528338052,1.3344158628143221,1.8002166708811715,0.2136387237894122,21.38851757593674,76.45639705456891,180.0201670563752
888490,4420,0.11839382960001685,0.37174982611388874,3.744661714105514,1.2786346207885133,1.7990544223421767,0.1956394801669087,21.29969607104806,73.26036731049228,179.90393789160055
888491,4420,0.11836420016479209,0.3716405504410853,3.9334138382188937,1.2240428082920665,1.7989758058240135,0.17829928292501776,21.29343503619297,70.13248685847634,179.89607592896832
888492,4420,0.11836217404175234,0.37163315784445683,4.129193300182473,1.1651978718549416,1.7989708152137,0.16168029767529396,21.29301147160652,66.76092035491348,179.89557684635474
888493,4420,0.11836203538472248,0.3716326575438866,4.308816241103246,1.103093994335223,1.798970500829461,0.14668212009610196,21.292982806495356,63.20263028163621,179.89554540643113
888494,4420,0.1183620258926202,0.3716326236838949,4.479717302887466,1.0367754148995276,1.7989704811919636,0.13260402705718682,21.292980866460738,59.40285557666778,179.89554344257712
888495,4420,0.11836202524263195,0.37163262139226605,4.566745468398501,0.9760749555066446,1.7989704799779174,0.12246133642324757,21.292980735160075,55.92497543895035,179.89554332116526
888496,4420,0.07666343047914062,0.25346049919928887,4.5273070864616285,0.9167482049786706,1.8942819141217107,0.11601996927163188,14.522216877398234,52.52580302147191,189.42574524635043
891298,4434,0.18731287714118192,0.27442023071484295,4.2676370855610894,1.7823622798685435,0.8394041260554568,0.23929362762827958,15.723121032966823,102.12183619978279,83.93996895977983
891299,4434,0.08383221126297936,0.20951896164102848,4.335230026695617,1.7565779702549436,1.431973535848033,0.2321549334853239,12.00455222999432,100.64450408126493,143.19566254401036
893509,4445,0.23447543861713008,0.2786777362484412,3.0610894685108616,1.8850693146476316,0.6809692965922357,0.35283684641414076,15.967058131295598,108.00651581892791,68.09664214223142
893510,4445,0.1400006849844927,0.21155228121232533,3.0535380445596765,1.877260114643048,0.8657851920787665,0.352244117137102,12.12105285983098,107.55908161729172,86.57790698143076
894314,4449,0.23440661131501067,0.26985709582815964,6.68923973882116,1.7165639697078974,0.659609040728955,0.14702996816015973,15.461672662610962,98.35187072848501,65.96062549279878
894315,4449,0.14237506848565218,0.20197577445346787,6.798777750567713,1.665618335958893,0.8128079410496089,0.14036773121714594,11.57235944006994,95.43290093004781,81.28022892580528
901149,4483,0.2301368165395089,0.3142825132591137,4.562280583430252,1.8311517578399084,0.7824502429827404,0.22996671340923405,18.00706158451155,104.9172673721885,78.24468770616058
901150,4483,0.1533547508176259,0.24443739812769988,4.624554727706422,1.7687500670789662,0.9132570252925931,0.21913874871198347,14.005231267876214,101.34191385710602,91.32511296906986
901151,4483,0.0786151609227234,0.17864562050626714,4.695115134236345,1.7077378793787985,1.3019929821899412,0.20839994333928305,10.23564008350486,97.84617300302641,130.19765864128232
902957,4492,0.14556929302639815,0.24646196681335245,3.235131114253921,1.6815152094474453,0.9700692532915165,0.2978046978253899,14.121230508898455,96.34372468839527,97.0062656007546
902958,4492,0.11097992432032751,0.17845582528545936,3.303691919596287,1.6479646894997315,0.9213166038527756,0.2858057697482106,10.224765618380822,94.42142149492179,92.1308385292303
903762,4496,0.17620778687277303,0.36210329153580484,3.5315749516119377,1.679718496777142,1.1774161371404441,0.27251518566509897,20.746990352796843,96.2407806353892,117.7409522022115
903763,4496,0.09121274462596421,0.29136691259703956,3.535339640891757,1.6610605701256396,1.8302368402341225,0.2692011789016856,16.694094381567506,95.17176018379347,183.02169755253632
903764,4496,0.046523889274619035,0.22600355601293193,3.599427976749416,1.6374735281002444,2.783311398310462,0.2606534220712892,12.949049914489498,93.82032222454062,278.3252172413801
905773,4506,0.20426458432102176,0.20610308856129,4.155628030618727,1.7311784884600963,0.5781147319448915,0.23868647531272463,11.808837119172951,99.18922097260081,57.811193003586446
908003,4517,0.10915540947135952,0.1766117921528327,4.238004845533404,0.562548607324008,0.9270369122857985,0.07605385569236482,10.119110302599026,32.23166097062789,92.70285044740392
908004,4517,0.1546817963605983,0.1897237125394859,4.025035170679664,0.5262506134383758,0.7027567273635599,0.07491099521544571,10.870368002065796,30.151939116189496,70.27522295837392
908005,4517,0.2472785911005835,0.19905593341810343,3.8811315729226066,0.48359216955584117,0.46122328503691684,0.0713910098875334,11.40506487189445,27.707790321124598,46.12214384993593
910796,4531,0.23610201585042195,0.2651130400501057,5.211661173071706,1.9250709458909463,0.643359930269174,0.211637780332066,15.18985828875382,110.29844046280849,64.33572326063396
910797,4531,0.14840751300423516,0.19952221491860286,5.345867353566474,1.9184573492783503,0.770296586219006,0.2056158557891574,11.431780833938094,109.91950928950472,77.02914477427493
911000,4532,0.20350010965325938,0.18180995361155067,4.854249683032571,1.1004507722672403,0.5118887906877104,0.12988863119942914,10.416943015411132,63.05118481282497,51.188630043149686
912406,4539,0.2049294082452258,0.43728399242952437,4.94072741654657,1.7751619463056914,1.2225929995497888,0.20585893269290692,25.054527214842388,101.70928747554497,122.25870933151803
912407,4539,0.1585067838865348,0.3652104911828283,5.056209835156648,1.7487491905895336,1.3201339365714981,0.1981641409596102,20.925019778675825,100.19594804769909,132.01256913448904
912408,4539,0.09371691939039105,0.29940670293248633,5.146966496786361,1.7115194327403227,1.8304846891107789,0.19052550647327463,17.154740435958676,98.06284005064526,183.04653525756314
912409,4539,0.08806552011429583,0.29667215550337683,5.230124512360963,1.6544597896661166,1.9301606868580046,0.18124532774829424,16.99806240939235,94.79356332197037,193.01389889519498
912410,4539,0.08761206405163503,0.2960434638866331,5.311025891386359,1.6075276580633218,1.9360392065528473,0.1734213915875184,16.96204103313768,92.10455025757767,193.6017329920233
912411,4539,0.08758099149818718,0.29600148979898083,5.360578293458793,1.5536252145402747,1.9364514911852582,0.166057023513357,16.95963609506629,89.0161677382648,193.64296021308593
912412,4539,0.08757884343936559,0.29599865249214546,5.44066415490443,1.5011010408729746,1.936480424592585,0.15808135120618516,16.959473529359443,86.00675426471632,193.64585346742535
912413,4539,0.08757869483832018,0.2959984604809589,5.455061045930297,1.4481089832038134,1.9364824541808248,0.15209826647560754,16.95946252792883,82.97053301255953,193.6460564202409
912414,4539,0.07275846612431422,0.25064727576471796,5.398180227141646,1.3979023225571625,1.9737949188535706,0.14837204342119345,14.361031047770023,80.09390325406086,197.3768062458468
914818,4551,0.21460656570670703,0.2457136975397119,5.2548929866672,1.6996599045440615,0.6560077570418801,0.18531935702543578,14.078357837579532,97.3833391379831,65.600473083133
914819,4551,0.16080423813129457,0.17623091741238325,5.288741011226681,1.6478946642785126,0.6279241938436743,0.17852530302833228,10.097287787448131,94.41740934528647,62.79203280184118
915820,4556,0.16500399733112656,0.28501701458221523,4.346564260429624,1.7922782734537872,0.9896894196156296,0.23625552135628708,16.330272024979575,102.68998078189605,98.9683481658954
915821,4556,0.10100360122352499,0.21841436196327177,4.469343015003307,1.7854291543408687,1.2389874949959667,0.22888723150371246,12.514221125538173,102.29755516334345,123.89753510183142
916022,4557,0.18511546840343304,0.2287042112506616,4.641504846850229,1.8572604051082093,0.7078709016959379,0.22926440012748567,13.103786061531308,106.41318266945791,70.78671160133419
916560,4560,0.18303077138803608,0.39201087159896125,3.5861820747863438,1.953267545866976,1.2271470566607905,0.3120700064640506,22.460568465865308,111.91398663805367,122.71404191487515
916626,4560,0.19132300250576853,0.38999683084119136,5.946651837623472,1.7645779560770234,1.1679291548895112,0.17001645984275923,22.345172430677763,101.10286950503459,116.79231114770371
918634,4570,0.2068957403146451,0.31617069809908793,4.424421239900727,1.7868379072094758,0.8755736441774741,0.23139358793963996,18.11524660678266,102.37827075709157,87.55694545614055
918635,4570,0.09756915098029176,0.253735311741565,4.471699040387568,1.7612901147680735,1.4900161413875925,0.22567370687787366,14.537962476227916,100.914490074323,149.00010228706572
918636,4570,0.0531982972874339,0.19127523394550705,4.592967299685083,1.7197206380903016,2.0600775079630633,0.21452957937746583,10.95926363045501,98.53273450411916,206.0039171427867
920644,4580,0.21459297609927186,0.48988442432874985,4.823101099491654,1.7546925479282978,1.3079789080454272,0.20844779127996496,28.068309963233315,100.53647733934838,130.79728738633756
920645,4580,0.13126976968969978,0.42742440105370205,4.909317306078356,1.7263152887529838,1.8655942212422094,0.20147522310386207,24.489614241284183,98.91058015445401,186.55801515579725
920646,4580,0.11390671596650845,0.3710946321518318,5.0602727735648765,1.7040046909167117,1.8666286860454029,0.19293876286100453,21.262156222259744,97.6322770600219,186.66124627159866
923394,4594,0.2402614825946477,0.5741031970141761,3.3700806059183073,1.9310418064316948,1.36907874160991,0.3283023707185305,32.8936901938799,110.64054557185457,136.90731003298418
923459,4594,0.1517582925164826,0.32954501485410864,5.749422344124542,1.7646229581080504,1.2441848780343143,0.1758532278620139,18.881538510716446,101.10544793148196,124.41767616085664
923460,4594,0.10260659441260461,0.2564974733010587,5.903727802027902,1.7489004948406008,1.4322881806733716,0.16973109251167837,14.696222675920179,100.20461714270763,143.22743613717205
923461,4594,0.07156229868371768,0.188777259604691,6.083590717714777,1.7358115457256607,1.5114297515467434,0.1634802208950025,10.816140243394278,99.45467560016007,151.14088425685165
924353,4598,0.20573773373578486,0.5918685703563141,5.024033462760398,1.155752565284779,1.6482911930544437,0.1318059374231285,33.91157110785863,66.21974415223599,164.8283261595688
924354,4598,0.1652826587143726,0.4880303259050612,5.0544294609271025,1.1594010830000965,1.6917731402967464,0.13142687854464763,27.962077948754093,66.42878881880239,169.17630070783636
924355,4598,0.12417388804063222,0.42860211081276134,5.112758729683744,1.1651961216920648,1.9776372029437355,0.1305769027585619,24.55709203996965,66.76082007796718,197.7621435981012
924356,4598,0.10946135227354097,0.412156386314326,5.204370987889487,1.162550197764788,2.157365936681987,0.12798707054326716,23.614821435174402,66.60921980402155,215.7346425021284
924357,4598,0.07453145449819944,0.2721352583173922,5.280378756700006,1.1564692070385023,2.0920294352549167,0.1254849464928766,15.592201758289006,66.26080470014718,209.20016472375377
929690,4625,0.24535436562254342,0.36505791929992887,5.368950406015084,1.8340079425990568,0.8524925630790956,0.19571965945327158,20.916278053713324,105.0809147043973,85.2489123302528
929691,4625,0.1535186063073375,0.29826423478595837,5.564624055004687,1.8079092191643165,1.1131732583312568,0.18615016358849074,17.08928183293449,103.5855680009075,111.31660798245353
929692,4625,0.09865245652549376,0.23254163419464033,5.744485886956922,1.7689701807026688,1.350564731900024,0.17643793936799276,13.323654200427956,101.3545254387575,135.05511788109413
932103,4637,0.23723043324136445,0.33741854615553396,3.380914767552922,1.4160411759308564,0.8149316065848562,0.23997405535404737,19.332658624152266,81.13318299758016,81.49282057611141
932104,4637,0.14016303075307424,0.27161169833256504,3.3524040773623036,1.352560956206001,1.1102929771802306,0.2311655525565156,15.562203980836477,77.49603432478283,111.02851350110127
932105,4637,0.08484350716341159,0.2014120331318847,3.3999376166262887,1.2887455045757008,1.360158068338862,0.2171795085309123,11.540059441606097,73.83967827864538,136.01421974648042
932841,4641,0.23125033811038276,0.6439824870725533,3.3137354756896777,1.883615035660556,1.5955642398420573,0.3256843892241815,36.8974785895954,107.92319177073392,159.55574091417017
932907,4641,0.17501878450536038,0.207779306867772,4.934463900044272,1.6778615972113005,0.680205653759792,0.19482235533550452,11.904877353676936,96.13438812728681,68.02018061742227
933645,4645,0.21932159432493348,0.5470803915615579,2.9242707498737452,1.8752514318023303,1.4291978935373069,0.3674214920261937,31.345397490841762,107.44399256813826,142.91914422826198
933710,4645,0.18296193760179355,0.26895721634294373,5.4964111518510315,1.4611695188594727,0.8422578338298482,0.1523154729851303,15.410113366037685,83.71884658380893,84.22532764300469
933711,4645,0.09490025319635065,0.20260983635099164,5.667364699656206,1.4052015047967172,1.2232514557656695,0.14206270412261546,11.60868851074811,80.5121155902842,122.32386949337474
937128,4662,0.2126950961989529,0.2024801937523289,5.849093166923991,1.2362595776506473,0.5454408775229609,0.12109989367489987,11.601260536999625,70.83245618200776,54.54383387529582
939474,4674,0.24484367417374414,0.5965321628586666,4.411900878724497,1.7638344646024495,1.395942696702709,0.22906287591300492,34.17877527561228,101.06027058143755,139.59370523762627
939539,4674,0.21848114008983355,0.3433452972417745,4.705332841000402,1.7503674915907266,0.9004088654572594,0.21313831144533557,19.672236447618424,100.28866986504924,90.04047854680373
939540,4674,0.13763141927320105,0.2804966376105752,4.824321593930294,1.725363351272537,1.1677037423475916,0.20491179127429593,16.07127350269647,98.85603815446409,116.76953429696611
939541,4674,0.0883782623384401,0.2121154923117202,4.984343695233109,1.7111972672887958,1.3751482301284077,0.19670469600045867,12.153322478801229,98.04438132996785,137.51328260990934
948786,4720,0.2176933420817141,0.3116231828749073,6.324960867517602,1.6228238223238076,0.8201763171189365,0.1470063731823986,17.854693177165622,92.98095591244237,82.01725872353474
948787,4720,0.11166876873975214,0.244506276190637,6.357135249504245,1.5690425672766941,1.2545294977061054,0.14141513954248763,14.009177690183547,89.8995169813261,125.45183757684785
948788,4720,0.04200877892469219,0.17961937677614692,6.394477820430726,1.5112309487585192,2.4498283505607588,0.13540926644761217,10.291432208043373,86.58715523341432,244.97706180487307
949790,4725,0.22149681012156308,0.26881283687108765,4.102936908493732,1.9550511435929048,0.6953526927925684,0.27301462704725626,15.401841031652005,112.01617926009853,69.53495848649303
949791,4725,0.12917281039179782,0.20316978031970737,4.10690145139913,1.9497679870182956,0.9011780420688631,0.27201401771107586,11.640770936919326,111.71347668586662,90.11711353572089
950529,4729,0.1649283367251818,0.5310612256329316,3.155310542880812,1.876818588272286,1.8448961319252661,0.34080253660459675,30.427566891811708,107.53378401970333,184.48850578058472
950595,4729,0.2026064573274866,0.2297613328753999,4.487533292079121,1.8667398573251996,0.6497499730737807,0.23834099509419443,13.164354669060826,106.95631527358739,64.9746798203113
951284,4732,0.1742079223168518,0.2768908994739415,4.3847256382469295,1.6494457320187164,0.9106749454199993,0.21553521602502976,15.864679925437995,94.50627898053905,91.06697702074787
951285,4732,0.0979887258367282,0.2122209352666698,4.421275933712436,1.6119182210606815,1.2408940488179714,0.20889017596459625,12.15936391509923,92.3561109870127,124.08815119412952
954214,4747,0.22922869242121574,0.5237096022864834,5.101111612452498,1.8089106442765428,1.3090136437780235,0.20317717608286198,30.00634990149039,103.6429454333365,130.90079903938846
954215,4747,0.15679219369475483,0.45555972356985697,5.163764838001522,1.7806546316042229,1.6647287850813235,0.1975767645593499,26.101649476699258,102.02399516134439,166.47182739012243
954216,4747,0.12321702236450544,0.3871083663169701,5.25311150538647,1.747693867000422,1.8000494881709082,0.19062127686938218,22.179675604166622,100.1354824600224,180.0035025603184
954217,4747,0.1146388838113446,0.3655480402474853,5.34480070008739,1.7112967887858206,1.8269855211553532,0.18344946577084822,20.94435991545926,98.05008349171818,182.69697437870775
954218,4747,0.11394299741043806,0.36403865915938144,5.445259255202306,1.6661855493468627,1.83055364462175,0.17531837367842026,20.857878749434047,95.4653998632618,183.0537739895311
954219,4747,0.11389511630079928,0.36393708247563933,5.531154673451919,1.6086863600023005,1.8308122139561958,0.1666395974499707,20.852058834158687,92.17093898839478,183.07963002960054
954220,4747,0.11389181592494657,0.36393021932902103,5.643170038905711,1.5433399839896018,1.8308307409668094,0.1566971519023061,20.85166560482328,88.42686743639223,183.08148266844304
954221,4747,0.11389158816054161,0.36392975489175056,5.698784322222504,1.4783339437100396,1.8308320658680513,0.14863221829011086,20.851638994527832,84.70229568551588,183.081615154233
954222,4747,0.05321478571333675,0.18551555122232047,5.700690293545633,1.426599550366026,1.997425335679356,0.1433828693349574,10.629258119082003,81.7381332912342,199.73881765722263
955618,4754,0.17619851225385583,0.32827494163215537,3.065599767445483,1.7776690590520472,1.0674759603447437,0.33224472158445645,18.80876867542594,101.85293445467461,106.74699625914738
955619,4754,0.10222175316870348,0.26128941877370854,3.0278944393990748,1.733062284124499,1.464539493654844,0.32794126800999596,14.970780927159836,99.29715451363612,146.45253099818964
955620,4754,0.06346640404512775,0.19453347478589966,3.055046444917407,1.6838046879419415,1.7561961309680025,0.31578865842818765,11.145947079246666,96.47490214341586,175.6168736840327
955820,4755,0.24448963491076836,0.38742467824505883,4.645603520311518,1.9145914127259056,0.9079238898137099,0.236132951779956,22.19779894265575,109.69800744118429,90.79202134166518
955821,4755,0.17969387185912905,0.32480587634144453,4.686279670568775,1.9185855393820197,1.035650500889184,0.23457168913161938,18.610005875412888,109.92685404142033,103.56447951392911
955822,4755,0.1261188302591283,0.25644210262874423,4.743919962117963,1.9055745206351857,1.1650162767036942,0.23015012525878717,14.693050170087758,109.18137758006114,116.50071317015832
955823,4755,0.09455340354981778,0.18971765531906526,4.7919295752848265,1.8819672687243298,1.1496169774106544,0.22502163222679686,10.870020948900113,107.82878167966695,114.96049407337264
956106,4756,0.24493839670068973,0.4998621545989814,5.508340777815571,1.3686353661372288,1.1692732137281785,0.14236052777537572,28.63999179683751,78.41703017200535,116.92684877408642
956107,4756,0.18267823343495496,0.44836040590177967,5.611418358822755,1.428723057533364,1.4062516956536988,0.14588076651797077,25.68915895894446,81.85980128968846,140.6244074704385
956108,4756,0.1321735127519061,0.41142050509966754,5.697355037486982,1.45774143719136,1.783462985366452,0.14659860808436082,23.572658547351512,83.5224319723999,178.34496270546356
956109,4756,0.11712989464963768,0.38033254988404813,5.808877323228097,1.473692672873622,1.860451435095761,0.14535746859727403,21.791449919804805,84.436370455012,186.0435710406504
956110,4756,0.09013585569842937,0.3132465840138053,5.920825431183308,1.4790041264428169,1.9911837615150292,0.14312310871078593,17.947707210881205,84.74069432760656,199.11618917492308
956559,4759,0.2468960827443336,0.4801481509307528,3.62294118497677,1.8255830543290381,1.1142526511276254,0.28871074227945515,27.510462589342584,104.59820416365595,111.42481832330989
956624,4759,0.2152528357906472,0.3389518804392542,5.467431133603116,1.664477002373606,0.9022186041656494,0.17442836467026043,19.42051220719215,95.36750733259433,90.22144546627389
956625,4759,0.15134366152348974,0.2725206271749325,5.58160936990114,1.6454393420672457,1.0317102532403135,0.1689059970493778,15.614281767381842,94.27672974523615,103.17035044515525
956626,4759,0.11102293600821862,0.20592589939186595,5.658467325742973,1.621862424459032,1.0627249007350348,0.16422445577333422,11.798684927589525,92.92587187235783,106.27154244212815
958635,4769,0.19054569887578976,0.24656835175681702,5.23414558485999,1.8285040186257526,0.7414140155930687,0.20015790770674674,14.127325917162713,104.7655630899661,74.14101635196413
958636,4769,0.12374309136445731,0.18119650876004986,5.321432770226038,1.7734028004124145,0.8389797168473156,0.19094198881526872,10.381795214456107,101.60849584031244,83.89730046890983
962655,4789,0.17137546931463735,0.20445393504972173,4.461364895043192,1.688159261357364,0.6835486400994344,0.21680450463121892,11.71434758319091,96.72440082169943,68.35446914059153
964665,4799,0.22512249744025578,0.27733213926688566,4.48155121305041,1.6723876752113838,0.70583618155301,0.213811581593586,15.889961103326922,95.82075549930778,70.58330775775134
964666,4799,0.14988476320686908,0.20902547315284567,4.555458653032234,1.6192911969816723,0.7990322943514513,0.20366456651805329,11.976277422383154,92.77855138973706,79.90270167189765
965164,4801,0.1677664867186024,0.5933259251692946,5.633076997880154,0.9560343768222181,2.0263325546408706,0.09724123207388304,33.995071387895486,54.77673486133287,202.63205972034177
967478,4813,0.21705543845136943,0.3201771114601767,3.7815526399101875,1.739734352354517,0.8451663993805691,0.2635939390297974,18.344797183357866,99.67943586383947,84.5162544554878
967479,4813,0.11956930982842837,0.25238113303139587,3.8475556784547362,1.6978806386019638,1.2093715822903521,0.2528394715657511,14.460373751428756,97.28139470886953,120.93615691201244
967480,4813,0.06636084623693585,0.18557662068474412,3.9673602924101083,1.661906774245332,1.6022634041327988,0.24000906610527314,10.632757141536011,95.22024410845842,160.22395012298503
968820,4820,0.2364302983274566,0.2583788392118732,4.136522897515075,1.690674099539033,0.6261471766058873,0.2341785422236645,14.804017002329637,96.86849043566744,62.61445547630551
973530,4843,0.1310786081507199,0.18177921864327662,3.8029508290693705,0.40766150538505563,0.7945752082517175,0.06141884214898025,10.41518203144556,23.35728372851337,79.45692070935871
973531,4843,0.18242691459873736,0.1958895332992189,3.628094369258013,0.3771956724253678,0.6152405152649449,0.05956768987082564,11.223643508832644,21.6117200805727,61.52371764770657
979626,4873,0.17630707507302718,0.6907038993181995,4.302108593261501,0.7053355947679409,2.244630061677321,0.09393708166715072,39.57441832416177,40.412752720552724,224.46174576955684
979627,4873,0.14637148583715667,0.6124344097411702,4.287977097623305,0.7533455831374183,2.397318323903278,0.1006617370970998,35.089906906754806,43.16352242859595,239.7302109482056
979628,4873,0.13337535801479178,0.5279691488494197,4.314339993719572,0.7862761149639854,2.2680652651568485,0.10441991794930333,30.250403942186093,45.050302919379476,226.8048430204643
979629,4873,0.11665791568800911,0.4356223880431675,4.3586325681674065,0.7942731405737073,2.1395309533477507,0.1044100366785417,24.959324296283715,45.508498735474575,213.9512796693102
982753,4889,0.20296640893735907,0.283483259541115,4.1308828180427435,1.7440798487553613,0.8002503280767079,0.24190571029787428,16.242394334317613,99.92841446749715,80.0246424751396
982754,4889,0.13238156682993868,0.21631820762340165,4.160545298208378,1.70202061677879,0.9362420833359193,0.23438898212040282,12.394120328655584,97.51859798567793,93.62350818123447
984096,4896,0.1689846843000174,0.28912565148037955,3.950017855459008,1.745584089414502,0.9803065092620288,0.25320037659377975,16.56567957879611,100.01460110863789,98.03007661516098
984160,4896,0.1713885139602647,0.25758902759307634,4.7885569362510605,1.5082356482896948,0.8611290761442056,0.18046258638697293,14.75876412996218,86.41553715817713,86.11241019905036
984161,4896,0.08770412029165996,0.1866187383045479,4.791463614794514,1.4500442850083903,1.2191519427134396,0.17339465379247004,10.692466082906986,83.08141763804583,121.91381811403492
987262,4911,0.2433795273310054,0.25850415210250605,4.038118751854096,1.6101800316866806,0.60856377099352,0.22846410794894134,14.811196902081482,92.25652007188796,60.856129553609584
987263,4911,0.15381968838588875,0.19418437234850675,4.014868136484444,1.559367860221064,0.7233108047744686,0.2225358189589533,11.125944982966322,89.34519709901306,72.3306149498873
987377,4912,0.19376140614586776,0.27635824118714203,4.264324456372624,1.7672051377359357,0.817198860776359,0.23744299179052372,15.834160853681716,101.25339592610445,81.71946854211483
987378,4912,0.10499939247610429,0.2062045366621799,4.302002751921667,1.7179057735650436,1.125211133452148,0.22879750635600848,11.814649667193558,98.42875042643387,112.52005243582593
987714,4914,0.2295068040068021,0.46394731582633875,4.080292541380323,1.8409706777184165,1.1582324136347617,0.25851050803923686,26.582223113272274,105.47985004060413,115.82274175079657
987781,4914,0.19865308343772226,0.23903458448181303,4.207048492405786,1.9521541893279273,0.6894266085398162,0.2658638138906926,13.695672848471208,111.85019600727288,68.94231727567171
987981,4915,0.21582845241351234,0.22446642881625017,5.459391259661491,1.8542494327359345,0.5958889235333621,0.19460167152826824,12.860979013544858,106.24066666029607,59.58861902176459
991332,4932,0.1953680499842227,0.6428678444345449,3.6908395524790696,1.9152874211040145,1.8853447320788648,0.2973249959151482,36.833614270772195,109.73788578375567,188.53351784096174
991398,4932,0.22378910772261687,0.4921572802122439,4.948060708048157,1.6894388510249216,1.2600494295594233,0.19562758305711025,28.198535012799002,96.79771590915904,126.00438553678384
991399,4932,0.16935247658977082,0.41536057253734604,5.124211317686598,1.6684566873385784,1.4052588339122076,0.18655656523837583,23.798407782527416,95.59552648487892,140.52506191044958
991400,4932,0.13779635738335527,0.34814684935372875,5.284041392520174,1.64453807718873,1.4475958617436686,0.17832012259883892,19.94734511874553,94.22509107147383,144.75854615449248
991401,4932,0.0796614771830056,0.2470765183937393,5.384923360198728,1.6174483385700258,1.7770747473275574,0.1720970884996818,14.156441720747715,92.67296338050953,177.70526628523808
991402,4932,0.07332016236269051,0.24007114102548233,5.479521335880332,1.5804340614832153,1.8760271178316936,0.16525567801608687,13.755063163650128,90.5522015217075,187.60017872615444
991403,4932,0.07281489042275884,0.23930539271313045,5.546732175296119,1.5448216846500333,1.8830196755851862,0.1595746101918771,13.711189017183099,88.5117626307367,188.29940741749994
991404,4932,0.07278034257360023,0.23925453487871445,5.5959806999808634,1.5048224710740565,1.8835131451243226,0.15407482794787133,13.708275077915888,86.21997650899084,188.34875248492943
991405,4932,0.07277795525333491,0.23925109761255606,5.595375918121204,1.462688172742034,1.883547869105038,0.1497769946441488,13.708078137071949,83.80585904182085,188.35222475172603
991406,4932,0.057453979168845926,0.18751548553529232,5.626381539411717,1.4063743157727169,1.8699912869312947,0.14321693614575573,10.743845914518687,80.5793127093756,186.99590653309943
991734,4934,0.24425861758913336,0.24329935640461114,4.921143827329141,2.3635474469499043,0.5707076314078824,0.2751825548400303,13.940026280233434,135.42129338915035,57.07053182930063
991798,4934,0.2331438535236599,0.33987009556708636,3.5642266096001474,1.2632888498179287,0.8352406005627432,0.20307664782724585,19.473122058701996,72.38111940050341,83.52370538912983
991799,4934,0.14246185173503767,0.2752592174655614,3.6090490121913397,1.2046196853888715,1.1070465625518042,0.19124047212096912,15.771191432850387,69.01962389115938,110.70388694859729
991800,4934,0.05610823204268512,0.20803229309776963,3.651496664891596,1.1432029381871893,2.1243532078340466,0.17938042758049516,11.919372396930726,65.50070348508108,212.4315725416284
994412,4947,0.16713655694872528,0.3671799259713179,4.899901887525629,1.8010597357865405,1.258722759725978,0.21060242361918877,21.03786008008252,103.19312151151593,125.87153039778215
994413,4947,0.10585621072953232,0.3045821219553287,5.014434679360665,1.7775611617123004,1.6485823868365839,0.2031071470699956,17.45127010317926,101.84675239248644,164.85669689302196
994414,4947,0.09620741105425992,0.2577738275862587,5.177354192499149,1.7520129318357895,1.5351572911715228,0.1938885050554909,14.769352389625578,100.38294664653233,153.51414941564633
994415,4947,0.06763160904981973,0.1834986942892743,5.336001553158878,1.7157659111108843,1.5545540498138912,0.18423185258753078,10.513700728936758,98.30614533907203,155.4531294392639
999439,4972,0.21097306304595634,0.23461712882345254,4.571544133176231,1.7712985397034893,0.6371699994213369,0.2219992357159735,13.442571283060968,101.48793058269581,63.71670094884024
999637,4973,0.24773258385846514,0.3076120421442355,4.964940438443798,1.0055788696584291,0.7114474307863811,0.11604454433491299,17.624871742265103,57.615425198963905,71.14445876799056
999638,4973,0.14196042896620203,0.23900079846535627,5.029628612504315,0.9468206119307743,0.9646164207467606,0.10785851022260201,13.693737052321676,54.248825019627326,96.46096937768823
1001447,4982,0.19364660442913142,0.37771155079371127,3.510489273200721,1.3279765347813468,1.1175655096072388,0.21674315059012433,21.641277733820875,76.08745073537915,111.75597961884864
1001448,4982,0.13553719760816899,0.3112826089324562,3.548431143637908,1.3279235636706583,1.3158880902439436,0.214417054805467,17.835179727651038,76.08441571430058,131.58784787157373
1001449,4982,0.09023814762516434,0.24748860768320421,3.5819999576582577,1.3116922356464302,1.5714031703437914,0.20981136181235732,14.1800526978166,75.15442912261989,157.13859307179794
1001850,4984,0.22251366658232546,0.28252115201693684,4.474264309275312,1.6835983823750582,0.7274730201923327,0.21559540255495532,16.187269633744425,96.4630817051434,72.74697835594354
1001851,4984,0.13291797618244078,0.21602422016486783,4.526381018168954,1.659028012276587,0.9311964801409947,0.21000287559944783,12.37727608805182,95.05530319742657,93.11895444532409
1003458,4992,0.1603197663300745,0.2629313715955521,3.4957758835086175,1.7228969152300597,0.9396755808213437,0.28238286659650214,15.064857894011068,98.71472177879119,93.96697782116988
1003459,4992,0.10710683910324663,0.19567570345370738,3.5331091996790964,1.6825597506947636,1.0467483690369397,0.2728576072013071,11.2113919611509,96.40357249339394,104.67386939198424
1003995,4995,0.19918093391560732,0.32196235727567746,4.316602297047289,1.8130438260341841,0.9261470435542999,0.2406516790634514,18.447084233979453,103.8797593040098,92.61424402975933
1004865,4999,0.1670064478228233,0.18232040490836102,5.077243209541423,1.7586113347196046,0.6254961548521482,0.19845613638419043,10.446189720365345,100.76100728330188,62.5492446986413
1005268,5001,0.18288540165881315,0.3379427591863776,5.504875940251359,1.6619061895633962,1.0587336432556997,0.17297430763049854,19.362693818385367,95.22021060865114,105.87279121226176
1005269,5001,0.13647012414867152,0.2714474805789029,5.518711484482711,1.604976245159349,1.1396482529787209,0.16663013668737617,15.552794996630515,91.95836506638481,113.96399856490751
1005270,5001,0.10768707214564253,0.2044750163504366,5.579671003981469,1.5482130071681426,1.0879257956774881,0.15898082678300118,11.715555452748518,88.70607109799204,108.7915794137705
1006407,5007,0.21974073715049292,0.3408736442992451,2.939660872261242,1.926005932196012,0.8888028924473687,0.3753902768101145,19.5306211655904,110.35201123199128,88.87988881336005
1006472,5007,0.17476337938149242,0.3882488577823199,4.053245763648558,1.819398971066403,1.272865045157886,0.2571861863651895,22.245020951701857,104.24388229254947,127.28578346702616
1006473,5007,0.10282861574419977,0.3245205883786508,4.1203964252654375,1.8170317867767745,1.8082182801366213,0.2526656215222101,18.59366007919892,104.10825262342408,180.82008713766606
1006474,5007,0.07639143356814675,0.21127793065125985,4.228179077739788,1.8156424666199826,1.584645238412865,0.24603652845191315,12.105333730574882,104.02865044204745,158.4624702363511
1010226,5026,0.2145352326022049,0.26200173328215437,4.317080096284569,1.7015403581002086,0.6997262249361279,0.22582643543815303,15.01159354217972,97.4910811903207,69.97229959758992
1010291,5026,0.16981070135038512,0.30118590090986697,4.464656462501377,1.9483005602723678,1.0162304152518151,0.2500290896155749,17.2566809709808,111.62939932658034,101.6224490641773
1010292,5026,0.09712693265592305,0.22910472913424645,4.535269247045856,1.9342110906370635,1.3515028566669014,0.2443562353188398,13.126734045880232,110.82213218089969,135.14890811463943
1012236,5036,0.1631223969322922,0.3331413648841021,3.5587304041570484,1.8256133427571957,1.1701393173415824,0.29392487598005906,19.087594189086822,104.59993956275747,117.0132215736626
1012301,5036,0.23307774794709177,0.3501648487084265,5.201798124078369,1.522873150815796,0.8607843211441948,0.1677385435315323,20.062967964829834,87.25420427553482,86.07806649701101
1012302,5036,0.1543597899908753,0.2828501110399868,5.292671793256528,1.475065554499586,1.0498923682432817,0.15968311265011662,16.206117597397935,84.5150307779508,104.98856347104679
1012303,5036,0.08564933475799466,0.21441276596252526,5.3439014329266845,1.4258512261252485,1.4343304783113677,0.15287568145304048,12.28494656337897,81.69525747053032,143.43138994249273
1013911,5044,0.2181423514344623,0.5815366943953855,6.256417792903978,1.6465314093540737,1.5274244764630516,0.15078804447479063,33.31959822084474,94.3393005917157,152.74175445523528
1013912,5044,0.1786515333770352,0.5135395765221266,6.350960241350987,1.6415511089184593,1.6469855110938658,0.14809406243101667,29.42365034765343,94.05395039604784,164.69763843514394
1013913,5044,0.14771893667420724,0.42878792505759944,6.419254355037496,1.6408273941153442,1.6631406441149492,0.14645390141306397,24.567738411972286,94.01248459225819,166.3129497960444
1013914,5044,0.13452688681739522,0.4073790473223222,6.4888267647479,1.6245238790111398,1.73505080588547,0.14344405424380544,23.341100073629303,93.0783619855595,173.50380375268904
1013915,5044,0.10710602070843196,0.3702287659544277,6.503086635243485,1.594307605149765,1.9805183333953469,0.14046729192437368,21.21254574352545,91.34709702069125,198.05000272830387
1013916,5044,0.10511418077955287,0.3658857293003849,6.579571893746013,1.5463302473531604,1.9943746812400995,0.1346564764438766,20.963708072978175,88.59819690675673,199.4355897740706
1013917,5044,0.10494729515324237,0.3654991106642984,6.64198784879779,1.4926364768944138,1.9954353688520912,0.12875929961245955,20.941556456849316,85.52177047332633,199.5416545478045
1013918,5044,0.10493582279132552,0.3654730444666347,6.693284818536886,1.4437397846555493,1.9955112011524665,0.12358684636161146,20.940062973735234,82.7201963758893,199.54923750051083
1013919,5044,0.10493503184428826,0.36547128103748466,6.628703788539523,1.3888507597204303,1.995516613769498,0.1200465269289166,20.939961936687467,79.57528690551865,199.54977874291748
1013920,5044,0.056839187389760765,0.20839234258983358,6.540195205096345,1.3354434996275666,2.1006633206598972,0.11699234317994732,11.94000171324182,76.5152763068401,210.0626732872577
1014111,5045,0.21719597706730695,0.2002746325817502,5.30606495397851,1.776239276861185,0.5283196685817023,0.19180129655481434,11.474891190467533,101.77101396951524,52.831726046129965
1015452,5052,0.24521891638672014,0.43562750927777,4.399072446305442,2.027050429907533,1.0178503792178752,0.26401346112726237,24.959617721412332,116.14143449388075,101.78462699599883
1015518,5052,0.18553448623208227,0.3814961066900332,3.93942697983232,1.762222385396215,1.1781160516192895,0.2563009937924428,21.85811681401147,100.9679052466795,117.81097653022361
1015519,5052,0.14464123831238107,0.31803871596329375,4.002866999049693,1.7252072340295967,1.2598256969617772,0.24694073790575757,18.222276146456693,98.84709329533439,125.9817074117893
1015520,5052,0.07895689874349235,0.24585901592343817,4.01706625248307,1.6724483309032983,1.7840977049160043,0.23854281844787414,14.086683967652709,95.82423081445792,178.40753353145334
1015521,5052,0.056007331504947466,0.18055290010130393,4.101092136874796,1.6084856050999816,1.8470648448361113,0.2247192535042274,10.344919154651889,92.15943657977535,184.70321962256767
1016925,5059,0.16312688709194426,0.2170521965558603,4.5295324079674595,1.6638560892446117,0.7623620027349197,0.21046748943158478,12.436174796694779,95.33193163085869,76.23573760680993
1019337,5071,0.1547646482460412,0.19594740363064989,4.426479201817591,1.8144158321861719,0.7254213824925267,0.23485565952380816,11.226959234582662,103.95836946598467,72.54167421399885
1025367,5101,0.21763355211386398,0.3735664504298152,4.578861354699706,1.8016274265229884,0.9834779511679002,0.22543955707109048,21.403780977311488,103.22564779478306,98.34734774151701
1025368,5101,0.1492845583041839,0.31206245060986953,4.576212510827948,1.7827203469878796,1.1977032567775538,0.22320281558082694,17.879861364455227,102.14235193450317,119.76953141055522
1025369,5101,0.06929334648939729,0.22203906579369748,4.625268521949058,1.725396407323669,1.8359482065142956,0.21373447064493623,12.72190135700647,98.85793212668132,183.59219765429268
1025370,5101,0.060103536980272466,0.21079987157078192,4.695765535574562,1.6688437574308237,2.009522494050124,0.20362537916241039,12.077942962905592,95.61770396754031,200.94893945975858
1025371,5101,0.0598697179130906,0.20990009699762657,4.754067881985303,1.624567290927684,2.0087597015320693,0.19579200680343548,12.026389677350606,93.08084930515805,200.87264854262023
1025372,5101,0.05983569310069486,0.20978930392274348,4.785388549430086,1.5698883393048124,2.008841056239037,0.18796378816870793,12.020041701760526,89.9479761489675,200.88078198995495
1025373,5101,0.05983335221141117,0.20978178516544493,4.866529993313053,1.5119317289489982,2.008847650284277,0.178006314400036,12.019610908700137,86.62730698069515,200.8814412535387
1025374,5101,0.059833191558313244,0.20978127632170912,4.89779897045548,1.4525227272517687,2.0088481714265947,0.1699200441881321,12.019581754101644,83.22342191835835,200.881493357984
1025375,5101,0.05211144149342444,0.18491176852857175,4.863889822844601,1.3882832964144223,2.0330778773882408,0.16353736697719568,10.594663918987163,79.54277365305585,203.30392542295297
1025703,5103,0.18573434256072274,0.5001342651940859,4.336931414385361,1.7167603020328919,1.5428262026072597,0.2268034933386788,28.655582585497786,98.36311974208918,154.2817979089218
1025767,5103,0.2066978011157721,0.30274627754570094,3.5273469557006853,1.857695546807351,0.8392001769650723,0.30175119002268497,17.346083966664906,106.43811445230888,83.9196157550491
1025768,5103,0.13056513047160415,0.2358718983092957,3.565915952454085,1.8496981619438642,1.0350744639838045,0.29720245560569314,13.514464278861581,105.97989805248928,103.50666156718752
1027311,5111,0.2220705042118885,0.5571135518460806,3.5192282706879867,1.7534354788276705,1.4373927733542549,0.28547296331025723,31.92025523032319,100.46445258532613,143.73863654233918
1027377,5111,0.18045024189979722,0.32978798444466895,5.203744046950932,1.5951004181005302,1.0471284713583051,0.17562839535629213,18.895459642805577,91.3925218567134,104.7122726553361
1027378,5111,0.10729634485405967,0.2617881525653403,5.25426459768746,1.579706607165976,1.3979371702722276,0.17226106452102946,14.999356268520895,90.51052145954111,139.79242719307032
1027379,5111,0.06378254766938947,0.19729882969993473,5.350235475971336,1.5631016719494264,1.7723325400765233,0.1673928726826595,11.304390244676638,89.55912875254467,177.2305031270902
1029186,5120,0.21193216714144195,0.1984516729986772,6.205062744366031,1.6892226886024493,0.5365133059783542,0.1559780046488032,11.370443300134522,96.78533071466205,53.65107997723645
1030994,5129,0.22241742540974857,0.32656267446684706,3.699680585456537,1.7923996089573966,0.8412408388301583,0.2775832403485774,18.710662993454946,102.69693279415797,84.12370944082252
1030995,5129,0.1379941151526597,0.2595965892585939,3.728538585754215,1.7664253144743594,1.077856678612518,0.2714433892670416,14.873788940508591,101.20871534445,107.78489458887137
1030996,5129,0.09695075477814225,0.1927896706984143,3.7869197725186354,1.7450391367585838,1.1393447478226026,0.26402296157147953,11.046034464736094,99.98337762141932,113.93331136721643
1031487,5131,0.20198689193091077,0.1868577400590136,4.471990033861554,0.3048083309861571,0.5300422835534213,0.039052481679617404,10.706159874734093,17.464230925933478,53.003968566571785
1037225,5160,0.1997101881525984,0.26627568918040173,5.163272011047756,1.9517047305796065,0.763930601346501,0.21657670458206255,15.256473176974337,111.82444391792887,76.39268144214803
1037226,5160,0.13448063696901605,0.20109770706928137,5.3147199639691145,1.8921423968877291,0.8567812651498181,0.20398398054915934,11.522049884827961,108.41177357943444,85.67749578689757
1039839,5173,0.2134367180159879,0.28101695578090163,5.2864907263880045,1.654581741810956,0.7543727683388239,0.17932605085759543,16.101085537860143,94.80055066517224,75.43692692897919
1039840,5173,0.15949282666930034,0.2155657942698486,5.424296654928753,1.6135284729347652,0.7743927863454365,0.17043384116706495,12.35101021904771,92.44837162335072,77.4387979583479
1043254,5190,0.20235659474312603,0.31235426603125427,5.213991421861854,1.7307229275224238,0.8844080567182646,0.19018657884167484,17.896581156497405,99.16311925356115,88.44037299027711
1043255,5190,0.1158934009779694,0.24435145708820966,5.3512627376020925,1.70872147387648,1.2080330616628265,0.1829521991989014,14.000307209026458,97.90252881649586,120.80227423314268
1043256,5190,0.06422387450538429,0.17625831140524975,5.551563480015683,1.687271340741129,1.5724457381236014,0.17413747837291407,10.098857347623394,96.67352671784653,157.24214995199029
1043860,5193,0.1822302675667935,0.2806716161061154,4.813039790855686,1.5583545760421278,0.8824713020646164,0.1855109117864322,16.081299031996473,89.28714019211263,88.24665079005813
1043861,5193,0.09895657844995759,0.21427735417038732,4.835252032080602,1.5162138734814863,1.2406640357657182,0.1796652067640523,12.277188039193163,86.87265578967174,124.06516238068298
1047210,5210,0.2389778806045707,0.2570915190557377,3.7753089677458416,1.782684979638843,0.6163858486337822,0.2705482548229911,14.730258990500948,102.14032553467081,61.63832951780601
1047275,5210,0.24733097968228335,0.29330676176745063,4.320695985497763,1.7718665338496087,0.6794635631188677,0.23496324285680506,16.805239551924014,101.5204742500566,67.94608434182922
1047276,5210,0.14175894946168324,0.22483597538067934,4.344461310825172,1.7650156669027792,0.9087363875228073,0.23277442476755597,12.88215247202021,101.12794848799759,90.87300412379287
1047291,5210,0.09307556040554604,0.3303055804671494,4.564320968614878,1.8111034627081097,2.0333064442072746,0.22734725528920657,18.925115710386464,103.76858467470377,203.32848171362804
1047292,5210,0.11324955499710586,0.3946598967530129,4.390008612983918,1.8480818809665385,1.9966828506223695,0.2412006468953333,22.612346427016462,105.88729197398123,199.66653962617954
1047293,5210,0.13128437864304415,0.4602025482882778,4.134175899192398,1.8884837605258937,2.0084386278231587,0.26172604053092946,26.367663738083785,108.20214915712816,200.84234825399434
1047294,5210,0.14324852589605885,0.5245343985395398,3.857665997413556,1.921735127849559,2.0980044967130147,0.28542468932305753,30.05360724574872,110.10731216781339,209.79899973669347
1047295,5210,0.1480060546297901,0.5894273994896713,3.5797941593680247,1.9463637783037426,2.281778277437711,0.3115219049413349,33.7717023201297,111.51842989394108,228.17630149186348
1047296,5210,0.23226849234637104,0.6686636988669727,3.3809393282313183,1.9752333116537595,1.6494534330596342,0.334736950266057,38.31160785868414,113.17253231140923,164.9446402610296
1047360,5210,0.16935440681673355,0.29151724314503674,4.09125693607325,1.6542493629710533,0.9862575775377873,0.2316684285777181,16.702707687499636,94.78150676044636,98.62518121771171
1047361,5210,0.11456429896220605,0.2285463814143256,4.193831601277519,1.625016974340296,1.1430037152624801,0.2220084707656056,13.094743078028015,93.10661426681776,114.29938381558138
1051495,5231,0.24693712543660987,0.3624710714458744,4.966103325222358,2.2312855869052735,0.8410263022090011,0.25743170930678755,20.76806258943353,127.84324701804303,84.10229304492223
1051496,5231,0.15986638351698562,0.2941258434518483,5.125053073601517,2.212635471893689,1.0541408425358607,0.24736265570806065,16.85216947551647,126.77467414044567,105.4134314628722
1051497,5231,0.11792986677040941,0.2303518753208091,5.295482441850695,2.2027903251971255,1.1191557746219707,0.23833633655406905,13.198190258806108,126.2105887860454,111.91463795903964
1053306,5240,0.17136283109744782,0.2670913558232756,5.242736312664954,1.7701896689586647,0.8930295118297108,0.19345698644145515,15.303207433100614,101.42439696899184,89.30243526359006
1053307,5240,0.10121313709160419,0.19969817734265802,5.379375793849574,1.7533450061448805,1.1304719858017802,0.1867489324886926,11.441862738189347,100.45926888244105,113.04609283813635
1059738,5272,0.1853958489589136,0.23770576662570383,6.405841359578817,1.9267581809915,0.7346192773697721,0.17233506973397783,13.61953719357453,110.39511191311655,73.46153545788042
1059873,5273,0.19535676637804694,0.3722655656331202,3.423331554509416,1.952690624005164,1.091809875463577,0.3268188585942485,21.32924576882813,111.88093145026302,109.18043425800028
1059939,5273,0.19574403185570002,0.588248463423743,4.351801234509484,1.5916651267730852,1.7218482841016698,0.20955850012063706,33.704154259236255,91.19569416225292,172.18395756824313
1059940,5273,0.15368105788912836,0.5226492756872955,4.424201028739329,1.537686385607501,1.9485547617391235,0.19913864523466746,29.94559766245146,88.10294011003586,194.85422094006097
1059941,5273,0.12095070186916079,0.3849618447111901,4.546068983669548,1.4795090273674263,1.8236096865127798,0.18646796416354788,22.056688975521784,84.76962301965894,182.3594760111896
1059942,5273,0.10574888052306801,0.3290219737486954,4.626094625975179,1.4254922524038989,1.7826731202207877,0.17655213785768972,18.851570462864412,81.67468979134088,178.265643134719
1059943,5273,0.10421655088251659,0.3138325476735791,4.736925981142313,1.3784677841538664,1.725376495181471,0.16673341820086346,17.981280455534286,78.98038622676708,172.5360105209573
1059944,5273,0.10377710953952032,0.3116346046249156,4.833462499793115,1.3203429380779204,1.7205476192115825,0.1565132194746367,17.85534759523575,75.65007786176783,172.05312059029322
1059945,5273,0.10372700970709574,0.31146290875589455,4.950481813125868,1.270859564516421,1.7204302405461134,0.1470864695643855,17.845510146581013,72.81488940062466,172.0413820430245
1059946,5273,0.10372356640582667,0.3114513387814725,5.043467642808082,1.2086222121646095,1.7204234422131943,0.13730424491617613,17.844847235877555,69.24895178279728,172.04070216171212
1059947,5273,0.10372333031983251,0.3114505558313012,5.138366422514953,1.1425983899845154,1.7204230331488024,0.12740637765787663,17.84480237613717,65.46606542455564,172.04066125192588
1059948,5273,0.05928998343945341,0.18929444619455754,5.204936093338466,1.0785856673991328,1.8292754346970932,0.11873038469316409,10.845772852214393,61.79840658527146,182.92448907159462
1060139,5274,0.15448100253157968,0.24114245301027368,4.942825465162186,1.9853365723076113,0.8943781887820057,0.23013437775175152,13.816444818920456,113.75140650619552,89.43724571473014
1061079,5279,0.15069816683910747,0.35592844190077194,4.143698450599181,1.7498621697493126,1.3532477935253526,0.24195707774002176,20.39319752958156,100.25971705624045,135.32389035271947
1061145,5279,0.22619239200164626,0.336433923140049,5.304644593406646,1.7355554137668956,0.8522056315938162,0.18745836479990383,19.276243880953533,99.44000031992441,85.22019016724077
1061146,5279,0.17198691701666352,0.2672068543524679,5.418509174467976,1.7277613203832267,0.8901737636070419,0.1826949596166997,15.309825011363301,98.99343166390935,89.01686395725095
1061147,5279,0.1065368164077171,0.19546717485895865,5.5083232044080415,1.7152544750654308,1.0512274985462455,0.17841516989256437,11.199444152764004,98.27684221217669,105.12177300409517
1061546,5281,0.13993423059784138,0.3089745529183215,5.122156188216047,1.87054066241138,1.2650897867118893,0.20923626929046826,17.702937859161334,107.1740853637774,126.50808365791492
1061547,5281,0.07029420092957922,0.24355913558957742,5.248411599093262,1.8330207285622078,1.9852147632921557,0.20010692630251659,13.95491053113735,105.02435150660978,198.5186804589575
1061548,5281,0.05253727941060195,0.18743230304519132,5.369325711333056,1.791876901790411,2.0440871673024263,0.19121019883680865,10.73907990890651,102.66698387956846,204.4048649743071
1062951,5288,0.24859171775362723,0.2639737273394038,3.5704117890334413,1.949023712914904,0.6084104493563264,0.31276737588412684,15.12458047888499,111.6708329209414,60.84080264118801
1062952,5288,0.13715180937768648,0.19662884991978763,3.5682889178007033,1.9567423253294383,0.8214257223880471,0.31419282211850436,11.266003230915107,112.11307683599149,82.14197931513887
1064963,5298,0.17963122054600422,0.17514604509110682,5.339806047036026,1.7423372860375403,0.5586516972369343,0.18695168309847035,10.035129182128431,99.82857297822916,55.86486183617828
1065162,5299,0.24250276191964765,0.34912215618447967,3.073957787479492,1.8239400568736368,0.8248658737189951,0.339965849334039,20.003226083877838,104.50406734371073,82.48625062775646
1065163,5299,0.14613809926019092,0.2830765752347992,3.055293297026013,1.768474978496795,1.1098469196076914,0.331641326249574,16.219093039971515,101.32615244235537,110.98394010965198
1065164,5299,0.08513763650705826,0.21687438131165546,3.08184715854321,1.7089885346502327,1.4595172926983115,0.31772448442987256,12.425986733668752,97.91783027170538,145.95003212952088
1067174,5309,0.17838745106096643,0.3196101598999296,5.3728035801895455,1.8239606140891356,1.026547109469138,0.1945078457292174,18.31231325176735,104.50524518539734,102.65414124543798
1067175,5309,0.15235068568149113,0.2514741036367706,5.557938842041903,1.7990800809841208,0.9457393503043174,0.18546388938513522,14.40840479522242,103.07969564644448,94.57332047736486
1067176,5309,0.08688259953092,0.19283699866297124,5.638082835667129,1.7921393029497037,1.2716867296010599,0.18212222340337988,11.048746157358151,102.68201835853527,127.16722392959952
1068782,5317,0.18538970432725907,0.3219480554441277,3.328810144639076,1.7897441378929715,0.9949993647883876,0.3080523693027055,18.446264799392342,102.5447855095473,99.49940514185792
1068783,5317,0.11180444073038275,0.25147498042400795,3.2798200585352637,1.7663274962269826,1.288719271666273,0.3085629963137346,14.408455031430654,101.20311077171594,128.87078604856487
1068784,5317,0.08104212838185662,0.20248325346908563,3.327574928762044,1.7319207630840423,1.4315313092051352,0.29821041449696006,11.601435845856292,99.23175017579257,143.15138220223915
1069385,5320,0.21539374067389525,0.3105973948435026,4.78905157120235,1.51866917362677,0.8262040935084513,0.18169220491792779,17.7959198522911,87.01333412543434,82.62002960988673
1069386,5320,0.15252273119729254,0.2429819894534784,4.922905910770826,1.4542004698234807,0.9127715896063192,0.1692487137226883,13.921842493376593,83.31954948682687,91.27656649946759
1069387,5320,0.10503331772223035,0.17574063235964207,5.038784264123975,1.3965250658488095,0.9586668100049699,0.158798209854454,10.069196523167713,80.01499225736616,95.86577740997296
1070791,5327,0.21993448892048295,0.37637408078733087,4.1602045247266215,1.7299179240713025,0.9805031249338746,0.23825029545051368,21.564646347229942,99.11699595331844,98.04987113756152
1070792,5327,0.09954565298155155,0.3077697835787654,4.1387811051106285,1.736336381620367,1.771439270436728,0.24037208954744277,17.633909660718007,99.48474648186371,177.14216533212831
1070793,5327,0.05258834249029523,0.2603630289415925,4.186776156728209,1.7345406685261895,2.836693296742601,0.23737084511497478,14.917702699595758,99.38185970035096,283.6639895687734
1070794,5327,0.037451361912111944,0.20770612744900382,4.277335618521486,1.7251791094122981,3.177636458755617,0.23109124571463643,11.900684481834299,98.84548187346276,317.755246244848
1071196,5329,0.24736071874345236,0.19634881835439674,4.780523874099278,1.6324086636291204,0.45479970330114716,0.19564827858644182,11.249958604087768,93.53012686653945,45.479788308535724
1071998,5333,0.2442713185404275,0.3908471102197963,5.148900962917937,1.8218913952087874,0.916762928514248,0.20273586193580947,22.393889850478832,104.38668767666461,91.67592130081086
1071999,5333,0.14748077241352084,0.32397435351595805,5.322779126422808,1.8387192273018362,1.258629281942428,0.1979245216339232,18.56236312694372,105.3508514339511,125.86208331492739
1072000,5333,0.07515953496704071,0.2610116226128216,5.457850191947928,1.8269549638127924,1.9897491910221317,0.19179128212348057,14.95486437957608,104.67680878694905,198.97229824314135
1072001,5333,0.05089675062003453,0.19272730809703117,5.602152942613645,1.7914386805490392,2.1695803851474844,0.18321862419707413,11.042461350877383,102.64187565194487,216.95381851572074
1072134,5334,0.18989849746484994,0.32281491688608865,3.674114949716316,1.7194423695235126,0.9739903987851466,0.2681374752010417,18.495932301439332,98.516790889671,97.39853210966446
1072200,5334,0.15014846210440239,0.23612557618080557,4.714031267867932,1.7229397120091985,0.9010413999316539,0.20941136796669818,13.528998950254959,98.71717385361259,90.10354589780637
1072892,5337,0.22052504799941636,0.27913700228242017,6.605409118044897,0.3577801054256864,0.7252405818099197,0.031034095901195085,15.993372136716303,20.499290034637475,72.52373260123281
1072893,5337,0.14770144964181875,0.272331726772263,6.7026656008780305,0.3616376142027766,1.0564187117310486,0.030913535315519214,15.60345857156056,20.72030900699942,105.64116309106073
1072894,5337,0.10162476578520951,0.2498540027230034,6.776099088413746,0.35726031444064654,1.4086702519014822,0.030208395579334968,14.315579850478272,20.469508204965745,140.86565291655342
1073205,5339,0.1577817157989022,0.31283233074199757,4.71540129314658,1.9118624145145198,1.1359979843040764,0.23230609723137702,17.92397224675714,109.54164736137312,113.5990856539804
1073206,5339,0.09037459129446013,0.2466509294534035,4.855308497001699,1.9143036965653724,1.5637200129507305,0.2259002128522204,14.132057270659029,109.68152251948803,156.3702883515773
1073207,5339,0.05005616637352469,0.17844505485347226,4.961194810084515,1.907467155927871,2.0425348595926915,0.2202893084384615,10.224148518084426,109.28981759448952,204.24944635883332
1075617,5351,0.17828021233932703,0.2656341071532965,4.791502642433927,1.736344995092459,0.8536961102528547,0.20762847735652673,15.21971323460976,99.48523999746153,85.36913696571517
1075618,5351,0.10390635849581262,0.1976973939542803,4.8386223926815,1.6889017012678047,1.0901378287291315,0.1999886154403841,11.327226294315418,96.76693949510977,109.01274422034216
1077223,5359,0.22892878260707777,0.3179806799405577,3.9719083903143764,1.8612803199911712,0.7958348410356713,0.2684943761991405,18.21895092729419,106.64350682625346,79.58313994716963
1077224,5359,0.13456475926789252,0.2502169164031124,3.984943319716197,1.8300927580389086,1.0653883145398275,0.26313195063818834,14.336373272676079,104.85659115308603,106.53804764803009
1077225,5359,0.08492696989827245,0.18002203643016676,4.07082297692157,1.784553228583019,1.2145142708658505,0.2511712463124641,10.314502906798909,102.24736831425186,121.45001133494326
1077620,5361,0.11356870143078064,0.4852339618886229,4.199449692169928,1.1308529737813129,2.4480209154767927,0.154289507537161,27.801858092629928,64.79310264748757,244.79995758001374
1079436,5370,0.1828841145231833,0.23070033342211257,5.679296112702565,1.6874211567682171,0.7227612277342498,0.17023607935747975,13.218155437347939,96.68211054390208,72.27573152582819
1080242,5374,0.19145289976653665,0.17683489312197614,5.984277503666882,1.8745100212170587,0.5292107108161141,0.17947281459697095,10.131893046536224,107.40151287071586,52.920797428996174
1081380,5380,0.09657701278685167,0.2530910811590525,3.8910894431572998,2.1569755130927994,1.501501119455809,0.3176118023012889,14.501050782816694,123.58559341328265,150.14857278975714
1081381,5380,0.18383309314615484,0.32115044460548586,3.934129098468594,2.22292266012053,1.000938609517736,0.32374150186056877,18.400565064644276,127.36408660890031,100.0933219172526
1081445,5380,0.21194696934101276,0.36059379952510845,3.9462897778253763,1.7999339380867618,0.9747958142934153,0.26133057529858356,20.660502831375222,103.12861805473308,97.47912610633979
1081446,5380,0.12820315838156746,0.2903653245924403,3.972635283918579,1.752492034178398,1.2976830312475338,0.2527551354699729,16.63670761609304,100.41039718871862,129.76730104633629
1081447,5380,0.08182364486498747,0.22543866433594678,4.035353928852077,1.709937475847759,1.578600225916242,0.24278465304879687,12.916684005516181,97.97220059732973,157.85811263622352
1084462,5395,0.21262320772006665,0.23521555530770435,5.213416271565712,1.6946647849686505,0.6338375808375112,0.1862447474441621,13.476858594957449,97.09713986814886,63.383462962507984
1086672,5406,0.19450691832227815,0.2621193708625073,3.6581018220814374,1.7193428562501398,0.7721233278725282,0.2692956449029441,15.018333679046073,98.5110891991012,77.21193979446304
1086673,5406,0.1257477516668714,0.19292605833561777,3.7190320258293337,1.6635584966049324,0.8790493567598652,0.2562894858401938,11.053848900725614,95.31488082859092,87.90424361435436
1089219,5419,0.1618985619934952,0.3281343089472112,3.554410682555227,1.7862319985440949,1.1612647835382035,0.2879339603669186,18.80071101611705,102.34355474779484,116.12576825175366
1089285,5419,0.1856551304941977,0.25411778566871424,4.411767543425769,1.3604421426902094,0.7842431176034365,0.17668109687092798,14.559876618027362,77.94759304788352,78.4238935674812
1089286,5419,0.12371786997348827,0.19151702540894294,4.4871349410788754,1.3354557295472729,0.8869467584785343,0.17052301271042838,10.97311726083218,76.51597702962304,88.69396611190847
1091897,5432,0.2257910509902242,0.21682152621609432,4.220534574043736,0.10460031050235541,0.5501970850965264,0.01419999340889372,12.422958359767339,5.993156327542905,55.0194672721459
1091898,5432,0.10093136959724713,0.21239858981335777,4.208895829545725,0.10340824872227605,1.2057244059673669,0.01407698466414172,12.16954277083576,5.924856218625505,120.57125795615597
1091899,5432,0.056374861688770886,0.20119166523584206,4.27074903948584,0.11082251313016434,2.044782177928892,0.014867795330086203,11.527433291222676,6.349662277391566,204.4746270107787
1094310,5444,0.17233154526922806,0.2473379439977243,4.587298229606058,1.7164217581769554,0.8223346143643373,0.2143826659424031,14.171420304512715,98.34372260796394,82.23298902928224
1094311,5444,0.11902664004058548,0.18143491649343785,4.655693509118116,1.6795106264734807,0.8733720530518078,0.2066907328610648,10.395454971382518,96.22887054430332,87.33647888707131
1094510,5445,0.24547279682454562,0.41238643988153323,4.990153126688569,1.6064067236877455,0.9625507134289494,0.18444388965149744,23.628002533637307,92.04032544874603,96.25468314455418
1094511,5445,0.135365926534212,0.34429241590030407,5.029371113633156,1.598890601545905,1.4572722543432957,0.18214938034943826,19.72650234945026,91.60968337171373,145.72615966474407
1094512,5445,0.06839275015685295,0.2652116072181378,5.112853701592068,1.5904500985025534,2.221800339192485,0.17822938677818542,15.195505771480615,91.12607817036236,222.17681786174214
1094513,5445,0.05017304297335292,0.18155811938179842,5.230788464542821,1.5777414632723978,2.0733268877287996,0.17281893054603803,10.4025139769094,90.39792700830318,207.32859782565464
1100157,5473,0.06523527014360636,0.1814860020147409,4.117794987972344,1.82640154270704,1.5939813446430862,0.25412896986087113,10.398381956147409,104.64510009329597,159.3957155008582
1100158,5473,0.06861280672418174,0.2504158153502989,3.8403869852374446,1.869003777738893,2.09112087623168,0.27884176384110626,14.347769342899461,107.08602835844553,209.10907043207152
1100159,5473,0.09335887953596887,0.31919425402760837,3.5769201539401188,1.9070012241354934,1.9589439946757874,0.3054670405304425,18.28848360060864,109.26312166924532,195.89232217852867
1100160,5473,0.14597555194376524,0.39015918182461196,3.3443048141421574,1.924967199084111,1.5313847166719092,0.3297919956711178,22.354474456827564,110.29249620863887,153.13743309568792
1100941,5477,0.1997555611982816,0.29439565293034137,4.956065803598398,1.8575708490960343,0.8444134157922224,0.2147489032686196,16.867628419906747,106.4309697997355,84.440923085193
1100942,5477,0.13365858179944115,0.22568479302171993,5.08518000061566,1.8200665509552683,0.9674489283735032,0.20507067908112045,12.930786140428085,104.28213180266927,96.74417625988823
1101232,5478,0.2311713032295658,0.5470920807539056,4.945380396627635,0.7541962954429127,1.3559670010223472,0.08737905095302471,31.346067232229203,43.21226465328062,135.59611940666167
1101233,5478,0.19421346435744016,0.4931598396601079,5.111198400909059,0.7986382614000003,1.454892742707896,0.08952616990610499,28.255977437872573,45.75860173588582,145.48853264538076
1101234,5478,0.14807843104592802,0.48434176009092117,5.275067952718104,0.8359235699861745,1.874056648566449,0.09079483505087867,27.750738695147636,47.89489255571649,187.40441193713474
1101235,5478,0.11790645532546758,0.3947125848787978,5.388156733444486,0.8517112160433822,1.9180767714329499,0.09056800009133519,22.61536523425439,48.79945804324085,191.80606664631796
1103756,5491,0.18075229298960116,0.2747538243483553,3.7779012960555067,1.9620451777686063,0.8709285735156127,0.29756443801204163,15.742234540239517,112.41690790013648,87.09238033713265
1103757,5491,0.119799660345759,0.20947422847030564,3.7833800462457625,1.962730403981614,1.001838249927417,0.29723730314776653,12.001989208107664,112.45616847015356,100.18299710092158
1105098,5498,0.22972661300228464,0.7352149006186398,4.210920252656673,1.9848687516458314,1.8336886813575537,0.27007066214300046,42.12471084057832,113.72460235670651,183.36807791651665
1105164,5498,0.24495177144512015,0.4536614267006131,3.4884736483616687,1.5894972709152664,1.061142928803407,0.2610639898418442,25.992885077828685,91.07148517100718,106.11386400930024
1105165,5498,0.16799249598161292,0.3835299854844402,3.533917694201795,1.5769078520057649,1.3080731998472188,0.25566572898272377,21.974649484972147,90.35016460097056,130.80654912602864
1105166,5498,0.13483572446356668,0.31941258352167046,3.63845754140132,1.5502395949407553,1.3572806223788285,0.24412044051459797,18.300992959161622,88.82218602417556,135.72706569349072
1105167,5498,0.0952801273951383,0.26134173438406566,3.7578684457570963,1.5163053139926421,1.5715529805270825,0.23118929246163364,14.973778390835951,86.87789494503748,157.15366516118684
1105168,5498,0.07480111989675657,0.24605024979496315,3.877619625560419,1.4809897179040732,1.884682875893606,0.2188313148613145,14.097640861391037,84.85446033817377,188.4657932268349
1105169,5498,0.07336336135437513,0.24466521725303372,4.022106009203556,1.434734341877265,1.9108015462561214,0.20438104346221297,14.018284342250205,82.20422251204704,191.07757613450846
1105170,5498,0.07332143032067755,0.24453447530961298,4.151798139456252,1.3799141884977693,1.9108726341721414,0.1904313655072484,14.010793380686858,79.0632590911421,191.08468335556105
1105171,5498,0.07331852005822112,0.24452546233379047,4.301894148175561,1.3282988717579127,1.9108780500762943,0.17691257963444182,14.010276975211376,76.10591928371738,191.08522483625342
1105172,5498,0.0733183201541426,0.24452485219873626,4.410211790505722,1.280462592952536,1.9108784921305573,0.16635278693904304,14.010242017047837,73.36510240055817,191.08526903404803
1105365,5499,0.15956505134938093,0.3311063763538909,5.7681020677931425,1.5531559223494549,1.1889192893806255,0.15427826705594536,18.970997934948187,88.98927927637237,118.89119129362844
1105366,5499,0.13145501381526212,0.26743706921264765,5.856246537307421,1.4973955489917308,1.1656469951857231,0.14650073989515955,15.323015351232796,85.79444521890106,116.56382166559948
1105367,5499,0.10747526089253746,0.20312067385578353,5.955725626346716,1.4368282076276855,1.0828497799671757,0.1382269721761585,11.637957343789678,82.32419218241314,108.28398054735221
1109072,5517,0.21539353472506995,0.48931073969201944,5.0412890582979655,1.1819216075067844,1.3015914794736223,0.13432897599803734,28.035440254777164,67.71911982545654,130.15854970768714
1109073,5517,0.1809351369123064,0.4822361544222791,5.153442098504724,1.2063615462566322,1.5270718181916896,0.1341228322974916,27.630096377015622,69.11942516738105,152.70634627513348
1109074,5517,0.1721290842261094,0.4781797494808476,5.326806083128807,1.2301103570545306,1.591693816612193,0.13231217837170683,27.397681493875588,70.48013179455536,159.16846620423482
1109075,5517,0.14481046779337092,0.4739111416313569,5.463752061153637,1.242791188813173,1.875078978639097,0.1303256242372033,27.153108279703353,71.20668993504103,187.5066159708268
1109076,5517,0.08421653930161332,0.311335109624579,5.619957910218293,1.252307407396032,2.1181333055864675,0.12767342765793482,17.83818779573119,71.75192909676281,211.81084063553814
1109987,5522,0.17853982769391705,0.2121621794048526,5.297723002098917,1.3932358346328853,0.6808563068728279,0.15068083591487047,12.15599745219545,79.82653319085102,68.08525315585064
1110726,5526,0.13886332653765426,0.5735448760409041,3.671754360938695,1.9097133396177273,2.366477831935644,0.2980006378039831,32.861700758497776,109.4185144399294,236.64609606979977
1110792,5526,0.21450892021558696,0.25547340098949683,5.3472962330295974,1.0141591395555056,0.6823747449507286,0.10866620402206863,14.637547654551478,58.107038451149535,68.23715956744768
1110793,5526,0.11192123041523447,0.18661587880585573,5.358101033948782,0.9513303127685848,0.9553416497200464,0.10172860010928439,10.692302245700402,54.50721184450048,95.53331993145306
1111998,5532,0.2098202384692593,0.18295748604188908,4.632673864407653,1.6309756837151141,0.49960343946784186,0.2017150908929207,10.482691780523913,93.44802316533988,49.96010821878607
1112801,5536,0.2030380354588279,0.3798020799438608,4.258520650614097,1.9128116674928939,1.0717723460102075,0.2573570596107428,21.761056231073514,109.59603555072418,107.17671201450425
1112802,5536,0.14863811789393588,0.3104705648098301,4.385275680045799,1.9160512296776386,1.1967759066058514,0.25034149857573423,17.78865302664616,109.78164879138023,119.67679355672423
1112803,5536,0.12361401697527129,0.24325489706119144,4.450677715150129,1.8958854536052887,1.1274997901559929,0.24406672790078177,13.937478947495562,108.62623493182869,112.74907603081671
1113203,5538,0.24500802133552108,0.25055989363820486,4.975950170707296,1.9674513666021993,0.5859409727290282,0.22654298296758432,14.356024420715944,112.72665970355212,58.59386051363582
1113204,5538,0.14374661892696958,0.18243129413325165,4.973181212188525,1.9357200073847007,0.7271504927086302,0.223013362648725,10.452543204945055,110.9085867421759,72.71454847718506
1114208,5543,0.19935324898558873,0.22554857601498554,5.255870634961801,1.8176660088084997,0.6482453081832237,0.1981490753942881,12.9229814808443,104.14459086911616,64.82420889749132
1115014,5547,0.23453668864298574,0.2784964917221075,5.758352450432305,1.4871169544964054,0.6803486907252091,0.14796858254243742,15.956673584876828,85.20552513499251,68.03458189257653
1115015,5547,0.16785176012207245,0.21145946977213498,5.804346048842663,1.4842921300628862,0.7218115809685064,0.1465172368341584,12.115735156017543,85.04367461708644,72.18073237047912
1116354,5554,0.22588184155138058,0.3454539376000053,3.990478292436023,1.9956836192656988,0.8762568796348715,0.2865427148357508,19.793052640656004,114.34424862731761,87.62530391735737
1116420,5554,0.23051353114195056,0.42936464953458386,4.923878078024778,1.8429198371135134,1.0672163625865339,0.21444789403772518,24.60078229044538,105.59152864754145,106.72117791696286
1116421,5554,0.15402123434674744,0.3587812619172991,4.961560469100298,1.8249281328618738,1.3346634201941583,0.21074152047146946,20.556652076239008,104.56067992767493,133.46548414536173
1116422,5554,0.0850316693862787,0.288055434652622,5.0162088170659604,1.7991159371770458,1.940966095286245,0.20549732598605192,16.504360671401724,103.08175005496848,194.09434974253497
1116423,5554,0.05182297078408947,0.19598288089594507,5.093724867257042,1.761801255917133,2.166797772389085,0.19817280818523034,11.228991932152743,100.94377630489957,216.6756379771688
1117359,5559,0.17668935309015615,0.3428066663734469,3.942419882581512,1.7830100897594825,1.1116331412732372,0.25912753018696427,19.641375172147786,102.15895297246043,111.16269127678852
1117424,5559,0.21687211330664286,0.27671533531582326,4.623609866333686,1.3375023560870818,0.7310584965190139,0.16574330910755875,15.854620840144053,76.63324009259355,73.10551593238193
1117425,5559,0.1564021043777064,0.21009631677932122,4.698467633620749,1.2870531529458242,0.7696591756827639,0.15695056189846085,12.037632242698686,73.74271367280137,76.96543038959348
1118229,5563,0.24129643890341101,0.3029458119411012,5.618206562628744,1.6756964769515577,0.7193440485457417,0.17089143062488407,17.357516445389038,96.01033587426528,71.93410972064682
1118230,5563,0.1434360870457832,0.23509581058912174,5.75599375821677,1.6596677438861116,0.9390939941473875,0.16520510783689277,13.469997727963683,95.09195711867343,93.90875125388067
1118364,5564,0.1987907953532631,0.5747313398362546,3.241656905253004,1.7915441304738629,1.6564991558839164,0.31665262602157823,32.92968012651643,102.64791748758724,165.64909063776358
1118428,5564,0.18082822505904675,0.3012479455157603,4.959586770549301,1.9356164593406842,0.9545100000231692,0.22361268949102622,17.260235865040038,110.90265387627691,95.45047742920978
1118429,5564,0.07853180734224484,0.23294975625484227,5.0012687377101415,1.9345112734261076,1.6995707375313602,0.22162242618644074,13.347037872003712,110.83933138779437,169.95493124087
1119726,5570,0.22038102853908817,0.7497303620116572,5.664129010965008,1.5905109080164426,1.9491869990649981,0.16088892389555162,42.9563855160833,91.12956229886245,194.91782429284754
1119727,5570,0.11087392553268566,0.5034635216859623,5.79651398424125,1.5991235953572835,2.601723731804842,0.158065749560485,28.846334931398836,91.6230329337584,260.1700501065501
1121646,5580,0.16805648851779692,0.19357181091947237,5.474125746035949,1.704134646314103,0.6599475709780807,0.17836587485802027,11.09084779839015,97.63972295581738,65.99436833316507
1128164,5612,0.17995662476149163,0.21376092132615676,5.0646307133743,0.4945094227518565,0.6805861108177179,0.05594347228983158,12.247598616816814,28.333302853131986,68.05823667126788
1128165,5612,0.13891738091578207,0.20286125758800852,5.155193314304128,0.5005701637989164,0.8366910586130699,0.055634301046744244,11.623093886509135,28.680557735850215,83.66850959453323
1128166,5612,0.07165505082811835,0.1884785842404552,5.209100803789578,0.5067550215596568,1.507085093610214,0.05573884057987104,10.799027405579032,29.034923982429376,150.70642717225238
1134107,5642,0.1579901773605849,0.33951631223419254,3.4332846846905025,1.6566072244833294,1.231269618186311,0.2764600396249181,19.45285176686511,94.91660227377612,123.12619028382619
1134108,5642,0.08881861975287152,0.2739240720976096,3.4472161292578956,1.6339486898492899,1.7670496923786303,0.27157671607283806,15.694693238230306,93.61836386929464,176.70299965141317
1134109,5642,0.06119099467718462,0.21746266675797116,3.5146243886215967,1.6013427018007493,2.0361968352412547,0.26105258474630416,12.459693006891612,91.75017836725927,203.61638924539255
1135112,5647,0.21895195568584236,0.2943286379638813,4.8319723643906425,1.7242649537127694,0.7702049484844978,0.2044570973411674,16.863788745164374,98.79310461006193,77.02014659880108
1135113,5647,0.1592748694643477,0.22944822008219443,4.933434813688791,1.7373445016432543,0.8253915916754035,0.20177120213780103,13.146414627498599,99.54250750441778,82.53864613460038
1135513,5649,0.1874711223359196,0.35914820569630473,4.568396357058075,1.6819108844256645,1.0976450693871398,0.2109414058061769,20.577676406094614,96.36639519470616,109.76392729593556
1135514,5649,0.11238593825613136,0.29372092599174326,4.7654614171948815,1.674611030627418,1.497426473249797,0.20134072187314406,16.828969414001293,95.94814438100408,149.74132826403584
1135515,5649,0.0654302276314456,0.2259601376678954,4.923351318043449,1.6492184689233458,1.9786818289566137,0.19192873201248278,12.946562226565463,94.49325776433523,197.8651890728621
1137121,5657,0.18992410562936557,0.32128780112297595,3.8277699214298693,1.8595449295925595,0.9692521116859585,0.2783450368993462,18.408435013385073,106.54407628060548,96.92470593808018
1137122,5657,0.1373423938403932,0.2551617879738401,3.896315859011029,1.8012239082397214,1.0644704865441759,0.2648720775463992,14.619693543913003,103.2025279001955,106.4462813617563
1137123,5657,0.09688278438337031,0.1870067147308937,4.025051035226506,1.7364122958682127,1.1059441011051516,0.2471747436988629,10.71469549468717,99.48909604787018,110.59328000946981
1138327,5663,0.22730865524619387,0.40748799834385746,5.55381556482183,1.134020487595,1.0271206547295428,0.11699089922093002,23.34734250733691,64.97458782056123,102.71161813188243
1138328,5663,0.17621778531922777,0.3418363914692436,5.763723726516386,1.1011396229229264,1.1114531582743277,0.10946161879410757,19.585782515169477,63.0906530481106,111.14469141124202
1138329,5663,0.10996699050499131,0.2780779492821279,5.951459515610694,1.0624270218115908,1.4488612762331112,0.10228177496378306,15.93269286951889,60.87258439045761,144.88482326860128
1138330,5663,0.06896646204865205,0.20914511037628541,6.1661359399092825,1.0163459011612686,1.7375301033095436,0.09443893409910582,11.983132130358914,58.232330661961,173.75051617682547
1138931,5666,0.23616671685938334,0.26120003952432874,5.444860392120484,1.1229973896380878,0.6336904471011732,0.11817201191312948,14.965659873394328,64.34301083047087,63.36877907112526
1138932,5666,0.1403611962019908,0.1975276814806852,5.5979928704523205,1.0912379278196935,0.8063127121863657,0.11168883034309626,11.317502485847694,62.52332770867,80.63070251167225
1143355,5688,0.19240616392389306,0.2816866912766771,5.45047102942282,1.8281104030259776,0.838822280284114,0.19217240091682108,16.139458555158182,104.74301057734847,83.88179642594892
1143356,5688,0.12605180019202156,0.2136632725431088,5.533482098587716,1.7819211766390977,0.971188254656928,0.18450689971140716,12.242003753673577,102.09656284640596,97.11806270883959
1146457,5703,0.23045674191506393,0.24254941646101882,4.502488476490275,1.7213405562032404,0.6030223793008742,0.21904675441386132,13.897057886577315,98.62554897514735,60.30197888382994
1148177,5712,0.23216378285803635,0.32472395918212377,3.540185167770182,1.7714463572914032,0.8013873368829261,0.2866979968843029,18.605312367914106,101.4963999066211,80.13839195969203
1148178,5712,0.14522045034302997,0.2587192175999426,3.5714763937900504,1.7356353221624472,1.0207596927036564,0.27844109127588407,14.823519247403478,99.44457873373717,102.07527340064846
1148179,5712,0.10683367854121205,0.18908376240463817,3.659705201616302,1.691646760463981,1.0140716573743493,0.2648416038918005,10.833701560240193,96.92421980156425,101.4062260323181
1149875,5720,0.23689826915585138,0.284051736234997,2.7840145087911132,1.6383641791023917,0.6870022740402255,0.3371798247975516,16.274965649628605,93.87135276798276,68.6999403063655
1149876,5720,0.17027729528469437,0.2162970908879743,2.796727848654103,1.5884987713402143,0.7278075259717219,0.32543128956176226,12.392910428838503,91.01427535951109,72.7803294490255
1151795,5730,0.1711742718213388,0.34544869433014336,6.282522009969982,1.690623593810305,1.1562924063604674,0.1541826616168914,19.792752223422067,96.86559667057008,115.6285718890542
1151796,5730,0.09920079344363712,0.27952399220458574,6.482335798435441,1.6648037277757939,1.6144571888543253,0.14714792651604633,16.015545025970486,95.3862273191994,161.4441077123262
1151797,5730,0.06692782110174936,0.21649485128478388,6.649205766331322,1.628170215857295,1.8533756526597351,0.14029838274759815,12.404241264930524,93.28728169752723,185.33482378350612
1155213,5747,0.22546931491564798,0.273190015613684,5.273163760375721,1.7037311167824312,0.6942245871199144,0.1851196106693048,15.652634899777155,97.61660241674369,69.42215389033831
1155214,5747,0.14665010630191075,0.20666767823683302,5.336761776977507,1.6636502285578008,0.8074446869418503,0.17861043922727088,11.841185724738226,95.32013668233677,80.74392361119163
1157559,5759,0.19853780219170858,0.3164831267912812,3.489202868979671,1.9539802067713055,0.9133347069793795,0.32086073233103046,18.133147452244124,111.95481910009572,91.33301526990579
1157625,5759,0.1811824546302485,0.5263690136288766,5.567961847897167,1.845436189612749,1.6645497680443695,0.18990019638074118,30.158722947398736,105.73570502551485,166.45406728194567
1157626,5759,0.07982794201691265,0.3083547873490417,5.607524304362745,1.8367738162014025,2.21318817048081,0.18767531211398422,17.667427907754078,105.23938758847835,221.31607235895768
1157627,5759,0.060450818874051834,0.21100460074972086,5.682410719432798,1.8227644505873233,1.9999184967323735,0.1837894426113765,12.08967308080197,104.43671006513591,199.9885744710207
1157826,5760,0.20202632078297342,0.38052066172520244,5.08988494892019,1.4851450373580941,1.0791775433371802,0.1671796971683816,21.80222793437938,85.09254260541778,107.91722550139784
1157827,5760,0.16174195913653375,0.3140477115514783,5.195864790067198,1.4452475425656766,1.112488523152105,0.15937016786810182,17.993608437641576,82.80658454066706,111.24817138069328
1157828,5760,0.12864472264006216,0.23991708672518963,5.332474951514158,1.399448973232917,1.0685425061971565,0.15036642532568933,13.746236502427514,80.18251981016266,106.85342831714745
1159167,5767,0.24896412847005805,0.3206724592532477,3.0950725862294655,1.8117846509855542,0.7379849416947907,0.33539637814801976,18.37317852129196,103.80761388805512,73.79820071268182
1159232,5767,0.18454605803965624,0.27353678944079535,5.172094037908144,1.146509995161904,0.8492461390804839,0.12700887355076224,15.672503576516235,65.69018389234154,84.92415833119628
1159233,5767,0.10405312487814135,0.20638432463788228,5.28300892293884,1.122074887704648,1.1364338780621015,0.12169230864300036,11.824950759408507,64.29015536309213,113.64230657128495
1159719,5769,0.1801187581303228,0.4989639927033643,3.5549527682898745,0.5265124366514193,1.587204443360077,0.08485890632782858,28.588530910899177,30.166940481275446,158.71957195397962
1159720,5769,0.13152912007046308,0.4524538993667664,3.588458075717438,0.5089866779385459,1.9709473364618686,0.08126829902329116,25.923698857952584,29.16278847426317,197.09325015490586
1159721,5769,0.12237631775241439,0.4414082922970477,3.6632513434918854,0.5024950274799616,2.0666441504818622,0.07859369047517885,25.290832190697838,28.79084430091212,206.66274318795382
1159722,5769,0.11263327079587938,0.4023056742206481,3.8123718671753055,0.5063974650635807,2.0465014464757973,0.07610600025138248,23.05041720700818,29.01443750426673,204.6483458731768
1159723,5769,0.10338148426284487,0.3614315100355392,3.865389143806738,0.5141906639964917,2.003114798807784,0.07621730630411289,20.708500108076656,29.460954912028388,200.3095616799681
1161845,5780,0.16528353396971096,0.24320164645059952,4.66073680203351,1.7033227180792743,0.8430620240576221,0.20939436580653784,13.93442791225215,97.59320289469417,84.30569743933627
1164044,5791,0.23612576345929548,0.6580617205897821,3.9218193295025974,0.3384787122185937,1.5967828795873216,0.049450012829015844,37.704159248911736,19.393401665148588,159.67761848144477
1164045,5791,0.060630069781180726,0.25644221662781763,4.020306980417463,0.4242617310463359,2.423393925058661,0.06046405574452249,14.693056701753532,24.308406597869496,242.33543552474327
1167675,5809,0.15600975158473102,0.2553054137161561,5.114207975551309,1.2323478067799924,0.9376286806792229,0.13806307529959694,14.627922692777144,70.60832822069702,93.7622730753436
1167676,5809,0.09479308856005386,0.18692712917071272,5.251330849567237,1.1858794216194721,1.1298433895156905,0.12938793552956648,10.710135577978615,67.94588587021086,112.98315897824726
1169283,5817,0.15488429090600472,0.21647864662377878,3.595984751242369,1.6771216919616854,0.8008114917840344,0.26722024997137556,12.403312806246491,96.0919946792443,80.08063731354382
1170691,5824,0.16152615139135937,0.2167207439279549,3.859535091058932,1.3726379189869768,0.7687413514348221,0.20377158776453663,12.417183960007279,78.64635955757399,76.8736639818655
1174106,5841,0.24049699592713544,0.41787582483873326,5.009519181249748,1.7058597073033672,0.9955434177447287,0.1951056736954462,23.94252112380747,97.73856166990488,99.55393196316456
1174107,5841,0.1728233681972456,0.346582817243845,5.0665558252575975,1.645979394057865,1.1490188935644083,0.18613763572630482,19.85773267982625,94.30767244501628,114.90123115718545
1174108,5841,0.12752053172524763,0.27963975034064464,5.1104799655108035,1.6009563101034736,1.2564389440198522,0.17949006784748833,16.022177478610963,91.72803975376647,125.64291897882511
1174109,5841,0.10366708539828988,0.21357382210008732,5.216290219830861,1.5430087416550191,1.180401416071192,0.16948422107159328,12.236878620812872,88.40788864862458,118.03901435817134
1174306,5842,0.22677268697875394,0.3279215061015506,4.985673993833595,1.691860659740351,0.8285176549693983,0.1944300314316671,18.78851831119232,96.93647532734114,82.85140380044439
1174307,5842,0.14472010847310082,0.2570422684805506,5.116522868158113,1.6731261566031939,1.017649605029969,0.18735979423748225,14.727437140404138,95.86306736630745,101.76426435499224
1174308,5842,0.07507049753595527,0.18634547145194802,5.29164556488503,1.6530246628834289,1.4222374932603854,0.1789827668424561,10.67680904557219,94.71133661425618,142.22187376052494
1175513,5848,0.19971096484895423,0.2701918711422281,4.107363969738235,1.7426912547376312,0.7751629016332606,0.24309716495392633,15.48085387519225,99.8488538908241,77.51590590428921
1175514,5848,0.11180675489090719,0.20109097682894822,4.1178554426714316,1.7401993191464347,1.0304979561571033,0.24213107440171663,11.521664270461763,99.7060764986301,103.04888316292242
1176921,5855,0.24682434878212547,0.19520264056060008,6.291720992013507,0.6335272792349835,0.4531273780722791,0.05769238542992315,11.184287453931603,36.29843930657055,45.31255606086089
1176922,5855,0.14541539560927208,0.18406000961733843,6.368139212643691,0.6678484344120887,0.7252231415251371,0.0600880340526645,10.545861728210834,38.26489664623226,72.52182041801623
1185764,5899,0.15359782170779931,0.19009116653095026,4.979747993765683,1.9093224657912722,0.709086934616467,0.2196820379999673,10.89142156494194,109.3961190193514,70.9082364294524
1185966,5900,0.19847381144852846,0.3290624207251567,3.308047022984969,1.7734860934640984,0.9499433107251987,0.30716996211794306,18.85388790390971,101.6132681806367,94.99385723713958
1185967,5900,0.16508050987793566,0.26024232817776755,3.34250512069824,1.7466988379794817,0.903243281900854,0.2994115718102829,14.91078705524458,100.07847149662949,90.323786511705
1185968,5900,0.13255464951180415,0.19611982476442846,3.422966826979928,1.7024809676872352,0.8477135605215282,0.28497201052608057,11.236838237847035,97.54497414982686,84.77072293207985
1187371,5907,0.22961949451714567,0.34821215358448626,2.63484335871366,1.7686175271810378,0.868875961452244,0.38459333516211786,19.951086775552284,101.33431988033763,86.88722153266917
1187372,5907,0.168109540127915,0.2822659302839049,2.6469535617387527,1.7249756590775398,0.9620302054996797,0.37338707442087016,16.17264650560168,98.83382502794058,96.20245401208004
1187373,5907,0.10109433584867077,0.21579878397586705,2.63500210060593,1.6886982330157636,1.2230515408231541,0.36719242551480774,12.364359545872562,96.7552816230029,122.30395638015116
1188714,5914,0.1875698226357689,0.5930188009675341,4.343216251029328,1.9897613015568076,1.8114573111192775,0.262489634330674,33.97747446734829,114.00492481766256,181.14477502360185
1188715,5914,0.23927162843824498,0.66489422268911,4.3817165859064096,2.0575345576011013,1.5921499527220329,0.2690453473485625,38.09563278271751,117.88804635286007,159.21433651383904
1188781,5914,0.22728765804374304,0.3606678981283101,5.8405782319569735,1.8157892461835718,0.9091891586757544,0.17812801401099065,20.664748368606492,104.0370602915599,90.91851985253676
1188782,5914,0.15808726353517527,0.29108241539811874,5.896336293111945,1.762776790264645,1.0549738457647035,0.17129224846363808,16.67779389278605,100.99967030578206,105.49672391761817
1188783,5914,0.06531248414813731,0.2145462261847284,5.9611216261204465,1.7019126618397329,1.882119712495265,0.16358064568324152,12.292593270844089,97.51241262329238,188.20911839526576
1188784,5914,0.05949225121025882,0.1939926784243181,6.056549591565794,1.636484711525835,1.868303793474798,0.15481367011982158,11.114961730152013,93.76366720811437,186.82727038853417
1188785,5914,0.058440532534024786,0.191342325702144,6.147116507145377,1.5735090687878492,1.8759421507025835,0.14666295720220193,10.963107704950426,90.15542866710409,187.5910372228463
1188786,5914,0.05837006442991162,0.19116896766774163,6.218426943521771,1.511792786439734,1.8765052346106923,0.13929462677416027,10.953175021234488,86.61934616131936,187.64734082220457
1188787,5914,0.05836521810913928,0.1911572654921024,6.192806063296914,1.4415755967985833,1.8765461715456246,0.13337442924583506,10.952504535959239,82.59619754561169,187.65143418199713
1190523,5923,0.21676494621090553,0.469005717510532,4.719011824344131,2.2719246072468207,1.2396860013992645,0.2758452318762871,26.872048180858414,130.17169136715998,123.96803395821625
1190588,5923,0.17140299301065695,0.18100463356267946,4.721088590466979,1.7301004343495183,0.605053668447614,0.20996736433239765,10.370801575453543,99.12745302197796,60.50501737616313
1190925,5925,0.2233120178771541,0.3931224467561277,4.79304467364735,1.7270279352725506,1.0086450445639823,0.20644792261150188,22.524257030982536,98.95141179230987,100.86405729993436
1190989,5925,0.21202553301071825,0.27578044354535536,4.675162629039207,1.8540808951551027,0.7452430147341237,0.2272242023863722,15.801055487394727,106.23101016822507,74.52395350253622
1190990,5925,0.1441250860109729,0.20926787093458205,4.796522343278052,1.8010902324569065,0.831927688105555,0.21514518486813972,11.990165792239981,103.1948688420171,83.19219736062992
1191593,5928,0.22249114701986525,0.5811802823641471,4.208796107466304,1.8416882843278701,1.4966517214306168,0.2507153184084388,33.299177315687096,105.52096587067652,149.66450619362297
1191594,5928,0.16635606382707804,0.5024458771155735,4.237894957011474,1.7972330655766249,1.7305065892812193,0.2429835337130018,28.788028192471156,102.97386945889932,173.04962909417083
1191595,5928,0.12367474202766343,0.42332733401902134,4.325742976230916,1.7494966277587167,1.9611819869579765,0.2317261412941318,24.2548695918148,100.23877304294449,196.11662880817437
1191596,5928,0.08357855284261292,0.2953911564262097,4.375534352249501,1.697876364914074,2.025000908496288,0.22232975858650872,16.924666568710524,97.28114984459049,202.49769223557638
1191597,5928,0.07913725322747897,0.2822268165625877,4.42780443733068,1.6463488984828825,2.043336450486991,0.21303751015008737,16.170405454449156,94.32884348908118,204.33108888527184
1191598,5928,0.0788266957423945,0.28154321163425994,4.488272740098858,1.5960555457865953,2.046417851066678,0.20374707985384094,16.13123777720163,91.44724664202103,204.63921500278047
1191599,5928,0.07880544283932227,0.28149760703754656,4.574222014241616,1.5377176195575721,2.0466381760623187,0.19261139755925993,16.12862482628356,88.10472968355246,204.66124653244486
1191600,5928,0.07880397719621283,0.2814945230953028,4.658421452792785,1.4706536205716745,2.0466538183214964,0.1808815416496784,16.12844812940873,84.2622455843909,204.66281069089408
1191601,5928,0.07880387605490041,0.2814943143870109,4.710356866547975,1.4065526887581212,2.046654927660323,0.17109007839694548,16.128436171304454,80.58953272861842,204.66292162008318
1191602,5928,0.0788038690739905,0.28149430026177824,4.726891610228258,1.349088042630684,2.046655006264975,0.1635261758562826,16.128435361988238,77.29705103430348,204.6629294802219
1191729,5929,0.24811648446388446,0.194553204634013,3.631866937581789,0.2918110360513393,0.4492678949200835,0.04603566436323898,11.147077516273994,16.71954078108165,44.9266102320836
1192734,5934,0.11727906046089803,0.1873526630874513,3.0184495719821496,1.5729233807207952,0.915296892553936,0.29857007302924593,10.734516875447406,90.12187121275072,91.52891662284202
1192735,5934,0.19400808373069256,0.2540182590887237,3.0722771558876634,1.6393446188749086,0.7501838652797415,0.3057260877108285,14.554174165044534,93.92752782901474,75.01800372011158
1193192,5936,0.24427265988713717,0.8720382215453932,4.839907916203543,0.6695656358997035,2.0454236526636613,0.07926449351721158,49.964109668645285,38.36328504404617,204.5415362906112
1193193,5936,0.23126107662286352,0.8259457074909371,4.9548986335057394,0.7581850716203866,2.0463106801600115,0.0876724385686657,47.32320314617752,43.4408046936722,204.63019201955464
1193194,5936,0.20288174846629428,0.7254490647391142,5.141030493142052,0.8560795031123347,2.048738633550906,0.09540838636537088,41.56516966126407,49.0497424559934,204.87286363911548
1193195,5936,0.13999973895687756,0.5029778696408634,5.221910304988294,0.8665118464799297,2.0584686282387117,0.09507530521710844,28.818509118902774,49.64747170138789,205.84540720016722
1200059,5970,0.21131360697564414,0.22543895034100503,3.513128647839732,2.0286318911503165,0.6112573613222336,0.33085052347621197,12.916700392398939,116.23204554855575,61.12544976073377
1201243,5976,0.17981147983188148,0.18580930366882437,3.9392902714296834,0.8907472937271175,0.5920694447525073,0.129556485806223,10.646088894488319,51.0360605432637,59.206618497459395
1206871,6004,0.17485127412944196,0.26422303490774446,4.8097572354224045,1.725614009016192,0.865813758573504,0.2055621411649742,15.13886475035158,98.87039978527778,86.58088564032276
1206872,6004,0.12642685017699556,0.1981542328795677,4.957883065674041,1.7014064997355414,0.8980212923707116,0.19662305500764465,11.35340123665168,97.48341167097274,89.80142603672549
1207271,6006,0.2168641667072409,0.33640722398927614,5.187264027213412,1.7043991279138218,0.8887919814584156,0.18825892789467516,19.274714132297664,97.65487663524013,88.87879240799302
1207272,6006,0.13410175921024514,0.2726777390999297,5.314837991867931,1.6585937342696035,1.1650318791172047,0.17880210246689,15.623283617595359,95.03042090049105,116.50232783876811
1207273,6006,0.10362018504703749,0.21620306872363262,5.482400112374579,1.6222853425557067,1.1954738504417823,0.1695427207420201,12.38752335564104,92.950103294377,119.54624288477191
1208879,6014,0.20600564021858256,0.26954341776769636,4.928627691364748,1.7212349509478098,0.7496736238658507,0.20009524803914244,15.443700233620566,98.61949823971678,74.96700211815545
1208880,6014,0.12267991183560795,0.20176087240956614,4.979767110383222,1.7103003756137536,0.9422932691003983,0.19678228088458555,11.560046459945635,97.9929932223075,94.22856650622276
1210690,6023,0.21265611713064203,0.5018249342053905,4.995872021974009,1.6905391320205392,1.3520631252131978,0.19388158212734283,28.752450784399098,96.86075736648638,135.20568308435946
1210691,6023,0.15755724676712546,0.4331712001369128,5.012779946390551,1.6461235490046913,1.5752293536783832,0.18815095163877388,24.81888157446181,94.31593191506535,157.52194558971362
1210692,6023,0.12133104782069809,0.3655945638801882,5.078551141995313,1.6022440038541643,1.7264355804278961,0.18076379743643692,20.947025523260752,91.80181917098642,172.64214937026216
1210693,6023,0.09127461796517314,0.2937732877129684,5.1906629640684026,1.5582992094137431,1.8441016846497542,0.1720087941829909,16.831969519635535,89.28396791798032,184.40816830249116
1210694,6023,0.06935473341613671,0.22570664782896943,5.256209679752427,1.5117081593019521,1.864622041934722,0.16478508753628474,12.932038328645554,86.61449738349218,186.4595425882514
1210695,6023,0.06652218441674786,0.21985615410554377,5.341145010550125,1.4504769357995544,1.893628110237756,0.15559623710389875,12.596829730225485,83.10620670238254,189.3599929208156
1210696,6023,0.06632113897771215,0.21943096429688552,5.42000643019681,1.3971129174425991,1.8956951654927585,0.14769110434814103,12.572468148697393,80.04867367267035,189.56668681814418
1210697,6023,0.06630733061057287,0.21940238261064715,5.510415181983595,1.3388900450198475,1.8958429674527042,0.1392140993718907,12.570830538704566,76.71274881171804,189.58146620418984
1210698,6023,0.06630637788517567,0.21940044921906154,5.5191476513304165,1.2825424455124645,1.8958535013693667,0.13314423473232068,12.570719763526565,73.48426917425157,189.58251953945836
1210699,6023,0.06630631211960843,0.2194003183726868,5.4534370239221195,1.217084912029255,1.89585425110829,0.12787133753367044,12.570712266581529,69.7338287683274,189.58259450942384
1212497,6032,0.18232545220500956,0.2737230640309375,4.4694691255962775,1.8063005002454569,0.8601747739834331,0.2315563483192659,15.68317632436191,103.493395196434,86.01701033883772
1212498,6032,0.11396865780815098,0.20870812389447826,4.533307949009247,1.8006672397735208,1.0492440491957613,0.22758355284789017,11.958094649247094,103.1706331464942,104.92349349136911
1218124,6060,0.20026485729575716,0.3108803963322364,4.020469017682468,1.7858160045183276,0.8894288291158913,0.25449697371452257,17.812134643191463,102.31972004581571,88.94244322878312
1218125,6060,0.09198839723401697,0.24125039758555752,4.02031492443907,1.735837548902067,1.502649084067845,0.2473840161636456,13.822629587505553,99.45616547242209,150.26329123933047
1218126,6060,0.03609278616521656,0.17597987037637042,4.0840226618326305,1.693525822501175,2.7936056285776076,0.23758898988236374,10.082903851825327,97.0318821257387,279.3529004042857
1218211,6060,0.21705507831713075,0.37589829163104926,4.726557095429465,0.7417246250019254,0.9922543536583431,0.08991257193257281,21.537385636636916,42.49769057353399,99.22498279531995
1218212,6060,0.13605516132714482,0.3634002928521531,4.789607822897228,0.7625453103342563,1.5303573433590159,0.09121963528946811,20.82130305424651,43.690627969646485,153.03462078561827
1218213,6060,0.10142784447453158,0.35778053025179674,4.928740927669999,0.8040598641772418,2.0210734498507983,0.09347059883207583,20.499314375380624,46.069236693218166,202.1053723088399
1218214,6060,0.09349665355401557,0.3439003488586079,5.065233482563315,0.8221474174080305,2.107459005881138,0.09299783953537413,19.70403856267489,47.10557715506058,210.74366910493052
1218327,6061,0.2397737792025659,0.2625637632131056,3.8546911971876368,1.7825084894695382,0.627416179859173,0.2649504406537347,15.043795485183253,102.13021339284408,62.741358933643276
1218328,6061,0.15702169143574868,0.19945080074792068,3.9031979949904554,1.752626733550216,0.7277776892537778,0.2572713830193516,11.427689103360578,100.41811489422685,72.77731007455452
1218864,6064,0.21211443187102505,0.4160422235540847,4.320850845379618,1.6482914188744013,1.1238020051167272,0.2185683905093643,23.837463508887343,94.44014170913331,112.37967600292988
1218931,6064,0.15551616578661698,0.204296028176825,6.598180747481888,1.705310136717603,0.7526741270875003,0.14808183829156676,11.705300185817817,97.70707359479604,75.26693356718256
1219934,6069,0.20343755222422635,0.3846732011139072,3.55043880900134,1.5587747272285366,1.0833865031926413,0.2515497876033604,22.040150915614,89.31121308185128,108.33812310717654
1219935,6069,0.13882335618535255,0.3185686770015306,3.5864725310733787,1.499770899638524,1.3148104082769245,0.23959626569483852,18.252640677254035,85.93054278582599,131.4801031951761
1219936,6069,0.08440106325214673,0.2503610187092275,3.637531038043546,1.4481860653719338,1.6995790662258818,0.22810787976668076,14.344629726634578,82.97494949546855,169.95591308924224
1219937,6069,0.055707087163732634,0.18200197416811942,3.7180410951038074,1.3892180785960724,1.8719239583123082,0.21408136832474883,10.427944982882275,79.59633272682844,187.18906919624283
1220134,6070,0.18367957563217083,0.3358198522756544,4.828895932025187,1.708035052025079,1.047533951357726,0.2026616454700456,19.24106021210177,97.86319974144503,104.7528305368169
1220135,6070,0.12770196636612796,0.2711937119759443,4.980090328903907,1.6906713892396787,1.2167591738877324,0.1945112007110165,15.538255126708057,96.86833514695321,121.67497411265644
1220136,6070,0.08966616764784459,0.2043528018960016,5.098868916074196,1.6734939664098096,1.305793710343953,0.18804982576736823,11.7085530803139,95.88414131589005,130.57792932969204
1220738,6073,0.17980305140906985,0.26515216113501205,3.5505322774024606,1.6424545758195146,0.8449299829909673,0.26504678064836024,15.192099761808926,94.10571523640806,84.49253308116833
1220739,6073,0.13096201792883236,0.20044291796483374,3.5810706761183893,1.6052415722006343,0.8769361176136423,0.2568325935105559,11.484533232671962,91.97356718604117,87.69294885150602
1221140,6075,0.15131987210801368,0.30888224893920274,6.270541704916983,1.6195492760481063,1.1695521424007458,0.14798296933465643,17.697649230725567,92.79333823102439,116.95444907357451
1221141,6075,0.0906801130208007,0.24283616779113557,6.511666041178042,1.586239458509727,1.5343481089423772,0.1395723084621058,13.913487527562767,90.88482626972441,153.43313578838902
1222949,6084,0.16247908469770242,0.17931556123597342,5.8404592371676625,2.056290376035798,0.6323290315567118,0.20172516409108684,10.274024859840944,117.81676000022021,63.23251787415043
1224155,6090,0.19646560147219297,0.2533738241844115,4.358005055759328,1.7818258236714204,0.7389207025124214,0.23426108502241014,14.517250764856527,102.091099523794,73.89169790729666
1224156,6090,0.11837010985984753,0.1841677004121906,4.416018644481265,1.7267960043450943,0.8914438853945641,0.2240437164562884,10.552031956248273,98.93812312902807,89.14364297793587
1225964,6099,0.17715802239531858,0.240294917498683,4.323573709532843,1.5004632808200125,0.7771527164174277,0.19884063250025616,13.767884611118848,85.97021330533956,77.71483735328324
1225983,6099,0.02435857889914657,0.30245319421756117,4.032322905971161,1.7059454741085531,7.114242783383894,0.2423999212928199,17.32929152891685,97.74347574586434,711.3953652755458
1225984,6099,0.055164572353947255,0.3638313037252799,3.8389667082541505,1.7297879272020396,3.7788735577564476,0.25816724904151256,20.845998158200924,99.10954768135976,377.8805742184842
1225985,6099,0.07726164328741587,0.4306039137264203,3.6336695182279666,1.7688106256236957,3.193277110775697,0.27890644104764156,24.671786898339302,101.34538360613247,319.323619392112
1225986,6099,0.09632729553551166,0.49498426157369996,3.387712804946728,1.8041829888896173,2.9441817100466188,0.3051382344943513,28.36050911357258,103.37207073267336,294.41514516487433
1225987,6099,0.18027634988829738,0.5616190978882628,3.223605984514412,1.8330040756790518,1.7849486212657302,0.3257947700351898,32.1784040029421,105.02339736668822,178.49388191517312
1226052,6099,0.21790719938510494,0.25949601576793113,4.3295659940301,1.0872841519630105,0.6823099862513782,0.14388692303328665,14.868026503962716,62.296793038941345,68.23068863823127
1226053,6099,0.12065176278249366,0.19503347002081634,4.393357213687229,1.075746314385512,0.926185702727234,0.14029299349647237,11.174594695984045,61.63572364104323,92.61781030351543
1227973,6109,0.23326174589171517,0.32308774273340535,5.483082567968331,1.5829648025164897,0.7935961898368845,0.165412796565178,18.51156407103266,90.6972023019547,79.35928217027019
1227974,6109,0.151117743090924,0.2541379557951067,5.639711487155959,1.5565286380715326,0.9635553721064702,0.15813312737312635,14.561032281141895,89.18252165274485,96.35490597206014
1227975,6109,0.1044048673455905,0.1909871209336835,5.756937904622812,1.5317824327535656,1.0481077368285308,0.15245026059102704,10.94275597085472,87.76466852906114,104.80977984343978
1229115,6115,0.10910973442761002,0.44760061334367796,2.82170975626037,1.8253212302981807,2.350443233699868,0.3706377034315528,25.645626052059786,104.58320275171272,235.04219073032164
1229116,6115,0.16361743196263376,0.5153845583611926,2.8518942132417564,1.8848539885053368,1.8047806924553913,0.3786752596209486,29.529360020310197,107.99417853975558,180.47697723355486
1229179,6115,0.2073818876852825,0.35027945900044627,4.550368482154835,1.6679571993233564,0.9677573054765051,0.2100201513228074,20.069534650851327,95.56690792968934,96.77526856173493
1229180,6115,0.12640701684854422,0.2853139262940416,4.654078336361747,1.61524061909578,1.2932258767973306,0.1988502631130676,16.34728381295523,92.5464703722864,129.3215748534504
1229181,6115,0.07841689266450466,0.21729903809638865,4.793049445440592,1.569202707411287,1.5877084342954015,0.1875813992136333,12.45031777517556,89.90869233516894,158.7688390000706
1231190,6125,0.1776861519821194,0.22336008373385258,5.150840332441588,1.9772157020891115,0.7202356090580788,0.2199371508047994,12.797590109638422,113.28611491670199,72.0231596200396
1231792,6128,0.24858960131624216,0.36045146489687857,4.647397596413269,1.9450156105229754,0.8307808016814627,0.23979266464363222,20.65234765789909,111.4411855700276,83.07774931372566
1231793,6128,0.13836928118985126,0.29392244933804007,4.759170389652169,1.9600990212908251,1.2170703272672851,0.23597684452713769,16.840515851217454,112.30540134768756,121.7061619475311
1231794,6128,0.07220360352149834,0.22520217051008173,4.810577062074411,1.9481777873499153,1.7870482207336282,0.2320352907435109,12.903133907413213,111.62236495628532,178.70237184491165
1233403,6136,0.1865970101224262,0.20838254714724697,5.212936308919735,1.7738725028393394,0.6398516154164565,0.1949676757763731,11.939440475723144,101.63540780700228,63.98482206691125
1233738,6138,0.2282275165783038,0.453815540910579,4.70776781311154,1.7835373747260492,1.1392891804705976,0.217065004085322,26.001715171622727,102.1891641756454,113.92842385102081
1233803,6138,0.21614467014290417,0.3883495688215762,4.79961281792893,1.6349561384215856,1.0294396907890813,0.1951742562972223,22.250791269201617,93.67608642056368,102.943497570368
1233804,6138,0.14119596121351896,0.3157679418687872,4.923982025574604,1.6280142521788776,1.2813517424838234,0.18943681143245977,18.09217037461383,93.27834563699658,128.13427583087096
1233805,6138,0.09348437055317708,0.2513102580284092,5.066691531779489,1.6206550640022477,1.5402591372128642,0.18326889341524943,14.399017133371558,92.8566952138331,154.0242826034582
1233806,6138,0.06678151968608664,0.1805596724960267,5.210351966539339,1.6070331724946088,1.549127016544225,0.1767178469632225,10.3453071842867,92.07621832146029,154.91040519158523
1235410,6146,0.18450053027502475,0.3246057200210058,6.030124392039359,1.8864042647520973,1.0080478753766828,0.17923842962380876,18.59853776300888,108.08300282577434,100.8042466384166
1235411,6146,0.10547116458850309,0.2546135656733444,6.238613423355939,1.8688375070898107,1.3831535276606135,0.1716350963172221,14.588282719859649,107.07650175199622,138.31405448798225
1235412,6146,0.06005113014275422,0.1863027720967847,6.43129500266999,1.8490940833634828,1.7775453600644704,0.16473398699736427,10.674362552733403,105.94528689933918,177.75160560264243
1237019,6154,0.16920592881519061,0.27394276489458047,5.015295693066076,1.787651847565574,0.9276130829986522,0.20422505903620883,15.695764256604031,102.42490610427139,92.76076556975448
1237020,6154,0.09088839310289654,0.20608471216897573,5.173148915146798,1.7682964399589762,1.2991519078713314,0.195849615782679,11.807784229450666,101.31592293765792,129.9137757040911
1237241,6155,0.11818524458327229,0.17517806386896012,4.4796433845879,0.24980638575772662,0.849256851741402,0.03195087273381365,10.036963722964591,14.312851599334692,84.92497378485272
1237242,6155,0.1606570961715611,0.18964207611569972,4.305415856015905,0.25161728373340164,0.676328040412053,0.033484822045333165,10.865690579528307,14.416608410469657,67.63238727742187
1237243,6155,0.17829523422200477,0.19386295987046911,4.1218324348098125,0.2504826982983701,0.6229851756820476,0.034818497951358475,11.107529404491924,14.351601453545335,62.29817165213614
1237244,6155,0.23666412228575834,0.20704748761831046,3.9415980624853355,0.24490364412368537,0.5012566578949332,0.03559963481211405,11.862947199316359,14.031945195661056,50.12545610752307
1237510,6156,0.20824465604699782,0.28022291486166695,5.136570595848739,1.8142268064768579,0.770996474925499,0.20236758543192612,16.05559034442731,103.94753909062152,77.09928096076976
1237511,6156,0.1338861079107363,0.21389253729720684,5.166903012597618,1.7674206408061117,0.9153405780758517,0.19598924713626062,12.2551396564745,101.26574334249764,91.53338097828738
1237758,6158,0.18327274052614617,0.36326849283054874,3.098738905973804,1.7914360984776283,1.135670819012426,0.33123709513260047,20.813751469268848,102.64172771015062,113.5664684395936
1237822,6158,0.22623301084830655,0.28243304377000794,2.8753543945509406,1.9603863222654607,0.7152899847412453,0.39063658484396846,16.182221403055102,112.32186248098418,71.52868546323715
1237823,6158,0.12971718408270483,0.21317760938026048,2.845919170377014,1.9556787647420792,0.9416004863927216,0.3937291686836842,12.214177304177394,112.05213930307937,94.15933001644521
1238425,6161,0.2354220354800817,0.3164144608006969,5.475359986094273,1.721525760427968,0.7700728767273162,0.18014552552879107,18.12921318078756,98.63616039557223,77.00696384199586
1238426,6161,0.14426937768015688,0.24933803394963458,5.6443756000159855,1.6850604770047726,0.9902320407067637,0.1710496611624352,14.286017017403697,96.54685355667478,99.02252456200932
1238427,6161,0.05561371744835389,0.1772390827247198,5.816914632458585,1.6564522101458015,1.8259972619758438,0.1631581799631805,10.155051404896504,94.90772060647174,182.59647573193016
1240974,6174,0.20412283162213357,0.5552971058299709,3.2089590328852027,1.8889889603085628,1.5586781120157032,0.3372778945635109,31.816180539886755,108.23109497248603,155.86705524313143
1241038,6174,0.20664128477933544,0.22088733865091909,3.1188428524002583,1.2464857821636697,0.6124580406878202,0.22898997382022024,12.655912252574607,71.41837454104159,61.24551064700684
1241442,6176,0.21622292839181076,0.18515439635373876,5.825944394184224,0.30412172251043357,0.49063089921284037,0.02990912708604284,10.60856546936167,17.424891158096607,49.06286528167369
1248877,6213,0.21631154006512726,0.2987912588858479,3.3663835397065003,1.75270521509702,0.7914269064414495,0.2983100709495321,17.11947808955984,100.42261155562838,79.14232843091537
1248878,6213,0.12302780940909977,0.2339677878133865,3.3801007232198654,1.7300717751256163,1.089620774236684,0.2932628900529173,13.405366783719423,99.12581096940426,108.96120061719382
1250688,6222,0.20698454266429134,0.35931287042541943,4.994311236339247,1.8053901338723426,0.994620648503071,0.20711811888228784,20.58711100010755,103.44123504544392,99.46158912894543
1250689,6222,0.13934224134342427,0.2883668577100843,5.043691400861469,1.767300176368877,1.1857282151640127,0.2007633556260087,16.522203898237372,101.25884123866267,118.57197908520641
1250690,6222,0.060195989434647344,0.2044132817003075,5.080977346292425,1.7197292576048677,1.9456472901594941,0.19392573801553936,11.712018317846404,98.53322836592525,194.56152920340836
1250691,6222,0.0541903765034761,0.1828253968444134,5.124991610649466,1.6785534417226433,1.9330224976928978,0.18765694661892615,10.475123626989287,96.17402789786605,193.29871840988136
1250692,6222,0.05369830405593203,0.18091673368044228,5.216164588077378,1.6295411754249671,1.9303707137592254,0.17899326246156336,10.365765283181656,93.36583189463792,193.03351254580318
1250693,6222,0.05366097281979886,0.18076414334176938,5.322342357734282,1.5725174208926394,1.9300843846937292,0.16928375741882323,10.357022500781227,90.09861142794554,193.0048776917115
1250694,6222,0.05365837922885587,0.18075364845598949,5.420874721247339,1.522049764257233,1.9300656126573017,0.16087261193869185,10.356421188119567,87.20702770082136,193.00300035059476
1250695,6222,0.05365820222977859,0.1807529381155771,5.5428301083229465,1.461440597437841,1.9300643942931184,0.15106791378192327,10.35638048861192,83.73437824226585,193.0028785046783
1250696,6222,0.05365819014824037,0.18075289004020437,5.641428163581499,1.4041443612593563,1.930064315516476,0.14260847298207943,10.356377734095963,80.45154572725389,193.00287062635766
1250697,6222,0.053658189323367404,0.18075288678648502,5.642064417411294,1.354332263391715,1.9300643104438875,0.13753391821218341,10.356377547671578,77.59752275074544,193.00287011905343
1250889,6223,0.226166051412315,0.2375234856699662,4.592381294558202,1.6010425284877918,0.6017301260472904,0.1997503552508893,13.609093264125152,91.73297970330434,60.172749209676105
1251290,6225,0.24449369985327538,0.4601669426956833,5.77268815522569,1.8602233466444456,1.0783763600185665,0.18463312700047999,26.36562368790106,106.58294671442826,107.83719934920238
1251291,6225,0.15508521350339668,0.3932168891282364,5.9544801777107645,1.8172594883448943,1.4527282271878161,0.17486211336660087,22.529668180311567,104.12129896226585,145.2718953630145
1251292,6225,0.0863740419957151,0.32327939119541765,6.134529112930857,1.7633911078814597,2.1444570783798604,0.1646986526395937,18.522544719056135,101.03486811250608,214.44324993758036
1251293,6225,0.08180940978663058,0.2919766713969571,6.32228037542613,1.7274391702323477,2.0448783319763413,0.15654948497388324,16.729030987323743,98.97497381989447,204.48535865979238
1251294,6225,0.06856301770243958,0.24553600513894405,6.438318560236526,1.7017510386959733,2.0518604974709156,0.15144195062050386,14.068176812963987,97.50315229928331,205.18308705330472
1251295,6225,0.05655714042836509,0.19499957465313617,6.5477609282980955,1.680126128597657,1.9754624392935307,0.14701840388711732,11.172652634470927,96.26413621829995,197.54278605785998
1251296,6225,0.05464564138346378,0.18852860484294917,6.65305634993686,1.638345722643519,1.9767160060350895,0.14109349179130573,10.80189337499064,93.87029529078458,197.66801950722117
1251297,6225,0.05454800783144854,0.1882528680493596,6.758215782267254,1.5933519600232278,1.9773577939697355,0.13508349747086362,10.786094820461487,91.29234258822842,197.73219072635632
1251298,6225,0.054541263225943035,0.18823514006194308,6.820588996312861,1.547756344189609,1.9774160821154505,0.13001795908620745,10.78507908160326,88.67990623666219,197.73801899135964
1251299,6225,0.054540798921766664,0.1882339409746733,6.874035323934693,1.4978957270277053,1.977420319239022,0.12485112330698839,10.785010378963435,85.82310330936755,197.73844266547152
1251300,6225,0.054540766947027905,0.18823385982255042,6.873564107333708,1.4419427965270701,1.9774206259958682,0.12019562941436561,10.785005729289294,82.61723654029234,197.73847333849514
1251491,6226,0.2030964652740025,0.2655354606861955,4.121109052585355,1.7380064202871428,0.749105132812144,0.2416350335232875,15.214061208380997,99.58043264909362,74.910148129399
1251492,6226,0.13029409431263334,0.19707937310571924,4.170231395469543,1.6929717051169324,0.8666406179782089,0.23260132138241657,11.291816308041776,97.00013353826678,86.66340331239108
1253101,6234,0.20262974749925208,0.25137319310600464,4.026913357642347,1.686430796800586,0.7107851889796722,0.23994895910594108,14.402623047701107,96.62536709755811,71.07817162720711
1253102,6234,0.14898985275732515,0.18517382541774458,4.102871582133783,1.669208742483498,0.7121074196846633,0.2331016555673025,10.609678672729093,95.63861607064392,71.21026879421943
1254908,6243,0.17575287751139018,0.28783307736141495,5.18603274423931,1.6703651946586766,0.9383413706931448,0.18454352379717745,16.491620537071597,95.70487589949037,93.83360851314825
1254909,6243,0.11294131075765029,0.22200049980359654,5.371409475582681,1.6530686042395817,1.1262212627949413,0.17632961054771537,12.719691688540943,94.71385426850982,112.621139086083
1261158,6274,0.10530019753384473,0.22372675699434663,3.765374126806821,1.8052228210198535,1.2173384307723216,0.27469155777665144,12.818598939925034,103.431648725138,121.73269858403104
1261159,6274,0.14551698030960544,0.2859595045561109,3.5817203785200977,1.8591751144869146,1.1259353761961144,0.29740704432783815,16.384272722717192,106.52288743585184,112.59277161391229
1261160,6274,0.2477885540375817,0.35209492367266737,3.485240166236832,1.9072963216216565,0.8141438323749681,0.3135509290144298,20.1735531144247,109.28002950974738,81.41405796051039
1264957,6293,0.2103700771485714,0.3307948026336364,4.859775597267032,1.8762741440940331,0.9009430158378448,0.22120895768388094,18.953146075770416,107.50258966610897,90.0938776026946
1264958,6293,0.1245216477949022,0.26112892160835477,5.026726636662265,1.8544304493085995,1.2015247292647084,0.21137222215272466,14.961585116961253,106.2510381459317,120.15151767093857
1264959,6293,0.06289569387063533,0.1926419145723581,5.168537109332034,1.8404972606499985,1.7549002528086939,0.20402818593718974,11.03756866231587,105.45272524063432,175.48726305102335
1269582,6316,0.19373929169215937,0.2607023806522449,3.794458368195628,1.822312093692834,0.7709920491052945,0.2751665231702932,14.937146120386682,104.41079192424804,77.09881093872218
1269583,6316,0.14743280625208074,0.19320462581173609,3.851693588310866,1.7931051838257397,0.7508375626827637,0.26673294911438256,11.069809641416805,102.73735925624453,75.08325209002447
1271727,6327,0.18387524087824414,0.5234237568907508,4.457069755010827,1.6949372014279116,1.63099558116062,0.21788473885667017,29.989972166721664,97.11274818153443,163.098679978888
1271792,6327,0.18286321278820086,0.4324563752244556,5.31196173973991,1.8524500326315487,1.3549977270490272,0.19980860862534672,24.777925123887208,106.13756862865937,135.49903912902732
1271793,6327,0.12413454331087345,0.3700547889136536,5.483057231354473,1.8726830729941462,1.7080318918342374,0.1956879742908696,21.202577593356917,107.29683644815405,170.8018270017892
1271794,6327,0.09024781234332208,0.30170150738514373,5.617638878681838,1.8820411556123915,1.9154171920230136,0.19195433744196563,17.286223045903775,107.83301508651424,191.53961805219103
1271795,6327,0.0683055838550612,0.23325883608451592,5.737004841230293,1.8693808041385478,1.9566108846276218,0.18669607775726677,13.364746841776634,107.10763037991076,195.65825265299617
1278427,6360,0.2082761039217916,0.2621957348397292,3.6708349614152973,1.7850204828181893,0.7212881366842094,0.2786127428944449,15.02270901264772,102.27414000988672,72.12847081976314
1278428,6360,0.1665365086979054,0.19553643759938502,3.7356991061085245,1.7564555761659553,0.6727300836515477,0.26939399638095735,11.203412615467945,100.63749141652855,67.27260845357449
1282531,6380,0.16878302837133288,0.5443265628374968,4.000872095450582,0.6245555665476452,1.8477931804282686,0.0894414944827436,31.187614727451166,35.7843980345821,184.77823422271288
1282532,6380,0.15217829744382244,0.44973685182073836,4.126865671126734,0.6482240144505953,1.6932783610003828,0.08999687190426355,25.7680235008288,37.1405002070464,169.32673454049268
1282533,6380,0.10007864320951869,0.39825695457699545,4.279103075144543,0.6671434922166202,2.2800509326623177,0.08932831407201315,22.818442658995174,38.22450643363122,228.00283781212448
1282534,6380,0.06068181055239854,0.32070888324895586,4.434905113671922,0.668833502969366,3.028133515976512,0.08640847064021691,18.375265462519035,38.32133691709528,302.8084113976942
1282535,6380,0.03807669106074186,0.26328204655616994,4.550639573997556,0.667462874602414,3.961727163593064,0.08403830932001266,15.084950089235388,38.24280569638803,396.1624160764303
1284656,6391,0.21484551266052443,0.6861758904841614,5.015833065435819,1.7658076557233553,1.8299186337010476,0.20170792086426706,39.314982528373434,101.17332610483814,182.9910201544412
1284657,6391,0.16797360572507047,0.617204721511223,5.157373798263006,1.745343109888438,2.105284540401922,0.19389867346560527,35.363225638140406,100.00079399884535,210.52721323853294
1284658,6391,0.15384496535879721,0.5369573424927051,5.328333644363514,1.7219637435608472,1.9997656362608938,0.18516343266114316,30.76538950339266,98.66125498058413,199.97527677532582
1284659,6391,0.09829686282292226,0.32704564541490355,5.439727591369118,1.7064553808633263,1.90630023644418,0.17973821193960113,18.738335190406016,97.77269125085806,190.62810372756536
1284660,6391,0.06836388267104399,0.2336027444067885,5.529463859460912,1.6969445218885193,1.9578246372812762,0.17583577986474228,13.384451337182279,97.2277591720575,195.7796285789762
1284661,6391,0.062318966810293336,0.21832199208518668,5.6472693947814285,1.6950368030424805,2.0072423139180358,0.17197418428710642,12.50892872136976,97.11845493368192,200.7210427349533
1284662,6391,0.06202914927245057,0.21760238609525365,5.765343831798182,1.6802245518492307,2.009973773862131,0.16698011098188903,12.467698335234264,96.26977545522108,200.99416947190127
1284663,6391,0.06200906043381939,0.21755353091097082,5.852948465485766,1.646435770566836,2.010173520125733,0.1611731613356121,12.464899139367525,94.33382089284923,201.0141427401246
1284664,6391,0.06200767662548634,0.21755022647730135,5.93943449463793,1.613903224397565,2.010187847282364,0.1556879585562035,12.464709809264582,92.46984330053552,201.01557536129437
1284665,6391,0.06200758124450811,0.21755000284577147,5.985500878319228,1.581088200131835,2.0101888729995987,0.15134853806851245,12.464696996121754,90.58968090548979,201.0156779264436
1284666,6391,0.0515953843520449,0.18105618520621464,5.974429199560197,1.5375397123580834,2.010597146767214,0.14745264068224148,10.37375526705507,88.09453635187677,201.05585686536446
1288474,6410,0.22034085198040243,0.3264813838220302,5.344664280470602,1.981561192025921,0.8489576202282804,0.21242698695300263,18.706005382593045,113.53509314999775,84.89538058460536
1288475,6410,0.15598107903865088,0.26076615830408834,5.552506379391088,1.925075721807977,0.9578597253518568,0.19864671261511777,14.940800310664565,110.29871410269766,95.78536459282849
1288476,6410,0.11408741272344874,0.19643009616156423,5.77499545722166,1.865974830156007,0.9864904658849258,0.18512998504051678,11.254615479406542,106.91248244557981,98.6481905632943
1288676,6411,0.22945779621375328,0.25675053791633695,4.647310954408357,1.9691811520692526,0.6411079428091381,0.24277645712619325,14.710722210319725,112.82576911027734,64.11051767488526
1288677,6411,0.15790135602852057,0.18505742888393029,4.684344097108515,1.9353272203869114,0.6714957513842178,0.23671634527592622,10.603009642591582,110.88608170495496,67.14915413090131
1290081,6418,0.23165679600184652,0.4303762101834614,4.651140968702974,1.8614914150223534,1.0644513697625195,0.22931061898355654,24.65874044634758,106.65560168061639,106.44468207817633
1290082,6418,0.1218600402926864,0.3655789356116634,4.744955904864712,1.8135831475154807,1.7188676714907194,0.21899183472530015,20.946130089433183,103.91066014868883,171.88537073969394
1290083,6418,0.05390420556915679,0.3014150138342002,4.898029945901538,1.759294570349713,3.2037954716956363,0.20579734037736533,17.269808174576994,100.80015380132005,320.3736632155308
1290084,6418,0.03880981363789673,0.25125448552908547,5.1007787460148375,1.7120465821005908,3.7093241491801807,0.19230993574949773,14.395821604547415,98.09304348416164,370.9229530424131
1290085,6418,0.03454467530830804,0.2025814904760715,5.255994331978169,1.6739064099770893,3.360014516895039,0.18247312754048023,11.60706441174858,95.90777259158249,335.9918226568043
1291489,6425,0.206936774257873,0.6843711126726402,3.4902946273877835,1.8753359575731743,1.8948577227309742,0.3078503298463217,39.21157637681441,107.4488355380677,189.48486576429195
1291490,6425,0.14280903284830787,0.6221751045675715,3.5000905480738145,1.869484120265728,2.4962010037206066,0.30603079600574973,35.64800760983252,107.11354995795382,249.61836993411842
1291491,6425,0.13817171748138687,0.5881819242657051,3.5846144722525093,1.8545806490473047,2.439018637213471,0.29643255776356675,33.700341846308326,106.25964395704348,243.9001161777691
1291492,6425,0.13158899554391662,0.5492160857869145,3.699248665622616,1.8312164005853018,2.391367244262902,0.28362778588010595,31.46776375628516,104.92097112867569,239.1349253126402
1291493,6425,0.11846316566671737,0.4728424091775851,3.8132355979437698,1.7933179721502124,2.286944805269569,0.26945502899196055,27.09187442067357,102.74955112916648,228.6925693368983
1291494,6425,0.11054606554776458,0.4328718350236018,3.9159411724433615,1.7511150972235128,2.243564875011718,0.2562130017743168,24.801729216935637,100.33150451254811,224.3544782852643
1291495,6425,0.09939412913334032,0.39764667914463225,4.062597817972332,1.6985764131029302,2.2922354025135734,0.23955425511523343,22.783476452380242,97.32125965126772,229.22125712836296
1291496,6425,0.09103856341615083,0.38287789806593825,4.214093436142856,1.6395909697772288,2.4096695285129095,0.22292254288281474,21.937287628018407,93.94164269599693,240.96433248192218
1291497,6425,0.09057319935514993,0.38224714744095,4.389836510475513,1.5792803214868836,2.4180603111240044,0.20612634813895225,21.90114827928134,90.48609708926224,241.80338810840473
1291498,6425,0.09054049549875105,0.3822032903931913,4.531254009634178,1.5185085595474583,2.418656195358324,0.19200894772079788,21.898635455542863,87.0041316165594,241.86297492562332
1291499,6425,0.0905382343276948,0.3822003250008023,4.645339743585083,1.455608808247547,2.4186978346757977,0.17953528860894855,21.898465551074374,83.40024133465198,241.86713874579246
1291500,6425,0.08476382018123388,0.3631972722914902,4.688354569017623,1.4043884829184532,2.4550177579839074,0.17162851382471217,20.809670832966145,80.46553286800787,245.4989084914405
1292494,6430,0.24175616757475696,0.39587328087977247,4.057596220481492,1.5435857771082357,0.9382125596105672,0.21796390109084,22.681868216407953,88.4409503447233,93.82087176130648
1292495,6430,0.16112335738176495,0.330852518605885,4.088775128892361,1.5128921760779077,1.1765179232181402,0.21200074252826032,18.956452957390752,86.68233654762712,117.65106943126978
1292496,6430,0.11077692006818117,0.26660412766439007,4.178954655820305,1.4845318793466737,1.3789235093024228,0.2035375304137033,15.275291315936544,85.05741123918875,137.89111861402495
1292497,6430,0.08469526958289766,0.19888991554151633,4.306990746085887,1.452422166099542,1.3454767260185496,0.19321532109434905,11.395552748242284,83.21766018875279,134.54609989745447
1292896,6432,0.20262761934505036,0.40521721075044886,3.599294857093729,1.7367291205033495,1.1458080044221306,0.2764631752514819,23.21723596206393,99.50724876230929,114.58024062498288
1292897,6432,0.12669165906776025,0.3400227984275351,3.6258794465728514,1.7061366018993454,1.5377389398592203,0.2696019758307713,19.481871288125284,97.7544265616244,153.77269236811588
1292898,6432,0.061577590258148816,0.2754471978246706,3.660746223587355,1.6745420216100895,2.5629387712247205,0.26208915978735337,15.781961914058694,95.94419045556282,256.28975668162906
1292899,6432,0.045142837456185775,0.21819845102118018,3.748925456929099,1.6411453035504326,2.7693978214244312,0.25082040251437865,12.501850339805632,94.03069946115615,276.9337088797395
1294103,6438,0.237653903494461,0.2297162959260084,3.8136914498087,1.8410051336707562,0.5538210605669369,0.27658719991612385,13.161774241938549,105.4818242212523,55.3818753512288
1294505,6440,0.19493454900981738,0.280349868796564,3.61541156635739,1.2501952327232253,0.8240131637346316,0.19812657256186128,16.062864269089488,71.63091040241656,82.40089789000223
1294506,6440,0.1195569662325131,0.21199073064109072,3.6288437563249327,1.2190776208316678,1.0159318631484466,0.19248004893647414,12.146174161629158,69.84800257250421,101.59234507224392
1294842,6442,0.20045781670091356,0.22525624701404562,2.9971473364255203,1.7120069856848366,0.6438377825036227,0.32728045517562165,12.906232262861167,98.09077477665508,64.38346028011024
1294907,6442,0.23052488047265154,0.3085190262203414,3.893099851262283,1.7757975023479498,0.7668082203907888,0.26134881143639815,17.676838101911542,101.74570215441042,76.68049273109115
1294908,6442,0.14797739066125132,0.23824807432377224,3.9520263320933404,1.763170714121622,0.9224793160896352,0.25562137429156434,13.650609135871305,101.02224048023636,92.24731445498661
1297522,6455,0.1957477113519503,0.18993347721747758,5.078328467313114,1.801274519000747,0.5559393773600734,0.2032271605593442,10.88238663280564,103.20542768320023,55.59365656941381
1298325,6459,0.2377898984665491,0.27042484523050686,3.699255527349599,1.732860105272883,0.6515920884576213,0.2683933821718808,15.494202307186534,99.28557051873172,65.15893756701608
1298326,6459,0.15144850159156936,0.20217172878439837,3.713784502172435,1.6879387936985717,0.7648531289266489,0.2604129793700886,11.583586796209568,96.71176895533151,76.48481292099798
1299128,6463,0.1686973353730674,0.250592711726922,4.311606615786597,1.7698145734367041,0.851104368414286,0.23518589328675038,14.357904758691122,101.40290557866925,85.10993737394847
1299129,6463,0.11260550133175172,0.1811135047047721,4.376537951249255,1.7272135283796946,0.9215392132836198,0.22611947244668215,10.377039432406221,98.96204549405594,92.15311114084139
1299329,6464,0.1908587619094801,0.24083060359359934,5.791958952438451,2.0149921445502383,0.722973171494876,0.1993290117962748,13.798577163501399,115.45054563474336,72.29694213935838
1299330,6464,0.1119585948402069,0.17495634952707098,5.9950822522049805,1.9567369460378763,0.8953541749849389,0.1870078903371934,10.024260426916824,112.11276862528823,89.53462578373778
1300334,6469,0.23512104505072215,0.258308097772006,4.821596951688451,1.912925440278562,0.6294614411795575,0.2273158771296082,14.799963816388566,109.60255425116642,62.945879078228565
1300335,6469,0.1385631925991491,0.19081641170590463,4.873619825387998,1.8873465978730524,0.7890244197232629,0.22188229322136174,10.932975052579053,108.13699453650045,78.90187823781388
1302348,6479,0.21118010488065797,0.48461953947224556,3.659188808580399,1.7884107632988662,1.314832805021664,0.28003033965475504,27.766654281333278,102.4683887727951,131.482664119144
1302349,6479,0.11362798706708986,0.386143939765151,3.73735117868014,1.7599368726679736,1.947092143147962,0.2698086155744406,22.124418033097033,100.83695501332785,194.7075178980002
1302350,6479,0.09915872486524711,0.34728099801885437,3.8659979258927395,1.7129705361991512,2.006654836672908,0.25386972207942743,19.89773549157146,98.14598215447297,200.66348024474092
1302351,6479,0.09712793140806532,0.3457707696440311,3.9819602271787002,1.6590407856049216,2.03970201492895,0.23871668573611773,19.811205779593184,95.05603505523047,203.96812249854645
1302352,6479,0.09699303518345855,0.3456767157105343,4.129955197273279,1.601396079685094,2.041983200825924,0.22216521025013683,19.805816886157213,91.75323669475155,204.19623586848067
1302353,6479,0.09698371809207419,0.34567038803753997,4.244739549247602,1.53874000625214,2.0421419888496803,0.20770015897467414,19.805454337200498,88.16330812618152,204.21211430854325
1302354,6479,0.08393011343850496,0.3011605887831208,4.266873222517968,1.4732334344321112,2.055904362584494,0.1978264959625041,17.25523069294774,84.41005803052326,205.58801123960288
1304154,6488,0.24720236140367943,0.3715735356249789,4.711445442141377,1.619379333276585,0.8612213244224707,0.19693234734424617,21.289595370065232,92.78360122745747,86.12178754033864
1304155,6488,0.17592427652483195,0.30027911861484613,4.765744569577769,1.616998310925883,0.9779619694584037,0.19440231667649338,17.20472617253892,92.64717869583592,97.79564660857852
1304156,6488,0.1367417686112779,0.2294427820637179,4.857894511033706,1.6060108150982937,0.9613816044737876,0.18941877218428596,13.14610305199098,92.01764155749746,96.13746441950241
1306163,6498,0.22281181602293487,0.29614898552547736,5.238825424456236,1.8438759051317626,0.7615433740911117,0.20166029319295334,16.96808697769076,105.64630730991456,76.15399904081
1306164,6498,0.15510011940325724,0.22980251106573887,5.384928618427927,1.8120911569360345,0.8489170225862316,0.19280696653490087,13.166714005575235,103.82517538541329,84.89116040060459
1306967,6502,0.23811807796214612,0.2468734262141138,5.769868230643264,1.6200139018094117,0.5940248184023582,0.16087015414385275,14.144805396003061,92.81995932620025,59.40223486944488
1306968,6502,0.13754061357084751,0.17717735573387722,5.917207712571404,1.596918708938305,0.7380739192017777,0.15462817351945868,10.151514708839182,91.4967022476452,73.80686066773637
1307706,6506,0.1841715522979428,0.3556158936402087,3.7876452918775247,2.1312736503465226,1.106321170278997,0.32239815352236234,20.37528983335713,122.11298515229647,110.63152233670121
1307771,6506,0.15608665024324114,0.24234009730162798,4.0707629590031775,1.7363772524907053,0.8895740840719438,0.24439420562627573,13.885064782172993,99.48708821023912,88.95684418680804
1307772,6506,0.07839932102794661,0.17979886328505346,4.117205281247799,1.6880696813811333,1.314005603416572,0.23491485467760073,10.301716027483256,96.71926826713255,131.3989010811716
1308711,6511,0.10797703669405687,0.2371219873492229,4.469121379813082,2.2441775803881088,1.2582386276372162,0.28771181764543097,13.586089104864971,128.58190383411966,125.82270914370822
1308712,6511,0.20613391473816622,0.3012047467949692,4.52192105808283,2.3090942253103734,0.8372110889839874,0.29257775979802086,17.257760760658346,132.3013536083148,83.72070681271659
1308776,6511,0.240904113073676,0.373881996956208,6.401535224068759,1.6833787930664634,0.8892276391202458,0.1506677642750888,21.42186046151381,96.45050016453472,88.9223984837647
1308777,6511,0.14570801658439805,0.30568027732904113,6.550560411840251,1.6570851449875135,1.2020058319297806,0.14494024783750636,17.514189771342597,94.94398510160862,120.19976650654264
1308778,6511,0.07205676968891882,0.2356068753691957,6.671968537683262,1.6273453925477672,1.8734225483290197,0.13974889440302207,13.499279582919703,93.24002280304727,187.3396809420768
1309468,6514,0.24879114505930033,0.6912629893798311,5.723614511496265,0.3139518561432917,1.5919557837826115,0.03142789623541337,39.60645182506097,17.98811632730898,159.19494490318678
1309469,6514,0.19720417701933832,0.6627161937631667,5.909746004768547,0.3184497029131186,1.9254581503322759,0.030874125416760743,37.97084091760354,18.24582396411661,192.54484842393384
1309470,6514,0.1680640331693014,0.6272788496184091,6.128291787700528,0.32736382074715253,2.1384961341642392,0.030606514691625716,35.94043066095629,18.756565294089057,213.84835371883372
1309471,6514,0.15440378691568032,0.5804000997808118,6.36348407967649,0.33321751663777777,2.1537343517901046,0.03000236520453933,33.25447614641237,19.091957363174956,215.37205426521183
1309472,6514,0.1000662470011957,0.3944339396327687,6.536936036467354,0.329174558331768,2.258443626746776,0.028851915915080115,22.599400037675537,18.860312915493235,225.84212831802498
1311189,6523,0.23390828634327845,0.4362405402734406,5.17811569771596,1.8503340692937482,1.0685701277347277,0.2047392117982668,24.99474181017496,106.016332859799,106.85656051078453
1311190,6523,0.1845491462015496,0.3688090097471835,5.282188319274095,1.8144902673535523,1.1450174110704183,0.19681735638004033,21.131199704912856,103.96263428692293,114.50112687440084
1311191,6523,0.15969866748954709,0.29884416865128277,5.408547231002585,1.7548887939686226,1.0721760420924602,0.18590522912871255,17.122509595814286,100.54772140920515,107.21693955270769
1311192,6523,0.07238238194824852,0.23634741250825023,5.496192230040136,1.7139167178286714,1.8708568301034016,0.1786695044127135,13.54170923556022,98.20019436849729,187.08312420718403
1311193,6523,0.060994742726984325,0.22567592362098735,5.611018993796754,1.663697714973626,2.1199000542023496,0.16988510890632622,12.930277961199298,95.32285745354775,211.9865646865709
1311194,6523,0.06008079416511147,0.22504506137538138,5.683693818263912,1.6161298090763467,2.146131763089727,0.1629176729135006,12.894132217071931,92.5974172053582,214.60964001237076
1311195,6523,0.06001876199321723,0.22500435390304196,5.768819351372981,1.5687519255724034,2.1479612832080517,0.15580807580864797,12.891799850712236,89.88286443831976,214.79258535162342
1311196,6523,0.06001447067090182,0.22500160633849228,5.844920293635779,1.5060262915733604,2.1480886417317855,0.1476306704972813,12.8916424268596,86.28895034289229,214.80532074057436
1316615,6550,0.21938592168979032,0.27331830258543277,3.8669412031637043,1.739437125777335,0.7138099093777786,0.25772930215784146,15.659985201824874,99.66240603540783,71.38066882568255
1316616,6550,0.14716847470547376,0.20949072903513724,3.854780630902602,1.7329555789082591,0.8155913709958627,0.2575789649390903,12.002934620832097,99.29104075509355,81.55858845628987
1318425,6559,0.15445224961045648,0.21941582893342707,5.244449608179813,1.7377768659353707,0.8139473639269907,0.18985267740664266,12.571600956249826,99.56728015356822,81.39421467632708
1319227,6563,0.20980155669061923,0.3901604351343842,4.146509262419238,1.7343667185005596,1.0655090244942134,0.23965192543765534,22.354546266187935,99.37189309803618,106.55039966530332
1319228,6563,0.14471616398369952,0.3264634584676881,4.245899471524114,1.713008288719175,1.292528528120834,0.2311598417287659,18.704978335442966,98.14814521453633,129.25196860235482
1319229,6563,0.10112398860833506,0.25964795832543947,4.346572166993963,1.6844491336833731,1.471137650406376,0.22204123671373496,14.876732171236368,96.51182616452508,147.1123248167187
1319230,6563,0.06209753468335003,0.19877362297789625,4.396275335066867,1.6384161124079575,1.8340322042091555,0.21353150328162626,11.388889675158097,93.87432832720783,183.40029653246722
1320233,6568,0.17251592376596395,0.270163042190065,4.690197855297309,1.2335117617190594,0.897262169354437,0.15068664469184165,15.479202097905521,70.67501792624897,89.72570203549752
1320234,6568,0.10314263217287867,0.2029949480052993,4.767926432393512,1.1804057387764986,1.1276377585603041,0.14184838579632897,11.63075378318124,67.63226694491532,112.76269351933404
1321038,6572,0.24663876967111487,0.2897718704005899,4.692082587624328,1.471919774968312,0.6731587472864102,0.17973850445478115,16.602705195565665,84.33479088753015,67.31560452600473
1321039,6572,0.15001950699117006,0.22091766210696862,4.748233319427046,1.4584001182960944,0.8437335296427801,0.17598160373013755,12.657649658626495,83.5601716197462,84.37279617626876
1321325,6573,0.2211601822465993,0.41950608699048814,4.02203102421064,1.809593719934886,1.0868107872596828,0.2577853872925081,24.03592826460294,103.68208278564767,108.68059222889477
1321326,6573,0.13490064322820502,0.34853583294318186,4.039687311301926,1.786144215094156,1.4803213890254012,0.25333278787928615,19.969632236721043,102.33852512660225,148.03105254203325
1321327,6573,0.09198063127490541,0.2817503931132393,4.125678953505425,1.741011531561635,1.7550549961152169,0.24178471888984157,16.143108401540427,99.7526128420892,175.50361064258075
1321328,6573,0.052614141342018826,0.21557838263531234,4.203675422973927,1.7010251875858406,2.3476063310357693,0.23184845178488908,12.351731479259751,97.46156409411782,234.75621587650417
1321439,6574,0.21593174844427557,0.3305341856429952,5.009952638270086,1.7055866484684148,0.8770462463966162,0.1950575652343673,18.938213822137275,97.72291655110334,87.7042225349368
1321440,6574,0.10970180296946365,0.2634803663136789,5.156924578905668,1.6848195621836002,1.3761224692373029,0.18719112232487456,15.096312974334708,96.53305015419944,137.61100505824675
1321441,6574,0.05689733205763015,0.19383792159652055,5.314784834656038,1.6552169012261753,1.9519531871663256,0.17843985295912754,11.10609481706838,94.8369426189823,195.1919224243593
1321977,6577,0.16194245016792108,0.661386310529535,3.1259847608787785,1.9039853555510615,2.3400067024903524,0.3489790677934869,37.89464422107123,109.09032512779127,233.99923974558914
1321978,6577,0.23380426003452942,0.7302622896690361,3.1625633297958995,1.9636424520738234,1.7895715561318217,0.3557507404225175,41.84094713559575,112.5084249765501,178.95639785613244
1322041,6577,0.23410580522734104,0.3449361224176107,4.106648371350493,1.907093762582163,0.8442073084320735,0.2660768918710023,19.763384016136992,109.26842373168218,84.42037384152407
1322042,6577,0.14383542962321091,0.2784123166092106,4.180632572980935,1.9001349207518925,1.1090347933690765,0.26041444519116463,15.951850706167798,108.86971146450858,110.90271600841825
1322043,6577,0.09542043809900495,0.21317011916994388,4.278762187703729,1.8951750712535875,1.2799927468445786,0.25377791053569165,12.213748146738588,108.58553302123563,127.99794668852252
1325796,6596,0.24904878802091288,0.3971106164658108,4.213461381722711,1.7611381435954607,0.9135865141344196,0.23948429423312792,22.752762323329293,100.90578276752463,91.35828825286424
1325862,6596,0.20614700071232936,0.3152340296129153,4.183980138553921,1.8088656485911812,0.8761504420224814,0.24770759824539185,18.061579455722057,103.64036737046897,87.61462344195233
1325863,6596,0.13667095394080064,0.24640136543888966,4.241944004928021,1.7932578715539096,1.032974225017114,0.24221467152106096,14.117758305909044,102.7461076186521,103.2966742542083
1325864,6596,0.09511831643789548,0.18021584022721618,4.343765063504601,1.7694003093664654,1.0855539025032395,0.23339008505367154,10.32560704642345,101.37916999584066,108.5542604079284
1327066,6602,0.23444243670451465,0.23299100562140163,5.315611745194658,1.904801116852342,0.5694105941250648,0.2053142137417975,13.349401286615151,109.13706480744474,56.94081896368176
1327269,6603,0.22068816049169868,0.2652125834635243,4.332333614170952,1.8047200117507565,0.6885535220290667,0.23867700146455398,15.19556170622103,103.40283987611868,68.85504332140779
1327270,6603,0.12369118256659783,0.2071946681352967,4.355720102822118,1.7804822700647414,0.9597595249455156,0.2342072422704077,11.871380021766223,102.01411957258172,95.97518432803531
1331087,6622,0.24850843835994396,0.34142126939850237,3.3751973143228975,1.7022534722147635,0.7871763677104181,0.2889666299405529,19.56199777253327,97.5319396193959,78.71732317949005
1331088,6622,0.1939663754343967,0.2791518049830681,3.4109200917943836,1.6869136122321065,0.8245872207789523,0.28336351336175164,15.994220268988824,96.65303038406802,82.45830121260964
1331089,6622,0.1407265727935777,0.21188449456803093,3.419577661320135,1.6593826663339057,0.8626719303500933,0.2780332325114112,12.14008728301079,95.07562337809811,86.26658615663142
1336314,6648,0.17364590728238236,0.19722883700240246,4.970479972107577,1.78308858400528,0.650771416648666,0.20554041205119486,11.300379958511304,102.16345036146069,65.07677064547295
1336650,6650,0.24454642514566477,0.5849009719611507,4.280330412143638,1.6861027781571365,1.3703882907355367,0.22569886781148357,33.51235712647363,96.60657301368686,137.0382743000135
1336715,6650,0.20673351799381984,0.29078185349043506,5.033431156923483,1.3919114443595233,0.8058960307827491,0.15844192276201152,16.660572963993374,79.7506512177592,80.58921715478316
1336716,6650,0.11963297876469835,0.22448701633003948,5.171904334329396,1.3633048086480373,1.0751347704347463,0.15103065819665892,12.862158591195653,78.11161172542283,107.5125873435468
1337253,6653,0.20733901595270043,0.33332686641324816,3.211799774948025,1.7463565773773597,0.9211108500218829,0.3115351768735905,19.098222643800113,100.05886140863429,92.11064519333743
1337318,6653,0.21772831088097858,0.2694137149713253,3.8542300528285667,0.9541616708650236,0.708969267219753,0.14184269185424667,15.436268810797461,54.669436713716614,70.89660435859128
1337319,6653,0.13879639489016105,0.20076894207437873,3.857145048685727,0.9031417965827107,0.8287832128844885,0.13415677258372,11.5032130381684,51.74621324605204,82.8777301423532
1337519,6654,0.24338445489880353,0.3281499903407999,5.950910960212029,1.661596719388871,0.7725065567189778,0.15997967328080132,18.801609493786565,95.20247927376568,77.25034144544104
1337520,6654,0.15617970059977015,0.26613140017624176,6.1313614172082795,1.6459239856057577,0.9763243873002969,0.15380678319839275,15.248206026005827,94.30449777456117,97.63181985641744
1337521,6654,0.09473142886320614,0.1996013393571297,6.356401578691738,1.6211325888037025,1.2072353663746482,0.1461267889914528,11.436314330322025,92.88405536956928,120.72227501773538
1344690,6690,0.2378929049574729,0.4703856384774017,3.5398806578306057,2.012183441709038,1.1329093946803586,0.3256878681356531,26.95111182832166,115.28961881603618,113.29046800564133
1344756,6690,0.24205874525060583,0.19354525257357919,4.608646301092581,0.8434495571333591,0.4581253880190672,0.10485964119139164,11.089326117259622,48.32609985591988,45.81235143323306
1349313,6713,0.20575743519539452,0.3349347899349119,4.18778695775692,2.208978110912739,0.9326685533613339,0.30222435803574976,19.190349875371254,126.56512279208141,93.26640658570089
1349379,6713,0.18061694267146355,0.33143799209843233,4.834342330581582,1.6245346582756182,1.0513962192725452,0.19253700510734362,18.9899981175305,93.07897959192036,105.13904563774436
1349380,6713,0.10653802617185357,0.267041875395022,4.828399038800813,1.5649010855202286,1.4361417727573444,0.18569763321036772,15.300372413393184,89.66222755575019,143.61284275973017
1349381,6713,0.08065505869194274,0.19931415124372334,4.879716025776534,1.508990234460419,1.4158886538321596,0.17717992425614565,11.419859663497515,86.45877176103856,141.58712747314442
1349715,6715,0.2208054028312556,0.4438211897390221,3.9724386357659585,1.8003912606595702,1.151651162191135,0.25967630945786685,25.429081030520887,103.15482070803105,115.16459986875593
1349780,6715,0.17384222935387192,0.18580256927063998,4.272152448760496,1.8461552108059678,0.6123772382052949,0.2475962712621834,10.645703041894793,105.77690190526674,61.237375084793236
1349982,6716,0.2462830872968001,0.29211574068459206,6.776537483618817,1.747827778495774,0.6795837495252491,0.14777923846482807,16.73699907056512,100.14315502353436,67.95810177697412
1349983,6716,0.14615139863853796,0.22343970917605713,6.898069871207163,1.7239089120451898,0.8759513459826392,0.1431889015712517,12.802152311418606,98.77270492517883,87.59454125060724
1351188,6722,0.15486840214996175,0.20887577217979328,5.153994005160901,1.7927755530261344,0.7727657320364156,0.1992987816836316,11.96770018843825,102.71847280262962,77.27607921447127
1352730,6730,0.15234214679205296,0.405416807784978,3.2205626584743396,1.8798161370763116,1.5247698023241796,0.33443078741914767,23.228672029745777,107.70553091505849,152.47598936270305
1352731,6730,0.24495313058220497,0.4773025345243027,3.2791860202098184,1.945619610211196,1.1164347888800454,0.3399495825366672,27.34742077913981,111.47579220298987,111.64302767273483
1352797,6730,0.24938355410933088,0.5883854159575977,5.33878642456042,1.8618785375542735,1.3518132673186214,0.19981653785076597,33.71200106141975,106.67778216784981,135.18079009271887
1352798,6730,0.2184966455906783,0.5253026547181582,5.443098206420781,1.8501499350421367,1.3774867629439569,0.19475265470044023,30.097625082368406,106.00578274431784,137.74805216323324
1352799,6730,0.16588105723262883,0.45238930015304407,5.49319806174976,1.8104373635184419,1.562565157559341,0.18883429770329987,25.919997595646432,103.73042000239872,156.25558320208725
1352800,6730,0.12305279279589211,0.3850686799934739,5.588460824176197,1.7659967196997601,1.7929547060293585,0.1810590816955413,22.062810186299735,101.1841586727441,179.29402812390398
1352801,6730,0.1066296364436857,0.36247009882951936,5.660986740977697,1.720087140165258,1.9476766129567449,0.1740928531747154,20.7680068626213,98.55373352619695,194.7658529975051
1352802,6730,0.10534643497212104,0.3599312906840713,5.717847828187344,1.6728438717966023,1.9575927670223003,0.16762756958683633,20.62254387089369,95.84689363826908,195.7574370591102
1352803,6730,0.10524790565479925,0.3596611949466933,5.761420763868553,1.6220875344606287,1.9579550242748953,0.1613122411522306,20.60706852507746,92.93876972537551,195.79366072142903
1352804,6730,0.10524105883548848,0.35964277144307666,5.8215142461199045,1.5546964208623222,1.95798210376288,0.15301438667072317,20.60601293607638,89.07754333950585,195.79636852493675
1352805,6730,0.1052405876186007,0.3596415247359832,5.842707617051109,1.5085486368312595,1.957984083262147,0.14793392994793553,20.605941505021637,86.43347008064474,195.7965664647545
1352806,6730,0.10524055517780419,0.359641440360728,5.777799620878274,1.4571715212607907,1.9579842274565744,0.14450099264208974,20.605936670675618,83.48977819490102,195.79658088349385
1352807,6730,0.055881060983154304,0.2029985665909101,5.671162966156152,1.3981901546869282,2.081377630784988,0.1412592005504356,11.630961112864544,80.1103948203047,208.13407573444198
1352996,6731,0.1860396540831043,0.280066054401205,2.8040858406834728,1.813195192027102,0.8625366521250173,0.3704894838053687,16.04660290207036,103.88843193656581,86.25320622073468
1352997,6731,0.10274214707333115,0.21301052892388905,2.735084478125447,1.7984096969632661,1.187886710464652,0.37673894871897806,12.204604299188192,103.04128547139649,118.78752643694442
1355608,6744,0.1905307982539536,0.36764528333608776,3.795717956030853,1.9101684512287433,1.1055704474298351,0.28833699287961906,21.064523093049164,109.44459041444803,110.55647029044962
1355609,6744,0.123858800205884,0.3011201056666468,3.925199263488154,1.878398796556227,1.3929498557715547,0.2741881769214833,17.252911181232246,107.62432328512476,139.29387220513732
1355610,6744,0.08409808490476847,0.23784803563812812,4.040887312854304,1.8373735156100368,1.6204515242555428,0.2605213643007716,13.627688607541936,105.27374783356959,162.04324485781933
1355611,6744,0.07584001369680912,0.19252587340692312,4.135914077387017,1.7848833468100098,1.4544984897929005,0.24726404014839787,11.030919993286666,102.26628269539877,145.44795033179747
1355811,6745,0.1715273144493005,0.2972393253643876,5.163757609478842,1.7447878781367367,0.9928773099780452,0.1935973547358536,17.03055884869529,99.96898156282121,99.28715794458004
1355812,6745,0.09675609342693733,0.22975965952848673,5.279360094247845,1.727580563066382,1.3605610733679105,0.18749066757710828,13.16425879334504,98.98307503253804,136.05471523682715
1360971,6771,0.19660368344723772,0.38807584812625195,3.3391927430669757,1.9568874815022879,1.1309608603340588,0.33577394886559037,22.235108228594154,112.12139367206605,113.09551653972338
1361036,6771,0.18862697945592813,0.37544981470469,5.153653180115531,1.9850380986929905,1.1404354097786014,0.22068676535300996,21.511689801547533,113.73430522778173,114.04294242876952
1361037,6771,0.1111607152946342,0.30166854201405324,5.340895731550662,1.9219795158301087,1.554895780272903,0.206185104328006,17.284334269270207,110.12131456766262,155.4881932458317
1361038,6771,0.08344888459687433,0.23666938360901604,5.560516880888953,1.8669458279095847,1.6249654218028666,0.19237081483206436,13.560156820759282,106.9681165187765,162.4946144175637
1361440,6773,0.19192951978802364,0.29378496729609105,3.5381116491138194,1.71308088347262,0.8770218282223545,0.27741437818869585,16.832638710454933,98.15230458752352,87.70173044415046
1361441,6773,0.1327855135137009,0.22843517542998465,3.617792081046136,1.6733387155472506,0.9856775872949896,0.26501038114928255,13.088371444468681,95.87524609669964,98.56702385004048
1363047,6781,0.20991534271268938,0.2126736809312867,5.15449980809435,0.8288177690643379,0.5804865710586027,0.09212874542382193,12.185304330874622,47.48776015283509,58.04838333884532
1363851,6785,0.20694495165435992,0.2805658119804926,4.451943982183698,1.7594849835008763,0.7767880297077308,0.22644279408779633,16.075236902143214,100.8110636712455,77.67843136642747
1363852,6785,0.1473681581255957,0.21132602945920387,4.488583196198039,1.711048976201579,0.8216217751278871,0.21841164655510567,12.108089589269685,98.03588487653091,82.16162556177825
1365258,6792,0.19666755591913843,0.25484310509499386,4.8023536374466085,1.8391958798874732,0.7424424201169775,0.219430240568458,14.601434359952034,105.3781616154021,74.24386827732395
1365259,6792,0.1347727461217183,0.18681053717299909,4.842936629554376,1.826318287651151,0.794185387061309,0.21606793092300072,10.703455348584624,104.6403299299704,79.41795532579472
1367202,6802,0.20512956942115182,0.22826878685933574,4.181220973800928,1.778946920235796,0.637589084836912,0.24377125940531208,13.078838081611284,101.92615050730701,63.758600770805806
1367266,6802,0.23513955721611707,0.25620829366447295,4.952019158244494,1.7476043718322312,0.6242953526290452,0.2022010645812883,14.67965390322269,100.13035476459825,62.42927241909467
1367267,6802,0.14755212863145117,0.1860384612754431,5.05191435611974,1.7336251171832782,0.722403535255764,0.19661735190647592,10.659218658190891,99.32940247247461,72.23986883270236
1367670,6804,0.21634793806069955,0.28478376653952686,4.304499259040794,1.706077643630425,0.7541974880194333,0.2270904056244166,16.316907896553843,97.75104850164787,75.41940368561421
1367671,6804,0.15317194067227577,0.2188604244402412,4.367471402051172,1.703359945374189,0.8186732993756528,0.22345958714756664,12.539778622867674,97.59533586157548,81.86680080587738
1371289,6822,0.21499809044166557,0.28969784002162957,4.163882723095564,1.7942893061018306,0.7720283822600128,0.24689745378267,16.598463567295482,102.80520446509196,77.20248273235856
1371290,6822,0.1482240977810989,0.22157679947900147,4.235081139526789,1.744387065151812,0.8565013909149133,0.2359955173033191,12.695415448163322,99.946016670411,85.6495670315705
1376448,6848,0.23102599206953284,0.309498010622704,3.549556760028067,1.7347694295432499,0.7675728973156409,0.2800207833846244,17.732929776376057,99.39496674114564,76.75696081018502
1379327,6862,0.22282533300924806,0.544980009157216,3.7898871103497167,1.9129127521489173,1.4013241950855417,0.2891954926213586,31.225054443709432,109.60182727488785,140.1317969111554
1379328,6862,0.12925442786789923,0.48004059020744455,3.80109143163901,1.9130468797384594,2.1279191854105335,0.2883632606649996,27.50429981385565,109.60951221968489,212.7902887139518
1379329,6862,0.09357237525614744,0.42218708509950875,3.860673669148508,1.8964796801140307,2.5851150502271922,0.28145419849838227,24.189538141132378,108.6602816028544,258.5087699884291
1379330,6862,0.0905723139902169,0.3894520364557113,3.9470443761835674,1.8664483978709367,2.4636618592339046,0.27093593436976726,22.313958011687333,106.93961587695894,246.36349304937139
1379331,6862,0.051093778860317504,0.18734845222844204,4.029084159440284,1.8114933323288858,2.100896381034473,0.25760425494648603,10.734275610998052,103.7909225585346,210.08556745775002
1379615,6863,0.18958146410694868,0.22096546756780958,5.282197141490249,0.6193137601063947,0.667807272277472,0.06717671383860209,12.660388709770361,35.484064648473954,66.78037849865844
1379616,6863,0.11646326648096839,0.2188383453503099,5.3132151967312415,0.6309124473488517,1.0766066319839522,0.0680353026724059,12.538513584199121,36.14862047535897,107.65974803308498
1379617,6863,0.08822538297834864,0.2064675828805906,5.411307810820842,0.6343213924138698,1.340852186198649,0.06716294811457138,11.82972110532537,36.343938640176454,134.08371403175923
1383347,6882,0.24734087206258618,0.3396488947218572,5.192802673100185,1.8696844351292001,0.7867865603762764,0.2062952006684937,19.460448183845642,107.12502715420452,78.67834112180353
1383348,6882,0.16195362090543577,0.27487706924140853,5.2912054869259695,1.8248704902155142,0.972457107902321,0.19760596580129658,15.749295952458006,104.55737724731856,97.2451163443735
1383349,6882,0.11594699271159785,0.2063480703576567,5.3998413086469705,1.7759765728701713,1.0196791004222905,0.18844250439023225,11.822873542162297,101.75596213956892,101.96703940852008
1387858,6904,0.14160352092209028,0.3812955604397791,4.648800358034193,0.28465728259532863,1.5428023735011713,0.03508359062377177,21.846626360274737,16.309660900375114,154.27915873035286
1387859,6904,0.10353865481444884,0.2720390569523748,4.688067152505813,0.2762667444576681,1.5053979934957582,0.033764274120985316,15.586689826090112,15.828918477243608,150.53835995515612
1391809,6924,0.12310940943559183,0.20528417639180718,3.059908396919423,1.7386807454714663,0.9554034908127614,0.32556225673586975,11.761916908069685,99.61906863617475,95.53958078762798
1391810,6924,0.2401514841511509,0.27618086787544055,2.909819008760916,1.762231694065218,0.6589173291407202,0.34699215979803966,15.823998111522963,100.96843859412628,65.89146128325456
1392192,6926,0.20955827604830454,0.22520719323097735,6.39478440630153,1.63849967079758,0.6157438071977684,0.14680575568890217,12.903421688122204,93.87911587027612,61.57408983006744
1392392,6927,0.15962035510421257,0.28925682746442705,6.154128647361274,1.6794562557273025,1.0382882784559,0.15635967443566148,16.573195409055508,96.22575533001833,103.8281838807552
1392393,6927,0.07060632624402703,0.2200576679959906,6.3527639949005,1.6417947074393573,1.785728632354573,0.14807398400228192,12.60837562566135,94.06790756319091,178.57035942821793
1394203,6936,0.20438285710796972,0.30419946459268105,5.958134553848193,1.6689970721354244,0.8527791833986021,0.16049736243501142,17.429345451299945,95.62648825305122,85.27750526839581
1394204,6936,0.1351547817899775,0.2425259952505749,6.0091276112443435,1.6219554270951932,1.0281334287918482,0.15465006967458894,13.895715950067789,92.93120053089346,102.81258978369675
1394603,6938,0.17447567882838633,0.2843040192190623,4.028671519335643,1.8405366383232113,0.9336212115993263,0.2617611801985424,16.28942039985851,105.45498141511646,93.36159141291677
1394604,6938,0.11482218570459417,0.22081293566404545,4.0641246578150625,1.8262258280595844,1.101847007698127,0.25746019361618544,12.65164927544358,104.63503238559814,110.18375076260732
1395608,6943,0.169305576420443,0.26749803047228093,4.95262391152527,1.6918281340499295,0.9052570856145694,0.19572374821607913,15.326508174123585,96.93461174255424,90.52517922317978
1395609,6943,0.10879947527511757,0.19805147545363957,5.130840645156183,1.6584978814350175,1.0429749406569615,0.18520343024514052,11.347513669832368,95.02492893761492,104.29654503933513
1396414,6947,0.17633406970492643,0.20498035095598222,4.5547993910937645,1.7106718300511612,0.6660373883789902,0.2151890069413721,11.744508992888191,98.01427599385237,66.6033649037658
1397302,6951,0.20891780993739897,0.2757131908333879,5.081899524704257,2.094691307145683,0.7561443152897023,0.23616557246477266,15.797202190838185,120.01697128218926,75.6140732161537
1397303,6951,0.13359280931930617,0.20987156333291207,5.229656994354917,2.046065427179511,0.9001048768981752,0.22416558769991146,12.024754818788423,117.23091358501784,90.00982066502597
1398759,6959,0.17223588895229297,0.34268725243178194,3.1120762496919405,1.9076992897456435,1.1399791435299944,0.3512224918721943,19.63453325727536,109.30311788253015,113.99725910466155
1398825,6959,0.20572081239902704,0.3500266398679295,5.821043373548239,1.7925158060201407,0.9748672471607233,0.17643501968343286,20.055049181577957,102.70359039544502,97.48625557837447
1398826,6959,0.13550221535186388,0.2847405225245604,5.89378128509018,1.763187157870544,1.2039972151485152,0.17140639867618843,16.314430197007063,101.02318263764896,120.39884186248318
1398827,6959,0.0911386608435729,0.2245627687041497,5.952050060464365,1.7279103454628797,1.4117496737036965,0.16633255601005248,12.866498882520265,99.00197017201506,141.17343386435917
1401638,6973,0.2174838068330343,0.3332955845533004,3.6334482528273133,1.7482281767987997,0.8780621290967322,0.2756777829512266,19.096430325249784,100.16609615642193,87.80581321209414
1401639,6973,0.11579846386928433,0.2707359327900134,3.6140906310245717,1.7428112401212972,1.3395708762894039,0.2762955843260283,15.512026311405283,99.85572854691142,133.95594239465066
1401640,6973,0.0565038962724337,0.2058105683896619,3.656790704320444,1.7159269064772777,2.0869489785468454,0.2688569769909785,11.79207694791622,98.31536969408754,208.6912413936961
1405256,6991,0.19273752527576898,0.2522125691409466,5.458657200088963,1.745864869530501,0.7497613649179239,0.18325145685897645,14.450715751927707,100.03068862425582,74.97575137742555
1405257,6991,0.11520739962673733,0.18575452874283835,5.570183288354396,1.7246792256958203,0.9238078138279887,0.1774032116240319,10.64295052240618,98.81684064626127,92.37998754334042
1406598,6998,0.22142453437669363,0.29269508652608883,3.312859987641228,1.7659163110066527,0.7573773354426064,0.305414510924196,16.77019314216134,101.17955159399288,75.73739491865263
1406666,6998,0.23983715809441736,0.506622029545863,4.920010702101237,1.5535474137623706,1.2102921466243624,0.18091771601861606,29.027304101330046,89.01171008204805,121.02871508003673
1406667,6998,0.2141455923225215,0.4354287543438313,5.038739145622345,1.514978914217898,1.1650124789845595,0.17226908390195572,24.948229902540245,86.80189783599754,116.50070931302172
1406668,6998,0.12214418923861346,0.36787966128056765,5.122005522468921,1.4714383779450873,1.7256613160075012,0.16459804335508255,21.077951960078813,84.30720886982921,172.56473293354637
1406669,6998,0.10957797999940765,0.3580172046714969,5.260241971682406,1.4268652954469392,1.8719886010739057,0.1554174877267706,20.512874820748152,81.7533593627969,187.1971688444174
1406670,6998,0.10854877932964993,0.3575998813499035,5.392006497715433,1.3766176462743616,1.8875350045135826,0.14628020389421392,20.48896395572847,78.87438113475417,188.75177897420184
1406671,6998,0.10847906796912092,0.3575732485413329,5.508433499242842,1.3254596067576365,1.8886073141249082,0.13786721988175737,20.487438008200794,75.94324138228234,188.85900785047983
1406672,6998,0.10847424477228276,0.35757145168641635,5.591312943882754,1.2869615970280606,1.8886817981839303,0.1318786276377516,20.48733505599768,73.73746790512406,188.86645611176843
1406673,6998,0.10847391062804884,0.3575713301006432,5.60959062848474,1.235190735218556,1.8886869738852676,0.12616110618867035,20.487328089646027,70.77121602168444,188.86697367186886
1407268,7001,0.1806183702858992,0.3148458759470176,4.2440805057311115,1.415136074477612,0.9987543825998926,0.1910456792790382,18.039339888863587,81.0813245042781,99.87489082876016
1407269,7001,0.12987524037641182,0.2508919419004315,4.290172623862268,1.3544060400678224,1.1068351624403883,0.18088258087892187,14.375049384736185,77.6017498429129,110.68267254329136
1407270,7001,0.0958957873773218,0.17993555306394424,4.312391937621414,1.2867768115823117,1.0750781636812752,0.1709651659089864,10.309547774916274,73.7268804789672,107.50670650051758
1412091,7025,0.24419479058891863,0.1953780866162401,4.561690301653489,1.7159279743938245,0.45841843255691267,0.21552412409504812,11.194339772451993,98.31543088119854,45.841657407177195
1413497,7032,0.22152139968399215,0.34535417285822406,5.050600307242464,1.7446695886351358,0.8932471389666143,0.19792143071062954,19.787336542007726,99.96220407361878,89.32431469790373
1413498,7032,0.14194547393931908,0.27866918294693316,5.138273324703003,1.735625996107295,1.124838044868261,0.19353591744236276,15.966568063218283,99.44404439013745,112.48301997303473
1413499,7032,0.0898985854080019,0.21469098536630282,5.2191508230480625,1.7334362281839675,1.3683069579860383,0.1902964353916059,12.30088736099407,99.31857993001766,136.8291889797656
1414501,7037,0.2322654447765394,0.31516671254706685,5.444033735915881,1.9339279525941966,0.7774605349440757,0.20353641203850087,18.05772247195974,110.80590956602381,77.74572211381134
1414502,7037,0.16564210080596656,0.2441532158930656,5.651022929491891,1.8893718777457416,0.8445285294393375,0.1915636083672877,13.988948825219074,108.25303452553834,84.4523481941192
1414503,7037,0.11377962931792032,0.1797601584809314,5.885574801720386,1.843754752314469,0.9052145416616739,0.17948861265757754,10.29949840556018,105.63936576480752,90.520666543176
1415241,7041,0.21033755247519728,0.28344017475441,3.6487486330103276,1.7496421887515097,0.7720887114394125,0.2747438173509984,16.2399257578782,100.24711307349327,77.20850774511811
1419060,7060,0.14638052813795072,0.42371480670536776,3.567677331057998,1.9684350156814139,1.658490291826913,0.3161244918265706,24.277070141419046,112.78301864431303,165.84790752109248
1419126,7060,0.20857595799490836,0.4457191170888023,3.5862984714299504,1.7666297025314632,1.2243895834686551,0.28224205665431873,25.537824257485738,101.22042591750493,122.4383771965317
1419127,7060,0.15192241195632988,0.38235531624658536,3.646557007877587,1.740008245082906,1.442008731378472,0.2733952280807644,21.907345895319217,99.69512876121549,144.1999334613183
1419128,7060,0.1123757628041562,0.31350265503478203,3.722299123933454,1.7136922807315003,1.5984209542160714,0.2637814198621538,17.96237899963878,98.18733507006321,159.84068726861787
1419129,7060,0.06784351233552363,0.19696796410724743,3.800738345773741,1.6761799449353632,1.66345034192312,0.2526825778558912,11.285433042629561,96.03803654926703,166.34260685400295
1421136,7070,0.22778361622930138,0.29684357110497517,5.224436729558287,1.6667491513914876,0.7466684099051712,0.18279040716228065,17.007883799906633,95.49769188174375,74.66651647267302
1421137,7070,0.1392961979775475,0.22730185970871522,5.278304353534767,1.6572082406863782,0.9349455685745088,0.17988928153063746,13.023437236784117,94.95103796562978,93.49389238169233
1423144,7080,0.204528631832153,0.2953699019807154,4.075962475115971,1.7283931251206428,0.8274366185140994,0.24296011499237838,16.923448778687806,99.02963140883966,82.74326134110491
1423145,7080,0.14538209714998723,0.2251212776243761,4.208029907676089,1.7085061890436535,0.8872136564345277,0.23262713388274148,12.898499086469645,97.89019390418171,88.72076148689186
1423281,7081,0.24597773555726127,0.40765032655210887,3.2992645839163264,2.0666658633719863,0.9495429424174648,0.35890189545063905,23.356643228565638,118.41123163497525,94.95391207557637
1423347,7081,0.2073685227183086,0.28337762087482027,4.94848964652555,2.005795205289677,0.782970370275086,0.2322397495145328,16.236341684585536,114.92359983067502,78.29666323069583
1423348,7081,0.1536231031850128,0.21465324132564603,5.0222928596249625,1.9554688237789044,0.8005777601936079,0.2230855776045356,12.298724786762666,112.04011057194253,80.05726010293482
1425291,7091,0.16513393128799772,0.5957632570861535,4.600526377277789,1.7786888774296123,2.0670929279446084,0.22152109816259896,34.134720220004034,101.91136574357898,206.7080535521136
1425357,7091,0.24200361007131227,0.3624769505167554,5.308200917240158,1.6808968487715914,0.8581854862031629,0.1814330251464777,20.768399435382467,96.30829523145198,85.8181975511234
1425358,7091,0.20269939135165285,0.2967988345673834,5.408237603351993,1.6269640250144173,0.8389428124462455,0.17236330708326061,17.005320585112592,93.218172052943,83.89387150028277
1425359,7091,0.0687232291386204,0.18436628776901204,5.470594298462276,1.581423291299092,1.537094337528465,0.1656289520042931,10.5634101736588,90.60888021512574,153.70721950699286
1427164,7100,0.1639392860313011,0.24588517707232693,3.1913643360894572,1.9492761026693461,0.859353628576115,0.3499609623875037,14.088182891071249,111.68529378866327,85.93484391250479
1427165,7100,0.09150918090621704,0.1770783800452834,3.194571142708643,1.9462249316388283,1.108724022050014,0.3490624225774201,10.145843819608354,111.51047456604202,110.87120273542223
1429713,7113,0.19255840131777158,0.35830241696580056,3.97445056762745,1.8026719829059994,1.0661292924565333,0.25987364655732964,20.529216281476995,103.28549646699305,106.6123811197284
1429777,7113,0.2476819305093076,0.39346344105920206,4.559806437519208,1.84127121625052,0.9101912928746428,0.23136304324380055,22.543794565386705,105.49706963007472,91.01876547984213
1429778,7113,0.16568842831544212,0.32773234444527266,4.636347427921063,1.8341902296513286,1.1333126401307758,0.22666842895250167,18.77768014664189,105.09135898315236,113.3305868548997
1429779,7113,0.12214973806536161,0.2586722042017228,4.72701366434165,1.8250309343463829,1.2133324720550698,0.22121063576874123,14.820825578104918,104.56657001886498,121.33226383105803
1429780,7113,0.07966246159234326,0.19229906842888986,4.8090298264581595,1.7952357106436323,1.3830759710362523,0.21388810830669533,11.017925025272802,102.85942945104921,138.30587831663814
1429980,7114,0.21987686983113564,0.2792533628858488,5.239287223562642,1.907781826092446,0.7276817426408047,0.20863114006545988,16.000039108194358,109.30784686685834,72.76784662541189
1429981,7114,0.1673958036572337,0.21193282309066908,5.3122739798121525,1.862046381159908,0.7253978482551691,0.20083188311196937,12.142856303388058,106.68739889807094,72.53935581859797
1432527,7127,0.1456381348021839,0.5827963908393266,2.9026925677753916,1.841305390027522,2.2927903644958736,0.3634522940907537,33.3917735105502,105.49902764326696,229.27747789702937
1432528,7127,0.2351871191968416,0.6549946523784945,2.972671247593538,1.9074439670504102,1.5956837992404136,0.3676440463791866,37.528429184926225,109.28848896967936,159.56770823749247
1432591,7127,0.2257703982788929,0.28564722914092266,5.6280984557610125,1.6807857473791028,0.7249125686641764,0.17110917688527458,16.36638065938121,96.30192959056436,72.49093899469057
1432592,7127,0.12461336865232706,0.21951778169996544,5.750681472448192,1.6726105911832043,1.0093171821119933,0.16664725378405187,12.577442419482157,95.83352764367915,100.93091635823399
1434803,7138,0.1626249887642779,0.2513114485920931,4.580547278903717,1.7452317245443614,0.8854164769905464,0.21830232455183812,14.399085347645888,99.99441208873016,88.54110869399223
1434804,7138,0.09376477227011387,0.1865188421409494,4.658476226602697,1.734826819506568,1.1397394838029167,0.21337074591652033,10.686742454343245,99.39825494383018,113.9727450178475
1435005,7139,0.23923583161298512,0.21190287946687167,4.500633805651254,1.7866995611702405,0.5074967270063996,0.22745761665152886,12.141140660121138,102.37034411293105,50.74946269043529
1439763,7163,0.17261664651760839,0.6719161676619525,3.290304900776034,1.9018096476280828,2.230257575966162,0.3311719405988163,38.49796059363449,108.96566624635142,223.02447849506154
1439827,7163,0.18899098156077002,0.4427337657825693,4.868052166368787,1.8608414143487289,1.3422214475824916,0.21901646802986113,25.36677622727472,106.61835938533703,134.2214416600425
1439828,7163,0.11068121906498782,0.3745241635064317,4.982783908141433,1.8061168267803316,1.9387798704319048,0.20768083300845336,21.458653894586103,103.48287148207378,193.87625289647028
1439829,7163,0.09395175224548753,0.3224655782900933,5.162994318703251,1.7566965727880857,1.9665322110714496,0.19494753063409492,18.475916674267772,100.65129950585353,196.6511489306068
1439830,7163,0.07620169238980586,0.2571935180798588,5.299348614818507,1.7163194050232105,1.9338285946310976,0.18556593492205356,14.736103104097541,98.33785820423451,193.38034709740634
1444185,7185,0.2217015373158694,0.45120088847355144,4.461529079343503,1.6934061195236096,1.1660679384097816,0.2174703374277583,25.85190662208745,97.02502365032908,116.60627314000966
1444253,7185,0.16823829452361574,0.17988896890805522,4.6668537292506835,1.701537718182725,0.6126356734619176,0.20890076137214425,10.306878699391653,97.49092993419062,61.263206842233146
1445656,7192,0.20150329773345121,0.26257145505718266,3.811463134596989,1.96765808550547,0.746599962283799,0.2957879941304684,15.044236195385542,112.73850382425509,74.65962942034108
1445657,7192,0.11627209145110748,0.19133161137531124,3.85126346910441,1.9771127091846123,0.942830969977121,0.2941377926298024,10.962493819242587,113.28021385795441,94.28229423015114
1447868,7203,0.17127225654907405,0.2682884451552983,3.695554815422176,1.919466246837874,0.8975064036489073,0.29759351452474475,15.371795599525651,109.97731486162648,89.75012158492619
1447869,7203,0.10095925928729003,0.2032499231461235,3.74069220540866,1.9167633730678544,1.1534713815621165,0.29358858007527877,11.645362782631219,109.82245160204774,115.34600708080058
1448155,7204,0.23923026141015943,0.3899323976904772,4.245274104980275,0.6165242367857156,0.933890203417306,0.08320837660564079,22.341480683081112,35.324236735345714,93.38863387413605
1448156,7204,0.14175348169988033,0.3214100590865958,4.270010023457828,0.6099796372727471,1.299117196894269,0.08184818895225769,18.415439878712355,34.94925880464925,129.9108123981656
1450416,7216,0.15037141115550173,0.3415943900991273,4.068401482199028,1.3163552882536083,1.3015715823943543,0.18538387251424449,19.57191685802543,75.42160235665867,130.15630132967607
1450480,7216,0.2064640096277309,0.3191791653357905,4.475107272680759,0.6972350095164628,0.8857533198870661,0.08926852665334621,18.2876190822491,39.94862337405711,88.5749072698701
1450481,7216,0.11084902023119159,0.29605342318234323,4.547992264533271,0.7220452636936292,1.5302444796648944,0.09096353672082942,16.96261165874879,41.370146227055564,153.0230813072577
1454502,7236,0.14098039391114822,0.22717493934166955,4.306141124004414,1.7769312919049782,0.9232606003612732,0.2364313206246616,13.01616523541815,101.81066351088415,92.32541170377011
1455039,7239,0.2122993807914189,0.495513836487178,3.2041452579502545,1.8109905651576432,1.3373025431309162,0.323837115499832,28.390851521050877,103.76211612154468,133.7296307016253
1455104,7239,0.21815593593054758,0.46079614053726303,5.072634455882539,1.7028417455151752,1.2102202374583726,0.1923372280279912,26.401674068702317,97.56564519670972,121.02147454577172
1455105,7239,0.15231843769311915,0.39463413226105404,5.209934590490936,1.6618715071536383,1.4844472598565843,0.1827627998324129,22.61087023036592,95.21822345294868,148.44376116934245
1455106,7239,0.12121709094764486,0.32550431141248976,5.339314414668474,1.6182719306927802,1.53856371018994,0.17365553769375686,18.6500232572477,92.72015173318357,153.8551144589697
1455107,7239,0.07069153429420896,0.2354299895733709,5.4725979478181275,1.5952040001747654,1.908169485903869,0.16701109304371406,13.48914477336313,91.39845667240029,190.8142763311308
1455108,7239,0.06581878330456174,0.22427217076129227,5.605037110509259,1.5585372263469304,1.9523069630583394,0.1593167063193174,12.84984884685935,89.2976052837046,195.22775982716993
1455109,7239,0.06499274153098328,0.22302132999214777,5.742626619762013,1.5170710712935196,1.9660932410059406,0.15136239078477462,12.778180949944472,86.92176960650909,196.60632930099837
1455110,7239,0.06493654895690593,0.22293880495385757,5.912242982294645,1.4746401924550523,1.967066444346578,0.14290796139155582,12.773452613546288,84.49065932803396,196.70364555987553
1455111,7239,0.06493266778071008,0.22293323218083244,6.007386141417327,1.4309888538742697,1.9671348470040075,0.13648135776641337,12.773133317171764,81.98962185725853,196.71048554208258
1455112,7239,0.06493239937313722,0.22293285507632346,6.0699759359019945,1.3749843677440028,1.9671396509058616,0.129787666162635,12.773111710674964,78.78080116819528,196.7109659125465
1455113,7239,0.05327902258349606,0.18547422871338912,6.119469803029167,1.3255185611294884,1.9945727237196829,0.12410653461721932,10.626890513721346,75.9466192189733,199.45356624178902
1455441,7241,0.10704679189863311,0.594839234073505,3.5002360483578836,2.0664559585716726,3.183820254011858,0.33826062871703594,34.08177760120631,118.39920497581774,318.37908093872136
1455442,7241,0.19701404907096337,0.6638074614893144,3.5542173619163675,2.131315669832399,1.9304899422904247,0.3435788527071775,38.03336595263064,122.1153926914945,193.04802415845552
1456108,7244,0.2449626774040995,0.24187168039768678,3.960983949994874,1.7542242907193786,0.5657280550512387,0.2537491926063766,13.858226470524578,100.50964817755074,56.57257687091147
1456109,7244,0.14073965799572263,0.17727589299642052,3.983471198368975,1.7504199093619799,0.7216984822229637,0.25176954454047074,10.157160478107684,100.29167318211354,72.16934056409185
1458321,7255,0.21643200222947723,0.26814226338385083,4.99030294419256,1.7744924455059956,0.7098497048897984,0.20373698518628774,15.363420000979964,101.67092790534177,70.98464579209877
1458322,7255,0.1353407119833453,0.20196510416880206,5.1184744801442505,1.7086152911976704,0.8550085966895004,0.1912609805629484,11.571748077792387,97.89644499714267,85.50023424571701
1459412,7260,0.15541002890353287,0.25238816220773674,6.894242375271504,1.2191249868879184,0.9304917877629983,0.10131746542135643,14.460776493566541,69.85071644761955,93.04858603402383
1459413,7260,0.08760869658638328,0.1875410012382387,7.0616666134939585,1.1865031098710936,1.2265114136816775,0.09626852158184274,10.745307856608823,67.98162057476067,122.64975539567057
1459863,7263,0.17563441366126487,0.3714809015867322,3.6184795420985094,1.8778498685425884,1.2118517194376492,0.2973427664232318,21.28428783063444,107.59287202668676,121.18448886216014
1459927,7263,0.1277419265056454,0.28771718795112816,6.104035879206866,1.6794688476597055,1.2904908923345917,0.15764402199002175,16.484980562971906,96.22647679460093,129.04808911077654
1459928,7263,0.049269159009627715,0.2204058789549376,6.331284061313595,1.6491333937709225,2.5631296199701494,0.14924047357988124,12.628326643989215,94.48838331715994,256.30781182422317
1460331,7265,0.20175621279399508,0.2768986637332062,3.9772023964906276,1.7317302702731765,0.7863511997309807,0.24947394072722606,15.865124784724907,99.22083574170237,78.63473411938956
1460332,7265,0.12526661305340073,0.21623478106969143,4.003031007806244,1.6913919948065965,0.9890376252856385,0.24209061177282612,12.389340339228667,96.90962280463124,98.90298088419053
1460869,7268,0.1867186876303611,0.2216597755321695,3.2824341601214604,1.861677278435995,0.6801766393504136,0.32496082279644606,12.700169625810505,106.66625086978394,68.0173033009371
1460933,7268,0.1706445729164433,0.2072753464499876,5.534820403566852,2.0267484802713227,0.6959495781071096,0.20980650748750404,11.87600254869624,116.12413405410038,69.59455405568201
1461737,7272,0.18118571419766127,0.1988648912937388,4.9967585540727795,1.6674126937753586,0.6288640573044781,0.19119536962778114,11.394118964459143,95.5357100598676,62.88606212058685
1462340,7275,0.20976434352184214,0.332328704655298,5.937837501260296,1.9870452305693975,0.9077344109286672,0.19173529958899416,19.04103218779821,113.84930541322603,90.77301268221903
1462341,7275,0.12394972833567715,0.26141193698457754,6.066112852806828,1.9299788588364963,1.2083769521960324,0.18229077773808552,14.977800703556126,110.57964316080613,120.83673008353769
1462342,7275,0.06439127511224645,0.19623559045203554,6.180848116622388,1.8782494047015672,1.7461169013104503,0.17411164545336802,11.24347112315935,107.61576376235912,174.60900556099486
1466159,7294,0.23620918371460323,0.21603893043600583,4.456353463709186,1.3032613503747412,0.5240320552238633,0.16756160708419163,12.37811892450352,74.6713749789931,52.40298589098581
1466160,7294,0.1441359659581841,0.2010357944382369,4.475372435001843,1.3438866113035313,0.7991413993486433,0.17205055426800078,11.518502552370563,76.99903097183049,79.91359104722811
1466161,7294,0.09945708420192663,0.18846242891114903,4.531057271471461,1.3653233357165728,1.0857045301836268,0.17264682379358162,10.798101773393146,78.22726480728284,108.56937231437213
1466162,7294,0.0678720541953775,0.17756852098374137,4.630041163791091,1.3905731177390206,1.4989859152451537,0.17208047997887913,10.173926826748577,79.67397075079438,149.89640509563918
1472526,7326,0.20304756239421243,0.6661093483652565,4.235935363641377,1.7186018582263336,1.8796213077318487,0.2324601875478144,38.16525435553868,98.46863313970958,187.96121432981155
1472592,7326,0.19195544390001018,0.3255669940222986,5.02779340887186,1.6835048077143653,0.971767893396522,0.19184901255083706,18.65361470623861,96.45772027201633,97.1762881581368
1472593,7326,0.10960914403044382,0.25155293866452044,5.086388606759705,1.6705536628315878,1.3149377747762847,0.18818002622722643,14.412921709590284,95.71567433037072,131.49258982441577
1472594,7326,0.05936445337605239,0.180336862214262,5.196028937567522,1.667480882947455,1.7405263196024454,0.18387044794344978,10.332541095509463,95.53961701163722,174.04972939493354
1472992,7328,0.15630218362136075,0.26780071834358715,4.168384895536736,1.8053749894245863,0.9816785392551453,0.2481545482882538,15.34385091165923,103.44036733250442,98.16723214563048
1472993,7328,0.0728467019682236,0.20518692599598395,4.194709167112385,1.8011592114376427,1.6138470156293756,0.24602139669079495,11.756344870833036,103.1988210464884,161.3825083454409
1476144,7344,0.17306897994754178,0.33603551875616955,3.8360668944285696,2.0559243300901695,1.1124706394284472,0.30707438125345987,19.25341699121773,117.79578711242783,111.24642758411089
1476210,7344,0.2474853915946668,0.246533256464662,5.021386398767059,1.5219052868427587,0.5707534672358568,0.17365472930442652,14.125315105041452,87.19874975473701,57.0751184096453
1476211,7344,0.11964836858873833,0.1819283347723184,5.014989113377145,1.4758041958315595,0.8711965744329858,0.16860924266951355,10.423725756296983,84.5573518088468,87.11893659987177
1477350,7350,0.23953405113511875,0.47186089836874245,3.3633673659768037,1.8555536074006311,1.1286761417421085,0.3160980603061671,27.035637993780416,106.31539036433108,112.8671476915917
1477416,7350,0.17330136901251975,0.3451218455675105,6.338876606255289,1.501251845825153,1.1410194934083935,0.13569501342151014,19.77402516878413,86.01539475200582,114.1012975267269
1477417,7350,0.10447604265359209,0.277547992704277,6.378566143247592,1.4947040405818046,1.5221027393722157,0.13426251462938163,15.902328594282835,85.64023314648833,152.2088316282954
1477418,7350,0.05580598714993776,0.20458767785105347,6.450643977161685,1.487637324861308,2.1004929720641234,0.13213462148945704,11.722010481247477,85.23534016068513,210.04557099192104
1478823,7357,0.22091428399710566,0.31575534649215786,4.973541202550493,1.952580424609335,0.818935180035413,0.22493956058445216,18.091448712691587,111.87461748997713,81.89315100954542
1478824,7357,0.15263416776218405,0.2472381982691879,5.0657280741941655,1.9203595570861318,0.928082130944119,0.2172017446257191,14.165705295243121,110.02849776864744,92.80761113529387
1478825,7357,0.10436330473569468,0.18231427572244469,5.157528023713595,1.8633938803904235,1.0009109590218648,0.20700731865921138,10.445838543880487,106.7646049168766,100.09014643785387
1479225,7359,0.20868373544112387,0.7205693165784791,3.292818350346602,1.5091631999658723,1.9783802806156214,0.2625977885564289,41.285580686572956,86.46868195450239,197.83708951832196
1479226,7359,0.16027734212153916,0.5695752078095058,3.279216053226758,1.4831392058278419,2.036111471196801,0.2591400361728584,32.63425552277149,84.97761692432005,203.60988946357404
1479227,7359,0.13864149700535766,0.4670111960111296,3.3172653923312403,1.4635133607923252,1.9299970906808255,0.2527779018690472,26.757770516794555,83.85313883440716,192.99833092129418
1479228,7359,0.11582030457426658,0.3788564156591693,3.389661584429285,1.4283766558177131,1.8741853480984547,0.24143989496728777,21.706873658724433,81.83995393336556,187.4169328217644
1479229,7359,0.11052825686229281,0.361590830177551,3.4945529209584993,1.3867475582862347,1.874419012252988,0.22736751713209916,20.717628479805356,79.45478233987339,187.44022232608714
1479230,7359,0.11026653267048635,0.36106142772511357,3.6133319591262416,1.332935860959053,1.8761172203827448,0.21136059417496106,20.687295953616815,76.37159919459044,187.6100376294524
1479231,7359,0.11024849099525133,0.3610260692465963,3.697807091531684,1.2742516627599767,1.8762404817566398,0.19743929390863224,20.685270062027772,73.00924231367416,187.6223633805142
1479232,7359,0.11024724576036621,0.361023677912941,3.810302639334098,1.2215314723413764,1.876249245937077,0.18368251645258094,20.685133048701914,69.98859790756232,187.62323977165843
1479233,7359,0.08585164424031143,0.28461550765126087,3.8757885507095855,1.1633985437981615,1.8994703732492089,0.1719851983852718,16.307267372390637,66.65782645130051,189.94484697226937
1479234,7359,0.05874298312199915,0.204877248651014,3.9247394892960967,1.1130848584509248,1.998298187083585,0.16249502582424316,11.738601665955441,63.775064629154635,199.82645101842658
1480431,7365,0.17287137557295126,0.24567542733748904,5.4392371735664184,1.5478384446860125,0.8142565104026973,0.16304604350872046,14.07616511651105,88.68461024860204,81.42518473445156
1480432,7365,0.09780590264263364,0.17789434603021922,5.538970476133916,1.5052329176784207,1.042124647823025,0.1557031105022777,10.192595226771413,86.2434933671364,104.2114099452987
1481169,7369,0.23427682014868667,0.3648959699820777,3.3496287117228847,1.842278130303077,0.8924057504123026,0.31512376542235543,20.90699904130543,105.55476155561865,89.24019793267925
1481232,7369,0.22905220884739788,0.2870315779277151,3.3040422284859425,1.9149759872183831,0.7179890282222124,0.33207820607883687,16.445698002238473,109.72004193651163,71.7985924973227
1481233,7369,0.12751090360248019,0.21866777003491528,3.2988087888179254,1.905184757785368,0.9825621968011845,0.3309044339061754,12.528740338537895,109.1590458137556,98.25545682069328
1483646,7381,0.2058692687581685,0.2647819723416814,3.4771120453561655,1.6244839942015816,0.7369185726904426,0.26768213181663253,15.170889506328038,93.07607675430512,73.69150289568508
1483647,7381,0.11129259874244078,0.19565360358018943,3.472887062063478,1.5583476655303987,1.007265968363956,0.2570965954153671,11.210125731670548,89.28674424895628,100.72570083400197
1488069,7403,0.14031470664569334,0.25514159620649496,6.818475959612133,1.701770898137195,1.0418391591650555,0.14300012289549113,14.618536640863216,97.50429016144881,104.18318084500697
1488070,7403,0.06639898417240565,0.18970194570076387,7.055471748677399,1.6710075404754101,1.6369405876619005,0.13569848038301066,10.869120854073682,95.74167960377709,163.6916181463586
1490279,7414,0.23537140503576556,0.21914891184440582,5.5595314745461035,2.1356680572264524,0.5334678270792149,0.22009906133298915,12.55630773356899,122.36476611997969,53.34655832598992
1493696,7431,0.17934396083651108,0.28376894994052826,5.109145214604827,1.7980381728925772,0.906568707752813,0.20163842322201106,16.258763188451404,103.01999871015849,90.65637034135972
1493697,7431,0.11718316645430693,0.2146400936554649,5.267300151454622,1.7885452759766527,1.0494656189445581,0.19455146401458046,12.297971480750858,102.47609578152327,104.94567528068008
1495706,7441,0.21770329467577026,0.22962240766574826,5.047762658614666,1.6770022635514343,0.604326831899676,0.19035196035029328,13.156394840879816,96.08515193538295,60.432408375194434
1495907,7442,0.15813605146414153,0.21741065663015682,4.1381156384568625,1.71843662138432,0.7877212149298763,0.23793236857157044,12.456713046075915,98.45916576604213,78.77162834859448
1497314,7449,0.23092909005386342,0.33185236982733696,3.5590238171283723,1.7403080154165842,0.8233583471327806,0.2801675661064966,19.01374021252095,99.71230433615848,82.33548173859059
1497315,7449,0.14807688827511184,0.26401856585448885,3.586279477998229,1.7120337929526843,1.021573906042676,0.27352109908956285,15.127149536559,98.09231071996304,102.15670761359372
1497316,7449,0.09393789476344909,0.19847136224812226,3.6435798254328784,1.6801190718896182,1.2105413080763265,0.26420096785741315,11.371571411029503,96.26373189871207,121.05285504651366
1505557,7490,0.1609999613468028,0.1955278042834769,4.599717027683416,1.8629116728839676,0.6958335376825318,0.23205117964313682,11.202917962903205,106.73697646190715,69.58292589801158
1505892,7492,0.15665762665086472,0.34495259455863814,3.6311735947849217,1.8113028937062667,1.2616255563937309,0.2858029456163918,19.764327800297412,103.78001122920224,126.16175835847797
1505957,7492,0.16312147933572038,0.2942847608631259,6.803223203761185,1.8177940699170265,1.0336636111611037,0.15309203440434196,16.86127477247382,104.15192823015451,103.36573377953529
1505958,7492,0.07434615871849307,0.2245474464957312,7.063986243589695,1.7685899602811261,1.7305022177215212,0.14344979842199485,12.865620984645064,101.33274041331843,173.04791745114636
1508658,7505,0.2056820339205954,0.3028932099833797,5.55426960681767,0.8745923119292942,0.8437538953044079,0.09021968994160683,17.35450257521747,50.11044826813776,84.37498341218183
1508659,7505,0.14509576936235544,0.2887858860839531,5.745009090130679,0.8846259007206818,1.1403648354398062,0.08822497871779024,16.546212455556287,50.68533055925404,114.03570546932598
1508660,7505,0.0976593055285054,0.28185193677523734,5.8754613929247315,0.887900117496097,1.6535981577810233,0.086585420059729,16.14892642480922,50.87292936169626,165.35813949604756
1510780,7516,0.21342938774421022,0.26438198664898627,3.879329816847899,1.0405147262234289,0.7097415901639499,0.15367886979141945,15.14797201427099,59.6171023338128,70.97382980171207
1510781,7516,0.1395814717856726,0.1978064973207487,3.987469392492094,1.0003366488936742,0.811961394287767,0.1437379507866487,11.333477456744728,57.31506807386761,81.19556353857354
1511586,7520,0.16348166978176354,0.2497833895776658,4.404981538115645,1.6774541483238625,0.8754212725473073,0.2181871637278107,14.311534015272285,96.11104302566932,87.5415971269435
1511587,7520,0.09185704945368409,0.1820578784979003,4.470920091505299,1.612437408292685,1.1355848017641794,0.20663723825679303,10.431148065035227,92.38585822418356,113.55725630005605
1511922,7522,0.24997665447572803,0.34614634873369904,4.534130890723321,1.700661980954556,0.7933830510899635,0.2149050303587607,19.83272487630452,97.44075388705404,79.33799090122358
1511989,7522,0.1828571389652359,0.273491250558936,4.647380951426892,1.6229128387094431,0.8569473208707334,0.20008270668453476,15.669894390781952,92.9860561756468,85.69426813296529
1511990,7522,0.12510381630540424,0.20782530758901868,4.697196510482154,1.5842115639795922,0.9518104563636794,0.19324002322673284,11.907513000858929,90.76863647185002,95.18029243406956
1512075,7522,0.15261505949917079,0.2012110372590791,4.606126825879584,1.916301577408801,0.755400057427319,0.23836945132410783,11.528543226394788,109.79599265978652,75.53951572480108
1513796,7531,0.20212987654826428,0.21906716491079303,4.3006517028004065,1.9139479334454688,0.6209682394635779,0.2549872580190976,12.551623979284843,109.66113879421114,62.096519807491156
1516207,7543,0.18317227875481232,0.2272767415675168,4.714645260923094,1.6966186152274334,0.7109152897431444,0.20618536604521517,13.021998073304234,97.20908609586208,71.09114474461587
1518421,7554,0.1651784160916745,0.2675136477393435,4.5656186394646365,1.6270700545976005,0.9279300778121622,0.2041875466569999,15.327402977613799,93.22424710056293,92.79245162791409
1518422,7554,0.12289519875853709,0.19987342621261012,4.6233578220717835,1.5858997049225594,0.9318429802501568,0.1965354253845141,11.451903758802038,90.86535982310528,93.18354737157011
1519827,7561,0.19737272053892513,0.29552269988925056,4.226847595210993,1.7381236701967384,0.8578795767648352,0.23560620082750916,16.932203453965297,99.58715057406174,85.78752737564172
1519828,7561,0.1207117193405483,0.2274454632423565,4.245501831181114,1.6952777134428594,1.0795690844938843,0.22878863728355345,13.031665113184928,97.13225808286442,107.95602306349083
1521634,7570,0.21607990747169808,0.2678918057980916,3.9893236209976113,1.6502389603275383,0.71034226678559,0.23701192573133073,15.349069838368923,94.55172761482484,71.033901226925
1521635,7570,0.11382528834535285,0.2006180391721297,4.032909675260719,1.638951627137697,1.0098429001150555,0.23284679893598517,11.494566938753255,93.905011061089,100.98341170431866
1521837,7571,0.1651256777094967,0.32467385914423685,5.332499875071331,1.7374209294432674,1.1265625660809813,0.1866795848856627,18.60244184718974,99.54688649479601,112.65558118910718
1521838,7571,0.10759254485817996,0.2579788949583432,5.44719258892264,1.7135763849792336,1.3738034108442858,0.1802409093300892,14.781101884561856,98.18069473259484,137.37907700731455
1521839,7571,0.07111040239137467,0.19346841536228215,5.524535823152228,1.6707123135264115,1.5588327076960238,0.17327204897679452,11.084923669342746,95.72476434560093,155.88110059108146
1525141,7587,0.16462629514701319,0.19613399794067413,4.515080457495521,0.6916235055338427,0.6826157150883545,0.08776611660503353,11.237650301028207,39.62710787913212,68.26116101216944
1525142,7587,0.0921743210848043,0.18703432220698105,4.570643910844689,0.7141638299412345,1.1626097157885045,0.08952474540823416,10.716277286549984,40.918573336531395,116.25972288928246
1526059,7592,0.17661199248274495,0.48244983898627997,5.763655740913249,1.5217114082871115,1.565145019143341,0.15127142407480787,27.642339600679964,87.18764133176033,156.51362457595306
1526060,7592,0.13507367250773852,0.4196487129939459,5.841040098140106,1.49585297498153,1.7800728969740183,0.1467308230242924,24.044100132649888,85.70606223852998,178.00598503225973
1526061,7592,0.07777562132995192,0.2626220174717758,5.8995226766516256,1.463949125362967,1.9346848043583762,0.14217778413658871,15.047133208343721,83.87810630516627,193.46601782184956
1526062,7592,0.07559637922146974,0.25663455632971194,6.016536655445184,1.4151219001164805,1.9450766242058626,0.1347627661589403,14.704076954904881,81.08051237320798,194.50511520813288
1526063,7592,0.07466359582165875,0.2531566361042088,6.126780477337496,1.3776300049294115,1.9426876916641955,0.12883174968676506,14.504806804500364,78.93238501304208,194.26619329924503
1526064,7592,0.07460145054056842,0.25292663448824615,6.209529242722121,1.3280683388624892,1.9425395397914411,0.12254183469449526,14.491628682624514,76.09271072177069,194.25137616282512
1526065,7592,0.07459720720782557,0.2529110955830949,6.299160015402332,1.2702338444098782,1.942530688319155,0.1155376875422606,14.490738368941093,72.77903827936329,194.25049088071074
1526066,7592,0.07459691686415283,0.25291004404340955,6.363858733317431,1.220465471214533,1.9425301723948836,0.10988226383162195,14.490678120155133,69.92752054203801,194.25043927893464
1526067,7592,0.07459689698990102,0.2529099728762511,6.3275806565977035,1.1626193066448862,1.9425301433126538,0.10527432673093914,14.490674042577314,66.61317945117804,194.25043637006343
1527464,7599,0.1714535540286875,0.3547292103573863,3.7817438842041318,1.790171185186844,1.1854222301314143,0.27122210384033524,20.324486623486603,102.56925351713868,118.54153853554652
1527465,7599,0.11182160885055811,0.29060007242328384,3.802602522367039,1.774786284527067,1.4889927231604483,0.267416230793406,16.650157676050224,101.68776364110542,148.89795406492274
1527466,7599,0.05989530706052739,0.22835741749114163,3.8515883006592277,1.748686192224922,2.1844639756272346,0.2601325230684947,13.08391624274934,100.19233850729061,218.44278695725876
1530479,7614,0.17651975664655983,0.24720618136605949,4.809203100285068,1.8360330318383546,0.8023957390664737,0.21874090438386748,14.163870861820785,105.19694377094642,80.23912389057178
1530480,7614,0.09798109861852494,0.17690494775309235,4.871996543514908,1.8244590119993362,1.0344756274086664,0.2145604992408173,10.135906881234527,104.53380128216999,103.44651751843766
1532177,7622,0.21377285731107837,0.24182000000607118,6.0860854257436,1.0607929178330995,0.6481302129909448,0.0998654352964707,13.85526540220142,60.77895712920452,64.81272114597054
1532178,7622,0.15169504712681972,0.22534121338257168,6.238949460823421,1.107420202344906,0.8511220287411446,0.10170062129628452,12.911100477178262,63.45050374188675,85.11164741415067
1532179,7622,0.11368949139499965,0.22043523659869416,6.357960095417383,1.1279662999733007,1.1109212863192675,0.10164849629426054,12.630008713072915,64.62770842145751,111.09116125808573
1532180,7622,0.06275341133647924,0.20579408722970333,6.463891667827306,1.1376865185093772,1.8789625164476569,0.10084425786886003,11.791132647009112,65.18463591951952,187.89328743419998
1532181,7622,0.057209197877191476,0.20199270809256462,6.557703291939165,1.1468512036355443,2.022983728592423,0.10020235846654474,11.573329666121982,65.70973369781522,202.29487216537018
1532182,7622,0.05683403028260747,0.20174803729179056,6.643290334324813,1.1503418568078634,2.033871075219855,0.099212483537827,11.559311061867541,65.90973339233305,203.3835647555711
1532183,7622,0.05680824467836666,0.20173175528275036,6.697731379211691,1.1534496057290529,2.034630043980057,0.0986719091120224,11.558378171467545,66.08779428930355,203.45945870090142
1532184,7622,0.05680645946645277,0.20173065452240874,6.780562027500309,1.1589542520225198,2.0346828822677514,0.09793168607909593,11.558315102545714,66.40318728963153,203.46474232616217
1532185,7622,0.05680633580981937,0.2017305800289264,6.875433163206887,1.1588813845663308,2.0346865600331645,0.09657429665767192,11.558310834383576,66.39901229192806,203.4651100885755
1532186,7622,0.056806327244054294,0.20173057498726557,6.902727436664138,1.1515058877322684,2.034686815990315,0.09558022964300643,11.558310545517688,65.97642745152417,203.4651356833098
1537315,7648,0.21387655184324553,0.41467697676524407,4.570224344401583,1.770602650289764,1.1108856634466853,0.22197610267989773,23.759240629892986,101.44805905628152,111.08805213604901
1537316,7648,0.15589925822479908,0.3467836191486077,4.644974947311948,1.7387464903569216,1.2744920491119227,0.21447442980034437,19.869237781487342,99.6228355406359,127.44839558146889
1537317,7648,0.10527636906674337,0.2795496475795031,4.709476290701423,1.6964100412826397,1.5214253294673608,0.2063862932586211,16.017014970675078,97.197135689109,152.14110223936797
1537318,7648,0.0879310701753105,0.2576060612912571,4.792321696124731,1.6507546254168686,1.6785578045385727,0.19736002473959127,14.75974008897744,94.5812730480857,167.8538906175061
1537319,7648,0.06254570899893652,0.20895927200814815,4.881524144126476,1.6091004307909187,1.9141972572729753,0.1888645033520274,11.972484376193052,92.19466349700225,191.41669590316283
1537320,7648,0.060285139272424605,0.2042279350355326,4.964104144002946,1.5622406130139015,1.9410085033264375,0.1803140928005072,11.701398736207976,89.50979370962706,194.09766286958592
1537321,7648,0.06011951852153881,0.20363323510924417,5.0295321134396715,1.5102256451463063,1.9406880305415064,0.17204295241706924,11.667324940354908,86.52955557930527,194.0656073379501
1537322,7648,0.060108140844033896,0.20359288684863555,5.106378450214433,1.454106795927701,1.940670772850628,0.16315708484413732,11.66501315531134,83.31418236794815,194.06388099238896
1537323,7648,0.06010736185527913,0.2035901568507633,5.141433760306475,1.3858974933343524,1.9406699008635286,0.15444345051066413,11.66485673795518,79.40607720581853,194.06379375369207
1537324,7648,0.060107308491644286,0.20358997208987,5.11477979287434,1.3302061141999064,1.9406698626153727,0.14900973094349318,11.664846151935777,76.21519622615185,194.06378992610178
1541733,7670,0.2344354826556874,1.1071051390678404,4.631054593574373,1.0992447050759484,2.705752922787754,0.135999437804822,63.432451945831325,62.98208225295475,270.5741496684772
1541734,7670,0.12131620069525105,0.523044426778404,4.664103750819808,1.164917629935037,2.4702583422690996,0.14310329936555397,29.968238152241966,66.74486367566031,247.02381839094866
1541735,7670,0.0872954911215539,0.3149568532921387,4.68810472426999,1.2213295738626506,2.0671968418204063,0.149265073933417,18.045698422360594,69.97702997684122,206.7173398439726
1545153,7687,0.1951628660905803,0.2521802412807,3.8540123217250715,1.9275069880831097,0.7403489737089539,0.2865533524375174,14.448863501974888,110.43801539913525,74.03452181700898
1545154,7687,0.11744667729943052,0.18914821179201824,3.879539650606671,1.9120002246977559,0.9227500994131338,0.28237768623846327,10.837394238129274,109.54954330324648,92.27423212891263
1546293,7693,0.19650156819787282,0.26347944492417685,4.291144047058362,1.9053253970346273,0.7682513454117579,0.25440092990960456,15.096260182604954,109.16710384917204,76.82474748830471
1546560,7694,0.18763077004956377,0.23335628692731866,5.432331883132759,1.7921667749803718,0.7125872610158831,0.189023046474303,13.370330363779225,102.68359238994721,71.2583501197446
1547763,7700,0.21656093968543771,0.31088633434442897,2.8306615268281066,1.7930289967476574,0.8225155501073499,0.36292927544186115,17.812474866228794,102.73299405821697,82.25117900265353
1547764,7700,0.13758501777378218,0.24439302391444886,2.791551927152079,1.7323669764695904,1.0177480093081779,0.35556320840230654,14.002688812737718,99.25731631954672,101.77406861037889
1547765,7700,0.09072304064365272,0.17838215051816758,2.8381529553118123,1.6821143068046998,1.1265653318144297,0.3395801833672304,10.220544365158393,96.37805043848338,112.65530384942623
1548769,7705,0.16194148389667787,0.291709144454682,4.370083811381177,1.4838673151228439,1.0320827862245754,0.1945485212388382,16.71370282262534,85.01933451394791,103.20764768119139
1548770,7705,0.09343904235848159,0.223328008537852,4.442528446646537,1.4499644282991766,1.3694223146858624,0.18700351161814058,12.795752336280534,83.07684218564208,136.94078056161175
1549574,7709,0.15710341278637538,0.25227257344918635,6.1394366451164615,1.7482312930321164,0.9200406642442656,0.1631522244308242,14.454153745542447,100.16627470343896,92.00348665697034
1549575,7709,0.09016024437208912,0.18397111991860482,6.355472948348968,1.7284954218315773,1.1691147942118398,0.15582710087458515,10.54076872363121,99.03549257863428,116.91019569483977
1550378,7713,0.20285886172770204,0.3912598289817505,5.488018150226168,1.1423744932117383,1.105080428710842,0.11926570789942778,22.41753689366467,65.45323708442892,110.5075035679342
1550379,7713,0.1640471100866136,0.32626235981213464,5.698919680592643,1.0963682254987024,1.139517488715695,0.110226631578994,18.693456231213997,62.81727211332297,113.95106119384299
1550380,7713,0.11988032511179937,0.2547317029702765,5.888608043786878,1.0434615688845277,1.2174683591571311,0.10152814287365482,14.595051488376939,59.78594398118286,121.74583051001339
1550381,7713,0.06699675773544801,0.1824053798461988,5.9677281049044,0.9739656594180035,1.5599347220654314,0.09350982585141067,10.451058425667837,55.804121675327764,155.9911671512293
1551987,7721,0.15742040104476146,0.2324547515265764,4.006477922259342,1.743213591433686,0.8460577698814407,0.24929322778690302,13.318676190235058,99.87878157899284,84.60524491487662
1554198,7732,0.2431116009664058,0.5279216017255958,4.926535711672516,1.533555881374836,1.2441890197026726,0.17835307529326794,30.247679692662995,87.86627965024323,124.41839531321838
1554199,7732,0.17478926091784658,0.4609641461365901,4.9807980354272186,1.4671023422304108,1.5110366867364533,0.16876567079593424,26.411300080478323,84.05877232356026,151.1028128328725
1554200,7732,0.12185133948538363,0.3947634704831649,5.030798740598657,1.4064737208979565,1.8562191440756852,0.16018332713850722,22.618280764622597,80.58500820351381,185.6204063060742
1554201,7732,0.11900559341831363,0.3801492934615827,5.106350020506739,1.3457926015073163,1.8302457594090926,0.15100460349493247,21.78095010022887,77.10823616630066,183.02305338383928
1554202,7732,0.11866981940049225,0.3794762184609182,5.196159345185826,1.2933343637565389,1.8321746861215966,0.14261033097172438,21.74238574339503,74.10260054248727,183.21594013789073
1554203,7732,0.11560136480682856,0.37304050295115165,5.337652884158591,1.2371649727614376,1.8489093613509502,0.1328005640423379,21.37364640653852,70.88433150064782,184.8893527589497
1554204,7732,0.11386863650112045,0.36963800309339817,5.467709299380576,1.1709751514891558,1.8599235325667098,0.12270574439631565,21.178697524895384,67.09193409502085,185.99073621076317
1554205,7732,0.11374004807724947,0.3694946736036783,5.5657495615078245,1.1149301086874823,1.861304250053767,0.11477481848424034,21.170485350054673,63.8807896798549,186.1288049295653
1554206,7732,0.11373107806012545,0.3694849789360365,5.654838127097367,1.055499382984142,1.8614022117965892,0.10694498844611675,21.169929886515014,60.47565992365383,186.13860089080012
1554207,7732,0.11373045723766743,0.36948432302106765,5.66038861386111,0.9974108796215626,1.8614090682592508,0.10096026552283734,21.169892305355578,57.147433842746544,186.13928652225331
1554208,7732,0.05640784626449285,0.17979968084814957,5.586639417144696,0.9380405561720524,1.8262993052056151,0.09620410549429755,10.301762870398148,53.745764880763026,182.62672528515625
1554891,7735,0.22676047077614095,0.8649888776742686,5.594068898389887,1.1476365941162565,2.1855753633464694,0.11754365978404731,49.56021201649343,65.75473325762978,218.5565821515565
1554892,7735,0.20086868788272533,0.7697187833418068,5.721306540675316,1.1792706825472195,2.195545555991921,0.11809755763828503,44.10163769743014,67.56723301346759,219.55347350954318
1554893,7735,0.12845199771886232,0.4792696661672122,5.824627845818027,1.202091832525964,2.1377734461049474,0.11824753494266245,27.46012912002516,68.87478859088472,213.7756970072864
1556809,7745,0.1883796471851142,0.28322999398861043,4.344354799009349,1.9555071004071998,0.8614456321637994,0.2579032067750172,16.227883287063054,112.04230366119785,86.14411049940048
1556810,7745,0.1023081511008421,0.2136133664406967,4.4654356349096,1.9266383179167743,1.196301860275805,0.24720599073161661,12.239144344633416,110.3882442648153,119.629028419655
1561634,7769,0.1891348587498456,0.23590674322471203,4.070299490573734,1.8021141312714564,0.7146466875618598,0.253675519229445,13.516460745452427,103.25353392273925,71.46429468633727
1564182,7782,0.20374797656083657,0.4623963997464216,4.805369486178331,2.120119429438493,1.300300563196165,0.25278783549759687,26.493362167514046,121.4738953705098,130.0294245139607
1564249,7782,0.20925497607570567,0.298667074185496,5.40448056688671,1.9809002316030018,0.817775631122049,0.21000579295766508,17.11236283034958,113.49722290733929,81.77717621865472
1564250,7782,0.13722111626096872,0.23195240232815334,5.456200034036913,1.9263270904761312,0.9685020130244933,0.20228439455151898,13.289893701323637,110.3704122459978,96.84950256887852
1565654,7789,0.2377600219965435,0.27383301965554996,6.3963818380146655,1.669388083393844,0.6598870376083233,0.1495359311257952,15.689476317585928,95.64889154790076,65.98842899410997
1565655,7789,0.15155967358688865,0.2023219557807325,6.666428108443454,1.6579463027625052,0.7648600138718734,0.14249508750390688,11.59219416906844,94.99332580761053,76.48550177775977
1575304,7837,0.2215146961665903,0.25361969734896334,3.7975985862217887,0.898465127410216,0.6559988052690536,0.13555476845684694,14.531338259480872,51.478259840289155,65.59958734731202
1575305,7837,0.19610148629859314,0.2427802202166917,3.894986144570785,0.9178939024036423,0.709340939780118,0.1350234495360285,13.91028196767314,52.591446648521796,70.93373587570333
1575306,7837,0.14741812309217414,0.23378073878382594,3.9647241609044293,0.9386032880362376,0.9086161507274342,0.13564123183205096,13.394649663763584,53.77800704157837,90.8610048873276
1575307,7837,0.110090101697642,0.22803607481644603,4.029587575017487,0.9391994184347445,1.186800927189148,0.13354260619010405,13.065504663711836,53.81216279745227,118.67902548196301
1576845,7845,0.18691701340126404,0.6724635883163602,4.219864668556574,1.9694578479707707,2.0613063906992313,0.2674057848135569,38.52932548675034,112.84162261764288,206.12954731140846
1576911,7845,0.19414578939848162,0.37226499535084456,3.586367028978909,1.7216308001167682,1.0986183146967132,0.2750476391688752,21.329213094060606,98.64217872642185,109.86127125843379
1576912,7845,0.13225835775892414,0.3070769347945935,3.67101327954041,1.6730425649582883,1.3302910543712665,0.2611221217612446,17.59421234954419,95.8582779178518,133.02810967534
1576913,7845,0.10359139741696866,0.2381852137043829,3.744399260456273,1.6117084914591278,1.3173879791739644,0.24661925103610047,13.647007487682716,92.34409436600471,131.73753893108866
1577714,7849,0.20158103405363997,0.3333755784525589,4.800239224466893,1.0359943886378216,0.9475600112965672,0.12365655786898577,19.101013638064092,59.35810606818314,94.75553576853683
1577715,7849,0.1410702646146239,0.2689308378467023,4.902598031234464,0.9772624985736433,1.092264265567385,0.11421090649026666,15.40860198953315,55.99301664467939,109.22566003520353
1577716,7849,0.08154385349152593,0.2032644481278047,4.955836240143311,0.9179549331049439,1.4282123147119876,0.10612728265306622,11.646195002779058,52.5949434501271,142.81949754179544
1579800,7859,0.2316056610741354,0.8119572101866738,4.415433415804788,0.16073650352580993,2.008660715135158,0.020857574732971982,46.5217212889131,9.209523265718586,200.86521291381112
1579801,7859,0.2177664305746008,0.7631167714685809,4.483194088063084,0.18837844545777926,2.007810301965266,0.024075000189327626,43.723370280799045,10.793289875966124,200.78011741898516
1579802,7859,0.1910737963501816,0.6685417328838739,4.568426881489839,0.2105783443562954,2.0047028137602183,0.02641007654285467,38.304619722608415,12.065250388468225,200.4692426959743
1579803,7859,0.13330199350465757,0.46411064890534354,4.6697538559713445,0.2397690745682759,1.9948373400423058,0.02941858698512405,26.591581409354124,13.73775603051973,199.4822525003913
1582423,7872,0.18225921025569083,0.3089635887904862,4.6331846712057345,1.3598742750011557,0.9712710081869012,0.1681673880647088,17.70230966091033,77.91505662597889,97.12657324424215
1582424,7872,0.08208014031142088,0.2919128130269329,4.759221738446185,1.451898588915681,2.037687809875703,0.17479257286767053,16.72537217223477,83.18766142586821,203.7663232842244
1582425,7872,0.04270463969107103,0.24738382837312017,4.893390941955857,1.533142882146877,3.319088059053226,0.17951277018327932,14.174049285568492,87.84261653753903,331.901111612011
1589171,7906,0.23208823560853886,0.27041854199758636,4.04020413593512,1.6370661274151175,0.6675840526915878,0.23215901102196027,15.4938411585429,93.7969798847121,66.75812050446022
1589172,7906,0.13047684430903722,0.202278649752926,4.02308136760342,1.5951172593989793,0.8882581495256753,0.22717285138905108,11.589712916447652,91.39348679203606,88.82514098713477
1590177,7911,0.19168404348706888,0.38359532545873626,4.831638602435328,1.8010035867133398,1.1465947630962154,0.21357123883606507,21.978393189732806,103.18990440659796,114.65888412527852
1590178,7911,0.12358420863394144,0.31407533456773745,4.899161131993756,1.7927997582094788,1.4561075288417458,0.20966826091308127,17.99519111989065,102.7198596574776,145.6095864448656
1590179,7911,0.08886603149767379,0.24298281981881772,5.016356282259438,1.7817473002295396,1.5666153049216691,0.2035074753751196,13.92189006980599,102.08660046198139,156.6597852452224
1590180,7911,0.0637246098467625,0.17507541889428777,5.132754733919552,1.7604246461023334,1.5741298454583508,0.19651221888589845,10.03108259912764,100.86490237247527,157.4105390791683
1592990,7925,0.17558469660338535,0.261419067020835,4.846817415097182,1.6295490178023075,0.8530474842763252,0.19263420310883447,14.978209224541454,93.36628122976087,85.30426745621754
1592991,7925,0.12068665354569219,0.19509465163953155,4.9000050768197765,1.590477899022285,0.9262083991814187,0.1859746457568585,11.178100144520204,91.12767102281126,92.62008015002289
1593190,7926,0.19295596195572554,0.2713244827765487,4.982483094638902,1.6643535443533382,0.8056629491225732,0.1913913839874366,15.545747741666236,95.36043370908594,80.56588155255703
1593191,7926,0.09522188259042283,0.19938259938302125,5.071133032716549,1.5961650515156953,1.1997011550832992,0.1803413952814386,11.42378145299481,91.45352085813097,119.96886821974628
1597412,7947,0.19788572666803111,0.29308179487590746,4.865248573799972,1.843077633961213,0.8485881893892586,0.21705071780413823,16.792349898508416,105.6005697409351,84.85839440195886
1597413,7947,0.12516241400368652,0.22339098404981864,4.958672225621648,1.8289717720784573,1.022620061029811,0.2113314984520677,12.799360567328899,104.79236338865874,102.26119724532211
1600023,7960,0.24384079772097253,0.3667602387287465,4.150113410475372,1.7486292358568192,0.8617841274711426,0.24141286031721476,21.013813772367698,100.18907514778194,86.17806286194521
1600024,7960,0.13078148572777076,0.2998248294422697,4.2032849774505445,1.7258196339279777,1.313541890974412,0.2352497665994847,17.178697320271798,98.88218122488585,131.35319476974905
1600025,7960,0.05430871590275036,0.23311621238323096,4.289247622291874,1.6943327728888575,2.4593792035467463,0.22632900988595434,13.356575105634473,97.07811697722937,245.93343720581066
1600716,7963,0.19237618793819866,0.4341590068041331,4.826851973631903,0.9721305966463794,1.2930642664774843,0.11539400941286404,24.87547872746842,55.69898032337212,129.30576121873497
1600717,7963,0.15126318361852026,0.42441333533361786,4.8983287656894925,0.9920120304844793,1.6076014463249784,0.11603570355475629,24.31709288368684,56.83810257296383,160.7590924829448
1600718,7963,0.10799780594969607,0.3777198816093612,4.966255281944852,1.0124912059887992,2.0039067331211546,0.11681129842713137,21.641755054397517,58.01147289726905,200.3888363773009
1602438,7972,0.2224725815038293,0.18146222639448317,3.6286256609574297,0.7958545557253172,0.4673393537231474,0.12566495220017646,10.397019713451336,45.59910714931986,46.733727407864734
1602639,7973,0.1296120462701992,0.3141693119958622,6.242337149926361,1.832119444748523,1.3888041088065382,0.16816251519035302,18.00057562989169,104.97271174794218,138.8793500954109
1602640,7973,0.03677191608178382,0.24632757812977524,6.3093581372738985,1.82451800689857,3.8381265569623673,0.16568592081918276,14.11353060451516,104.53718144090888,383.802322696583
1603642,7978,0.17845080186189377,0.2269990563604407,5.436138965865782,1.5391732785943666,0.7288332144418147,0.1622256774418201,13.006087882905558,88.18813280277087,72.88291710817883
1604246,7981,0.22407693980539362,0.3306167099248135,4.5581401843784946,1.75068441758541,0.8453766499251432,0.22006086717269016,18.94294211519281,100.3068283869626,84.53729149618346
1604247,7981,0.14872493991626676,0.2641321517782008,4.648783341030132,1.7102139253181017,1.0175601026673837,0.2107821177846794,15.13365753059979,97.988039985229,101.7553329239008
1604248,7981,0.09947160442874214,0.19996033720371892,4.768771940031694,1.6781292503563954,1.15177414758792,0.2016236560069414,11.45688339178587,96.14972352287415,115.17626845684013
1604449,7982,0.21101895809318946,0.19719768914033994,4.39132782208202,1.7822488157242775,0.5354303179268993,0.2325386286060435,11.298595317474266,102.1153351831903,53.54278059559012
1605451,7987,0.19381490953483285,0.2797179420413775,4.426145078372748,1.7493375549896513,0.8269052543282437,0.22644910377642083,16.026657533055907,100.22965884464158,82.69010305459767
1605452,7987,0.11603846463242251,0.20656223340154808,4.4947780292540305,1.7247831809243754,1.019932760939454,0.21986135016917716,11.835144180704948,98.82279684211579,101.99240593012955
1606859,7994,0.16527290287467084,0.29667609920254234,4.554020858023951,1.7940826067158766,1.0284981411079919,0.22572000533509243,16.998288366710206,102.79336146264885,102.84919803461173
1606860,7994,0.08204545223279648,0.2264312150113868,4.668089616207057,1.7704307172544418,1.581263925768434,0.21730132911226868,12.973552970171754,101.4382080189987,158.12448457077622
1610479,8012,0.22642727257219886,0.390004419341154,6.234623195260068,1.7610525119615486,0.9868778605587563,0.16183957412403036,22.345607219698458,100.90087643630865,98.68735456864532
1610480,8012,0.17895164436599212,0.3188909182595008,6.3989625112779205,1.702458009763102,1.021007813873161,0.152436677716605,18.271103741320715,97.54365875766764,102.10021654641125
1610481,8012,0.076418114137656,0.23530532462031975,6.519946734579321,1.6575889467389566,1.7642414217619709,0.1456650714127964,13.482001997700102,94.97285081567762,176.42185662365273
1610482,8012,0.07062089749480922,0.22049042394068902,6.583581943960827,1.6131686806360976,1.7888711945227167,0.14039129107754056,12.633170714851765,92.42775704313577,178.88461175629436
1610483,8012,0.06867849671440726,0.22004813824290903,6.653655683975891,1.562671920616319,1.835775152109579,0.1345643807448296,12.607829611029974,89.53450581491751,183.57486898102388
1610484,8012,0.06854946799193884,0.22002092216845806,6.73299064898877,1.496352554632074,1.839003098799887,0.12733522202288824,12.60627024482902,85.73468604403678,183.89765400743067
1610485,8012,0.06854055077202476,0.22001909098096503,6.784527664922394,1.437705094508405,1.839227047972951,0.12141513462207373,12.606165325514173,82.37443409978874,183.92004825574185
1610486,8012,0.06853993299315354,0.2200189670935655,6.833614431441352,1.376278158983919,1.839242590054134,0.11539271145824455,12.606158227289043,78.85492994581348,183.92160241746717
1610487,8012,0.06853989018693325,0.22001895870913538,6.854404807545008,1.310839061313812,1.8392436686535878,0.10957267309617695,12.606157746896585,75.10554583417196,183.92171027419548
1610488,8012,0.06260863990665172,0.20224262939694557,6.8027360051459524,1.2487969426849022,1.8508064172203642,0.10517943681098484,11.587649102073415,71.55079428468545,185.07771517852686
1611884,8019,0.17859205125079064,0.22216531533213094,4.500338884972856,1.7290056980715427,0.7127492024882952,0.22012726500271176,12.729134922724182,99.06472925357009,71.27452514851319
1612284,8021,0.2322583256714049,0.33818334249330506,3.3815905193259534,1.8225464047012543,0.8342640607701209,0.30880207420304867,19.37647822649361,104.42421695612397,83.42605047388712
1612285,8021,0.12680450481337363,0.26876395986089635,3.402907464934986,1.7575888593368565,1.2143921380020724,0.2959305373447991,15.399040585252825,100.7024237592144,121.43826569608636
1612286,8021,0.08225593899575194,0.20291723515922996,3.4672509344275197,1.7031256313468108,1.413429825688103,0.28143884656966417,11.626301165087517,97.581910656726,141.34128144116744
1614298,8031,0.2025774326413136,0.333820040955849,3.6633280123967036,1.7395918291485972,0.9441564279948009,0.2720784742078556,19.126479463654434,99.67126988565761,94.41518139060675
1614299,8031,0.15179268931335832,0.2641940304443832,3.701337012420989,1.7164157210136501,0.9972286536498669,0.2656968984674122,15.137202917013939,98.34337670398632,99.72221497143504
1615638,8038,0.15286769590680105,0.47991967025687593,2.9280666835217626,1.995539437083647,1.798769167622197,0.39048286656096026,27.497371611029134,114.33598759680505,179.87575185303712
1615702,8038,0.24761341294422123,0.31680345733169524,4.577613914233386,1.176664410116408,0.7330580396018312,0.14727739324196343,18.151501040258992,67.41790460292079,73.30551087245428
1615703,8038,0.16197614019997525,0.2466823579924661,4.697216499836704,1.1190139176043572,0.8725888333470059,0.1364952510936283,14.133857993303579,64.11477469512973,87.25835001071181
1615704,8038,0.11001901576808681,0.1799376513944237,4.850405690424742,1.06524717036194,0.9370804666211917,0.1258331174125247,10.30966800039677,61.03416699999256,93.70720344313261
1618251,8051,0.24356728815595602,0.39339410334622027,3.758383005980607,0.6628305043162261,0.9254042713336468,0.10104715317296872,22.539821807071757,37.97739042984765,92.5400509964564
1622335,8071,0.2042487259729554,0.2723492905763753,4.512175333808667,1.7461507579232416,0.7639932178319369,0.22172690819706317,15.604464903408388,100.04706882257163,76.39895147509068
1622336,8071,0.1323126241554552,0.20891494317984613,4.6078636233801245,1.7465311834763435,0.9046713186404407,0.21716976361077167,11.969944521420585,100.0688656011833,90.46645496881791
1623945,8079,0.1564578808507154,0.1917932547329049,5.353913919475513,1.6645346369809881,0.7023579300169702,0.17813287775751385,10.988944035272953,95.37080955235122,70.23534858182967
1624346,8081,0.15917721486440872,0.2796235696930179,4.725978241296101,1.841416748440459,1.0065039398343247,0.22324564862609478,16.021250395792162,105.50540801034153,100.64976799393932
1624347,8081,0.105646776995038,0.2146799285611122,4.8249372182614225,1.8404399962906481,1.1642809216052605,0.2185509142313211,12.300253852721749,105.44944423452702,116.42700114077611
1624832,8083,0.2181355904862965,0.38019874793609554,4.050626223163833,1.7481991611523138,0.998634958453972,0.24728135334299348,21.783783632896494,100.16443368233844,99.86304262083425
1624833,8083,0.13854930847227132,0.3086819923100328,4.161138967978826,1.7273306317732455,1.276525613122684,0.23784054209202302,17.686175371054613,98.96875502427307,127.65164918123749
1624834,8083,0.08791240885214129,0.24023675021617596,4.294050153854364,1.7067674874060845,1.5657118813299709,0.22773505177391584,13.76455187132545,97.79057363851653,156.5694249721974
1625553,8087,0.23485725508773303,0.3052142906922637,4.715017636445432,1.6735002644996086,0.7446007981576873,0.20335979493552936,17.487490703745756,95.88450216985453,74.45976594356104
1625554,8087,0.13982506382530085,0.2356870570429653,4.727411776472409,1.6629783174969712,0.9657691059968901,0.20155138438964326,13.503873654420996,95.28163901434307,96.57622681342714
1628502,8102,0.20382276537659885,0.26191484340797416,2.973776036713735,1.673683250398255,0.7362580109793608,0.3224687568370495,15.00661511910677,95.89498648955737,73.62544348731618
1631784,8118,0.1653174596861192,0.2043501474782287,5.283032859998973,1.646903217052854,0.7082373699288199,0.17861066914706633,11.708400993378447,94.36060360364628,70.82331286904395
1633994,8129,0.20228370301847726,0.29827013990229384,3.564647229241518,1.8030584721568994,0.8448342140930062,0.28981168047326467,17.089620171178044,103.30764066989678,84.48300793964154
1633995,8129,0.1424036041946545,0.22926350891987704,3.651909489292339,1.7905089788586688,0.9224366622825466,0.2809177163036486,13.135831457468857,102.58860766888047,92.24302494821963
1635537,8137,0.16619482724374557,0.27727988062953146,3.63053276889154,1.755981140688915,0.9559242132571899,0.27712271006339956,15.88696690396342,100.61030826604286,95.59185189808244
1635603,8137,0.17532229382206602,0.26792666675295085,3.746211368945488,1.823271961448376,0.8755912333625218,0.2788571645547057,15.351067223952155,104.4657882955313,87.55862891517319
1635604,8137,0.08313639594912388,0.2015261814623952,3.7547878388618274,1.8233173837567938,1.388874047099037,0.2782271462654446,11.546599659182814,104.46839080209936,138.88575083887378
1637949,8149,0.06759132646918056,0.21431486171623532,2.895500700929601,1.7547394295568481,1.816702806116154,0.34722548359010036,12.279337063270146,100.53916345880103,181.6676197536867
1637950,8149,0.18481847745703317,0.3265112919910736,2.9737282456679592,1.8214848927533782,1.0122211934453467,0.35095135745066874,18.707718994452193,104.36339680160796,101.221577140328
1638015,8149,0.212992641515493,0.23283992814643917,5.088372884350252,1.7995963169978655,0.6263476739689261,0.20263702352818816,13.34074518492031,103.1092737912647,62.634476268860425
1638616,8152,0.2056998953339381,0.4007207581378852,4.840228997833251,1.7866286560495266,1.1161700909541155,0.21149057489449855,22.95960820458346,102.36628154876827,111.6164719035883
1638617,8152,0.126082703294938,0.3326180847730998,4.941937663484343,1.7511092323907391,1.5115166821198462,0.20301989849184707,19.05761244722325,100.33116848238262,151.1504813801608
1638618,8152,0.09049564520598592,0.2673032524093657,5.047993531497478,1.7327409705229448,1.6923849192887839,0.19666971398484806,15.315348213176808,99.27874460036692,169.23664052204856
1638619,8152,0.07858837431080301,0.20894754214483216,5.147716451412487,1.6941093718177935,1.5233564615839918,0.18855995229404082,11.97181230453078,97.0653170387187,152.33372716755574
1638620,8152,0.06459296742235357,0.1829941469758315,5.187969289411899,1.6375555298450086,1.6232093202260978,0.18085114842345767,10.484792297311822,93.82502057842831,162.31844420944216
1641030,8164,0.20517482677359394,0.45473261593754793,6.14276298633405,0.3179908596596599,1.2698564848337233,0.02966016138520832,26.05425970016489,18.21953418223538,126.98503576113318
1641031,8164,0.14043839573578504,0.3336052699715748,6.21894368784843,0.3133960130461242,1.3610360992458335,0.02887350285866415,19.114173992693654,17.956268863769804,136.10265048885577
1641032,8164,0.1252878950529327,0.32584617285537,6.330330617270258,0.32419165215647006,1.4901366949359791,0.029342564418232842,18.66961047510299,18.574813421938988,149.01249202665053
1641033,8164,0.08641169420089212,0.2809772540845696,6.411357080290649,0.33270239597773,1.8630359101347989,0.02973230605464538,16.098810798220807,19.062443123414226,186.30145659842884
1641228,8165,0.2288459954284311,0.31185363977675434,5.111262297462987,1.8658880816636834,0.7807825769800946,0.2091606841757939,17.867897385001115,106.90751212309054,78.07791992877209
1641229,8165,0.11393308129439474,0.24575181205290733,5.212308778930851,1.8117350796876344,1.2358605808334246,0.1991531543226006,14.080541638323826,103.80477366189933,123.5849842150485
1641230,8165,0.04895070143285738,0.17856306047803905,5.357817114054996,1.760642233247307,2.0900431153822976,0.18828072489568437,10.23090974233091,100.87736919755856,209.0000846316593
1642438,8171,0.20255394866165216,0.17501502499110702,4.249988757185835,0.3818395244902222,0.49505930911561624,0.05147729653661774,10.02762228336706,21.87779320457197,49.505688948223145
1643642,8177,0.1686681675651539,0.27969395713277556,3.1959091396282853,1.8988966478328333,0.9501070996531452,0.34043134068756453,16.02528329902101,108.79876365236115,95.01015230202476
1643643,8177,0.0838870977169258,0.2178911396428929,3.244157825491066,1.8789558685688101,1.4882194695472246,0.33184649643914377,12.484242694833421,107.65624116033064,148.82019064206912
1644045,8179,0.13486345317514545,0.22784227882732086,5.075453440793751,1.7212067169091498,0.9679716554879522,0.1943035858855923,13.0544009714484,98.61788054846295,96.79645498947704
1646342,8190,0.20558473466255445,0.6179287115930576,4.6734521261298765,0.7023936429967916,1.7221466151271065,0.08611234292828635,35.40470721423887,40.24419130053483,172.213832211421
1646343,8190,0.16492656837269495,0.6089489919041257,4.804405731846047,0.7272610188813289,2.1154993645723335,0.08673078258846911,34.890207174852534,41.66898698628422,211.5486666001733
1646344,8190,0.14599807086294653,0.5365232100573447,4.922793333186937,0.7566616012567993,2.1055424403800185,0.08806690277101703,30.740515547096773,43.35351627162539,210.55281629808294
1646345,8190,0.10540106812454036,0.37798618623992897,5.0447899763803425,0.7702639786636838,2.0547240665037823,0.08748208588966357,21.65701318579384,44.132875088383976,205.47047672920868
1646658,8192,0.20290292733817542,0.23577486140962484,5.8792638852539705,1.7031478559627895,0.6657816121970827,0.165978574481402,13.508904474053407,97.58318403342288,66.57783637444543
1649271,8205,0.236590323715011,0.2737737901630641,5.060084174669622,1.7609699511238968,0.6630060692394445,0.1993961807086926,15.686082717643785,100.89614604875814,66.30032949364893
1649272,8205,0.14553005109525455,0.2067219423071833,5.112222175521371,1.7562991331914124,0.8138727310226299,0.19683911270396037,11.844294826948499,100.62852789435277,81.38671945134269
1649875,8208,0.17210463596933903,0.28380627045259366,5.19719461073801,1.6818045732368705,0.9448264109720168,0.18540830398725752,16.260901496282017,96.36030401227325,94.48209760648936
1649876,8208,0.10100705076814913,0.21752716255016713,5.252212122875084,1.6313145302669736,1.2339125848032708,0.17795823031903985,12.463388343580794,93.46743764266398,123.3900490980554
1650210,8210,0.24576584970840043,0.4012119010416849,2.9824536741078504,1.850745116012103,0.9353515841209107,0.3555457865682277,22.987748620108984,106.03988410194341,93.53478163301392
1650277,8210,0.2331066887524971,0.3781055035363451,5.2873963413851035,1.7170472235761483,0.929353368188838,0.18606427927385719,21.663849563301397,98.37955913556915,92.93494212583896
1650278,8210,0.15684581246150392,0.3155588944343644,5.337112822633603,1.717617566904316,1.15273665279424,0.18439227441362716,18.080192838903365,98.41223740114663,115.27293768460179
1650279,8210,0.08552154525710376,0.24903657554629638,5.428751317447161,1.713836729609643,1.6684384048322658,0.18088065829184352,14.268744723193667,98.19561138113619,166.8419091164556
1650280,8210,0.07656186227928267,0.24276735320882517,5.544840154911304,1.7129933332594107,1.8167717596675454,0.17700652392273442,13.909544742427425,98.14728832981115,181.67482678075427
1650281,8210,0.07586755220055415,0.24242120079126075,5.651863929876488,1.7113176667652419,1.8307839697175983,0.1734848551820703,13.889711669832733,98.05127971182378,183.0760080028426
1650282,8210,0.07582014081713304,0.24239860542169844,5.756958241149455,1.713758291791943,1.831758035408961,0.17056075959144323,13.888417050520275,98.19111722522776,183.17341180630137
1650283,8210,0.07581685927220581,0.24239707934321547,5.873644527566132,1.7142471468240514,1.8318257857365003,0.1672200725242738,13.888329612663995,98.21912655536131,183.18018664707063
1650284,8210,0.07581663194094256,0.24239697607301336,5.994197972807124,1.7108760517183068,1.8318304979183315,0.16353476697738084,13.888323695717265,98.02597703346494,183.18065785192877
1650285,8210,0.07581661619133559,0.24239696908379663,5.98977738595379,1.7097260916407295,1.8318308256312015,0.1635454587019964,13.888323295264644,97.96008917441122,183.180690622291
1650361,8210,0.1655478988364573,0.24721648154212975,4.556860546614841,1.5454424623096492,0.8556109900748275,0.19431652443722774,14.164461018437851,88.5473305706487,85.5605873430222
1650362,8210,0.09927249477103971,0.17596412133000539,4.672604150935235,1.4816928981762465,1.0155885077333546,0.18168615760298906,10.082001497937254,84.89474960000615,101.55783798273615
1650411,8211,0.15954273443880823,0.25872086394510413,4.245004387186398,1.8234657342149552,0.9291311634493273,0.24611727310927745,14.823613576032857,104.47689065724084,92.91253980091797
1650412,8211,0.23372852558131477,0.3251539493734944,4.286233364314953,1.882414223985788,0.7970763580397422,0.2516297665360265,18.629948991111668,107.85439032977966,79.70729818912112
1651819,8218,0.24355545270065276,0.18713549278540406,3.1264496615404416,0.2970445042921539,0.44023130562596824,0.05443681559444523,10.722073933704518,17.019396423496087,44.02295161887034
1653290,8225,0.17968465796231103,0.29890200817280543,4.153994897088295,1.8672320969512142,0.9531043327457822,0.2575460994044813,17.12582355628659,106.98451852666712,95.30990815014698
1653291,8225,0.11814382991053843,0.23478347975160385,4.191255678540257,1.8673879014888164,1.1386207270178794,0.25527778169593063,13.452102489162122,106.99344546910072,113.86111858934764
1654897,8233,0.1639708795419269,0.4448976368635384,2.9662874481444566,1.6744398726370031,1.554590389723216,0.3234289970350245,25.49075690762466,95.93833775052337,155.45810036962334
1654898,8233,0.08891609995142236,0.37273722484040384,2.932542839526916,1.6457974514900884,2.4018448245702118,0.3215545441014822,21.35626985077397,94.2972479037689,240.18180825107248
1654899,8233,0.06787909690063859,0.29720942948922086,3.005629020602552,1.6083340746859043,2.5087021203962214,0.30659390626163524,17.028845941223384,92.15075452658085,250.8665532129372
1654900,8233,0.06412378628378819,0.24181893306635954,3.094443067005936,1.5737562981036501,2.160696196111182,0.2913919940344032,13.855204271058948,90.16959386347139,216.06628378832934
1654901,8233,0.054210120665390604,0.20093259741521752,3.211399213853451,1.5312789809452663,2.123697112916797,0.27320123332402313,11.512589798493238,87.73582286525736,212.3658330096668
1654902,8233,0.051592831425155423,0.19784150033966466,3.30138365074298,1.4814097538228137,2.1971038362837523,0.25709985674448843,11.335482981998828,84.8785266235615,219.70616775074444
1654903,8233,0.05071663966402618,0.19575973645431116,3.404919466398257,1.4303191150129027,2.2115433041668524,0.2406848362059205,11.216206697425315,81.9512486471263,221.1500135204621
1654904,8233,0.049784389436037454,0.1937423905994348,3.517211378169776,1.3763984522723782,2.229738918189556,0.22421689668354752,11.10062129412269,78.86182224354594,222.96945790460038
1654905,8233,0.04940020367950802,0.19294655052571377,3.636717520025517,1.3244971620187385,2.2378492304613027,0.20867195962892518,11.055023016731095,75.8880973607289,223.78043839682388
1654906,8233,0.04933162861839532,0.19269369048288024,3.737494000881523,1.2655544387199913,2.238023206338887,0.19400948301613705,11.040535203469236,72.51092808270327,223.7978294015414
1654907,8233,0.04932690590211623,0.19267646635577107,3.785098344659111,1.200727401815986,2.2380374146210227,0.18175647241790316,11.039548333680084,68.79661246976494,223.79924977124304
1655702,8237,0.1575664561615725,0.2904381127474099,5.6166743447186525,1.7164967129799673,1.056117997411161,0.17510008768659893,16.64087807017134,98.34801720183076,105.61113617971648
1655703,8237,0.06903060290151736,0.22411371829007648,5.75879611215579,1.688976386742254,1.8601559002995633,0.1680407095595539,12.840770189005267,96.77121865758664,186.01292233246144
1660124,8259,0.21849424632056832,0.3360788041969366,5.080441600573116,1.82857877335142,0.8812999201240496,0.20622192764149608,19.255897064288046,104.7698462202455,88.12959269620214
1660125,8259,0.14128157127326016,0.2670694536409706,5.14973916219605,1.7868597672571807,1.0830819129137648,0.1988052594941549,15.301952530492414,102.37952324556503,108.30743235056437
1660126,8259,0.08830483388437849,0.199917824800743,5.26364481857085,1.7381525707658358,1.2971482771110743,0.18920122785286073,11.454447610518391,99.58880645469655,129.71337347333187
1665034,8283,0.2299244449598273,0.33123728018221665,2.759992670791435,1.7554744493244399,0.8254232102082967,0.36442588304437384,18.97849817183336,100.58127698934271,82.54196561476391
1665035,8283,0.13774543466835837,0.2686803606503065,2.745934647943348,1.7389863057104566,1.1175869184189164,0.36285122684922794,15.3942507033154,99.6365759482559,111.75788861888853
1665036,8283,0.08083558200029255,0.19801086011103083,2.7594479840559756,1.7228880336741743,1.4034890202915014,0.3577317387961652,11.34518658211741,98.71421290312344,140.34718318590402
1669707,8307,0.22962898515987468,0.5475473120211982,3.847507422595951,1.7541923438851588,1.3662103098393656,0.26122839141851256,31.372150062547462,100.50781775878114,136.6204419719198
1669773,8307,0.1839542120452882,0.24106898059932244,3.70267948890773,1.6364008018144802,0.7508517611768555,0.2532189447221989,13.812235159862299,93.75885953579358,75.08477202843181
1670173,8309,0.16730842593460582,0.23574459770440256,5.0196556151843765,1.6288590129490395,0.807321544548486,0.1859226087056462,13.507170491471742,93.32674686382506,80.73167674815359
1670574,8311,0.1812650246821798,0.44876853859864646,3.5300571624258295,1.793375634366345,1.41850541032578,0.2910798605003251,25.712543239956222,102.75285493078825,141.84976630363545
1670575,8311,0.11555013765014158,0.38356722902426704,3.583821571351384,1.7836002540911045,1.9019260320773315,0.28515026370075813,21.976783382618354,102.19276689788153,190.19097370688178
1670576,8311,0.11014044981009685,0.3300665755533896,3.7423276720422165,1.7718062261543395,1.7170276726783267,0.2712670495445415,18.911421737545137,101.51701887364551,171.70122392751992
1670577,8311,0.06048469490261968,0.2510925091427996,3.804032703395707,1.7635888602312821,2.378541990804911,0.26562915227229955,14.386541041232455,101.0461984875397,237.85030600035915
1670578,8311,0.05192127250532767,0.19129298861035093,3.885003992987828,1.7610002746635849,2.1109418660243215,0.25971114413783086,10.960280897817235,100.89788345960217,211.0901616775848
1671581,8316,0.1814178593684647,0.24706646572246105,4.680977765274888,1.8148735342213285,0.7802905962013966,0.22214289162004675,14.15586574511064,103.9845938608737,78.0286338167293
1671582,8316,0.1175551486847744,0.17659488241386362,4.7954138925942935,1.7932034121515117,0.8607143709495003,0.21425259510791442,10.11814144592343,102.7429873247399,86.07071224368809
1673389,8325,0.21707090665463627,0.2606539367912205,5.283512098186673,1.650477901963384,0.6879949982137642,0.17898211648948803,14.934370491606666,94.56541796210875,68.79918604744837
1673390,8325,0.13916718903891873,0.19559625246389148,5.452277440313142,1.6199027162051531,0.8052788180081334,0.17022902760570824,11.206839754756311,92.81358886033362,80.52730895005244
1676405,8340,0.22222256745926547,0.2747113584375061,3.745099981989919,1.852318643137305,0.7082899317761654,0.2833837301865358,15.739801422774677,106.13004056516685,70.82867763636209
1676406,8340,0.11771350004486716,0.20548830393245665,3.7467469311241595,1.818594916653419,1.0001921232442823,0.27810208430282596,11.773612554631283,104.19781336818662,100.01837114496296
1678015,8348,0.19412298049181853,0.39200947185001067,5.048654408927268,1.6552049785802887,1.1570236070057183,0.18784462478983274,22.460488266158062,94.83625950169237,115.7017706377841
1678016,8348,0.14226937126072234,0.3233470732626675,5.094553168408598,1.6060607924927321,1.302207295180881,0.18062527140017917,18.526422615858273,92.02050505126984,130.21982336650444
1678017,8348,0.09756718655949087,0.2575911628895397,5.1422885686427104,1.5577070355282006,1.5126894072884858,0.17356093009692217,14.75888647343754,89.25003885360087,151.2674058407195
1678018,8348,0.06661535692972487,0.21663736249634605,5.167281800368195,1.5017651377922059,1.8632947813648855,0.1665185050343612,12.412406555886333,86.04480421537592,186.3267090540611
1678019,8348,0.06341033343059056,0.20503329499558684,5.225814651564483,1.4533358098688915,1.8526224315070705,0.15934359236495754,11.747542462907909,83.27000812071495,185.25935077152502
1678020,8348,0.06329315406512241,0.20456227485826542,5.304033534404501,1.413000760968289,1.8517884466819239,0.15263662903803552,11.72055499697372,80.95898005225663,185.17594823867327
1678021,8348,0.06328464963815517,0.20452756018277538,5.374059058207953,1.3667925604989084,1.8517230020015298,0.14572122150600145,11.718565992580974,78.31144518646668,185.1694034837845
1678022,8348,0.06328406931142704,0.20452520959188597,5.439574690136116,1.3080016733040223,1.8517187009984173,0.13777359372322745,11.718431313643649,74.94297547637,185.1689733636385
1678023,8348,0.06328402971135474,0.2045250505062938,5.465655978412795,1.2431669444414881,1.8517184193928846,0.13031961634189157,11.718422198710636,71.22821914667176,185.16894520171314
1678024,8348,0.06328402700842259,0.20452503973945999,5.407351291432722,1.1794403140649767,1.8517184010016419,0.1249723726394518,11.7184215818165,67.57695218350747,185.1689433624939
1678704,8351,0.19488973534728343,0.32593062963937686,5.329347652719648,0.7424432972927573,0.9582058542434302,0.07982002705551286,18.674449492377832,42.53886746265165,95.82009867786223
1678705,8351,0.15038698140469764,0.32164845203892567,5.472077138860635,0.779174111588941,1.2254450080162218,0.08158398883173121,18.42909878874652,44.64338809990176,122.54369409449932
1678706,8351,0.10422501341033305,0.3182310549862473,5.582313235496493,0.8083490840546048,1.7494163842902934,0.0829673808200554,18.2332963607076,46.31499088959469,174.93997673041514
1680024,8358,0.18258222078952296,0.24784475910646853,4.58939887707842,1.6667424451898034,0.7777568830127406,0.20808238724588965,14.200458671237223,95.49730764469068,77.77526658710403
1680025,8358,0.11289117428283137,0.1844044423224999,4.642001738834626,1.642015696335081,0.9359097732620465,0.2026724124303789,10.56559626854286,94.08056929423513,93.59015658669686
1683642,8376,0.22695325793012938,0.3383108023294654,5.176706507961768,1.548909417393308,0.8540868925989902,0.17143326969914038,19.383781137163027,88.74597246470377,85.40831669759004
1683643,8376,0.1623362465136636,0.2710183614702123,5.227072787764212,1.4928615684310844,0.9565459137889596,0.1636377961006543,15.528208282794129,85.53466726838167,95.65400803744167
1683644,8376,0.10985412390846058,0.19877670746035392,5.288466077747096,1.4320024806651719,1.0367444535564956,0.1551446053222801,11.389066402984904,82.04769839437861,103.6735110551158
1684380,8380,0.22214544312035733,0.4547056807851601,4.6793201379763305,1.6600878072089587,1.1727773881330485,0.20326889797300088,26.052716429612527,95.11602497420081,117.2772161627515
1684446,8380,0.16470513001240306,0.2354861620377794,4.076272820905669,1.3989076150365998,0.8191828875214547,0.19662938570404953,13.492363218498584,80.15150227030887,81.91779636545739
1687059,8393,0.21580580647650272,0.22467056976939875,5.847352978393447,1.7884504274235735,0.5964934420563982,0.17524281767003874,12.87267542858605,102.47066135973891,59.64907056806682
1689472,8405,0.1813976338725523,0.20261653702059262,4.603455214228497,1.5288454446388355,0.6399792292226543,0.19028400894305975,11.609072430836157,87.59639150560703,63.99757364761909
1689670,8406,0.15441653983517897,0.2771993218282242,3.9249298656422287,1.8332301479458546,1.0285394435763768,0.267613317132842,15.882351224645882,105.03635035344097,102.85328494158284
1689671,8406,0.08601257043309767,0.2082972122147413,4.0186944885835505,1.8054105633848638,1.3875355307504664,0.2574030088794974,11.934551144245535,103.4424055702889,138.75195604777696
1690474,8410,0.21387640729759713,0.3353474534757808,2.769602915418038,1.8446940520416315,0.8983689738867641,0.3816185443222646,19.21399375462197,105.69318367487173,89.83648154985762
1690475,8410,0.15626257144880062,0.2702695825605006,2.7565724191717615,1.7998320004671298,0.9909798153790897,0.3740978338462841,15.485306411479241,103.12277745935455,99.09735370762958
1690476,8410,0.10871710578596475,0.20218959946844797,2.7662560485632275,1.7456854543719436,1.0655737716395695,0.36157321222403266,11.584610710982622,100.0204088928898,106.55640683980872
1693691,8426,0.24367292809930322,0.3415968366669667,5.1455039518914045,1.7955177009922938,0.8032101220883536,0.1999329649142385,19.57205703603692,102.87558630789094,80.32068588011114
1693692,8426,0.15180502740215598,0.27544868411239487,5.184817524051712,1.7556288537847582,1.0396260454956614,0.19400899463216037,15.782047072072439,100.59012371325694,103.96192655950036
1693693,8426,0.08403056452909657,0.20628722319645545,5.22135111320165,1.6948923309777166,1.4065579490400262,0.18598668237919033,11.819387256630113,97.1101772941134,140.6541377976791
1700927,8462,0.22957010001115855,0.34299375002009913,3.882293347786176,1.7454641424269113,0.8560388926311732,0.2575996181533063,19.652094275516877,100.00772865248364,85.60352010580455
1700928,8462,0.16198726950301173,0.2774699123500394,3.935644214790928,1.7502241558104359,0.9814261322430913,0.2548006161179687,15.897854919522137,100.28045732978538,98.14201342046289
1700929,8462,0.07916588052960055,0.20989498545392743,3.918787760032332,1.7583627570075917,1.519100805538621,0.2570865551841081,12.026096807469848,100.74676482952252,151.90818088346026
1700948,8462,0.16482833125277485,0.2368915588316534,3.7702770178501557,1.8019787543012322,0.8234558705237401,0.2738413560357759,13.572886523328782,103.24577739370214,82.34509246727461
1701015,8462,0.23790563264396192,0.3101365359584032,5.1965948928835966,1.678250365324753,0.7469143810858153,0.18503782707025992,17.769514583223796,96.1566628993969,74.69112729537339
1701016,8462,0.1572976621645278,0.2490712738986172,5.331854401811877,1.6803947470782137,0.9072437370472353,0.18057418580342904,14.270732792337707,96.27952692353507,90.72380270730541
1701017,8462,0.0911576332260958,0.18186762289805233,5.430498565565357,1.6655555853723345,1.143101867639355,0.17572844234903628,10.420247222135208,95.42930558627604,114.3089453336848
1702333,8469,0.20289409754396653,0.31673112528418135,3.93814343989634,1.2826926086528294,0.8944250249002638,0.18661806971599113,18.147356719212908,73.4928728884329,89.44206606707415
1702334,8469,0.13438524738671778,0.24483836022195415,3.99984772647377,1.2611313927662886,1.0438797362461438,0.1806506421683573,14.02820470362171,72.25750621696369,104.38720461665487
1702335,8469,0.08226221382655141,0.18297086602097926,4.034762944123953,1.2557845228245914,1.2743952095143891,0.1783280801221728,10.483458396855754,71.95115313569909,127.43798727532932
1703339,8474,0.2083636672717057,0.3234722420440444,4.232626186241717,1.0714679813520709,0.8894829704214813,0.1450413770755053,18.533594258757965,61.39059321487566,88.94787442340366
1703340,8474,0.11952741751437533,0.2514796588916979,4.2453701453924,1.0601498001749863,1.2054742068426902,0.14307847602996565,14.408723087883875,60.7421092016643,120.54642224432511
1703341,8474,0.06150327670117297,0.18808472027359058,4.314177010658409,1.0400207810697846,1.7521763861068396,0.1381232181151989,10.77646066257541,59.58880136119804,175.21481823019127
1703475,8475,0.12538852541785317,0.4968416939799465,3.6170636099324573,1.9391826339665124,2.270297843125468,0.3071745269258445,28.466932151181336,111.10698063134352,227.02799182241873
1703476,8475,0.21958188577270576,0.5658952900055646,3.68304714576095,2.0007010312727425,1.4765976789458461,0.3112415353686004,32.423411763650606,114.63172515939948,147.65910216342027
1703540,8475,0.14575217464331566,0.19251658486910916,5.710093788505198,1.4547364693301312,0.7567905638097716,0.14597003646104495,11.030387799272079,83.35025999637904,75.67854234575287
1703559,8475,0.08242848676857636,0.18531004700902454,4.674179565460815,1.7496984517809482,1.2880840984880872,0.21447686185171716,10.61748359498799,100.25033670762271,128.8068628256408
1703560,8475,0.11147790269752796,0.2480956305224284,4.445598490195582,1.8146370940942473,1.275125466615183,0.23387412703803606,14.214832544572195,103.97104683948442,127.51141427307401
1703561,8475,0.15684374288153138,0.3119453334794139,4.240361664371309,1.878385000130426,1.1395513508702857,0.25380743689536966,17.873151047171437,107.62353280815401,113.9544158051345
1703562,8475,0.24707912223285539,0.37975422410741677,4.078284970141088,1.9410539891738265,0.8806212850510766,0.2726984551796696,21.758314293620202,111.21420138669245,88.06177565799706
1703627,8475,0.17168248935210847,0.30322174818778713,5.719341352609257,1.6057780982581988,1.0119451017606271,0.1608652151211421,17.37332642773882,92.00430786473841,101.19392664548879
1703628,8475,0.10673429645222744,0.24249397068381115,5.925510376174058,1.5641591241190862,1.3017258967031533,0.1512438768279135,13.893881077551493,89.61971629890313,130.1713822828057
1703629,8475,0.058088434099150786,0.1777868785180896,6.024794923376011,1.5166414557071701,1.7536083036592358,0.14423255132752738,10.186437791891615,86.89715444659824,175.35784174631047
1705148,8483,0.24477029781309875,0.30224346996735985,4.507523876043946,1.8662286048755843,0.7074908459788294,0.23721898179402398,17.31727521451877,106.9270226659587,70.7487984467109
1705149,8483,0.14769297372191012,0.23746894063813936,4.6119878003624795,1.8240493093859738,0.9212332042547553,0.2266058180308912,13.605968064008067,104.51032705156884,92.12270291830903
1705485,8485,0.16303791665227677,0.3211029660753496,3.7594193303654397,1.8002441462217877,1.1284395675914383,0.2743678806036418,18.397844745249984,103.14639167164069,112.84327155146775
1705549,8485,0.18701662895746918,0.35624245516793135,4.42118252404287,1.89338762861086,1.091410330026451,0.2453712762736471,20.411189164500907,108.48312010168563,109.1404552516423
1705550,8485,0.14301626828714428,0.288729687145178,4.569433766472123,1.8950468160360727,1.156720947550934,0.23761846620392513,16.542992493551356,108.5781845385715,115.67129404497508
1705551,8485,0.09608501133270135,0.22411068320500666,4.706272151193949,1.9039048333070703,1.3363785648731668,0.23178793704820366,12.840596291440303,109.08571154305365,133.63647958056313
1706088,8488,0.15949725454110253,0.31114252763798833,3.531992783232325,1.7937044845991466,1.1177090536305239,0.29097368731369216,17.8271536606893,102.77169666121966,111.77021160501329
1706154,8488,0.16286020857291675,0.22571416318573279,4.411541867951498,1.6379007863722124,0.7940839721444575,0.2127256295340062,12.932468926869628,93.84480232028643,79.40791450702922
1707294,8494,0.16369317357448462,0.3477964700728327,3.6327070772647616,1.8760651390128276,1.2173548971056534,0.29589672928458954,19.927269864721357,107.4906145570591,121.73475347095349
1707359,8494,0.2144836208436639,0.3411635813975478,3.45281091521004,1.684202728993483,0.9113624783746456,0.27947579611493506,19.547233337647413,96.49770821574214,91.1358271784681
1707360,8494,0.1747507659185393,0.27550179894068066,3.489484474750897,1.648090587227725,0.9032915730755354,0.2706091266949051,15.785090327562777,94.4286349033861,90.32864557672632
1707361,8494,0.12056455462963217,0.21341138493038156,3.540816542025074,1.6289840214721725,1.0141928264009514,0.26359430925960836,12.227571656552682,93.33390932460375,101.41844985588806
1707495,8495,0.18290027743700626,0.22265042781597463,3.5319042966778436,1.676353887175301,0.6974800313001815,0.2719439553441315,12.756929820637534,96.04800270549453,69.74762560109072
1708565,8500,0.16337709481634483,0.2133242493134686,5.19956394189048,1.74212213063683,0.7481206847922738,0.1919704159913975,12.2225791534583,99.81624548182901,74.81161515072041
1711981,8517,0.23937109525021083,0.3646147436400638,4.503661827252265,1.690556398452379,0.8727405062939079,0.21507331180809638,20.89088595882013,96.86174666015806,87.27368967958988
1711982,8517,0.14243939634483546,0.2966769798278012,4.569220870110406,1.6723639269762924,1.1933733268776148,0.20970620011556737,16.99833882282087,95.81939482566615,119.33650326041926
1711983,8517,0.07530715003017306,0.22753012777003712,4.659857630327369,1.6554481761865847,1.7311124238481703,0.20354740642132002,13.036516033295495,94.85019369812082,173.10896666658613
1713525,8525,0.10786483879884695,0.30161423343400184,3.633563319762479,1.9769588037224768,1.6021180958654109,0.3117364015558095,17.281222616841912,113.27139572453002,160.2103391516633
1713590,8525,0.16143556333290884,0.2907436253378031,5.223564719261315,2.2102435368804483,1.0318904506775861,0.24243525814836747,16.658382652188983,126.63762635931741,103.18841226715567
1713591,8525,0.08904361700876233,0.22654566095793538,5.404598022552142,2.234599450050267,1.45772478906481,0.23689665099788323,12.980110239891367,128.03311739013512,145.77085820487133
1715601,8535,0.20230444561193417,0.38188159612541817,4.531177462825854,1.7634110967693295,1.0815482864933585,0.2229795985642721,21.88020373170591,101.03601339141818,108.15429938389745
1715602,8535,0.1729063382538285,0.3151328291055636,4.608080239111517,1.739738826851037,1.0442520633921508,0.21631500938557816,18.055781093766225,99.67969223360552,104.42460844120035
1715603,8535,0.1447284101048316,0.2439420099456076,4.717246176941607,1.708676382448299,0.9657293022129155,0.20753622216914988,13.976847615821669,97.89994526796886,96.57226962852846
1715604,8535,0.10871166146834561,0.17991492080763563,4.787386229463221,1.6648419366829152,0.9482298905421137,0.1992494688270913,10.308365633707957,95.38841652831728,94.82212554155427
1718012,8547,0.1910433332921126,0.3717114193192374,4.873264033516778,1.9417222568059858,1.1147991422682144,0.22829152967733576,21.297495523809914,111.25249030160037,111.47933653308311
1718013,8547,0.12810375402459534,0.30258944155391004,5.030607138485143,1.8846542891160727,1.3533636625174335,0.2146514991537275,17.33709792625954,107.98273660757941,135.33532036547933
1718014,8547,0.08100275402376458,0.23647446521368642,5.138226631196718,1.831297361787422,1.672657591706677,0.20420588111587035,13.548988819357433,104.92560986386148,167.26371490613238
1719153,8553,0.18680349464838156,0.32635741678091174,4.189106544696916,1.6958580602030282,1.0009931360514353,0.23194804962392793,18.698902594338232,97.16550950287619,100.09878311298029
1719219,8553,0.17910512749756802,0.2694041103662225,4.540725012123904,1.793223941841116,0.8618244413938587,0.22627259543069803,15.435718507461182,102.74416358930894,86.18196777031415
1719220,8553,0.10003744929674102,0.203246388863612,4.602136075703656,1.7812272755874958,1.1640799721449018,0.22175964235778403,11.645160283159703,102.05680524474948,116.4068452182522
1720423,8559,0.2317363713752272,0.3770460447000193,4.540838031451777,1.8010741606481564,0.9322294115067026,0.22725749531955086,21.603147043412086,103.19394799520659,93.22254289504498
1720424,8559,0.16113477229251855,0.3108055755584636,4.6089974293165845,1.7659567449560103,1.105152312571883,0.21953118790112242,17.80784772863438,101.18186828864012,110.51455226407965
1720425,8559,0.10170885824935187,0.24100319454392755,4.641003374700686,1.7161749747603556,1.357646204722699,0.21187138816551535,13.808465896537358,98.32958295973896,135.76329899786631
1720426,8559,0.07114339544735732,0.174567465620975,4.7402758479164735,1.6776334501276366,1.4058898301934597,0.2027757859318625,10.001979020376963,96.12131626228467,140.58702667278746
1721026,8562,0.22134096525853003,0.3380730544583633,4.9707809830978364,1.8897904101054683,0.8751275792896448,0.21782696685629094,19.370159187560656,108.27701466334034,87.51236650915284
1721027,8562,0.11380951426328098,0.2686918878032819,5.016349055379321,1.8514328309262913,1.3526909333982378,0.21146711658514383,15.394911160530693,106.0792872640346,135.2679166787457
1721028,8562,0.0633369242126904,0.2032076446421732,5.161663353543881,1.807532000431487,1.838254495188042,0.20064066109196713,11.64294040279074,103.5639549595631,183.82257624505414
1724444,8579,0.19028796607151113,0.24091759425786868,3.879587208755496,1.673752027717077,0.7254037615195206,0.24718848097044407,13.803561361421073,95.8989271396521,72.53999875239037
1724445,8579,0.0953294214907936,0.17584372759801864,3.9203624187252553,1.6387791851386124,1.0568722888258895,0.23950625119336627,10.075103445214586,93.89513086233065,105.68613132784245
1724781,8581,0.1774575199149701,0.42196084791635585,3.4237073544058014,2.1142438300137356,1.3623865787466525,0.3538189320172391,24.176575705368787,121.1372483213617,136.23789783073295
1724846,8581,0.16840360967514426,0.46443843862312295,3.9770062854799435,1.6643303812815677,1.5801538249642657,0.2397761016149587,26.61036237675067,95.35910656283293,158.01445357156535
1724847,8581,0.11292031839889258,0.40622703334426913,4.0430401380650896,1.6215654293884034,2.0611961428705023,0.2297994872812202,23.275094534746785,92.90885530827462,206.11780720207253
1724848,8581,0.10336019040715662,0.34358292036594834,4.121069790055473,1.582795437221415,1.9045871788368998,0.22005814699894238,19.6858512497483,90.68749838535093,190.45689365807917
1727277,8593,0.04495389750315412,0.19496476974626675,4.068125578757635,1.4687134001025446,2.4849137885104184,0.20685467374148533,11.170658460200963,84.15107914018485,248.48590655594774
1727278,8593,0.06118478477183956,0.2212707611081421,3.802384377532741,1.52111333587871,2.0720639479825538,0.22920716430636048,12.67788074114402,87.1533743069157,207.2030421513683
1727279,8593,0.12800189798298758,0.264320331520891,3.562796471789464,1.5784002066483032,1.1831416948611895,0.25383338814262607,15.144439435645795,90.43567022352475,118.31325442068186
1727280,8593,0.22893288798168815,0.33428364841400443,3.3526092656334474,1.6469037731534186,0.8366225380106593,0.28145431724379205,19.15304221435753,94.36063546586162,83.66189201263875
1727660,8595,0.24763719372670953,0.3798128396323615,4.906680524235742,1.8103809813659049,0.8787723487553788,0.21139992469302854,21.76167271581348,103.72718954301848,87.87688356275686
1727661,8595,0.15704752622905627,0.315731778341242,4.9517829224975,1.7675578795154943,1.1518867975571736,0.20451947898744494,18.09009835711318,101.27360654133109,115.18795363115129
1727662,8595,0.11634568232339067,0.2476015419489042,5.0565229955400195,1.7287923893418151,1.2193423814240776,0.19589055059197724,14.186523354603619,99.05250756362341,121.93320059760329
1727663,8595,0.07677388402609832,0.17847686442885463,5.16076418680504,1.6866773942284565,1.3319594117533948,0.18725811217889415,10.22597107250194,96.63949608941388,133.1942236347214
1728667,8600,0.1388092227189122,0.22453980219699401,5.960675277242859,1.6724628954486591,0.9268247325191978,0.16076209604392325,12.865182998590086,95.82506530143763,92.68181223685386
1729873,8606,0.20244830492620408,0.30488430406550493,6.40545684679492,1.7967641803334757,0.8628663503128845,0.1607176609177916,17.46858386273672,102.9470043133909,86.28621307988332
1729874,8606,0.14917048268634084,0.23388504351187836,6.50418820686525,1.757673610371711,0.8983429392193266,0.1548345101310086,13.400625884464247,100.70727963582092,89.83369772251584
1730677,8610,0.23905848914375932,0.35728839914504484,5.177715986726062,1.031357982484523,0.8563225073912223,0.11412842960265798,20.47111733999664,59.09245956349064,85.63189611639409
1730678,8610,0.1536940871183986,0.29201927380076576,5.223745109641357,1.0023367917023838,1.08862163472485,0.10993964387598797,16.731471925259093,57.429667815230104,108.86146225591484
1730679,8610,0.09450695517536775,0.22734845860804528,5.30465081906379,0.9678462923567581,1.378322447755502,0.10453752670317405,13.026107157045686,55.45350776942703,137.83080094024476
1731279,8613,0.22967469125309709,0.333178465516851,5.646919432320072,1.813718739844136,0.8311633712641294,0.18402676021558334,19.089719898760595,103.91842901685513,83.11597885961812
1731280,8613,0.14482795836983486,0.2650999157538765,5.827748809403928,1.7975376268468093,1.0487688595605842,0.17672573531543895,15.189106321970806,102.99131953428403,104.8761690544231
1731281,8613,0.09609048626552764,0.2008806125938599,5.983468094003316,1.7601431791187268,1.197788723645063,0.16854568913765608,11.509611287630705,100.84877550224233,119.77763832090629
1731881,8616,0.22879402340840463,0.5751772538143912,4.653076723401801,1.8297263398879986,1.440388484985682,0.22530382141980715,32.95522911548955,104.8355969395019,144.0382252399943
1731882,8616,0.1553368709907005,0.5105657336642264,4.750873318372376,1.8202101074272266,1.8832141804567277,0.21951828595346615,29.25326170296063,104.29035698263426,188.32021783478615
1731883,8616,0.11483198658779072,0.4408341710259262,4.83737100516019,1.8046920104602426,2.199555717523716,0.21375502353715406,25.257937464933892,103.40123552035132,219.9536754678413
1731884,8616,0.10298687792897361,0.37581592915096473,4.943507599910504,1.7775039582302803,2.090816321101785,0.20601460119171738,21.53266661413784,101.84347487439324,209.07962225406771
1731885,8616,0.0810958268906144,0.30982912938564183,5.055997947002019,1.7357419998507355,2.189002810089318,0.1966984396766136,17.75190148400999,99.45069091504432,218.89760875544783
1731886,8616,0.07723482063434406,0.2595873901480822,5.1759776166444285,1.6790749549436326,1.9257194905645707,0.18586615967804662,14.873261870300995,96.20390840438901,192.56948069102768
1731887,8616,0.07535890937675238,0.2556827912871657,5.328748863822095,1.623629864643151,1.9439695998876223,0.1745759481976209,14.649544834878892,93.02713873544968,194.3944062039716
1731888,8616,0.07511802570176979,0.2552716647819837,5.426685071624326,1.5759262153591278,1.9470675563660154,0.1663887246191112,14.625989021286001,90.29392096410288,194.70418957978333
1731889,8616,0.07510142033105667,0.2552439570463326,5.550125755595063,1.5219461781731538,1.9472866788964078,0.1571155255542898,14.62440148497333,87.20109265538733,194.7261009766124
1731890,8616,0.0751002730527838,0.2552420829488693,5.698057761799932,1.4629698384900447,1.9473021289173682,0.1471062608653354,14.624294107098285,83.82199730041526,194.7276459191287
1731891,8616,0.07510019375113791,0.25524195611644135,5.817466287486972,1.405663087563894,1.9473032175247422,0.13844267971011784,14.624286840135458,80.5385623347394,194.7277547757205
1731892,8616,0.06592765867053428,0.2247221632246255,5.8591821651816645,1.340370174368387,1.9529936027566033,0.13107213887600566,12.87563151582104,76.7975539765228,195.29642761525784
1733086,8622,0.22518880811305075,0.31097540443056076,3.3011481502366173,1.7327607534350302,0.7912283725073825,0.300743478507247,17.817578206245013,99.2798780777359,79.1224894036952
1733087,8622,0.13352305281778598,0.24676775442413298,3.3148762960201066,1.7012522175731601,1.0588995301671744,0.29405191312023243,14.138750848423568,97.47457195421414,105.88916790683442
1733088,8622,0.07868392172591884,0.17823782055288862,3.3460989255679507,1.6464665013727582,1.2978856855886713,0.28192705432458326,10.212274867290638,94.3355816383296,129.7869355816708
1734093,8627,0.16823785508265215,0.3510134685163182,3.390642980275339,1.829275710641185,1.1954259101155842,0.3091147551840106,20.11159029823323,104.80977778553431,119.5418875642778
1734094,8627,0.10830951736787833,0.2851048617599491,3.432757492298709,1.7935287257504342,1.5082057594086102,0.29935591533093486,16.335305297505858,102.76162642097637,150.8191973824919
1734095,8627,0.05768823182633214,0.18170494510563595,3.481936010904161,1.7485818529804638,1.8046877737322746,0.2877317667741925,10.410926471209244,100.18636030894558,180.46568036389064
1738650,8650,0.08853238282627791,0.4492410618287722,3.1498009061294607,1.2481996950693426,2.907367123497013,0.22705109440653365,25.739616826764316,71.51657451698964,290.733461267047
1738651,8650,0.21573084003708232,0.5214862143729603,3.2529378475787594,1.3104871303540317,1.3850109593824513,0.2308232894783439,29.878959157825115,75.08538167549658,138.50046035248758
1739454,8654,0.2178438748314392,0.6277082878202218,3.307312842530231,1.8376010629645512,1.650954567088742,0.3183454061688597,35.96503565748185,105.28678533662263,165.0947064295653
1739521,8654,0.18505634973414872,0.30541176214702553,5.1092355268416645,1.5878739346762987,0.9455932781676153,0.17806670723977452,17.498804984677918,90.97847485578369,94.55882195339176
1739522,8654,0.11293750104530137,0.24253532315198675,5.200275370222542,1.539567816021861,1.230437103742826,0.16962705180518986,13.896250399450404,88.21073813222624,123.04263179370872
1743021,8671,0.2173261221068432,0.3174564760178535,6.1157353004964925,2.1349808172292595,0.8369410562176154,0.2000174696224668,18.18891625491904,122.32539016862796,83.69372436624332
1743022,8671,0.13083284658846095,0.2522611354688564,6.373756774089854,2.0822110076292373,1.1047300177055175,0.1871767418089104,14.453498397543388,119.30190279283775,110.47216583799602
1743023,8671,0.07907032315808525,0.1829453553108803,6.666272387665459,2.0183933961843663,1.3256548091024298,0.17347839407063548,10.481996740834703,115.64542299844086,132.56382114509856
1743474,8674,0.16387524906923107,0.3702553498959251,4.028083793314371,2.272781587312676,1.2945254220598321,0.32328223310774373,21.214068891176073,130.22079270806034,129.45176016454946
1743539,8674,0.2118123674833377,0.3061720720403594,4.709700106726412,1.4020487263142942,0.828203136243441,0.17056600781057368,17.54236753268799,80.3314746895017,82.81992652832905
1743540,8674,0.1444279954051158,0.24006506987396395,4.79975683673712,1.3725886360832207,0.952357908267847,0.16384899978557987,13.75471531229134,78.6435358551866,95.23513802550576
1743541,8674,0.10389669962703582,0.17567927851609158,4.923475291802611,1.3485971689034337,0.9688161678082718,0.15693980634607435,10.065681206875363,77.26892604145817,96.8806936342998
1745283,8683,0.22584930219563876,0.6196655831302599,3.9660889254837843,1.760708337852166,1.5720314699086584,0.2543592903574611,35.50422262287695,100.88115671242336,157.20245790117232
1745349,8683,0.19414254347735177,0.26407857523429396,4.5583498119402,1.6925756754752959,0.7793545283990574,0.21274681957156547,15.130587820753028,96.97744271123894,77.9350554221141
1745350,8683,0.12933969615572258,0.1966244284669078,4.614163528175696,1.659284207906785,0.8710202176245884,0.20603947246168583,11.265749900325778,95.06998212576661,87.10135506586519
1746553,8689,0.19258835704062044,0.41557721753738414,3.4403238224722394,1.803363371592916,1.236358197152171,0.3003354194320316,23.81082062668221,103.32511012075646,123.63518416887437
1746554,8689,0.11903579468701102,0.35003413845589265,3.459213208833202,1.8003603688333203,1.684827424131235,0.2981980127017414,20.055478819020557,103.1530507367655,168.48134118323128
1746555,8689,0.07693118791121187,0.28122553311886656,3.5155607189043794,1.7913229997971802,2.094473578537546,0.29194559715393853,16.11303613902761,102.63524763309245,209.44466258549426
1746556,8689,0.05703326967699957,0.2100585507125817,3.564641032055118,1.7818356862583,2.1102536053733862,0.2864009682992891,12.035468406465702,102.0916646083973,211.02169756228668
1747359,8693,0.23037825237350387,0.2854882575593175,3.4347966555341585,1.7436059662335213,0.7100180412062169,0.29085058804630776,16.357272258692714,99.9012629990107,71.00149900726902
1747360,8693,0.15671424467386064,0.22134982917898735,3.4473752058475666,1.7075383183657684,0.809269777933805,0.2837948667423222,12.682411007897695,97.83473899922444,80.92646656227352
1751177,8712,0.24787189471546195,0.3441627637232761,4.404188686413082,1.6193034665270893,0.7955348489187536,0.21066139708879528,19.719073826901873,92.77925438290599,79.55316715665009
1751178,8712,0.16272058660233116,0.2744843554954039,4.441905838039428,1.5862010306198124,0.9664907479837658,0.20460277102435784,15.726795112255168,90.88262451381672,96.64848678429654
1751179,8712,0.09307151858654655,0.2097237500729463,4.550039225299783,1.5518342965612493,1.2910807338532593,0.1954127230526055,12.016285742836313,88.91355569661255,129.1067000799229
1751715,8715,0.17905282967081912,0.3047574112348217,3.3908305734130533,1.7310177654872674,0.9752044966832119,0.2924947436470179,17.4613134390881,99.18001222458692,97.51991047155926
1752784,8720,0.14195378338945636,0.25508538084570587,5.024759105388205,1.0189796623520513,1.0295826119875815,0.11619111030345901,14.615315737946196,58.383234062438206,102.95754316252047
1752785,8720,0.07838118982924853,0.18717372615913794,5.202559860246219,0.970343611466812,1.3682189821052186,0.1068639189190134,10.724264544656016,55.596593614530484,136.82017009244396
1753725,8725,0.17694113765038727,0.40412758025910483,3.2979459642181337,1.9643471241868302,1.3086161721654501,0.3412693858371912,23.15480473368115,112.54879971456596,130.8608850393329
1753792,8725,0.17588124674437214,0.31477449035801214,5.313695736702983,1.729009428740968,1.0254219312355812,0.18643322412023736,18.03524979589552,99.06494300518293,102.54161593755403
1753793,8725,0.09961020197537826,0.24933176020633432,5.353964474498552,1.6812251052590899,1.434155923884791,0.17991733643673088,14.285657558390845,96.32710294278343,143.414167032358
1754394,8728,0.17330051117646006,0.18103361029407386,4.304811625606894,1.5591043887655518,0.5985245600793639,0.20751221855493857,10.372461819866526,89.33010129659004,59.85211409556042
1756137,8737,0.14054300095462469,0.35095106002270327,4.363010035728377,1.937741723109204,1.4307374246760192,0.2544674922975804,20.108014554943328,111.02442252056517,143.07273464795767
1756138,8737,0.21225807975242447,0.4161536090952471,4.420342140595521,1.9957752659386538,1.123342128354492,0.25868925006060645,23.843845430294728,114.34949959488435,112.33368889616312
1756202,8737,0.17322271278349488,0.44837393917587665,5.171813061446193,1.7912219049606293,1.4830579929483139,0.1984399936885756,25.689934358433213,102.62945532562752,148.3049517045163
1756203,8737,0.11078139889184421,0.3404627647551438,5.320733206127903,1.7311640597776883,1.7608621967310312,0.18641865743116134,19.507079501825135,99.18839426999489,176.08464608958062
1756740,8740,0.1533957299802418,0.4351909434660182,3.599473622609464,2.1253137200732857,1.6255082667961291,0.3383036486175581,24.934604342919254,121.77150630144774,162.54977760041524
1756741,8740,0.23373238799766727,0.501588220741998,3.6279257389674417,2.191179081783292,1.2295637381977147,0.34605259928284265,28.738888101992785,125.54531354353368,122.9558530263533
1756807,8740,0.19338502028666174,0.21199192567910863,3.7903127645183154,1.7096576105213992,0.6280859802984295,0.25843821162686453,12.146242632263943,97.95616549529726,62.808276494129274
1758750,8750,0.15311037812689005,0.572903004901741,3.5773566657647122,1.8566653350741977,2.143873100499808,0.29736785372471775,32.824924251232474,106.37908766799434,214.3859238470771
1758815,8750,0.19778823813887345,0.23424690713100846,4.095580626338553,1.5807554675668292,0.6785721229087466,0.2211423111297315,13.421359142599732,90.5706167338084,67.85687264327402
1760020,8756,0.22814805598892973,0.44130310235845227,4.6425535921825745,1.7536369269841168,1.108262966927625,0.2164239841350352,25.284805251169082,100.4759947144812,110.8258157877101
1760021,8756,0.15776492511186763,0.3750450710827565,4.786201771255289,1.7390384065292572,1.3620580317792976,0.20818086169185626,21.4884997002259,99.63956110528234,136.2049484702668
1760022,8756,0.11121872492309037,0.3098840134607375,4.9278163385628275,1.729577353712478,1.5964078464076548,0.20109816539334266,17.75504610987545,99.09748270913053,159.63936363044644
1760023,8756,0.09685709703605101,0.24864933686124355,5.117100135925286,1.7146596077108267,1.4708840700324923,0.19198912669633375,14.246557580875944,98.24275882338776,147.08690359230692
1760024,8756,0.08684417067759052,0.19684945306634274,5.268466648945741,1.6850481017413177,1.2987217764229988,0.18325283380578145,11.278642860160021,96.54614450630845,129.87069715173413
1760559,8759,0.161161864175156,0.19345128104116177,4.350022354746368,1.740236335093345,0.687752112699517,0.2292130683378137,11.083941945057727,99.70819735616274,68.77478879384653
1760624,8759,0.20637617481201423,0.34514392240423464,4.847087125159495,1.6186936037534,0.9582157018924694,0.191340302399659,19.77529007835342,92.74431181989145,95.82111052913883
1760625,8759,0.1375752898963697,0.2782561257907802,4.985690999076571,1.5941640440349132,1.1588491279671738,0.18320203038740956,15.942901631473042,91.33887157470805,115.88407888802747
1760626,8759,0.09039080669480734,0.21175477091709752,5.092869187210139,1.5738598891354432,1.3422441691475788,0.17706233107613772,12.132654665309277,90.17552919238854,134.22294684598057
1764579,8779,0.1878138280472083,0.3113109580388352,3.48303350040644,1.7495625027988368,0.949706592296789,0.2878024202328768,17.836804011799522,100.24254740471864,94.97015862515467
1764644,8779,0.16331066743156875,0.26361223363305825,4.376442226508868,1.7436118031748347,0.9248549239237432,0.22827125786722535,15.103868415190849,99.90159743111322,92.48493174267361
1764645,8779,0.10687574093396167,0.19780685988687885,4.473582337315448,1.7300873799842433,1.0604368279252352,0.2215823860299083,11.33349823025378,99.12670506194348,106.04270050914691
1765647,8784,0.19101594823653814,0.28143876284501645,5.877315901276067,1.9243579458613,0.8441835672407311,0.18759854027716916,16.12525330240273,110.25758857031705,84.41791920178031
1765648,8784,0.10125781307348267,0.21239998313405073,6.09804692311696,1.9252264726021067,1.20184517431305,0.1808896400713285,12.169622602230975,110.30735148695953,120.18334239607947
1766253,8787,0.1818237759800158,0.19552479763409067,5.085055734101268,1.7674760228999995,0.6161320222324592,0.1991500616688643,11.2027456945829,101.26891650273801,61.61286675152666
1766454,8788,0.1598479443666222,0.3205559288721658,4.432770953775025,1.2221667805508196,1.148998239924052,0.1579711628660799,18.36650182227091,70.02499838665344,114.89911237791063
1766455,8788,0.11347756084064729,0.25444557768499426,4.528073641572514,1.1715891831503509,1.2847171127403325,0.14824651868103506,14.578657717118292,67.12711551769473,128.4705904720666
1766456,8788,0.0868681240325394,0.17752428452716051,4.6250175292742135,1.1202879970877837,1.1709002821075727,0.13878385006593294,10.171392264485881,64.18777407229426,117.08869379960461
1766856,8790,0.2195629702372318,0.3008183100859047,5.452312694738579,1.7371484123514094,0.7849966123413613,0.1825487234602029,17.235619568180024,99.53127241558737,78.49930728414817
1766857,8790,0.1316102782273444,0.23074803145989553,5.50757915019831,1.6916802115972236,1.0045482394785215,0.17598682395847576,13.220888333603957,96.92613641031897,100.4540683114276
1768061,8796,0.1617124188776884,0.26299060693576193,5.585194858856409,1.662119996178646,0.9317930559561394,0.17050875226639348,15.068251829003113,95.23246082533693,93.17873515740803
1768062,8796,0.08683861128051895,0.19359883170784423,5.7234804822690615,1.6527591636598862,1.277357449019219,0.1654519915935646,11.092395975522974,94.69612462928318,127.73428867260915
1770272,8807,0.23302524876960154,0.34306721870687285,5.087310973769672,1.7546501191811217,0.8435267414778458,0.19761726120527026,19.65630372119538,100.53404635120516,84.35231577979879
1770273,8807,0.1502759099974473,0.2769186893517667,5.231831599711294,1.7306616319707464,1.0558093517857075,0.18953134327390747,15.866272168150564,99.15960727714712,105.58023962843046
1770274,8807,0.09100384817502782,0.2087385537800181,5.325891330949107,1.6949367884694588,1.3142122095809634,0.18234079199868142,11.959838153259593,97.11272452075796,131.41979128691554
1771479,8813,0.21307866805331738,0.2598063579053596,6.789350567409392,1.85119421488946,0.6986061643820435,0.15622350674469285,14.885807798642437,106.06561557220004,69.86029185533398
1771480,8813,0.15571761662635647,0.19333569342686588,7.073824212560472,1.8034495941619948,0.7113722128050763,0.1460738167348208,11.077319262594587,103.33005031006346,71.1367690169916
1772282,8817,0.1904821211177804,0.28506673672995203,4.8733694910586545,1.8014299134599314,0.8574621041011976,0.21179254129499042,16.333120894193218,103.2143311298712,85.7457647604065
1772283,8817,0.12651060670450562,0.21678083598467582,4.913610071154406,1.765084709823436,0.9817853477270492,0.20581996268657218,12.420626981239648,101.13190435595648,98.17776648944651
1772685,8819,0.18759684624795236,0.22644791465709582,6.245680317462581,1.5784493051909494,0.6916165893655194,0.14480165269608167,12.974509789390245,90.43848336279862,69.16129395345797
1774026,8826,0.13484826546472062,0.3612197342212782,3.2472917049574366,1.7825795660032293,1.534789093623314,0.31452143738058264,20.69636624771655,102.134285778247,153.47778259223185
1774027,8826,0.2362083589533755,0.4330452622088846,3.3218893938421794,1.8455978342088266,1.050414342753566,0.3183277759227744,24.811665862705173,105.74496657865119,105.04099402599309
1774091,8826,0.2333715135325074,0.32536514165115765,4.20308805896062,1.8181695644170084,0.7988142312783415,0.24784977324064222,18.642049417287527,104.17344248023385,79.8810842592686
1774092,8826,0.13558872845087308,0.256460793893808,4.221295514557017,1.787328439284925,1.083727252614987,0.2425946621812912,14.694121100689673,102.4063761747306,108.37193398476089
1774093,8826,0.08748763408740019,0.1906122394103817,4.282415305146248,1.746094793079175,1.2483222008860737,0.23361550646282644,10.921276841752091,100.04386227320552,124.83080751771543
1779654,8854,0.23372479469966184,0.3924378793139535,3.3146218011167425,1.836458669880284,0.9620302917633125,0.31744596225564164,22.48503420575389,105.22133103434919,96.2026216860112
1779720,8854,0.16032616617130335,0.20461955019172087,4.928790125002782,1.8516280058803685,0.7312490643651587,0.2152464744070707,11.72383663185092,106.09046996516989,73.12445489945513
1784141,8876,0.22871791997622196,0.2637619432414575,3.7401575963395657,1.8752267830982858,0.6607460178340985,0.28726752081064955,15.112446143904684,107.44258030142603,66.07431578234018
1784142,8876,0.12931858232782323,0.1937097960443839,3.7594448996235186,1.8702362394117626,0.8582488847038928,0.28503315193264417,11.098753763683167,107.1566432107126,85.82423144197907
1788297,8897,0.2223863433521377,0.20624666170562667,4.23553637389324,1.6734509236197712,0.5313753778624687,0.22637433952945865,11.817063254394865,95.88167514568238,53.137301234284806
1789568,8903,0.2219581243531199,0.30762976691663013,6.5894201381116115,1.5674104762011525,0.7941086434288815,0.1362881756396321,17.625887296916147,89.8060050509166,79.41051014814204
1789569,8903,0.1218589776134391,0.24186652196976194,6.81956822189793,1.5847987350816273,1.1372104089963122,0.13314960098665632,13.857930914375562,90.80227889784868,113.72011702099037
1789570,8903,0.06405354839240932,0.17622085254657927,7.090025251671183,1.6020404009019074,1.5762919916581417,0.12946378918752954,10.096711113116196,91.7901535811257,157.62676291560103
1791577,8913,0.21981404667141874,0.26939905461551705,4.3654331307661005,1.690681486854937,0.7022039021533819,0.22189989074186325,15.435428834283488,96.86891369769066,70.2200739577054
1791578,8913,0.13380107276909187,0.19729474243571501,4.468918128154334,1.64856655196842,0.8448478762459134,0.2113619062917884,11.304156061687094,94.45590567422497,84.48416252261782
1794930,8930,0.23175099773198993,0.6237656490627762,3.663426747660996,1.8844603498173038,1.542135218581931,0.2947284928748387,35.73913909653551,107.97162470427823,154.21286308766196
1794994,8930,0.23552745757036583,0.3442704734253863,3.4453119652833673,1.7713828816805237,0.8374923460828329,0.29458221418009084,19.725245138245402,101.49276302201568,83.7488825839754
1794995,8930,0.14941838050517878,0.27602896449016584,3.470411898435321,1.7678467929801087,1.0584570369940387,0.29186783222273444,15.815294688652973,101.29016006349799,105.84500240318441
1794996,8930,0.07873204480713634,0.20891316800223483,3.5336587967887096,1.7653521812441153,1.5203264846265152,0.2862393764366333,11.969842811235573,101.14722933950178,152.0307367834786
1796739,8939,0.1783838046168558,0.28755957157632517,3.070930928503918,1.8595025556617464,0.9236235835241914,0.3469359961742187,16.47594980991354,106.54164843320851,92.36184575979689
1796805,8939,0.22124481673657678,0.3042277962990364,4.862673410697304,1.6285960162333732,0.787858816660809,0.1918937797978026,17.43096873850051,93.31167826199159,78.78552912597867
1796806,8939,0.1200817929142195,0.2340582926374797,4.959836924304865,1.6215631362442848,1.116784725304747,0.18732213407700718,13.410552328165537,92.90872392079481,111.67755181831333
1800824,8959,0.24835779246174958,0.34260381256721245,3.6855669905265107,1.2801306072271714,0.7903819534003015,0.19900894763046817,19.629752505192386,73.3460810196362,79.03788028046407
1800825,8959,0.16333540921514103,0.2785637806912706,3.7401280499850813,1.2310393858120432,0.9771627633192576,0.18858541763858333,15.960528958817658,70.5333612214071,97.71568406279218
1800826,8959,0.11111144138122388,0.2107243704552723,3.807904498872478,1.1656685372149673,1.0866222083819,0.17539275824272674,12.07361706763836,66.78788749360596,108.66125266939366
1801965,8965,0.07591021648080071,0.2713315229454122,3.2861303236250263,1.7435710311170758,2.047965318290958,0.3040027364163605,15.546151113629174,99.89926136428157,204.7938609646846
1801966,8965,0.1553344677379516,0.34548778940444536,3.327692460722678,1.7988531546333628,1.274346332793764,0.3097242146955444,19.79499220617932,103.06669372428574,127.4338210998479
1802029,8965,0.23027059583200524,0.37432813849447927,4.228517977652604,1.885490371635945,0.9314007930464766,0.25548109508519384,21.44742248872223,108.03064060729275,93.13967887020337
1802030,8965,0.1352922473334047,0.3089041341432921,4.293063907754834,1.8405685411350357,1.3081977867320036,0.24564462894542669,17.69890316055367,105.4568093115886,130.8188214075316
1802031,8965,0.07662095066050287,0.24196286542687856,4.39161182035031,1.803326820746542,1.8093548904038312,0.2352735621975036,13.863450987852044,103.32301591152161,180.93315124902432
1802520,8967,0.20016534284142334,0.2383457208687212,4.043741700388537,0.12872246262899223,0.6822461368526522,0.018238686754459093,13.656203870780914,7.375253837171718,68.2242762540738
1802521,8967,0.1478900507080075,0.2295287176240143,4.097323254766841,0.12653802206546727,0.8892434511113831,0.01769470979902565,13.151026796906056,7.250094612284559,88.923749841166
1802522,8967,0.11781241692783512,0.2148885714375868,4.222495346043351,0.12024893061358677,1.045068718982501,0.016316788141067334,12.312208208969214,6.889756215120003,104.50599371471313
1802523,8967,0.07279273034118533,0.21047077926126798,4.322580491923005,0.12531061696796675,1.6566332447409362,0.016609915020092375,12.059087362500229,7.179769480444936,165.66107144089335
1802524,8967,0.055299872200045556,0.2064412336351403,4.4608220932777956,0.12343131109872152,2.138921627713335,0.015853788880140437,11.828211404767712,7.072093185723019,213.8883336591926
1803372,8972,0.23721258979535167,0.5519245471548133,3.2009039615648542,1.8387643201071397,1.3331057114555371,0.32913650642845227,31.622947161639992,105.3534350613814,133.31001478002025
1803438,8972,0.17018704319466277,0.3044921075037356,3.990914755126445,1.765772847611721,1.0251139747424054,0.2535041154749975,17.446112655007795,101.17133174694868,102.51080115571197
1803439,8972,0.11197577899652728,0.23496514958043438,4.0499321973498255,1.72582747862648,1.202269841031126,0.24415873064134058,13.462511403618976,98.88263069300159,120.22592116206957
1808799,8999,0.11682016320307734,0.5891727860955039,3.449143443542118,2.1052570878068604,2.8896647832009172,0.3497168138874069,33.757114047236406,120.62234592133566,288.96402947601507
1808800,8999,0.18951841963158966,0.6641696938977073,3.4825106317170693,2.1651173939110375,2.007937719556294,0.35621452906832096,38.054120340834416,124.05208882146621,200.7927230613545
1808864,8999,0.16996969309517576,0.28164297587337533,5.803024719664749,1.6775918349511927,0.9494017788578045,0.1656359163816,16.136953847049277,96.11893188831073,94.93962490353161
1808865,8999,0.1064603395177084,0.21625809368740573,5.895704167473607,1.6733419839641277,1.1638770781766088,0.162619138405069,12.390676053833099,95.8754333631924,116.38662551086986
1809064,9000,0.20779367696232776,0.3052379808978305,3.7615574467105275,1.969719522925831,0.8416448212746326,0.30002629705107564,17.48884805254053,112.85661548817212,84.1640811410736
1809065,9000,0.12460161528286819,0.23943413004039846,3.789704713595778,1.9697540990090276,1.1009940754430556,0.2978031397779402,13.718565122701351,112.85859655181137,110.0985327760415
1811881,9014,0.23378548858364262,0.2722382805045058,4.4302202753653805,1.7994184577592067,0.6671972637013759,0.232717735386919,15.598104494806824,103.09908320754215,66.7194438365767
1811882,9014,0.19665220217523835,0.2056004470470096,4.496195660395082,1.7672117209034561,0.5990290041232454,0.22519876921842683,11.78003788179662,101.2537731138192,59.90259884656944
1813422,9022,0.20151795201182465,0.2846513437367185,4.567162375720167,1.8657906006892135,0.8093234204048091,0.23406640238786677,16.309320628841633,106.90192687467061,80.93194444502987
1813487,9022,0.18297898908738158,0.30096796364871514,4.807792554535303,0.9938004715600766,0.9424138382942623,0.11843392146018467,17.24419408571816,56.94057269850339,94.24087394323345
1813488,9022,0.104981468495197,0.2326327797994673,4.950183238490404,0.9280892842985589,1.2696407642530505,0.10742147579655946,13.328876458905711,53.175599001624605,126.96287913553408
1814489,9027,0.24354013857825776,0.4995985754122038,3.875908108689743,0.909427441517852,1.1753663611102505,0.1344365051408083,28.62488982186766,52.10635417235342,117.53615832205509
1814490,9027,0.15334884027750884,0.4765253416581484,3.9484817090377677,0.9874197009782768,1.7804431437622537,0.14328287554516567,27.302890908041494,56.574981474125025,178.04316495297903
1814491,9027,0.1131807176360349,0.18736122245669512,3.976888869138968,1.0618923408769376,0.9484836787497839,0.15298880928925704,10.735007291180372,60.84194942951587,94.84753823671032
1814988,9029,0.21689513385698106,0.7676841605751117,3.1418159635693734,1.2288338127079768,2.0279413184557367,0.2240964836369717,43.98506239999728,70.40699119113654,202.79320621270526
1814989,9029,0.1991629976015617,0.7048453694931429,3.216516666834462,1.2376971416554454,2.0277191717293332,0.22047086851125397,40.38466488129616,70.91482253226262,202.77090923876642
1814990,9029,0.157709781548619,0.5579332412091048,3.3143649666670503,1.2596552080774859,2.026964823010456,0.21775793424262854,31.967219971336245,72.17292706451346,202.69520991170413
1814991,9029,0.06482668331571421,0.23101533585889092,3.424319033975156,1.2756196108063214,2.041782955525694,0.21343694622122114,13.236203747511674,73.08761996332288,204.1751774940139
1815298,9031,0.19078011789639504,0.18450604640109008,5.067590891624939,0.6208476346365432,0.5541152461732441,0.07019498984013846,10.571417753427394,35.57194918535407,55.41123707624081
1816300,9036,0.21987976666710757,0.34713737295078934,4.583053654369814,1.8195305520228455,0.9045627880298998,0.2274715265424518,19.889506381339054,104.25142132601792,90.45587152900521
1816301,9036,0.1296831119790639,0.2756215076395922,4.595791151976491,1.8079396042326557,1.2177335716309228,0.22539603146922416,15.79194913078141,103.58730893708355,121.77242755327536
1816302,9036,0.07239731212660028,0.20801134580841124,4.628627394824904,1.8003044746663126,1.6462172709671632,0.2228519152986318,11.918172205658252,103.14984823689655,164.61947600128275
1817910,9044,0.13279297219098288,0.23578436128821412,4.772514222886831,1.7504627902605248,1.0173315301838142,0.2101494624898275,13.50944877700246,100.2941300766219,101.73239458168564
1819515,9052,0.21829340454670207,0.32141679164390413,2.9248895748076387,1.8161641973401115,0.8436271732737746,0.35576913381910374,18.415825625831452,104.05854341035317,84.36233472897634
1819516,9052,0.14529374227812678,0.2580813613286259,2.955507405842345,1.8102446602528075,1.0177294304310691,0.350935945423837,14.78697277512108,103.71937891857948,101.77224958915232
1819517,9052,0.09298516132220752,0.1939708664973698,3.0178738620324577,1.8165228433515246,1.195213370128034,0.3448755538714805,11.113711998794827,104.07909231314633,119.52006449953949
1820322,9056,0.1560187825168378,0.24932121686539901,4.40907856523697,1.661395774499912,0.9155982583259398,0.2158976401880011,14.285053469453283,95.1909659797136,91.55924485352764
1820323,9056,0.07486240940882725,0.18074755318720154,4.47490557295616,1.6195150736026753,1.383347217031287,0.20735941095309862,10.356071954943019,92.79137857525218,138.33289235317565
1820658,9058,0.20396207635567637,0.4192698022492685,3.4124258766238826,1.9759777936951441,1.177787037551509,0.3317733241741242,24.022390146167716,113.21518799030385,117.77813207855728
1820724,9058,0.19899971914133885,0.33561375088202555,4.593148230121331,1.5086366077397595,0.9662953590473264,0.18819011693848225,19.229251472095076,86.43851044242173,96.62905518666813
1820725,9058,0.1444113891211339,0.2697995922831372,4.661886622569657,1.4508120464810723,1.0704402870030694,0.17830851258663938,15.458377952174137,83.12540713010326,107.04329487415075
1820726,9058,0.1174762144790086,0.2075721764545727,4.76059510073887,1.3942636552910739,1.0123758835403274,0.16780553926221828,11.893009655191817,79.88542297666159,101.23673520805957
1823154,9070,0.02330978630906532,0.18437239770890532,4.8023123347730525,2.108117132830275,4.531897279308037,0.2515167814143976,10.563760247427764,120.78621443039471,453.1704811398673
1823155,9070,0.036746476014533916,0.22435109075093848,4.558948519688696,2.094569241926487,3.4981224120589793,0.26324047459359845,12.854370629185293,120.009977460304,349.80281704521116
1823156,9070,0.07817691242010925,0.2854066553903652,4.328323654160742,2.077134885075319,2.091742203784463,0.2749587868847216,16.352596798812634,119.01106239420706,209.17157151674402
1823157,9070,0.15670612198521022,0.34761313139710387,4.131895049058455,2.058579408598666,1.2709627300519615,0.28545718180005675,19.916765332380578,117.94791190524057,127.0954700722555
1823939,9074,0.14550627004203595,0.31954126777415426,5.102723684601081,1.47163545893461,1.2582526347611633,0.16524214483328586,18.30836602371874,84.31850077875113,125.82440738823284
1823940,9074,0.08494655589400375,0.25302611535703384,5.227439866863778,1.4350357972207082,1.7066409176137973,0.1572882645572714,14.497328516548345,82.22149463093801,170.66210279949533
1824879,9079,0.2415667783932386,0.7500113064528537,4.347489110444588,2.0241673394775157,1.778906890830044,0.26676603981570424,42.972482446841525,115.97624558028619,177.88996004627873
1824944,9079,0.1592408107666247,0.32386012197468517,4.569340742765687,1.8686389343452245,1.1652676777480304,0.2343119722620856,18.555818141741508,107.0651243718051,116.52604333252533
1824945,9079,0.10185735083300881,0.2561963152068044,4.717726862443806,1.8153924049313157,1.4411297787519552,0.2204755081736832,14.678967588153206,104.01432296266893,144.11157718642596
1824946,9079,0.05287748563139797,0.1866063913438197,4.8961490751391334,1.7548846885546623,2.021986579829401,0.20536034429894168,10.691758654167447,100.54748618631207,202.19487238528137
1825884,9084,0.07979655441887477,0.2793742339887468,4.181256690840837,2.075792787186757,2.0059716391084725,0.2844459796634389,16.006964512255504,118.93416584949904,200.594675223146
1825885,9084,0.1724461718603521,0.34747243688792445,4.254954057154035,2.1302117284692144,1.15448796349264,0.2868471423762978,19.908704130803933,122.0521415105541,115.44813357058719
1825951,9084,0.18677597670865487,0.22169218995906806,5.146777381882478,1.4274437631488035,0.6800674465438943,0.15890818058246006,12.702026835667127,81.78650312069836,68.00638418877749
1826354,9086,0.22830492291170262,0.8942178230820792,4.478447075350255,1.2111653759551806,2.244143679882487,0.15495251593260745,51.234907227979264,69.39466433460748,224.41339486314763
1826355,9086,0.11509635643117898,0.4489267329903918,4.568416516293627,1.2122073839598522,2.2347888042430872,0.15203159912356456,25.721607110945868,69.45436699549401,223.4769581899631
1826953,9089,0.2000891558281877,0.3198821715634033,4.41128069976215,1.8165664889019895,0.9159865451086195,0.23594416194972645,18.32789837206273,104.08159301898249,91.5982013018193
1826954,9089,0.10565393209858635,0.24984135730812462,4.483838662283591,1.7705778847884952,1.354881326455216,0.22624953195721278,14.314855321575527,101.4466400975813,135.4868631046809
1826955,9089,0.04681551982209117,0.18264693851270558,4.5678817580161875,1.728925044324753,2.2353477056720905,0.2168622419868335,10.464898717763484,99.06010813427713,223.53004361561798
1827894,9094,0.23878591649722514,0.1767845781578661,3.232475703519582,0.19836950949462695,0.42418790587995864,0.03516108606968373,10.129010211446365,11.365735678122435,42.41861472156525
1833385,9121,0.19763878573769955,0.49076080017191953,4.331389345378838,1.8132278639160893,1.4227228260200613,0.23985445632796704,28.118522600314154,103.89030389791348,142.27156994408026
1833386,9121,0.13655625977825367,0.4232616655018372,4.406398491444534,1.790283997263507,1.775905793436898,0.23278810833696165,24.251107062933265,102.57571717300956,177.5892918641824
1833387,9121,0.09455696617802467,0.3580815971881841,4.483185418020705,1.772452869229971,2.1697568037242996,0.22652212455456247,20.516564240186554,101.55406879273056,216.97340868732238
1833388,9121,0.06614771291108171,0.28337123085985977,4.632660360522407,1.7626270187654045,2.4545025662519464,0.2179980420615118,16.235975563697274,100.99108903098424,245.44658314851816
1833389,9121,0.05160972145819555,0.21520670643246542,4.749845773671536,1.7421675402094263,2.389168796872924,0.2101517645095633,12.330436001491174,99.81884725868828,238.91229676916592
1838211,9145,0.22482059707798221,0.37355985880292897,5.128425014104837,1.783327047991015,0.9520214175690179,0.1992368278002546,21.403403304910782,102.17711334140918,95.20172253507629
1838212,9145,0.18416330254181998,0.30917400416725255,5.188394363611878,1.7516503362868194,0.9618835222634858,0.19343589601119587,17.7143655739437,100.36217145190611,96.18783515291257
1838213,9145,0.12683380184002352,0.24695295137773116,5.226841883044334,1.7234039034432684,1.1155827966512688,0.1889166959403824,14.149361852243423,98.74377006367092,111.5574089049312
1838214,9145,0.10897476733923707,0.1812421949467813,5.3211330757579045,1.6796110025712911,0.952918931672723,0.18085362669963154,10.384412840137864,96.23462167107185,95.29102747963789
1840155,9155,0.18702045466962877,0.536102860474265,3.643680241027421,1.879536350702915,1.6424101685517,0.29555145599379096,30.716431290066225,107.68950033669759,164.24014744365263
1840220,9155,0.20363463986848368,0.3109270294520863,3.0637653338404447,1.5241938509066575,0.874841611466908,0.2850410035230547,17.814806524144387,87.32987481674373,87.48373583155643
1840221,9155,0.09857184735100534,0.2414003240969869,3.026290413303932,1.5183258014520074,1.4031611167268434,0.2874597219061464,13.831219743847575,86.99366034901823,140.3147024311509
1840308,9155,0.23018843233555494,0.27965079162394413,5.760565647399927,1.6986760643412557,0.6960736140777797,0.16895384070767844,16.022810097544433,97.32696924664702,69.60706204004812
1840309,9155,0.12585659745466163,0.2111703069278539,5.804620256206106,1.6533591470478242,0.961345422393244,0.1631984467557699,12.099167345448238,94.73050114518999,96.13378604185407
1849753,9202,0.2189778467548434,0.22527791424551044,5.1969296661509246,1.632340455759207,0.5894419597972589,0.17996437256532877,12.907473703777834,93.52621884346384,58.94392949392197
1850874,9208,0.23901904521349784,0.5388282221671985,6.116255504349869,1.5910079749791004,1.2916368941857699,0.14904223985424492,30.872583012717943,91.15804213795813,129.16315443393833
1850875,9208,0.16897845377643037,0.47463342808124104,6.176454551765823,1.54664167348895,1.6093466372650485,0.14347396135402407,27.194492244881204,88.61604030996754,160.93372085851985
1850876,9208,0.12256303670171485,0.40564956218484677,6.2743523880480705,1.4891257538303853,1.8963307864797199,0.1359831508432029,23.242007874521356,85.32062085871826,189.63154690380858
1850877,9208,0.10425047687397579,0.3469353290912599,6.379125505199174,1.4333171844988888,1.9067469819053329,0.12873712106728497,19.877930120911483,82.12302537536027,190.67288749243218
1850878,9208,0.10125328961497274,0.3407453416080525,6.447650844390115,1.3753807480037747,1.9281613574198924,0.12222050148777258,19.52326996288489,78.80351208416252,192.81425050853284
1850879,9208,0.09997989493803217,0.3391114366754599,6.509954730997594,1.309518635252703,1.9433559291903992,0.11525409004950113,19.429654106121728,75.02989099371135,194.3336686290332
1850880,9208,0.09994172373021702,0.3390515101831622,6.607708351069078,1.2424069345654165,1.9437546104084247,0.10772974516821358,19.426220571032047,71.1846737883846,194.37353562096945
1850881,9208,0.09993905974482857,0.3390474247462874,6.699046714860921,1.1828895991877304,1.9437830012167858,0.10117048655872093,19.425986492741654,67.77458166337853,194.37637462235816
1850882,9208,0.0999388755465481,0.3390471482548032,6.733787504647402,1.1229839045688208,1.943784998672873,0.09555133430176933,19.42597065094654,64.34223819291543,194.37657436243933
1850883,9208,0.09993886280930064,0.3390471295421051,6.708269501246843,1.0657240896326763,1.9437851391275718,0.09102420879036048,19.425969578787914,61.0614924613742,194.37658840752468
1852078,9214,0.2049964705501604,0.3119409641157466,4.784625607692638,1.8361307468133852,0.8718637828858159,0.21987622613061275,17.872900701074144,105.2025424266109,87.1859572369741
1852079,9214,0.13751457926731395,0.2422180072602104,4.946038577677906,1.8213097999948142,1.0092070675571505,0.21098372541106952,13.878069538079188,104.35336472551894,100.91998020894687
1853285,9220,0.19656392876457707,0.31051384643205393,5.1008144417386125,1.9009761780855405,0.9051066534761675,0.2135304332077525,17.791132880930068,108.91791195921105,90.51020949031171
1853286,9220,0.12169133536200358,0.24378450573658583,5.130829457018471,1.8741638425000748,1.147807450713782,0.20928717078113102,13.967823289389175,107.38167829127543,114.77981129903105
1853287,9220,0.06866408792474107,0.17787171966049328,5.1830987998095175,1.8422738848129114,1.4842252558899895,0.20365137185341328,10.191298831280413,105.5545183069502,148.42038566163887
1854024,9224,0.15561459780271927,0.5615798405984586,2.867113589196553,1.8895488444388615,2.067682152739323,0.37760336388661725,32.1761547259212,108.2631739701685,206.76689984966882
1854088,9224,0.1871534311703027,0.2574258503347579,4.5161011914428295,1.663257280298469,0.7880920954227391,0.2110174643009856,14.749414761748017,95.29762240551005,78.80879266132186
1854089,9224,0.12163927342011811,0.19149124801899564,4.575234828699473,1.6580986835110987,0.9019816638747742,0.20764410993248308,10.971640325181337,95.00205658138398,90.19743228698411
1855899,9233,0.18975489775646695,0.2653373153223384,5.039157318163197,1.9415608961505,0.8011760272789984,0.22075763420867514,15.202708315301901,111.24324501706157,80.11718473600796
1855900,9233,0.1503355863643596,0.20062738239331687,5.120344716509934,1.9371419240017884,0.7646294386616416,0.21676285971238934,11.495102265894339,110.99005656315454,76.46244034060022
1856300,9235,0.23852541857612547,0.38173550449262283,5.032857646933521,1.8501149087066437,0.9169602347342249,0.21062343326377628,21.871833297724564,106.00377588312229,91.69564289057645
1856301,9235,0.1720846009195247,0.3111564729264479,5.066027935910817,1.800005862724877,1.0359992431397227,0.2035771222229172,17.827952666862128,103.13273903294008,103.5993283087021
1856302,9235,0.1370036399305999,0.24330874395416444,5.141817424000033,1.7498174178290635,1.0175323178809097,0.19498388312494183,13.940564147202807,100.25715296008507,101.75249651591682
1858133,9244,0.2214289176197515,0.18249580336139515,3.1384695605365187,0.6360509512230488,0.47221649961712703,0.1161172165009463,10.456239311457324,36.443035060362085,47.22143883652256
1861728,9262,0.18616275397020096,0.26551971940880026,5.116617577728314,1.7081045039535971,0.8171966818271601,0.19127319438246201,15.213159299622104,97.86717904382816,81.71923360579234
1861729,9262,0.10466242035698906,0.19620136169108077,5.182277953634328,1.674237999602128,1.0740730863286325,0.18510541493678226,11.24150995961868,95.92677127762754,107.40629267872012
1862129,9264,0.21321250605202222,0.30741834630900783,6.229055216784371,1.8862601924225424,0.8261135000207808,0.17350102729003694,17.613773788397296,108.07474808934623,82.61096641832667
1862130,9264,0.13195200290566952,0.24193128731555427,6.4427290965750705,1.8505691173583028,1.0505062704316337,0.16457280504572652,13.861641695348167,106.02980012188068,105.04983888284504
1863739,9272,0.17623865699143823,0.26464888735033976,3.095470993349759,1.8756544175181458,0.860382375607974,0.3471752177053612,15.163264298007627,107.46708194885854,86.03775425382418
1863740,9272,0.11485230876488939,0.19551049732214842,3.1177696535017354,1.8502161740377758,0.9753330596654305,0.3400173502238201,11.201926347062889,106.00957795920715,97.53246525961048
1866351,9285,0.19014962262477086,0.2731039798688387,3.626146422828491,1.7372467621628624,0.8229153640064316,0.27449776033191825,15.647705414710257,99.53690744469954,82.29110795807532
1866352,9285,0.1416002053684863,0.2027217203936554,3.7111537292134704,1.6965125756794008,0.820274105089574,0.2619212711406001,11.615098994187605,97.20301047729833,82.02683701711322
1869164,9299,0.18296490591247005,0.2892358358861258,5.441437584112701,1.8155239380059935,0.9057470169932208,0.19116613478257943,16.571992680213526,104.02185925271435,90.5742116137281
1869165,9299,0.11360482213078354,0.21821989718081403,5.553582298666594,1.8039630632795238,1.1005763469502503,0.18611315035722342,12.503079114239416,103.35946992340817,110.05667561514421
1873071,9318,0.1905374063462115,0.19633440553160703,4.503913141535914,0.8428212696692619,0.5903897001380073,0.10721810126253954,11.249132810171046,48.290101635906126,59.03866325895044
1873072,9318,0.10971607182152923,0.19118992946526864,4.625633505034943,0.8783810014904909,0.9984293880985323,0.10880136531849609,10.954376043763792,50.327524189879604,99.84203790621278
1873722,9322,0.22759534373223345,0.35029022311945446,4.383010498745277,1.7500540233235071,0.8818348468156015,0.2287713188372682,20.070151389440674,100.27070945632629,88.18310110048674
1873787,9322,0.23665877594251292,0.2937665537806815,4.191526723886883,1.6453800361832411,0.7112173599092386,0.22491406533619057,16.83158369373597,94.2733317683824,71.12143847302777
1873788,9322,0.14119443017529323,0.2237835311991911,4.209234911204756,1.6198413993789957,0.9080989199241466,0.22049155583461194,12.821851862247831,92.81007566498167,90.80925527355653
1874389,9325,0.202270878370146,0.2923677183538101,3.654371146361437,1.6433552693138274,0.8281684261399263,0.25765669972619065,16.751436327542855,94.15732117226707,82.81643727502585
1874390,9325,0.10732559346644473,0.2244956261859441,3.715942590221277,1.6003597953352173,1.1984700280416036,0.24675801496413852,12.862651899601204,91.69386197512816,119.84589731362959
1874610,9326,0.10972291700819159,0.2019412814558517,4.867164781812632,1.9683062573438086,1.0545091579647679,0.231707053610961,11.570383136883779,112.77564133499114,105.44996435025169
1874611,9326,0.1252401249272198,0.26504205813652737,4.582564320154952,1.9457329566870252,1.2125339319946329,0.24327489686087606,15.185791324684018,111.48228647767755,121.25243472149259
1874612,9326,0.14410847081950193,0.3297497031622644,4.2916746471768645,1.9210970304950248,1.3110447198838735,0.25647506084463195,18.893266286889446,110.07075188248012,131.1035713298357
1874613,9326,0.22368548469373573,0.39507157402911763,4.075362704699464,1.8943573215437666,1.0119535836890643,0.2663288816543265,22.635933797458705,108.53867941416485,101.1949104947091
1879013,9348,0.18202516307234134,0.3028194568683584,4.705251024148516,1.8216886760221698,0.9531800761483342,0.2218267887628939,17.350276833000805,104.37507272284509,95.31748920129361
1879014,9348,0.08523421737970743,0.2331048554694146,4.788399804929991,1.8021141383883084,1.5669672633865255,0.21563265040769042,13.3559244024045,103.25353433050483,156.6949063191366
1879551,9351,0.18067951842113172,0.38172908428257135,3.818412765940355,1.8529798462926217,1.2105115415071566,0.27804203197812055,21.871465446785027,106.16792471536722,121.05049087697891
1879615,9351,0.18794420660123787,0.25736555562158725,3.5960728107945394,1.926542254101233,0.7845923857525746,0.306953573285071,14.745960129156387,110.38274021362086,78.45882529179259
1879616,9351,0.10408521800108231,0.1918223975998122,3.5926375247242555,1.9225151975716592,1.0559244582175837,0.30660484339417265,10.990613798549651,110.1520068706157,105.5914414955049
1880421,9355,0.18920367807191746,0.24316348016222328,4.754177374196538,1.7021775693598027,0.7363620279808069,0.20514083262931496,13.932241145008513,97.52759070615365,73.63581750189502
1880422,9355,0.13069433120679635,0.17917883438159182,4.827585454658854,1.6560870121417977,0.7855115143734256,0.19655125113121327,10.26619098813878,94.88679630215573,78.55055642266831
1880822,9357,0.23162569770478975,0.3657752292856562,5.76517112083814,1.9407523505226312,0.9047949425030387,0.19287704777789508,20.95737688849809,111.19691876504093,90.47910753020557
1880823,9357,0.14211647391436422,0.29872460208474927,5.856339423802021,1.9028670573791375,1.204340162714306,0.18616791699780522,17.115658936181045,109.02625136230283,120.43317731987295
1880824,9357,0.0789825824513936,0.2312490230672831,5.916149975804245,1.8595559399294546,1.6775333180450651,0.18009128805404487,13.249593038278741,106.54470712644058,167.75122914224008
1885581,9381,0.24180761599866785,0.4212438895520185,4.5513068309523685,2.2887203998353294,0.9981280332795881,0.2881238817302387,24.135497017005655,131.13401939605865,99.81239467967767
1885645,9381,0.24354925976030922,0.41920470655148173,4.748550860178587,1.447870197884558,0.9861930795792658,0.17469930066988335,24.018660437420074,82.95685162155651,98.61890708331872
1885646,9381,0.16851463257527255,0.35336372496414337,4.807950345995864,1.4035255348924118,1.201453462088517,0.16725648901073165,20.24625007346702,80.41608958817656,120.14464037586202
1885647,9381,0.11714975103869972,0.28930886980089243,4.865511919967149,1.3527479994529616,1.4149561269540392,0.15929824493091604,16.576177215290972,77.5067511134201,141.49441696549755
1885648,9381,0.09240818252465104,0.22211278174086566,4.932370740983113,1.2979410695809408,1.3771641476774004,0.15077241573712033,12.726124969662015,74.36654534368382,137.71493938134557
1887456,9390,0.20479450293443702,0.23677716267460144,4.8921762895195755,1.7706098227535874,0.6624363080802033,0.20736879416661624,13.56633210633719,101.44847000818731,66.2433105803124
1890271,9404,0.20709505019313965,0.19546276409960547,3.554994857509643,1.871825447310178,0.5407754016162482,0.30168172420229167,11.199191434868618,107.24769811606066,54.077281649863195
1891878,9412,0.22045728253226501,0.28110091176303703,3.886538297379661,1.739223447668563,0.7305676158997644,0.25639825289355217,16.105895861301377,99.65016318160086,73.05643351795689
1891879,9412,0.1468157015666995,0.21458334346264754,3.9303449656512806,1.7040167451140165,0.8374253547536895,0.24840813801204448,12.294719934215868,97.63296771465289,83.74197079090705
1892681,9416,0.205651535889328,0.3091820725095964,5.240078617679381,1.9201171923694451,0.8614001795756476,0.20994839793463066,17.714827855907668,110.0146112932784,86.13960328425472
1892682,9416,0.1394229642488366,0.24387305827333,5.345057122041995,1.883183695457177,1.0021947280418448,0.2018659017706796,13.972896976009793,107.89847779754598,100.21876118133964
1892683,9416,0.08789587622545325,0.17902212959953068,5.42328833379414,1.8367231261795829,1.1669729842859056,0.1940455247683568,10.257212465497158,105.23648326416466,116.69598404370673
1895095,9428,0.19876306105256666,0.24891194971121164,4.863130388417913,1.6174000776575261,0.7175178021400799,0.190556679837447,14.261604188825018,92.67019823390784,71.7514228341978
1895096,9428,0.10341181279282868,0.17615755768240907,4.8961934724797835,1.572667138527371,0.9760087688188704,0.18403518966104584,10.093084584534392,90.10718961653434,97.59994252118739
1896300,9434,0.15925685169973924,0.34497876316906756,3.6941033113066943,1.8851995457152197,1.2411287614405566,0.29239565901273984,19.765827151230738,108.0139775094622,124.11210461696251
1896301,9434,0.08673396179585456,0.27851432137746934,3.7459159062601297,1.8659631674754635,1.8398436988956075,0.2854090070712162,15.957695148879234,106.91181422320686,183.9822698768044
1896302,9434,0.0699044297142722,0.21111024760487593,3.8830133345157805,1.832813178227759,1.7303230308634652,0.2704406357416333,12.095726199721186,105.01245974840934,173.029852604592
1896501,9435,0.154813680689907,0.24031692369205152,4.305937069425893,1.726866166275074,0.8894010220776737,0.22978074525113654,13.769145473122013,98.9421431114984,88.9395334587263
1897708,9441,0.22220812549681646,0.27511994117615957,4.530454160017941,1.8041415930440317,0.7093894854046535,0.22816630528904033,15.763211489281417,103.36969892543193,70.93863248882303
1897709,9441,0.17135643848867504,0.2119072419300828,4.603869328264685,1.7679612165349048,0.7085458830371266,0.22002517579798644,12.141390610851419,101.29671605026469,70.85417894860653
1897909,9442,0.16550455130009514,0.21443781072865353,4.874896637721479,1.7597312463491392,0.7423590882488837,0.20682525349584058,12.286381522777011,100.82517349310183,74.2354647699962
1899249,9449,0.2199887757915874,0.36962488881923844,4.596755958706595,1.5895927180783174,0.9626829865954248,0.198133106283306,21.177946132334654,91.0769538906165,96.26786543206485
1899315,9449,0.20546213805554273,0.22404307173097962,5.451886991604342,0.7636751607796648,0.6247731059378263,0.08025728269638265,12.836722439331895,43.75536363164937,62.47700955419921
1901259,9459,0.12994079244944706,0.5808759831786419,3.0988919793346477,0.8807702441333363,2.5613003482563923,0.16284664932895054,33.28174225664838,50.46441770954733,256.12808342317123
1901260,9459,0.236571583809345,0.6513018974607289,3.1500005161031406,0.9437041668088799,1.5774019742808185,0.17165160900448756,37.31684991336207,54.070265867058644,157.73953732287043
1902329,9464,0.16786322692693184,0.24994803795460305,3.529387029001036,1.2195091196903043,0.8531330584675997,0.19797410956590833,14.320967672374469,69.87272563596879,85.31280270100739
1902330,9464,0.10709024162260207,0.1830804035994659,3.5698980877134545,1.1646911696027376,0.979522811727823,0.18692939301862616,10.489734437801122,66.73188845439242,97.9513756574769
1903135,9468,0.15754275794453348,0.20556509888955748,4.740669518630151,1.7164653384763922,0.7476073154756153,0.20745217311869743,11.77801258156105,98.34621957519158,74.76026175348528
1903423,9469,0.20742816325016517,0.42881427353679724,5.626758589536772,1.0711845123681143,1.1844701557968014,0.10907585700144444,24.569248068626905,61.37435163847208,118.44645026599143
1903424,9469,0.15991984472712772,0.4169062077157602,5.697764106094122,1.0783176302196251,1.4936835826718318,0.10843384865936853,23.8869661549175,61.78304918613308,149.36743359301116
1903425,9469,0.12135319454187392,0.4120331553507054,5.770543447840864,1.0857067825464846,1.945375971749272,0.10779992713531503,23.607760821053613,62.2064164286414,194.53601014926292
1903426,9469,0.0804622030558568,0.2996885402758371,5.869703096717005,1.091821957000548,2.1340313513775517,0.10657573130787225,17.170888526241853,62.55679011584545,213.40050947663596
1904341,9474,0.23321030434351242,0.21583956935549806,5.743816896474229,0.4582410016128877,0.5302808501760968,0.04571050195327777,12.366696375991257,26.255275392266014,53.02785990929294
1904342,9474,0.16724358254102378,0.2061773174623259,5.802862059981034,0.49572488691853867,0.7063403710980752,0.0489464396663233,11.813090121920203,28.40294382003226,70.63361899344359
1904343,9474,0.13386863046685626,0.19581418854695684,5.86586826051875,0.5156865575750502,0.8380847473607753,0.05037048555825741,11.219326572519568,29.54666330068051,83.80785495106953
1904344,9474,0.0628587332544967,0.18869607491434132,5.9106453269358985,0.5247045473137524,1.719965774610479,0.05086306881675528,10.811488703276165,30.06335605240043,171.9938686265863
1904345,9474,0.05371530982470659,0.18744675206561884,5.99734432001338,0.5284353281896896,1.9994124230933532,0.05048420164798542,10.739907776795105,30.277114050879753,199.93755736093638
1904346,9474,0.053096262346750085,0.1874090678797709,6.0667368247537325,0.5472444022752208,2.022316851523545,0.05168312960752049,10.737748631991632,31.354794612529574,202.22791453670598
1904347,9474,0.05305392682839073,0.18740660033306994,6.1467803480488215,0.5493656220568677,2.0239039539538757,0.05120783519167288,10.737607251979915,31.476331553437607,202.38661880943374
1904348,9474,0.05305099566809547,0.18740643364063078,6.145534015331344,0.5564016102238392,2.02401397786587,0.05187419652825083,10.737597701206674,31.87946398010906,202.3976207866592
1906148,9483,0.24816348668209845,0.2530630119691161,5.44088504300532,1.9415307143139606,0.5842697548412213,0.20445481689374176,14.499442536698991,111.24151572520991,58.42674240199784
1906149,9483,0.14358045844407644,0.19213656659814712,5.491246494476429,1.9129227211036675,0.7667208831050634,0.19959475205597493,11.008614356208096,109.6023984539212,76.67155965333673
1910861,9506,0.21266028334192957,0.7021957462541044,6.285633475290257,0.876872516011789,1.8918836243543768,0.07993004119006977,40.232852652399465,50.241094338493205,189.18748170869762
1910862,9506,0.18860346593726962,0.6397275641675272,6.393285960694699,0.883108290954481,1.9434259778528709,0.07914299181459084,36.65368946498386,50.598377924702895,194.34157766537186
1910863,9506,0.1744279857850065,0.6022113175460407,6.488102426263224,0.8975746814979209,1.9781323929748817,0.07926391661172524,34.50416687040075,51.42724104762996,197.8121165763646
1910864,9506,0.13928558626381624,0.47424325694445535,6.5684959845697595,0.9041432331263293,1.9508217514458364,0.07886674723753823,27.17213708545556,51.80359133345155,195.08078856918843
1912314,9514,0.15332914904298517,0.3398936987373831,3.21045502852049,1.8542814343012481,1.2701089957249128,0.33092660990476686,19.47447442074313,106.24250021492635,127.01007950682668
1912379,9514,0.247900740241971,0.2721548416461167,3.5116520017810533,1.8370782511671497,0.6290147885858919,0.2997359364596246,15.593323800373737,105.25683042715188,62.901227660416836
1912380,9514,0.13062942215675336,0.20716661399671202,3.491615763341766,1.832282839079609,0.9086598970884217,0.30066903224301,11.869772638027445,104.98207355350978,90.86530106887356
1913185,9518,0.23926050596388898,0.3287823888980372,4.919480537871376,1.8460596527760496,0.7873360627931427,0.21500527505738462,18.837843262086423,105.77142683345384,78.73328050074868
1913186,9518,0.15515206746034768,0.2601587937106309,4.959788218663343,1.8029063480079879,0.9607348562021873,0.20827285326664252,14.906000882833775,103.29892459820213,96.07287259495071
1913187,9518,0.08034249832579013,0.18910483393482794,5.0276182937392,1.7504915384170165,1.3485898182382139,0.19948964134780178,10.834908869987949,100.29577722465766,134.85732007900333
1914726,9526,0.1568019418680217,0.25586175586192367,3.3481760920147656,1.8751583305373658,0.9349245066817696,0.32088711879263826,14.659798749694877,107.43865825858846,93.4918603889063
1914793,9526,0.18572155629972603,0.19832969234165287,5.525160096355973,0.6068582220206151,0.6118543230981548,0.06293105396999359,11.363454323304795,34.770414884594324,61.185106158920334
1916198,9533,0.24382165555290375,0.1918965849606662,4.64068093056981,0.8681437420916449,0.45093877922157677,0.10718464180051473,10.9948644212198,49.74097243254509,45.09369482621427
1916399,9534,0.18713859384168516,0.29568105988890997,4.355890816219761,1.6918665593057605,0.9052796411755533,0.22254187998477967,16.941276813589475,96.93681334754007,90.52748520936366
1916400,9534,0.130537065331557,0.2276989958583006,4.474188685527216,1.6610504999785758,0.999424219434274,0.21271159909283427,13.046191462047437,95.17118320686764,99.9416639806257
1917942,9542,0.1961063291893757,0.3579353080248666,3.225810186774607,1.9291464211198042,1.0457684628305486,0.34264864096297365,20.508182488539962,110.53194799293216,104.57631835236381
1918006,9542,0.2085836275045608,0.28497896610857637,4.314456802373144,1.6143535810158278,0.7828079039836539,0.21438538118813855,16.32809200802315,92.49564683403776,78.28041885620804
1918007,9542,0.11317558926663858,0.21649819934198317,4.396410913062028,1.5774347105396016,1.096034231305735,0.20557757896846324,12.404433094477612,90.38035137135985,109.60246438645865
1920910,9556,0.19718054682004132,0.21505465893822687,5.256140468869363,0.4820874096414798,0.6248955029086007,0.052551057263204734,12.321724321785766,27.621573928851223,62.48923654621315
1920911,9556,0.16031466554895105,0.20432683618260078,5.461646039712116,0.5025409192012469,0.730255375213563,0.05271940627564847,11.707065354523985,28.79347370285636,73.02508656553798
1920912,9556,0.12784665864527794,0.2026330494476996,5.646331494994673,0.539593480498398,0.908120535814034,0.05475489538293069,11.610018523218905,30.916429085332894,90.81135036998757
1920913,9556,0.06024566714937808,0.1976964819786153,5.740224135855829,0.5707700376175313,1.8801637856726663,0.05697114502334825,11.327174041958795,32.70271422800778,188.0132889986052
1922228,9563,0.23832938620693145,0.2673483541649107,5.6134804110034455,1.7540046736200465,0.6427210657689179,0.17902808508715815,15.317932353418168,100.49706504465011,64.27183959714773
1922229,9563,0.16604131057020916,0.1951599576513224,5.751796467117477,1.73535787107833,0.6734373025324444,0.17286543839504,11.181841903372652,99.42868195759593,67.34332872731576
1922967,9567,0.17797739542133256,0.5493729796163078,4.442372396179764,1.7396757415220545,1.7685814126812864,0.22437578076940753,31.476753110541043,99.67607771050562,176.85715749951203
1923034,9567,0.18198635860089837,0.2257728168195408,3.6673203248311985,1.8131521226018572,0.7108131027609326,0.28327485672193115,12.935829532539934,103.88596424027322,71.08092359815193
1923634,9570,0.21438647874651287,0.34898861546130633,4.620812976348157,1.7245060704491526,0.9326881969548614,0.21383016337892105,19.99557476404688,98.80691958142665,93.2683889980777
1923635,9570,0.12794505316562124,0.28467466639312133,4.646531599353497,1.7047108902142178,1.2748172156909927,0.21020569213959134,16.310656918620545,97.67273929926411,127.48073516192818
1923636,9570,0.0664470837288256,0.21698738841315918,4.6893448682836185,1.6731651325385575,1.8710316532996176,0.20443218191705004,12.432461563639922,95.86530052290635,187.10037770805783
1925178,9578,0.14472476144979304,0.20886192504443907,4.195551564701896,0.4439738865020568,0.826873429209428,0.0606304783951929,11.966906806024108,25.437829910588086,82.68677729621453
1927053,9587,0.20807317918627516,0.2660972642721527,3.8390860089045056,1.7287643771383312,0.7327349689979821,0.25800646845327363,15.246250182771659,99.05090258258892,73.273148270467
1927054,9587,0.1354405980073188,0.2040867101301158,3.86803106172485,1.714677397825659,0.8633531196591785,0.25398911306592836,11.69330714516546,98.2437781218847,86.33468090455928
1927590,9590,0.1357301734070279,0.4790940930149902,3.972426557805671,1.7164161528723354,2.02239979571012,0.24756505820569583,27.45006951940703,98.34340144766634,202.23850446713755
1927591,9590,0.1875803524514255,0.5487669652829904,3.9696458655360756,1.7820497179910455,1.6761899079419642,0.25721167813130685,31.44203104691752,102.10392772336547,167.6181061497543
1927654,9590,0.21375846367553886,0.27400712615251743,3.6107744971323514,1.7553154377497378,0.7344481654971938,0.2785335004956933,15.699451885047973,100.57216629721856,73.44447639931326
1927655,9590,0.14232661761537452,0.20755655082675586,3.657613641962878,1.7451811878263608,0.8355509135509827,0.27337911015948146,11.892114372665668,99.99151654807828,83.55451016402777
1930560,9604,0.22578513892318883,0.3618398314243313,6.387047802419144,1.1666966207846787,0.918213412140418,0.1046599216200613,20.731895200339363,66.84679234313717,91.82093860683023
1930561,9604,0.1783109503203682,0.3485848960492796,6.442958132999606,1.2214649831411357,1.1200906164010391,0.10862213722906938,19.972443345630246,69.98478835700533,112.00843975822318
1930562,9604,0.1414336542592723,0.3445931437600843,6.520389010983448,1.2600011970077585,1.395971241359059,0.11071847176242215,19.743732786597672,72.19275076997633,139.59614699806357
1930563,9604,0.10504829903489185,0.3351713599540991,6.614107206280342,1.2770908266578194,1.828102186076258,0.11063006998473947,19.20390433903001,73.17191442236646,182.80849577731578
1930564,9604,0.10132066947153709,0.33395109168027404,6.719335330585339,1.3066911767206637,1.8884583302109839,0.1114215703759701,19.13398811706612,74.86788955307723,188.84398783461785
1930565,9604,0.10107342990881997,0.3338755681132287,6.838724009068745,1.3285030998549887,1.8926496370043244,0.11130383457425008,19.129660935420652,76.11762069173783,189.26310989513044
1930566,9604,0.10105638404643782,0.33387051288191216,6.890897341230604,1.3402957553087829,1.8929402213986923,0.11144163983922663,19.12937129200175,76.79329007849216,189.29216773720793
1930567,9604,0.10105520335760952,0.3338701709921276,6.816486474287546,1.3374349072247345,1.892960399328036,0.11241770336387212,19.129351703160037,76.6293755574481,189.29418548870902
1933219,9618,0.2135590098719018,0.2328779597739492,4.264302285983429,1.8669206590123344,0.6247886061973912,0.25084214725569903,13.342924236664649,106.96667444718906,62.47857098652525
1933284,9618,0.24316562617728266,0.2851076378578987,4.692449405548377,1.1705996665444882,0.6717834235546479,0.14293264445256165,16.33546435620189,67.07042039242069,67.1780688534634
1933285,9618,0.1534897905071669,0.21839059558258075,4.693266885119292,1.1091937200580007,0.8152241628358892,0.13541126094454387,12.512859412230277,63.552118821738766,81.52189047228875
1933485,9619,0.1574816681495692,0.2737809975864351,4.078688336393244,1.7661135986773884,0.9960838528584742,0.24809656132309885,15.686495672584108,101.190855344876,99.60775910709015
1933486,9619,0.09223923384117812,0.21258644847464417,4.123082585853117,1.7364307088670254,1.32051237326328,0.24130040745498232,12.180306279272449,99.49015103499033,132.0498200410555
1938307,9643,0.23187063579729075,0.2884425894627517,5.024531114926324,1.7892824792430817,0.7127483925881853,0.20403562415754,16.526543008040345,102.51833441733291,71.2745349434993
1938308,9643,0.17776119961471584,0.21707072874368807,5.191690477529142,1.7510053644705783,0.6996597649059227,0.19324190748643405,12.437236612842453,100.3252172889306,69.96558683341613
1941009,9656,0.14952791133610055,0.48917831352236535,5.576936899933999,0.42649129746367187,1.8744226859918325,0.043816438554647626,28.027852794158903,24.436151343726948,187.44102758268514
1941010,9656,0.10214964634316374,0.4175886632785312,5.658145808137846,0.43970266355282384,2.3422563359382984,0.04452537575379937,23.926067978369502,25.193106862237613,234.22336358002607
1941011,9656,0.08165064666308339,0.35673904619746893,5.753104823763482,0.450814976119954,2.5033040235031963,0.044897140273502376,20.43964173463747,25.82979547296436,250.32736717456436
1942128,9662,0.24261982294413667,0.4613879743867073,4.9440641285969225,1.7177777791319069,1.0895887335202008,0.199069862620239,26.435583650448457,98.42141688561397,108.95842875174502
1942129,9662,0.16509660349171768,0.39017350785111937,5.033184978719862,1.691132129382758,1.3540735212479156,0.19251176706153228,22.35529527768363,96.8947336126039,135.4065401609849
1942130,9662,0.10859666965858547,0.31718313363559036,5.102832831477752,1.6516135044568094,1.6734632170327655,0.18544695884018433,18.17325489005331,94.63048319218656,167.344796137774
1942131,9662,0.06740799106232573,0.2449823690745404,5.195918245241508,1.6029358494569257,2.082313016537793,0.17675693591109146,14.036455803087424,91.84145900409933,208.22824347140053
1946283,9683,0.20009178137929112,0.6232789518985993,3.7299705856316927,2.0252443163070475,1.7847435497957758,0.3110961570130019,35.71125340312719,116.03795180725174,178.47347194116804
1946347,9683,0.19961891976481044,0.26421846571577945,3.695001129329822,1.8625288528698172,0.7583751186709792,0.28880922756667554,15.1386029549362,106.71504249078319,75.83713575665345
1946348,9683,0.09287734255573006,0.19123597900638462,3.776237079821563,1.86159045916281,1.1797294159029366,0.2824538659909462,10.957014488118253,106.66127649185005,117.9716841043291
1946751,9685,0.18617926276226518,0.4820868470247205,4.24253758867626,0.963641194054742,1.4835991828454367,0.1301404456651394,27.621541693285433,55.21257338428388,148.3591293914735
1946752,9685,0.11439841671488447,0.4175162075707492,4.29713610220059,0.9208308186747414,2.09110538134695,0.12277879540711241,23.921916572111957,52.75971955563907,209.1087285150422
1946753,9685,0.09756461013811303,0.3500117132355241,4.39414130999409,0.8604022172502108,2.0554780944311526,0.11218896285338754,20.054193948538785,49.297415732135235,205.54572374579774
1948559,9694,0.2474338978072248,0.19395740950110416,4.036037707651759,0.9419634100825602,0.449127650619411,0.13372156463612675,11.112940969703882,53.97052785348152,44.912585363613154
1948560,9694,0.14946745503940753,0.17945312451919887,4.035631946233924,0.9498215103827987,0.6879026584598107,0.13485066137314825,10.281906655385725,54.420763835675665,68.78981021563973
1951373,9708,0.17242199593010643,0.235096100074099,4.738964141004451,1.6576180508791953,0.7812236171113427,0.2004119789341501,13.470014314231113,94.97451836007966,78.12191315647556
1951459,9708,0.19270216058898232,0.3215740269816549,3.4116615336707063,1.804859881761229,0.9561300991452515,0.3031099436849074,18.424834547074884,103.4108538373992,95.61251870888262
1951460,9708,0.12031941651363379,0.25576111055083317,3.4996742960965674,1.7492258821184832,1.217927364080406,0.286378821840206,14.65403219814161,100.22326046043754,121.79173429374829
1951461,9708,0.0695192706663871,0.18965252477061065,3.5609680392720104,1.7047101008969805,1.563061231243463,0.2742869150277423,10.866289243356292,97.67269407471771,156.3038972546768
1952581,9714,0.10917358081935245,0.3590147284523777,4.0417493699290326,1.6755081403422105,1.8841579331574252,0.23751978650172392,20.570028723356554,95.99954498142189,188.41408475287022
1953585,9719,0.17901499278812785,0.2664969417190182,5.168211312559525,1.7854368855914835,0.8529536505784003,0.19793694906560355,15.269150013643618,102.29799813137403,85.29489335466933
1953586,9719,0.09313529409876573,0.19834345152633145,5.213330603745526,1.7203558105141705,1.220186348934359,0.18907131449400405,11.364242666516418,98.56912720326994,122.01733788618739
1953986,9721,0.15453633193331998,0.23269034234340605,4.248899180597482,1.6286288171128689,0.8627209873703405,0.21961819621526305,13.332174549731436,93.313557613951,86.2715460590715
1954790,9725,0.2003199665342144,0.2720601938000495,5.031807462089756,1.721430049904928,0.7781500950601242,0.19601440860690328,15.58790087825408,98.63067658654705,77.81462493888127
1954791,9725,0.10818957455318143,0.20506991599279367,5.091755298802713,1.6986733803427763,1.0860232747925742,0.19114590070069096,11.74964069148942,97.32681546486194,108.6013337115041
1955593,9729,0.1683313245963764,0.23241051615217465,4.409680550024156,1.9520860469626595,0.791067315060859,0.2536380815229036,13.316141689976657,111.84629173733701,79.10626626172848
1955796,9730,0.16498487676425072,0.2419947996110295,4.636743933530063,1.6477537136556712,0.8403970177970534,0.2036112725206945,13.865280681826086,94.40933346947793,84.03919749833051
1955797,9730,0.10338776930256251,0.17667527612934086,4.776699709185664,1.6203929015569387,0.9791048550231077,0.19436363989821365,10.12274766651965,92.84167441217006,97.90954795966177
1959011,9746,0.22763317090600718,0.4380547136093115,6.413079688189877,1.6094579968816722,1.1025934877213317,0.14379230395488082,25.098686285625533,92.21515052489943,110.25886924502682
1959012,9746,0.15353353977217396,0.3683467847976004,6.470189911290106,1.5470110228100724,1.3745996361989323,0.1369932004245716,21.1047161661161,88.63720246723388,137.45907726973263
1959013,9746,0.10852894591222961,0.301053078277768,6.548165298459477,1.495123567936587,1.589351952182007,0.1308217893989928,17.249070794737708,85.66427029330765,158.93374542623826
1959014,9746,0.07899552383669392,0.23165756538954335,6.648683227596612,1.437485862457076,1.6802216713334412,0.12387696944678937,13.273000789096727,82.36187302851361,168.0200614464432
1959612,9749,0.2350773928506312,0.32543939119347165,4.295718007264304,1.824033759558159,0.7931984689545343,0.24328746833950465,18.646303602692896,104.5094361120629,79.31951285093545
1959613,9749,0.13687692601926135,0.25556448431022794,4.389680724053318,1.8133361373655954,1.0697760170751391,0.23668351710323168,14.642766344413406,103.89650750960351,106.97682796825025
1959614,9749,0.059646951874549464,0.18273588616475778,4.523716346896744,1.7988670217678604,1.7553274657717437,0.2278380873624676,10.469995042823673,103.06748825256639,175.52983319266323
1960418,9753,0.14875491566284857,0.21141403260154298,5.630201157187709,1.687797847490414,0.8143012235684811,0.17175885987173226,12.113131797909604,96.7036933324657,81.4295804233003
1961020,9756,0.2396136627027445,0.22254605010130354,5.046990371227566,2.0445265382364584,0.5321461531926016,0.23210415097908166,12.75094941811166,117.14274174344159,53.21439545596561
1962630,9764,0.235634054683192,0.28332201712634786,6.056056505894853,1.771045543560239,0.6889137971752216,0.16755694849466016,16.23315582447296,101.4734349714545,68.89109027643704
1962631,9764,0.1482756342325494,0.21282888346742987,6.079854221977066,1.7578066507448402,0.8224005260122477,0.16565348188447485,12.194196781165353,100.71490228770607,82.23950350829116
1964438,9773,0.21500930986258598,0.24295820745925398,4.14333407661717,1.14267104166407,0.6474361155309829,0.15801339378022955,13.920479885479129,65.47022805916866,64.74331344564717
1964439,9773,0.13377430375357863,0.17881348291621696,4.191737952365053,1.1180114668237597,0.7658613678262886,0.15281808899163535,10.24525789113388,64.05733849623189,76.58557000929112
1966047,9781,0.1739995730618549,0.2803909691369222,4.514184676402814,1.6481194685382738,0.9232906690022099,0.20918570293550692,16.065219145128562,94.43028968058735,92.32854158139807
1966048,9781,0.11009049108533944,0.21477135782343698,4.57600836989789,1.6043164856875856,1.1177615000623933,0.20087498973332327,12.305492363576953,91.92056363315899,111.77514485690928
1967052,9786,0.15357103268306907,0.29700769072788785,5.257937543803049,1.0337717509073077,1.108105204231379,0.11265017452327243,17.01728716163481,59.23075830683816,110.80980608463953
1967053,9786,0.10095634661968805,0.2311461217717396,5.336176452130344,0.9971885248626751,1.3118240071031788,0.1070704731355491,13.24369722833767,57.13469385350764,131.1811143197673
1970066,9801,0.19687775119453213,0.4203365593045444,4.935526493690442,1.645689848272124,1.2232722821042368,0.19104564147920844,24.08351082320083,94.29108269351752,122.32661309093926
1970067,9801,0.14457748887413846,0.35713392142798206,5.094310036180374,1.6216887653333942,1.4153147327990157,0.1823915723524751,20.462266418780125,92.91592193738485,141.5305041443155
1972815,9815,0.10320239292773063,0.598741711194408,3.437614556817149,1.9704787001363457,3.3240866585154403,0.3284257468188766,34.30537306988042,112.90011313823712,332.4054771523176
1972816,9815,0.1778788241082814,0.6708867799381815,3.4582860388101566,2.029536278315554,2.1609642998998186,0.33624709314077067,38.43898102157983,116.28386311616966,216.09522729334796
1972880,9815,0.20874333317709592,0.3205594606088427,4.367564317525705,1.8810867717981035,0.8798701743650196,0.24676988096699215,18.36670417587685,107.77833292191994,87.98660014542662
1972881,9815,0.13396150094158055,0.2538119298156559,4.408472419820854,1.877324344063962,1.0855619846546476,0.24399100460383655,14.542352368507746,107.56276169203066,108.55539622128653
1972882,9815,0.07356503823606382,0.1831210827806605,4.4615477765363245,1.8750253865481854,1.426229634150378,0.240793209597111,10.49206518319762,107.43104112909678,142.62104409550983
1973820,9820,0.23467309403378894,0.3108157316126789,3.1807240142082844,0.7890967694178932,0.7588611273115179,0.14214346850260576,17.80842962767742,45.211914515053174,75.88579259674619
1975316,9827,0.1757820088506752,0.1795507698081418,4.334507867778491,0.4096008813291516,0.5852419596495024,0.054143174834941646,10.287501318331492,23.46840178499927,58.52386635997656
1975629,9829,0.1678599920205005,0.35981593356181985,3.219332361017035,1.8385647717842981,1.2281624059634,0.3272169184301854,20.61593439465191,105.34200178467367,122.81551625844156
1975693,9829,0.22424944229920676,0.39061420494961485,3.3489886336323043,1.7668070181735143,0.9980200679201502,0.30227210697747153,22.380545361471082,101.2305853554361,99.80156619539585
1975694,9829,0.13053652749549285,0.3220689837879808,3.329886782399816,1.722510491287947,1.4136420221622459,0.296384194030448,18.453193483118635,98.69258131780532,141.3631301064422
1975695,9829,0.067708319978493,0.2547851329815047,3.388900732344726,1.68029856347817,2.1560290745845636,0.28408626669479775,14.598112802519651,96.27401600919418,215.59975505818926
1975696,9829,0.040299818872989834,0.1881534588752702,3.504000425104361,1.6447375846514527,2.675048355246648,0.2689398125153558,10.780399094341284,94.23652200706921,267.4982641994517
1976901,9835,0.14409646933529716,0.2360292969360445,4.13982946752446,1.819149488331918,0.9385019410785006,0.2517726600834038,13.523482555875443,104.2295879848021,93.84954932420052
1980855,9855,0.1870651204045044,0.26121272110654786,3.508758252518721,1.725764657843801,0.8000628680593831,0.2818063369697895,14.966386474533032,98.87903132728839,80.00586339295596
1980920,9855,0.1452383905520848,0.1916552098960404,4.353612592222122,1.761707204433978,0.756069648728958,0.23184972291824502,10.981034648737044,100.93838755185786,75.6064495106725
1981056,9856,0.20333818552596733,0.43411165390498596,4.507434043010834,1.9038550805163972,1.2232215173279237,0.2420065599079923,24.87276560619958,109.08286091812909,122.32155618142384
1981196,9856,0.18361364695886043,0.6451268467273327,3.363469163072332,0.25661254851138127,2.0130880338787143,0.043713247374192764,36.96304556805931,14.702815999798242,201.30771798581526
1982931,9865,0.207919526083663,0.35237092782912566,4.864345379528343,1.7587846471663005,0.9710182779358453,0.20716238113347785,20.18936698771783,100.77093735503463,97.10136544957585
1982932,9865,0.13626116818472728,0.2843415682724477,4.998584613735177,1.7391774507657867,1.195613601700696,0.19935148697900767,16.291571802142208,99.6475277532011,119.56049150822349
1982933,9865,0.09918047533501448,0.21647473768779324,5.124926885567959,1.6927173162106945,1.2505573852372927,0.18924281283203787,12.403088840712133,96.98555812758441,125.05449025452654
1983532,9868,0.24891548211788572,0.364337072162397,3.911494915988019,1.808604194770373,0.8386370963673216,0.2649252757085553,20.874976555058662,103.62538716999909,83.8633760908302
1983533,9868,0.176348430046719,0.2964382369053324,3.9833545501151466,1.762851980187146,0.9631307119289025,0.25356512167494216,16.984659860974787,101.00397837100329,96.31253050534477
1983534,9868,0.12001475380869774,0.2284821016258768,4.049441739026207,1.71800646845747,1.0907874749734054,0.24308170340383228,13.091060117441904,98.43451981878843,109.07784771579857
1983935,9870,0.16715097800732448,0.22773112127361975,3.0279361311881314,1.6943156144752871,0.7806135200462332,0.3206049577863837,13.048032112760328,97.07713387254864,78.06088966646014
1984138,9871,0.20981713904821972,0.19268427474759647,3.2876442640000034,0.9757347773100822,0.5261722300420388,0.17004724357232845,11.039995721576464,55.90548466400495,52.616974736580275
1984139,9871,0.16058767132388763,0.18078800483687116,3.341896832423589,0.9764638598932032,0.6450301528952088,0.16741168461190611,10.35838966374343,55.94725801893428,64.50261764014368
1986548,9883,0.1736323980683441,0.41204472591643826,5.2921944534870615,1.805990212479521,1.359678416505292,0.1955249712211644,23.608423765636683,103.47561701701133,135.96706640702922
1986549,9883,0.12351287268094477,0.346565497898803,5.352125238832472,1.775084636718304,1.607665526335809,0.19002705137488696,19.85674035445141,101.70485796247178,160.7652640423996
1986550,9883,0.0978072567700842,0.2814487687420625,5.4226487474184815,1.737805873310529,1.648735020474576,0.18361680169220576,16.125826598073708,99.56894215373954,164.87183322345012
1986551,9883,0.06431095361435643,0.2115546000847358,5.500506422181302,1.6952719468842985,1.8847774998550109,0.1765872449764186,12.12118572143333,97.13192768339657,188.47484861239704
1986552,9883,0.04967373870691033,0.18318399683168665,5.566221381057074,1.6549926680539784,2.1129208416946774,0.1703563123754599,10.495669892793488,94.82409500458859,211.2878731928472
1990366,9902,0.20143731367361917,0.2563107435300298,5.000244901436367,1.6913350638711395,0.7290368825553474,0.19380322887918017,14.68552384813078,96.90636090230582,72.90332995899196
1990367,9902,0.1273752167568048,0.1904120938604885,5.140287215020084,1.6519598635562938,0.8565095132105073,0.18413431772076344,10.909809346454885,94.65032810678296,85.6502856203103
1992175,9911,0.23849357661422102,0.37758131710124865,3.5114885553427873,1.862622578174396,0.9071026269518297,0.3039178700693027,21.63381589289236,106.72041255516913,90.70988615345468
1992176,9911,0.1810469464759791,0.31077715810599443,3.5301115500526863,1.835919109074474,0.9835138836429912,0.29798043117882556,17.80621952854338,105.1904164773856,98.3508505627036
1992177,9911,0.12876817271919994,0.24270489269833026,3.6105309663731515,1.7951970546716618,1.0799225185241659,0.2848811305043127,13.905966018789835,102.85721462700232,107.99142158903074
1992178,9911,0.09186442365511743,0.17594848429087767,3.7265850166419106,1.7549507825743489,1.0973893987566727,0.26982149172992204,10.081105561591157,100.55127309469117,109.737757259334
1993518,9918,0.16993731568124154,0.5764934001518515,2.9858627960515944,1.8569823328512478,1.9436953367034002,0.3563367013618101,33.03063874584762,106.39725030273435,194.36840134278012
1993584,9918,0.1759992893310189,0.30454625723161977,4.229387920530452,1.6690750886722836,0.9914366291344668,0.2261106331273599,17.44921520587734,95.63095827134549,99.14310523125958
1993585,9918,0.10647188892978011,0.23764415155465377,4.28920276073007,1.6494878113710696,1.2788357347725086,0.22034092348062878,13.616006910048961,94.50868994983352,127.88238439767373
1995392,9927,0.2147435101350719,0.27923255681936204,4.328052486390879,1.9550552703582809,0.7450211768128443,0.2588148267604125,15.9988470083964,112.01641570633761,74.5017742168743
1995393,9927,0.1145556342602933,0.2136088783475929,4.373115137471506,1.9628209531740852,1.0683792383054747,0.25716532211996423,12.238887195840508,112.46135655672047,106.83700053574857
1996800,9934,0.1973232929928333,0.5508955960884242,3.9823146242105056,1.6265808186032422,1.599607959601041,0.23402524537435623,31.56399260821041,93.19621594290032,159.95999341731732
1996801,9934,0.15373795017740396,0.48237432490008075,4.111694810355126,1.578005101526875,1.7977351156704844,0.2198923711944992,27.638012962246965,90.41303236760291,179.77235391782392
1996802,9934,0.1293438663081161,0.4007205328249668,4.2415085667866945,1.5273129722059133,1.7750817395027687,0.20631477154591935,22.959595295104165,87.50858730298044,177.50681531040792
1996803,9934,0.11345581483857602,0.3689525769984589,4.355918488261986,1.4751420785202045,1.8632296343148733,0.19403350938518912,21.13942550248723,84.5194152813636,186.32133761699518
1996804,9934,0.11335583483929228,0.3675537059016964,4.468438674694851,1.4238388720638606,1.857802402903549,0.1825692682219223,21.0592760925599,81.57995807592678,185.77861778176816
1996805,9934,0.11331376296067704,0.36738227662329637,4.543536755500008,1.3659369608390182,1.8576253679000998,0.17225000473477958,21.049453918422607,78.26242293700214,185.7609138336836
1996806,9934,0.1133108622279299,0.3673705075791155,4.639155296362417,1.307472529251796,1.8576134123759613,0.16147909006771824,21.04877960186214,74.91265775542297,185.75971825016825
1996807,9934,0.11331066426522744,0.36736971091542336,4.715988256356283,1.249387024590154,1.8576126294267659,0.15179130957153944,21.04873395639489,71.58460348742342,185.7596399530973
1996808,9934,0.11331065075375835,0.36736965699726154,4.778226740522216,1.1933740928173155,1.8576125782951651,0.1430976436838473,21.04873086711178,68.37529889868556,185.75963483978836
1996809,9934,0.11331064983133451,0.36736965334810245,4.817325781376163,1.1392776692153963,1.85761257496531,0.13550215402993615,21.04873065803036,65.27580213954369,185.75963450679257
1996810,9934,0.11331064976834557,0.3673696531011289,4.808441961018899,1.0764753860894434,1.8576125747491228,0.1282691914436717,21.04873064387982,61.67749637264092,185.7596344851731
1996811,9934,0.054285114721343536,0.18693096656341732,4.705286987759341,1.0180095736083228,1.9729816408018463,0.12396194344669104,10.710355444384923,58.32765207166941,197.29456601125958
1999614,9948,0.1790552027650681,0.18374993831500114,5.4355605534491565,1.6911837097787048,0.5879804217178708,0.17826622998771346,10.528095951238782,96.89768895159727,58.79771707798496
2001558,9958,0.12352033466092846,0.3094586046234118,4.119546923917181,2.180917050304465,1.4354454748002032,0.30332787671810185,17.73067197892912,124.9573424505665,143.54339699777856
2001559,9958,0.23863400261894674,0.374430254259424,4.179103710900435,2.246659813808561,0.8990031662138674,0.3080184985338025,21.453273291075313,128.72412533287792,89.89994366137469
2001624,9958,0.18434900007372299,0.42476561510053135,4.625598218996184,1.3601871564647614,1.3201740013578656,0.16848195531725604,24.337277027538835,77.93298341333137,132.01669117334512
2001625,9958,0.1179608542361163,0.3588910140472611,4.668496293451331,1.3458249680436314,1.7432002167192167,0.1651711506662711,20.5629404100784,77.11009063222896,174.31855868354654
2001626,9958,0.08728204381427251,0.2936351050705168,4.753525849878136,1.314127707164627,1.9275499947814012,0.15839604870408167,16.824052237421093,75.29397136173688,192.7528131720588
2005846,9979,0.15837586025819908,0.2092180552697167,5.4030576861157,1.8350139849911096,0.7568900202629812,0.19459084577804545,11.98731156488956,105.13855668747317,75.68852890091931
2009598,9998,0.19198514791600177,0.6317703833402045,3.9145102803027205,1.7333927392707924,1.88544661366965,0.2537126762570261,36.19777658675586,99.31608819883712,188.54368911341038
2009664,9998,0.1944995883101234,0.2533396806316819,4.72194143607965,1.6166773945786934,0.7462891753762578,0.196166751750955,14.515294483387537,92.62879154356521,74.62853767950295
2009665,9998,0.12148795684690028,0.1951825105016221,4.771739775345471,1.5807433750331028,0.9205137246723253,0.18980482582225522,11.183134086510815,90.56992388266225,92.05062235083423
