start,episode,block_translation,block_rotation,ee_translation,ee_rotation,block_score,ee_score,block_rotation_deg,ee_rotation_deg,rot_per_meter
4487,22,0.3696035867482777,0.35518655174898306,5.146074529655663,1.7109438096645793,0.5506085583058268,0.1904944410004101,20.350690355021737,98.02985927781482,55.06070834797769
7100,35,0.4464481444274055,0.3884424720386753,6.1167133243413225,1.7415914561353953,0.49851509096256186,0.16313636853368577,22.256114231444588,99.7858400726016,49.85139855064394
7700,38,0.4589593171717446,0.44025191866371904,4.6024238379224505,1.7716147041211117,0.5496037528512576,0.22054910374079945,25.2245768619679,101.50604546945779,54.96025673289043
7701,38,0.36555616342083436,0.3714877835267979,4.728541446580738,1.7591085350906357,0.5822547582106291,0.21315133998849686,21.28468213675507,100.7894947661343,58.22531813513351
8794,43,0.4917410713713365,0.6867094519757442,4.516300946049698,0.6436026232856786,0.8001274418689495,0.08165025837886575,39.345553349951835,36.87571399781763,80.01258310119299
8795,43,0.3739747196166219,0.6832077065583914,4.592425063302219,0.6496633392467812,1.046726289681055,0.08105296624132163,39.14491811660824,37.222967443216376,104.67235187551034
8796,43,0.27328553869367767,0.6753941915875659,4.68435886959076,0.6482643343735282,1.4160001094310661,0.07929112888913765,38.69723668561765,37.142810368460744,141.59949798695627
8797,43,0.24184880575973788,0.6495868803287361,4.751098366937535,0.6557089573371848,1.5389195333865378,0.07907509561728106,37.21858666990626,37.56935584434444,153.89132338969299
8798,43,0.19884342423248458,0.596672001319081,4.8736664125499765,0.6733120513156692,1.7192816831576638,0.07915588694619602,34.186787429207634,38.57793883568375,171.92731232552532
8799,43,0.1621107046082624,0.5624026609534452,4.9906705630808155,0.6782061298711559,1.9877340580125376,0.07786197929215509,32.223298859559385,38.85834888151862,198.77219191190375
8800,43,0.13624468664843833,0.4712206273580429,5.09951846340938,0.6898149823221957,1.9816516775541018,0.07750435131874153,26.998953167122753,39.52348713195331,198.16372783080848
11256,56,0.25169764982907594,0.6526258240676925,4.3693604048071535,1.69439514796507,1.485619903884644,0.2221874178125632,37.392705320326165,97.08169080584315,148.56140605330575
11257,56,0.36359554629987545,0.7178213821520398,4.434335835137711,1.751556566924974,1.1311506680691898,0.22631754194546824,41.12813564155928,100.35679886322472,113.11475881742547
11859,59,0.3153501689535465,0.35386976884646026,4.3781350334930735,1.9354563831307319,0.6429438004269816,0.25328931401935556,20.275244252172197,110.8934821850462,64.29417819966568
11860,59,0.3887366862353344,0.4209532109140878,4.426779980631268,2.0022697578523716,0.6204416148882557,0.2591536214006937,24.118842357857616,114.72160657162222,62.044003480682676
11861,59,0.45492424337144005,0.4860488129823025,4.288594865242388,2.053033688180678,0.6121578573761245,0.2742860282979795,27.84854562122939,117.63016553093033,61.21565252093836
16343,81,0.48858539361925457,0.4056815114047035,4.4552559767795,1.863918701171535,0.47573747102955555,0.2397049131397543,23.24383842997788,106.79467493263505,47.57365070647328
17085,85,0.30256893835959403,0.5466116278563294,3.1940851366254144,1.8105312185355267,1.0350876875746722,0.32477467799617615,31.318539308943258,103.7357974987638,103.50843007979942
17086,85,0.43302125650239476,0.6102744468446275,3.303039764172287,1.8665603346482165,0.8074926765446677,0.32378062843239336,34.96615014887806,106.94602938186937,80.74908304091913
17147,85,0.49627706977956765,0.5762155536393162,3.334272337140313,1.8281218266147827,0.6652477146031233,0.3141425000588474,33.01471931332692,104.7436651007739,66.5246387534132
17148,85,0.4043907108095517,0.5100990472392727,3.3511106545089433,1.8035870279104729,0.7227298015628554,0.3083691797416561,29.22652254045473,103.33792468381391,72.27280322325639
17149,85,0.3227467193030815,0.4442346247860892,3.363301197362144,1.787111146546243,0.7886298079234356,0.3044447104343456,25.452769113820622,102.3939262178853,78.86273888714543
17150,85,0.24557881318474406,0.37930740570309995,3.385801012659902,1.771261439356599,0.884958776290535,0.29973942417228283,21.73271348484408,101.48580488940054,88.49552087774845
18693,93,0.3051433226460845,0.4339672319964459,4.310240429319909,2.1183944881885766,0.8148462764942559,0.2815969670966493,24.86449084037101,121.37506351698156,81.4843632834342
18694,93,0.42666833298399265,0.4966757830830791,4.404094507006845,2.1815793585097274,0.6669683051241334,0.28381609303066335,28.4574261570156,124.99528991546491,66.6966757558909
18757,93,0.43830733519373544,0.3891862190902725,4.205093183227561,1.877145669130639,0.50874638636663,0.25576727894084084,22.298727798526404,107.55252437244647,50.874523726933475
21168,105,0.460587193703752,0.41544247291901926,4.33495879839573,1.6875210417662645,0.5167989934876235,0.2230421044496818,23.803100328737802,96.68783353272687,51.67978826666981
21169,105,0.35325002183686466,0.35006739474280524,4.394530687930115,1.6374842631496191,0.5677956817047274,0.21349478191551513,20.05738426390292,93.82093729756265,56.77940904348085
21191,105,0.2466535466412765,0.41860809356644607,3.8681842976163567,0.22670621149473158,0.972395345032747,0.03357986092460157,23.98447703137483,12.98930910804835,97.23914421191188
21192,105,0.42116306106430046,0.4306196600689986,3.717807408387665,0.18327615524891616,0.5858227084098961,0.02824500841332278,24.672689097311803,10.500950181147346,58.582133135868276
21306,106,0.38127038782830763,0.6368001802588681,4.000227795624777,1.835647785317894,0.9569576586544603,0.2629222031389413,36.48596272200319,105.17487077125193,95.69551738415099
21369,106,0.45287724799728296,0.40799100206664757,5.32641110376244,1.2400247197408194,0.5161699353397957,0.13338847005156362,23.376162497732153,71.04818293304169,51.61688069830282
24786,123,0.38989392146529855,0.4752970089698669,5.2343117146126215,1.9217227624025113,0.6984595150486143,0.2103554573606036,27.232512629165004,110.10660367988578,69.84577415581637
24787,123,0.27674047121952833,0.40749539599279766,5.333050079142113,1.875758397071547,0.8436700788591373,0.20152265165713534,23.347766361399504,107.47303953842408,84.36670607593405
28203,140,0.4859846422605861,0.4076231401010498,4.763336363644639,1.6952502144838162,0.48057249238268046,0.2039131291377839,23.35508555966001,97.13068250857025,48.0571513409793
28341,141,0.39951486222415283,0.4420512600386704,3.661663163570119,1.9531328930432426,0.6339606680385472,0.30561596273325625,25.327671528655877,111.90627159955423,63.395909708449835
28404,141,0.4508895053503278,0.524514607656402,4.6959516596529,1.7650989837686089,0.666515239067429,0.21536150562692458,30.05247331167209,101.1327221927719,66.65137756299008
28405,141,0.34459395485224503,0.45806662329128844,4.79206488007484,1.7167866700691858,0.7616292485462783,0.2052656480570877,26.245284250399802,98.36463051928288,76.16270604325366
28406,141,0.22306762925593562,0.39306994786284666,4.863656076268455,1.6715254765175027,1.009615251279401,0.19691226816681726,22.521249065968426,95.7713551530467,100.96107705099533
28944,144,0.31312587373921164,0.40466284505140504,4.113139187573125,1.9349973386243602,0.7404521424524595,0.26954395547234916,23.1854731472019,110.86718087222243,74.04498013962217
28945,144,0.4864869756857781,0.4714606656777525,4.251526787667124,1.9960290490908768,0.555260616307854,0.26899522393031017,27.012706349763526,114.36404029841825,55.525948635595874
30552,152,0.3765696565410125,0.6306048056619322,4.795758824352469,1.9483211781965948,0.9594770135624067,0.23276937915851936,36.1309939050962,111.63058064662087,95.94744911081821
30616,152,0.46623154122548105,0.4872335492228197,4.609657160807032,1.558506895301861,0.5987674136224674,0.19371476909030202,27.91642600764722,89.29586744283391,59.87661421974015
30617,152,0.3124080070790125,0.421860333299163,4.668347795199954,1.570230310816727,0.7736938657342816,0.19271822372168015,24.170816642024263,89.96756967331392,77.36914139582133
30618,152,0.20662081272464486,0.3529266314862696,4.705651211501825,1.577386995348927,0.9786625663029198,0.19206187037268604,20.221206461932162,90.37761749231554,97.8657877175824
30753,153,0.31532217074366414,0.44686789874509086,3.544682062275361,1.9167064304497443,0.8119836206126956,0.3098139319441468,25.603644597973123,109.8191890303556,81.19810712796337
30754,153,0.44256792329427885,0.5116693806689451,3.6459846607779487,1.9806311803526233,0.6624179885827766,0.31125146607378945,29.316496018403264,113.4818074062199,66.24165067936717
30818,153,0.41472570344901577,0.4159470651583232,6.832258871390512,1.6003334895180936,0.5746451344004924,0.13420503577898524,23.832011334424973,91.69235476283033,57.46437626569361
37049,184,0.40069261629840836,0.3503035521995079,4.98358890849187,1.838152169618259,0.5009055263853318,0.21133035477936857,20.07091508947253,105.31836142194167,50.09042887901944
37449,186,0.42285971962134766,0.4999981401126068,5.744962326761405,1.8735613039842836,0.6774772149264721,0.18685441102098,28.64778319284316,107.34715537732652,67.74756288192465
37450,186,0.3270768746786248,0.4356915915274915,5.884820213619392,1.8737195841454226,0.763223894234874,0.18242906339203716,24.96328936386308,107.35622416254043,76.32215841071834
37451,186,0.20767147999122637,0.3719783029515985,5.921930248376081,1.8558935006734827,1.0262740846355818,0.17956115687777388,21.312786829565326,106.33486481435037,102.6269192262053
41269,205,0.4528410326313034,0.3968035480794369,4.752130452922961,1.819302890970203,0.5020562727411354,0.21935083247783274,22.735168600768176,104.238377308542,50.20551751493171
42962,213,0.48848855646013944,0.409624226465727,4.364796871101032,1.612337400860476,0.4804562680529458,0.21164817226751437,23.469739362797196,92.38012822039806,48.04552943336531
44771,222,0.4700713897922377,0.7741487306463404,4.2797393804673876,0.8468153938768586,0.9435897397937741,0.11336893130437489,44.35545498144528,48.51894809585245,94.3587752538486
44772,222,0.3685311926076481,0.7710888710232431,4.317871880920404,0.8846208346681426,1.1988167521916755,0.11738430777069823,44.18013793913931,50.68504029582475,119.88135317712933
44773,222,0.29356339368336115,0.761797816627057,4.406613170039844,0.9198886356348548,1.486827008658412,0.11960599737381127,43.647799735011375,52.70573644392476,148.68219945668866
44774,222,0.25644174816260623,0.7533352185941812,4.489434142100117,0.9706262769534217,1.683147428611952,0.12387482981103994,43.16292858401188,55.61278915392723,168.3140930803119
44775,222,0.23715677616253117,0.7463377061045288,4.596377894897027,1.0122280787650713,1.8031109859094876,0.12617847796214604,42.762000651264714,57.99639681787445,180.31034589377606
44776,222,0.21888763421665441,0.7369412949610448,4.6992321762335,1.0376763431476852,1.9290091088184287,0.1265195517197564,42.223625950173385,59.45447496293132,192.90003842036285
44777,222,0.18084208469043944,0.6303701124743498,4.8230330710846365,1.0422341529093053,1.9971869402304967,0.12381341206282258,36.11754697596725,59.715618226095685,199.71760069118454
44778,222,0.1024154300284657,0.37699279051799434,4.9264949486057805,1.0615421220904109,2.1090663475680063,0.12345873462205785,21.600095803540636,60.821883371141695,210.9045960451569
47299,235,0.4733317409743314,0.38007221266489677,4.35511193087466,1.7929935343641294,0.46006915131028675,0.2358859280955184,21.77653369589726,102.73096221330935,46.006818905177305
48039,239,0.3601412779384731,0.4486714439843656,4.9552239677413965,2.1942696456954383,0.7138026377230118,0.25371686603219834,25.706980128344476,125.7223898120151,71.38006755412447
48102,239,0.4958734509515779,0.5476877048778948,4.205168668954825,1.5676011928203,0.6328266473565972,0.21358699059510816,31.380193980709958,89.81693230827676,63.28253839352218
48103,239,0.34852103632549103,0.48116170033996,4.202762802968644,1.5071925035739273,0.7910149181370043,0.20547381142250187,27.568534692818133,86.35576936854228,79.10126712065743
48104,239,0.23846797349699636,0.4180052379941982,4.253063501980731,1.443231103320381,1.0043250083393582,0.19442703089039065,23.949935951429083,82.69105108226708,100.43208389006944
48105,239,0.17477665221425243,0.35177484010534293,4.3361171839510835,1.3846002092861749,1.153198225757279,0.1829557291848493,20.155213676925516,79.33174830502831,115.3191693650748
48843,243,0.19821864531563943,0.4880063673059797,4.3675923688461165,1.9793077389922855,1.4105990769445795,0.2596533054483451,27.960705222143677,113.40597980183949,141.05920317645524
48844,243,0.2707635744875625,0.558286466387579,4.413044759774378,2.0457138336221603,1.1813796284245126,0.2656006790614776,31.987458283280567,117.21076875807768,118.1375308930966
48845,243,0.3906456788431801,0.626888769171778,4.351289588207588,2.105051256897454,0.9194541684066204,0.27718346471036087,35.91808069769375,120.61055267893333,91.94518382712936
48907,243,0.3869485588283242,0.4129170817316861,5.274581794549462,1.785410455663643,0.6114095768262294,0.19394235903180526,23.65840607208408,102.29648380805592,61.140801255133304
49309,245,0.4581104067889325,0.3911467924433849,3.7131065763148845,1.7935307146683082,0.48920652217806077,0.2767540817608563,22.411060377085555,102.76174037757634,48.920546498007404
56546,281,0.39223768298253936,0.4007367734052532,3.6145133782478784,1.7432478672105618,0.5853727528637468,0.27633248160346185,22.96052581181142,99.88074543634735,58.537127539849294
57486,286,0.3470711924183683,0.5976501847373551,3.54905840905406,1.7580301331286536,0.9866227152256571,0.2838152968807465,34.242833210664415,100.72770688509411,98.66199009509631
57487,286,0.4508043722350029,0.6682307587038516,3.6171050943831626,1.824241163569773,0.8492996901391436,0.28896400980973663,38.2868022145556,104.52131948658246,84.92978250178628
57548,286,0.4517644431182564,0.4758926235507732,3.6440899379840297,1.860524151718407,0.6035587493142123,0.29252895262531964,27.26663883086739,106.60018157562237,60.35574266739552
57549,286,0.3785932845722567,0.4094701929891185,3.747989182737901,1.7957804900347547,0.6196864611981698,0.27452225105207617,23.460913894683802,102.89064301092624,61.968484075744584
62110,309,0.2861203045667091,0.38162616100469754,3.8729172152413507,1.957035728716522,0.7642088752230571,0.28952306773036846,21.865568377349206,112.12988761176624,76.4206231006166
62111,309,0.3973585095841455,0.4475193429164515,3.815007395498887,1.981412246998301,0.6452855125999306,0.2975788698729665,25.640969599580487,113.52655922853567,64.52839049055328
62171,309,0.4865613715278573,0.48437662997096936,3.08907936810758,1.838189422922623,0.5703851075266151,0.3409446083692925,27.752736592106523,105.32049587905465,57.03839469739511
62172,309,0.37207555871248404,0.4179962774969876,3.0638022492457986,1.8108199542570476,0.6436709251195997,0.3386391550691715,23.949422552756577,103.75234083700161,64.36692124768628
63114,314,0.17365717960949517,0.7135547114259431,4.4292001651504815,1.938424219260344,2.3542747356626856,0.2507530079418595,40.88367341638192,111.06352666955942,235.4261314285164
63115,314,0.27469261821314606,0.7775688823887883,4.499744958503911,1.9977620672990017,1.621864246280845,0.25437738300448676,44.55141524158186,114.46333492756314,162.18584010573042
63116,314,0.41990645976655194,0.8444927485646998,4.52441082162461,2.0582784716566476,1.1523011386097517,0.2606542020106897,48.38587032215991,117.93066948856334,115.22984218727645
63178,314,0.3817535193552171,0.37435569176785916,4.440965381169606,1.7967540328822373,0.5618546922467514,0.23181091010517735,21.449001174998667,102.94642290726213,56.18532351948578
63465,315,0.4309290445848981,0.44895939304271193,4.8895582013271675,0.18378824210811073,0.5969307040315766,0.021536282301596897,25.72347839410249,10.530290596923304,59.6929332668859
63466,315,0.3239456597881418,0.442362193682524,5.068880954748599,0.17813431591914863,0.782399305745716,0.020135301183036348,25.345486714157314,10.20634448861729,78.23969146875302
63467,315,0.2360470180280701,0.43810082503384595,5.228772571440268,0.1785011868585782,1.0634036990566857,0.01955978097302421,25.101328275638693,10.227364645072603,106.33992390757426
63468,315,0.17634320123937117,0.4294610492052939,5.4491917237402925,0.17672928518185094,1.3953644947138062,0.01858228275321423,24.606305584723515,10.125842157283978,139.5356661108618
63469,315,0.12097695273099328,0.4233138938555643,5.675620830428771,0.1730450372869008,2.004852740525866,0.017469014546564313,24.254099527172745,9.914750302223377,200.48363341958836
63470,315,0.10515840279585063,0.3744834423227229,5.917155693937632,0.16968394656825403,2.0403808095009057,0.01643048531410895,21.45632074262281,9.722173989484325,204.03616007858722
63471,315,0.09279123873703678,0.36936318888612063,6.109682306037306,0.1679408746799389,2.2807055750098066,0.015749269485973737,21.162951830668145,9.622303326895969,228.06812421717376
63980,318,0.47425676606198075,0.4246316006355201,3.8972579106364047,1.8355373079313617,0.513004764345641,0.26985265800960495,24.329598564299985,105.16854088327199,51.30036934623512
63981,318,0.3814913833670331,0.35397542661162296,3.956708679966739,1.7898285659706916,0.5316318624435166,0.25917910798465965,20.2812979961888,102.54962288207307,53.1630482820838
64987,323,0.4726583276031978,0.38191157342220866,5.799842335477557,1.8186504207722085,0.4629543068097393,0.1796617689120289,21.88192130429322,104.20099351993885,46.29533371372142
66129,329,0.2651003002695318,0.5949043200339277,2.9820808905859875,1.847738889634611,1.2857588403947469,0.35501263563120944,34.08550675204408,105.86764001825222,128.57540388292674
66130,329,0.3686994507567253,0.6643676781811351,3.0617179944244444,1.9139709252147474,1.032425269257474,0.35817294723773624,38.06546400468475,109.66245612555434,103.24224970856079
66193,329,0.4912323293898111,0.43066334283515995,2.9844299000896526,1.9048220248530816,0.5023120417133129,0.3656921624417263,24.675191935450307,109.13826274764519,50.231102938598994
66194,329,0.36580107408229656,0.3611754976919183,2.9510730511876018,1.8980898979614835,0.5657126941873224,0.3685186304599478,20.693831681283925,108.75254028961008,56.57111631528999
70953,353,0.1028477609299676,0.4167421752307323,3.6326750419549936,1.8310998077924872,2.321641740012175,0.2888072545802414,23.877567785822357,104.91429085372576,232.16193923892982
70954,353,0.19305351392988615,0.48872545179051946,3.6747426386057613,1.8960000165284479,1.4504736903114481,0.2956201543665402,28.001905728221146,108.63279890381439,145.04662521587517
70955,353,0.34916246794985917,0.5582024076113375,3.683776597238023,1.9374032419752387,0.9159816443611021,0.3013348550018948,31.9826420701709,111.00502898014416,91.59790472342226
71017,353,0.48767880954304227,0.5673705359422774,3.9071062627896884,1.806015941928297,0.666584970001941,0.26484329829081504,32.50793712956808,103.47709120583539,66.65836168208016
71018,353,0.35168036000345476,0.501043711595567,3.943012111552398,1.7544721876927922,0.8163006091501215,0.2549417768168166,28.70769002599602,100.52385162788141,81.62983112245132
71019,353,0.2518371418691975,0.4325138497802999,3.9648650715169573,1.6922990605181223,0.9840175680765986,0.24455206381082,24.781218173366472,96.9615938416427,98.40136998087296
71020,353,0.18235152991765485,0.36538301693998043,4.0110658374049,1.6323716229675602,1.1480519871601629,0.23317494190097351,20.93490477641794,93.52800459296168,114.80457543348338
75576,376,0.2646128704275628,0.7956493854560449,3.1485636847173084,2.066664470313533,1.722794131757635,0.3760798995976377,45.587351758809,118.41115181860525,172.2787686267126
75577,376,0.44534677041796994,0.86394325835571,3.271225204847448,2.133444719039824,1.1115001751243225,0.3736746026248642,49.50030244256268,122.23737822545561,111.14977042796333
75639,376,0.44465175754301645,0.5927172755043776,5.246582536303076,1.7295453810308756,0.7637481915015286,0.18887656857556018,33.96019833089369,99.095650809415,76.37464910494415
75640,376,0.2988690699046055,0.5227668071809857,5.338700524484771,1.6889294503767553,1.0021890431275162,0.18125858301448414,29.952331720999776,96.76852940193788,100.2185723400141
75641,376,0.20150152355660375,0.45171400917709037,5.398551477832558,1.648543693930022,1.284422297734558,0.17496285108696627,25.881306272781014,94.4545960050968,128.44159872524244
75642,376,0.1393140688874635,0.38737252975096725,5.477388162698266,1.613635167519078,1.593149179988125,0.16879301203000904,22.194811054036343,92.45448477272876,159.31378587599133
81067,403,0.3615327243587362,0.5126809134147895,3.556976394966694,1.8603185635008614,0.8124977293600252,0.2996601329421454,29.37445257557943,106.5884022384394,81.24955044700692
81068,403,0.25015052040886093,0.4482481796122019,3.519170040219945,1.8378925652961735,1.0266909618070312,0.2992281864394744,25.682728866201245,105.30348718994281,102.66868985734739
81069,403,0.18080157571783032,0.38154622887293804,3.5616250868307113,1.8044215180663343,1.209114871241752,0.2902768669835214,21.860988603551903,103.38573744778998,120.91082506296411
81204,404,0.1911920262252194,0.5876124996211545,3.0636567829522527,1.8322693032971933,1.7609371646507865,0.34266664024445476,33.66771621742484,104.98129801030495,176.09280464950285
81205,404,0.2906301308257828,0.6591490963092077,3.1419324163411715,1.8906551908233693,1.2994681549914948,0.34477687056697237,37.76646128837983,108.32656294868035,129.94637285094805
81206,404,0.4327108764695955,0.7486135162643408,3.201241256317928,1.9513430223286963,0.9912483440928815,0.34925115060238315,42.89239496839494,111.80371956173666,99.12460762192363
81267,404,0.49199848554140985,0.40918336510007525,5.180971347336993,1.6794043332799853,0.4765152755476614,0.18572343631404156,23.444479867194975,96.22278039292506,47.651431670494574
90852,452,0.37181093603037374,0.5470260126907315,4.477760315504036,1.7994434108159245,0.842962859100128,0.23025018182672066,31.342281811048725,103.10051291237802,84.29606145965239
90915,452,0.40604584585157244,0.47167564325117634,3.454544829158407,1.9613995165206588,0.6655658041561077,0.3253103360007677,27.025023657410674,112.37991423563393,66.55641814119517
90916,452,0.30550049357179365,0.4034565080769612,3.474730357708559,1.9640128829189947,0.7566715884140356,0.3238514566377378,23.116355129895688,112.52964910057989,75.66691363642478
94269,469,0.40974701576158795,0.6363714056189028,3.4088035712602904,1.9281601446067556,0.8898513827403854,0.32408860140441714,36.46139574477093,110.47543851130159,88.98492327534787
94334,469,0.3800134724979356,0.39487584803383247,5.379020809937697,1.633710878554584,0.5953662321470601,0.1740181743465935,22.624719523987867,93.60473828578745,59.53646811204217
95477,475,0.46957978165957603,0.4163785672390439,3.5183089635532303,1.8649442617156913,0.5080443197563413,0.3037067978584505,23.85673458250138,106.85343522345035,50.80432486650698
95538,475,0.43909142417431407,0.4040532506755218,3.9943104711141992,1.7281595952089184,0.5272374763079161,0.2478932261241934,23.150545962248877,99.01625113050778,52.72362875716209
99294,494,0.23963704053961107,0.5240991817845566,3.4252009775043373,1.9189904210894473,1.2530896660135276,0.3210032125284699,30.028671162514808,109.95005205445797,125.30844892111863
99295,494,0.35779022087670154,0.5999238421749628,3.502615481263877,1.98661516543702,0.9607054977904977,0.32497048214433844,34.373104185897866,113.82466449622507,96.07028395406937
99296,494,0.46819903554386544,0.6703399547819873,3.50055700874667,2.052187726291826,0.8203273930937546,0.33589424441704663,38.40765024799832,117.58169548507021,82.03256585272072
99357,494,0.41230705210459717,0.3942117072483786,5.668374294826498,1.8749981135542613,0.5478117921310041,0.18952431989217153,22.586667059978858,107.42947850165025,54.781047677062865
100360,499,0.43062389231712006,0.49359992044849826,4.6296340903024,2.0054788652198403,0.6567492435397908,0.2481955860664606,28.281192209692133,114.90547487978252,65.67477336833875
100361,499,0.32855192542548345,0.4258845276284036,4.733679174740385,1.9443396766697814,0.7426949398861338,0.23534010875120037,24.40138599303023,111.40245741300957,74.2692701987964
100362,499,0.1864674717590447,0.3592897414478401,4.792003552988987,1.8843096252895841,1.1039879775879085,0.225298223187525,20.5857858073078,107.96298882497078,110.39821162855259
103314,514,0.23382248373242875,0.628745302732802,3.321150159818286,1.8655975625108865,1.54067522162726,0.3218489412889632,36.024452235264825,106.89086660176757,154.0668698465236
103315,514,0.32130727939626663,0.6958079172387052,3.371938279838913,1.9293744424501642,1.2407703878886573,0.32783818430461786,39.866857009565884,110.54501265280075,124.07665648851348
103316,514,0.4607407794136712,0.767188200255464,3.387708496998409,1.9906208830175216,0.9540428583024697,0.33667056941851203,43.95664596687551,114.05417520750916,95.40408083420105
103376,514,0.473915411266593,0.5403214495626497,4.7291037621964005,1.88224842549619,0.6532418497290393,0.22804509262436468,30.95813864033061,107.84489077607606,65.32404851225057
103377,514,0.3539855759346978,0.46896197406777856,4.86085456360856,1.8488174343059192,0.7590575134650845,0.21792348335427678,26.86954186620727,105.9294360759345,75.90553905966217
103378,514,0.2643306581777576,0.4022160676456902,5.046134120292863,1.8301874270001113,0.8718353903962794,0.20780663489602472,23.04528312844647,104.86201528501383,87.18321251156756
104320,519,0.3928509460089129,0.4031117104034481,3.2683254244578768,2.068827896972273,0.5879227051669298,0.36267840951737657,23.09659967841746,118.53510703543715,58.79212235821139
104382,519,0.3768643669753253,0.6989267036542076,3.8712305074977764,1.7619983566109556,1.0625984506622348,0.26078289289796264,40.04555030837691,100.95506934279472,106.25956592874938
104383,519,0.2374584505567276,0.6312317026276089,3.8342634821634025,1.7459321584874319,1.5230837583392374,0.26089637345464073,36.16691245541902,100.0345439974958,152.30774084006808
104384,519,0.13996576496727534,0.5622280647912784,3.838967105363591,1.7218984057783726,2.301512297837073,0.2569897278009418,32.21329523634805,98.6575114014056,230.14960189927675
104385,519,0.1061381090576803,0.40935002031407625,3.887742835330144,1.6967078768455153,2.2097648531763685,0.25005306234856006,23.454028507591083,97.21420040985068,220.97442418557716
106594,530,0.4477798529552012,0.3837484800435706,5.378777614557654,1.7966321077564915,0.4910262859063994,0.1913807268070614,21.987168301056894,102.9394371121403,49.10252002949449
106932,532,0.22416273556563002,0.4869341791295321,4.495804625024573,1.6792398454571447,1.244599020876156,0.21400697704999166,27.8992733647894,96.21335593489499,124.45935242108388
106933,532,0.3752400563544069,0.5558828186889282,4.605567905946879,1.7437679996035196,0.8487830130759569,0.21693426011873462,31.849739414711546,99.91054682725188,84.87807737282931
106995,532,0.4730298379837401,0.5566152490900228,4.753361399213732,2.0303450136810826,0.6742006814457423,0.24473249606871353,31.891704585481342,116.33020023935742,67.4199270420031
106996,532,0.3636061923983755,0.4895097941540471,4.867148398239717,1.9866219362289557,0.7713522225513585,0.23386394431969582,28.0468452353446,113.82505243402693,77.13501223764546
106997,532,0.2853514092211102,0.42320174571703345,4.990286213576232,1.937691222902032,0.8497477944332876,0.2224752731563108,24.24767391215468,111.02152907182968,84.97448463231989
106998,532,0.21039403761953254,0.3592142292945331,5.122421178941086,1.8845641141906944,0.9782339145278475,0.21079400928227573,20.581459279621367,107.97756996493732,97.82293115125562
108604,540,0.4716364244931159,0.38475774317407524,4.118374897997339,1.6718065048245,0.4674150088202048,0.23258556840698208,22.04499481885297,95.78745688896136,46.74140276833512
112221,558,0.4011824371930448,0.38345856090016955,4.6406466800272455,1.7738908760576337,0.5476450256351311,0.21901357139142588,21.970557157739965,101.63646051486663,54.76436742120037
112761,561,0.38514695364846663,0.6263673011779542,4.854198590349223,1.6194349602539098,0.9318054189634629,0.19114749118795826,35.8882027824965,92.78678841848524,93.18030238128303
112825,561,0.4479587965543551,0.35791657447428754,4.628045182436271,1.5267326524724871,0.4577900654056717,0.18901141582292688,20.507109135156487,87.47533743148696,45.77890536805834
119595,595,0.2780901233963696,0.396644056082057,3.062668360325002,1.9952212324246563,0.8172181481196297,0.3732619467405556,22.726030382452198,114.31775581282349,81.72152388359505
119596,595,0.4213770463360895,0.4599009173034462,3.1689342975559915,2.0549810163399247,0.6253397321819427,0.3715499527239783,26.35038155568256,117.74173921578215,62.53382629873792
119658,595,0.4065939810213022,0.4782280661085856,4.403364102784225,1.864214030672548,0.6739019866943808,0.24256816681705742,27.400449832725275,106.8115960666088,67.39003458404649
119659,595,0.2732175037694943,0.41083838841559916,4.37951541764529,1.8286068466174763,0.8615591802079597,0.2392307012747288,23.539305718170244,104.77145469990766,86.15560583711273
120399,599,0.22175038266095903,0.6068656059655718,4.0379016276713955,1.750571081281234,1.5680169733290483,0.24839717183628468,34.7708379534765,100.3003346950677,156.8009972981249
120400,599,0.3895106529347322,0.6746924081614643,4.1859027994401,1.808792575827952,0.9924510709389056,0.24758381961429435,38.657027457169804,103.63618060953857,99.24485484814828
120462,599,0.44558442342579674,0.37706272428815085,5.660256890025154,1.5794470365613096,0.4848486861921261,0.15987904923362384,21.604102713416044,90.49564915940807,48.484760895715816
121605,605,0.18937808804606032,0.4081408402611918,3.7371063017692587,1.9772767510787994,1.2348179559920274,0.3031479527605944,23.384747593889397,113.28961276615465,123.48115008454268
121606,605,0.312299601045559,0.475440455225319,3.8301919760589986,2.0419539394126294,0.8722627416342003,0.305455557095549,27.24073149418937,116.99534268845588,87.22599765414938
121607,605,0.4830304470251593,0.5424684044636291,3.882320689168786,2.102793596929362,0.6434614969495134,0.3103329364752926,31.081150094961654,120.48119829118603,64.3460178139142
121668,605,0.48655015360577863,0.5356044460894532,4.67587206736793,1.91384216797813,0.630723747412659,0.23451257233931802,30.6878742493679,109.65507887931439,63.072246406042495
121669,605,0.39781470551231135,0.4714743158420286,4.803557132741548,1.8888553173819993,0.679046988288954,0.22529853310970602,27.013488446566207,108.22343779683216,67.9045298419728
121670,605,0.33806807942372963,0.4061483177958185,4.966247026128622,1.8689608767320958,0.6883401656070383,0.2156227218114685,23.270584466038507,107.08357031181919,68.83381498747356
122270,608,0.46607332780334126,0.4284434114547224,5.19589960380083,1.7495777624478035,0.5266982091754102,0.19292794158675566,24.547999236542584,100.24342171820128,52.66970904027253
122271,608,0.37104701251063177,0.36163664170332094,5.310601390924004,1.7225795098910477,0.5584266152220997,0.18584813346243317,20.72025328688503,98.69653579247088,55.842512527381686
123213,613,0.3742803786385156,0.6708426296044174,3.857554830042705,1.9282320863280633,1.0269427028652958,0.2863978998340834,38.43645139379105,110.47956046830343,102.6939986531185
123277,613,0.47091960577937325,0.4286327188120563,4.770667076973013,1.8377589796610607,0.5215082346591919,0.22071511463118557,24.558845749148592,105.29583329684728,52.15071383105804
123278,613,0.3576037588905572,0.3626856374270033,4.771814233376601,1.7934042497366423,0.5811000364747002,0.21533632540990322,20.7803563145793,102.75449447073548,58.10984277460079
123615,615,0.2599387867058157,0.673862656766042,3.435186885277832,1.9025037637542161,1.4853298812436637,0.31732024921472185,38.60948620416701,109.00543617087082,148.5324224254401
123616,615,0.3957150928344637,0.7454880242474957,3.5460628924631292,1.96962476028266,1.0793956854559528,0.3182436101465526,42.71331746692788,112.8511859886629,107.93929850307038
123678,615,0.4961226520109911,0.5018408948349963,3.51610585864952,1.7188825128035328,0.5795616177774375,0.2800959844258345,28.75336526111388,98.48471346248412,57.956046127945704
123679,615,0.3819957732740105,0.4330236449266081,3.5670299908370326,1.6612648205730571,0.6494947947074418,0.2668423390048824,24.810427283666186,95.18346287239414,64.94931114475513
123680,615,0.23743090419476595,0.36322515440099273,3.5904478147535226,1.6036104954239971,0.8765188994341722,0.2559015416885648,20.81126836016456,91.88011337067805,87.65152446864525
125826,626,0.40579660158004655,0.3873751470400465,3.5050626777054315,2.0602306577649485,0.5469479138141158,0.33677720494827695,22.19496101365435,118.04252151339305,54.69465794581892
125887,626,0.4942195799271873,0.48377072146829925,3.944738141101478,1.8016952042853305,0.5608442311284361,0.2616891849860443,27.718020592132433,103.22953117451011,56.084310767099346
125888,626,0.38635199777063534,0.42053369113477906,4.043409229227887,1.7576190162154286,0.6236490340535585,0.24905752958191765,24.094805645080964,100.70415162107986,62.364743600061914
125889,626,0.2894019621767338,0.354468939673981,4.190504912935903,1.7228116678098586,0.7017773258087445,0.23555595155402503,20.309574211796495,98.70983746139929,70.17749251437779
126290,628,0.48407277746312327,0.45091642291367495,3.9870684769650713,1.94747427188556,0.5337132888937258,0.27985989419080953,25.835607946089702,111.58205648935558,53.37121973738365
126291,628,0.3682235860604861,0.3822710715906472,3.993553996555117,1.8883708039442753,0.5948157387635099,0.27092578952015717,21.90251903208743,108.1956772217332,59.481413955584244
127096,632,0.3943270411255084,0.37546377943243864,4.362052263374771,1.743731951181121,0.5455494331445822,0.22904008284039784,21.512489921509577,99.90848140479034,54.554806348814765
130248,648,0.3053014596508862,0.7928716181666811,4.29468230019316,1.9906629672765828,1.4879783405106544,0.2655763062781876,45.42819741665895,114.0565864579373,148.79735154641784
130249,648,0.4246283342508399,0.8637437228442961,4.392566799800413,2.0525227701324704,1.16546317668001,0.267727042467988,49.488869899895676,117.60089208309098,116.54604594665446
130311,648,0.4728338652407796,0.43915028063247014,4.67897364174749,1.7732608523772715,0.5321416034207226,0.21714241280038657,25.161457652226236,101.60036281698856,53.21404892469886
130312,648,0.3780444113024125,0.3736049040456021,4.806575991331362,1.7726209731474856,0.5662293371095566,0.2113015593836275,21.405984207203094,101.56370043772375,56.6227854306097
131454,654,0.17878277883929294,0.37493268025603754,3.3154157007340777,1.835968461405749,1.2015731670630247,0.3172852315837811,21.48206018019892,105.19324415767679,120.15665134536027
131455,654,0.266936559857594,0.4414255138269598,3.365478857783634,1.895992779619617,0.9474842253787595,0.32278433033520276,25.29181891167856,108.63238425948165,94.7480711413233
131456,654,0.41059937979606403,0.5077364394996948,3.431675483366174,1.9585309084594846,0.7085045864968512,0.32699931947987826,29.091155088331977,112.21555510065144,70.8502878218985
132660,660,0.10039796340740452,0.4617743190927543,4.019130140678215,1.6963072688785643,2.6352842267223364,0.24182159726204525,26.45771957154217,97.19124726410507,263.52582410816893
132661,660,0.18153528439490632,0.5296129986173953,4.054530715466278,1.741550761648874,1.6715531653053626,0.24610371756104818,30.344589596044653,99.78350845027447,167.1544049565007
132662,660,0.27753564723349555,0.6017574159979691,4.045172245197225,1.792051102153505,1.2422965960865604,0.25382593953383403,34.47816022738179,102.6769648251634,124.2292164694734
132663,660,0.4411170233191431,0.6725563437481008,3.9794067293370867,1.824094862813888,0.8735695307788448,0.26263446768987747,38.53463998151599,104.51293707073067,87.35675702290833
133866,666,0.35098374374494146,0.43000285420696077,3.5156042983319247,1.893314298428844,0.7019512573377393,0.3085640734216076,24.63734872463811,108.4789185917452,70.194927738916
133928,666,0.4410128700854062,0.5052852495610399,4.595413031729261,2.081236612357432,0.6564595629147056,0.2594893494303035,28.95071225006212,119.2460740561858,65.64580892763206
133929,666,0.31044189616745516,0.4393062782653535,4.70148121590641,2.0201370896914415,0.8107924593346411,0.24618907045586638,25.170395658204484,115.74532927716064,81.07898737237457
133930,666,0.1983478119972847,0.37331737336627807,4.817378135949839,1.9548269787907921,1.078383906483738,0.2324985337868644,21.3895099127973,112.00333556302208,107.83785240463206
136680,680,0.3959267137177189,0.39096826520908523,4.414968053116094,2.1251019692515167,0.5657822566178434,0.27578766625802936,22.400831520032042,121.75937387305196,56.57808419039584
136744,680,0.48225739326410577,0.37439336536898143,3.6994924884242977,1.74480944759615,0.4448072661643395,0.27022684177462636,21.45115971334203,99.97021740181198,44.48063530455641
138151,687,0.32866523407749215,0.38566258334698145,2.55652169262836,1.687172443304855,0.6723205066576626,0.3781225882524648,22.096838341894383,96.66786031214336,67.23184815110774
139293,693,0.36244220882502276,0.5124986865214465,4.189365772504104,2.165307618135506,0.8101708415446282,0.29613787457951074,29.364011743677093,124.06298786668941,81.01686285934302
139294,693,0.47874891667789127,0.5789858937339892,4.261697873966022,2.2277906581104507,0.6929195296324311,0.2995120860834316,33.17344810856756,127.64300234840096,69.29180967541987
139357,693,0.47137201232785775,0.41096603138303195,4.294063336382743,1.3986657108932112,0.49953365932081284,0.18662426638711035,23.546619121488668,80.13764218384597,49.95326101764839
141504,704,0.23232309595411005,0.5116038029558334,3.2772768274509154,1.967351935309067,1.261722916962116,0.34394702767245966,29.312738692211845,112.7209627101041,126.17175403967508
141505,704,0.3988909280148073,0.5823846145962364,3.4012261537170643,2.026171041735972,0.8365239038967267,0.3413211697049434,33.36818046971738,116.09104926309658,83.65218277487611
141567,704,0.43562968612580233,0.4305738778556759,3.874217264938939,1.8632284913509713,0.5663081784623645,0.2755527665252611,24.670065969711647,106.75512882293827,56.63068914889842
141568,704,0.3192172744426442,0.36198708388496686,3.8829184906964844,1.8409354326460292,0.6497245968704193,0.2716457495252295,20.740332144856698,105.4778306467077,64.97225818625003
144720,720,0.13632685623940943,0.49749450526966427,3.229566519284675,1.8167139513486115,2.090881736608173,0.32230344552730356,28.504335482900654,104.0900419948106,209.0866552822729
144721,720,0.20332064352521545,0.5614601921246696,3.2640418666093116,1.87613705991896,1.5821953557393191,0.32933013541206413,32.16929937334791,107.49473532143925,158.2187651820666
144722,720,0.3333404032282022,0.6307722858853055,3.312446512517179,1.9232581863988103,1.0841946664986533,0.33266824459070293,36.14058981504739,110.19457699463682,108.41914465184485
144723,720,0.46763152626104104,0.6972924156905899,3.312715474443886,1.9439207366047349,0.8543459841264994,0.33621497058359917,39.951912505552585,111.37845391541346,85.4344175435964
144781,720,0.4822053030365113,0.5152156718417926,3.1645670035350313,1.8286111043318654,0.6121808021907211,0.33107751613683034,29.519683535531925,104.77169864897253,61.21795453448641
144782,720,0.35950219219663737,0.4465868478566107,3.115858548944939,1.816609560546039,0.7117492302380711,0.33404616696608697,25.587541568234805,104.08406084240323,71.17472702228245
144783,720,0.24131192410552177,0.38069798414982364,3.071672361324618,1.8129360037642317,0.9039083724464702,0.33816621366493554,21.812387760923205,103.87358154300401,90.39046641109468
144921,721,0.24793230069191752,0.7370354389915899,3.4773203364637966,1.8326307481725652,1.7032479505369535,0.3019624216761348,42.22902000578997,105.0020072761904,170.3241149451878
144922,721,0.42531297458914447,0.8074810559546923,3.6094746118255134,1.886951158415905,1.087793183357981,0.2995292912459196,46.26525654297094,108.11433752455297,108.77906513103272
144985,721,0.4591725289752667,0.40411248699517915,5.034785181822349,1.8817647789788596,0.5042535863540898,0.21414454790837312,23.15393995335913,107.81717987185684,50.42524991593388
146529,729,0.3678314192862276,0.35064313327302626,4.6820233924407075,1.6869135161575333,0.5461842042908833,0.2064343053668119,20.090371651787652,96.65302487940046,54.61827342672152
146593,729,0.4450243958459728,0.41777843101939377,5.577008815509338,1.2296058533450274,0.5378792838003016,0.1263243937126421,23.93694086900866,70.45122586125213,53.787808723827176
151554,754,0.3101771140782702,0.35527780980895374,4.638394587934325,1.7349015323698986,0.656267579925333,0.21430375009457486,20.35591905670461,99.40253567557437,65.6265485306549
151555,754,0.4719206057450931,0.4205498284393401,4.755010142411074,1.7901647979816797,0.5105886337786159,0.2157069791012567,24.095730244525026,102.56888755723988,51.05875626626906
152019,756,0.390222686410273,0.34964241080017655,3.598150300410807,1.849101950483366,0.5133744054847877,0.29444500232679105,20.03303447762947,105.9457376521054,51.3373103050622
154832,770,0.47834449265728957,0.3741449039488407,3.4570634976729364,1.7592569900751691,0.44814822379080727,0.2915711568111926,21.43692392259614,100.79800061019574,44.81472962880956
157785,785,0.3021541162385865,0.58508115644799,3.8530574941222153,1.7615516915418032,1.109456334567251,0.2619464599516005,33.52268093710326,100.92947731947636,110.9452699474836
157786,785,0.4410280813260674,0.6495515334884495,3.9414143205858787,1.822333446804803,0.843859204823831,0.26491002114949636,37.216561445138716,104.41201536744332,84.3857310570939
160599,799,0.4293166929979655,0.3652511832054106,3.3684407464613777,1.9448996624186123,0.48745718751894956,0.33081936210173857,20.927351259829642,111.43454223300506,48.745606345016895
160662,799,0.4677043358418356,0.4677701668705414,2.6704238075645454,1.6962016711289025,0.573038428701616,0.36393173368022647,26.801256343812266,97.18519695872337,57.30372157412307
160663,799,0.3778251714766112,0.4015982110781622,2.6434910372021343,1.684220915193436,0.6090087078064984,0.36504284858607305,23.009882554782674,96.49875020824483,60.90071120498615
163011,811,0.1755455761362888,0.41258755898778987,4.428961598693047,1.704933804563531,1.3466317399317675,0.2205607543739782,23.639525809605257,97.68551135067266,134.66241455630714
163012,811,0.3053203272787822,0.47995746785905635,4.495466779871296,1.75867303244504,0.9006782024153367,0.2241470063344851,27.49953725410979,100.76454230257488,90.06752819792561
163013,811,0.46020031845853804,0.5487804497904643,4.4745286342983235,1.7793181613392308,0.6832416603787245,0.22783946457829093,31.442803652284585,101.94742105571561,68.3240190567108
163074,811,0.4459591266553961,0.6183504031011963,5.010840123239058,1.6053968671249939,0.7944420339410717,0.18356695181637808,35.42886835791172,91.98246492978677,79.44402703358375
163075,811,0.31180813492210235,0.5489482042890783,5.050948406376947,1.5692407395197994,1.0087105096278715,0.1780078987204662,31.452415277049504,89.91087141447268,100.87073069526042
163076,811,0.21816726607688663,0.47780612349777335,5.1348548780422245,1.5371357975206736,1.2548295415432074,0.17151681139326141,27.376274301929005,88.07139373641047,125.48238474004779
163077,811,0.1590701745537962,0.41309980292701953,5.202698254411432,1.4903925610377655,1.487951704576017,0.164132531285318,23.66887522540427,85.3932035651579,148.79424441164042
166028,826,0.46363755975256427,0.39301931001631457,3.371433406710158,1.8557545197084675,0.48568858953980326,0.3153759503735833,22.518347731078507,106.32690179162233,48.56875524567273
168640,839,0.3330723087954375,0.40030839614830227,3.5217394686798733,1.848984567888965,0.6886186665375605,0.30081444912719446,22.93598160294874,105.93901212485792,68.86166197434709
168641,839,0.43666857548879684,0.4676078147199645,3.510296020088245,1.8971948955643678,0.6135535081095663,0.3096640838774747,26.791954250789335,108.70126042960126,61.355211708530646
168702,839,0.47646930307767094,0.35615654881203773,5.521952387997484,1.8425979869248628,0.42828082591645017,0.19118797189990624,20.406267092874856,105.57308799009628,42.82799360435349
170048,846,0.4085734351892517,0.39444895447946526,3.1035723529779973,1.8911887406179426,0.5531504945103034,0.3491368024559177,22.60026032502129,108.35713310006948,55.31491541939683
170448,848,0.2081738300340206,0.6122016235913443,4.817747590652162,1.7718810668624894,1.6849652788798213,0.2107235898298526,35.076569242840684,101.52130693035826,168.49572658283597
170449,848,0.3483777905499781,0.6865390657654027,4.892863811734418,1.8378878797252711,1.1291130168774617,0.21521796347313363,39.33579093921204,105.30321872650549,112.91098082381386
170511,848,0.472749805501767,0.5765511528822702,4.128493355412432,1.801754911997186,0.6987617266120858,0.25004994083135934,33.03394773355597,103.23295217440382,69.87602633166217
170512,848,0.34357509474901515,0.5126369757115906,4.1648704976818856,1.7924217987870938,0.8548912515672844,0.24658198613456594,29.371935130624635,102.69820417774774,85.48887882342645
170513,848,0.23584494967835443,0.44811981941514123,4.191625202032868,1.782232263015564,1.0886547842136758,0.24361526047152898,25.6753743686522,102.1143867828415,108.8650214416154
170514,848,0.18059487416694167,0.3755941370824613,4.256073617936573,1.769825834658795,1.191615087213107,0.23825610096019326,21.51995886468312,101.4035507991672,119.16085549545947
173664,864,0.3134497057158091,0.6558295052539699,4.483520694732002,1.9550170843536518,1.1987971546056226,0.24983541994400454,37.576262731205325,112.0142278094359,119.879336833505
173665,864,0.44615924230363924,0.724898572541547,4.60505964469826,2.019721070510766,0.9309148822363178,0.2512920609309543,41.53362878168859,115.72149313391145,93.09128165979081
173727,864,0.4341713148567402,0.41329955293222176,3.940899209273944,1.7926926836491512,0.5454141879469739,0.26063524851062086,23.680320057660076,102.71372473707761,54.54129442931812
175938,875,0.4315086529998649,0.5284596369498612,3.436950873786396,1.9002295436426122,0.7016894314414323,0.3167782625885167,30.27850684024278,108.87513295679216,70.16878215758538
175939,875,0.34822791563835553,0.45944353384537934,3.4461222004474235,1.8909149535759369,0.7559467083422433,0.31438654708653174,26.32417541391623,108.34144625807717,75.59445592178953
175940,875,0.2564913628106721,0.38856610342527637,3.447913335363232,1.861581625154543,0.8679901216227515,0.3093487557739756,22.263197788112176,106.66077034046016,86.7986771385688
176077,876,0.32879640654639497,0.3573786799643055,4.379359364542753,1.8286783366958845,0.6227650004519422,0.2392485791157915,20.47629004991126,104.77555077967752,62.276312532355554
176078,876,0.46058369782577735,0.4240806080423697,4.3451571910381,1.8740206475073085,0.5275485997728907,0.2471106771393448,24.2980290141695,107.37347382254251,52.7547465837881
176139,876,0.4864557854393948,0.3967790218563769,2.8608914453883663,1.6247156270637957,0.4673346183729809,0.32538580995226757,22.733763351699444,93.08934833970652,46.733366728896684
180096,896,0.2705562016348571,0.5306554866631908,3.3643787613959133,1.892206965495915,1.1237709006029133,0.3222451467412806,30.40431976126158,108.41547308817252,112.37667885956009
180097,896,0.353124626230217,0.5999352427277463,3.4454317979077995,1.9572297812158217,0.9734171412228163,0.32547736322512344,34.37375738945648,112.14100600098007,97.34144122139362
180098,896,0.48617172669867936,0.6687918582546868,3.4900376886793567,2.0122775604469787,0.7881772624403823,0.3303546304560588,38.31895085070514,115.29501142249327,78.8175657464523
180159,896,0.46008766215119784,0.4777315005615618,4.7171675831658835,1.9586703926572366,0.594930061799917,0.23790451524147269,27.371998722629208,112.2235469564914,59.49287816536982
180160,896,0.34390023080995463,0.40819205705071643,4.796759064216423,1.894838643807272,0.6800716988358789,0.22633252049704888,23.387682099769368,108.56625714844938,68.00697410906848
181704,904,0.27641170039421054,0.5230139066634213,3.7954178086034553,1.8473921144396335,1.0841251781889358,0.2788830540456478,29.966489478463203,105.84777126314019,108.41212952851299
181705,904,0.43649787150350594,0.5993575106722135,3.940492520450797,1.9109304774925393,0.7867313276000221,0.27785422877255417,34.34065578098503,109.48825130324165,78.67295432563154
181767,904,0.497694176193827,0.4451642307828159,5.516616533415908,1.8872041194089744,0.5124840177279024,0.19600570434950612,25.506031614043117,108.12883112183728,51.248299831039176
181768,904,0.382624650233947,0.37548538357539885,5.649267680785689,1.8324238794664631,0.5622671506475073,0.18584737052496725,21.513727747721195,104.99015457241741,56.226569584572175
188538,938,0.4187334409867356,0.5561572563735495,3.3357726636386396,1.893846942826595,0.7609963679923225,0.32529026250867454,31.865463535779693,108.50943686771761,76.09945687937599
188601,938,0.4556930417613712,0.37872252658540656,4.253904126704018,1.8516670444309002,0.47618023351468486,0.24940079348275043,21.69920237987491,106.09270670935366,47.61791990082223
193765,964,0.28453705704633797,0.3865536361299268,2.9392007174820542,1.832461398602041,0.7783833626876343,0.35721379380060747,22.14789190568054,104.992304260537,77.83806544399678
193766,964,0.46071443871728235,0.45504817504250494,3.0397781778161375,1.898273309324361,0.5659110535312332,0.35779929411479905,26.072339905065853,108.7630489866177,56.59098374835475
195975,975,0.1163740679689418,0.5267439612093231,3.1739007027512134,1.855525586472782,2.5933787307300116,0.33496254138105014,30.180205861296965,106.31378488342729,259.3356668917389
195976,975,0.23276922318697194,0.5987994610223198,3.267912361016359,1.9178277961860442,1.4739354261535464,0.33624964833485155,34.30868189128737,109.88343855433617,147.39291573273542
195977,975,0.3379383613116166,0.6673772093294308,3.272162231959055,1.9791665537924055,1.131505051923674,0.34655338611164016,38.237897437795255,113.39789048575665,113.15017371573886
195978,975,0.4130032218870977,0.7353639287245715,3.166930379289164,2.0289475378011654,1.0201675500107215,0.36707510579529934,42.13324952207703,116.25013076946684,102.01651045977668
196037,975,0.4896906766407194,0.4083026703681105,5.320073897899387,1.722787044092485,0.47773054326389347,0.18553957771104077,23.39401977601399,98.70842662631786,47.77295774454808
199392,992,0.21240511489627542,0.521641956772755,3.7553594506629207,1.8622043333552822,1.4071168270831436,0.28411780552532234,29.88788254002459,106.6964488922307,140.71102686765767
199393,992,0.3492610100145327,0.5906179852895245,3.885452561572147,1.9282095480413397,0.9689005048488212,0.2843382259454388,33.83991786160949,110.47826911959672,96.88977584536443
199456,992,0.4523473731368656,0.7189309676259129,6.203807503596904,1.7559512293439736,0.9106211673110963,0.1621723340895313,41.19171020622123,100.60859447221816,91.06191743450348
199457,992,0.338727188743045,0.6497062248609139,6.428365787827923,1.7196439060194186,1.0989794957725505,0.15327120636724803,37.22542460790801,98.52833808030427,109.89762837880244
199458,992,0.24351790775292678,0.5821772912013038,6.562110036381254,1.6842497625229291,1.3697678602868442,0.1470569715478807,33.35630171419342,96.50040303847501,136.97622916425274
199459,992,0.17333275197805648,0.5064681661696656,6.645976096224134,1.6298436920056862,1.6741490788063467,0.14051083441375906,29.0184883792523,93.38316481794585,167.41395168625874
199460,992,0.1072913634660162,0.35647902515007307,6.707073143398545,1.5834459698047447,1.9036706275837274,0.1352673052489971,20.424743626037113,90.72477115681146,190.36530621777615
200397,997,0.3114086606252252,0.526680593252763,3.0553251416671188,1.8994463393588799,0.9690345193100506,0.35619861472830544,30.176575144829698,108.83025865683773,96.90314386600407
200398,997,0.41976252051716206,0.5957781042022889,3.1289130726833982,1.9645640465471041,0.8132114806683751,0.3597454626440363,34.135570897096535,112.56122845029168,81.32095627328555
200459,997,0.4956310937259166,0.5282392127086288,4.180919944873345,1.029283738657854,0.6106533111823181,0.14105415741767763,30.265877461517793,58.97361414654145,61.065209143326285
200460,997,0.38841011238070117,0.45866704198380914,4.215493546585019,0.9759858319241079,0.6765963138742276,0.13265319536893497,26.279685707422,55.91986903381591,67.65945893346112
200461,997,0.2899870346224189,0.3932364016821539,4.274051875299903,0.9100110493864362,0.7769583705587622,0.1219914821798083,22.530786167298565,52.139792440113915,77.69557180741938
202005,1005,0.24917498147678935,0.4021680693977892,4.062163231283653,1.652423220373095,0.9247530378089381,0.23307009313312624,23.042533031417722,94.67687649679429,92.47493636766963
202006,1005,0.4128969020811019,0.47004998308609114,4.173388612344262,1.7065844275363546,0.6522664472176714,0.2342942244991747,26.931880191028753,97.7800850805828,65.22648832867831
205021,1020,0.2976712921741679,0.41002545685165775,3.500988010164782,1.941127537796735,0.7892170994964709,0.31767722360597894,23.49272817052343,111.2184154123741,78.92144747142892
205022,1020,0.44233178478296964,0.4783558693335447,3.561989499551302,1.9903470676248634,0.6196202204178254,0.3201539095928145,27.407772418123592,114.03848674114413,61.96188336248059
211252,1051,0.38878834650341343,0.35022311934011807,3.4761636957133892,1.8544529785255195,0.5161241660260252,0.30565973863757234,20.066306626095322,106.25232897497695,51.61228517849614
211314,1051,0.3653561538808425,0.4117517401800137,4.958928391943481,1.8314054069164292,0.6457161326878891,0.21160176531814037,23.591636919482024,104.93180039375054,64.57143830055178
211653,1053,0.2986234367752175,0.4353143271199067,3.168965973664714,1.9588897982314721,0.8352215465626944,0.35417268139969926,24.941673705547966,112.23611796989675,83.52187776354761
211654,1053,0.41599082279965,0.49874301651700115,3.246460400968183,2.0211384437006608,0.6869350873847362,0.3567044965170294,28.57586990804767,115.80270263568741,68.69334525791962
211716,1053,0.4133298466183073,0.36779172859121456,5.386238082849247,1.439504504865801,0.5098328478012076,0.15312641457193765,21.072913788097644,82.47753271887967,50.98316266619594
212055,1055,0.3479188911299439,0.4703160016501403,4.049552045793899,1.8540397798164743,0.7745230812268072,0.26232198764024206,26.947121932020902,106.2286544328484,77.45208773348483
212056,1055,0.4906469194425229,0.542685892154696,4.158398073245114,1.919117775527432,0.633726807525009,0.2644223730510396,31.093611221755832,109.95734892625676,63.37255288289937
212118,1055,0.4360845156214239,0.5238600964979103,2.462110360227178,1.6863710795220572,0.6882833675850966,0.3924354761586871,30.014972584646298,96.6219455495344,68.82818050463067
212119,1055,0.30847921124966765,0.45864797466524776,2.358220610284404,1.6501677115283555,0.8518756344134188,0.4009279053286106,26.2785932305418,94.54764535933629,85.18729005042496
212120,1055,0.22182306541565,0.39168372171747967,2.325584503498624,1.6158040254717427,1.0116992615099636,0.39808809631477887,22.441824158388208,92.57875117977983,101.16947462998262
213463,1062,0.4451912020595013,0.4051322869290194,4.58180072241391,1.8828436649785472,0.5214022549576628,0.23545108525350228,23.2123701855159,107.87899548621468,52.140109548490024
217748,1083,0.3583841598549598,0.3786196550115739,4.840481047777478,1.7659811695962668,0.6053087747051397,0.20903556177513805,21.693308272862435,101.18326771744294,60.5307102605527
218889,1089,0.19238035486097615,0.6035911491644105,3.152802854038573,1.9355746219139571,1.7976483942924033,0.35175131954251787,34.58322539857205,110.90025676829977,179.76391435419256
218890,1089,0.32861800858577495,0.6710804875709175,3.2512753139656994,1.997645134741735,1.1700539068693503,0.35203612053973066,38.45007965139507,114.45663518554407,117.00503819564952
218891,1089,0.46733705325272823,0.7436175693058144,3.2782287670498764,2.0053638089669055,0.9116792063624418,0.3504907389211617,42.60614829300015,114.89888264208275,91.16772750786356
218954,1089,0.42281476264010387,0.3923735215011609,5.114664049004924,1.868705241218898,0.531706747953154,0.2093371573198689,22.481346774702182,107.0689234758193,53.170550299086315
221163,1100,0.46947553707912526,0.42103322405620525,4.636306881131465,1.781679374841696,0.5138377690444604,0.22018108598290706,24.123426773206525,102.08270862393616,51.38366854985296
221164,1100,0.3552788767399143,0.35648560065207413,4.689932282056063,1.7829521328497768,0.5749038610758309,0.2178189916711052,20.425120374549955,102.15563228614067,57.49022590857951
223110,1110,0.4191127497097956,0.4545068657648452,4.141768576511792,1.565164610609707,0.6213441267232321,0.21651940362679606,26.041325168044676,89.67732643117313,62.13426590293521
223173,1110,0.41646866794403914,0.44569223285315973,4.199845995418835,1.771722804852426,0.6131621717703173,0.24170466977634086,25.536283904247984,101.51223918512439,61.316071420786606
223174,1110,0.28628468211437763,0.3803056572659758,4.232540436966312,1.7543955235217958,0.7611272864559454,0.2374920224719674,21.789909086289203,100.51945909444345,76.1124654413686
223513,1112,0.2161367277185378,0.36887749319033536,4.511640231407847,1.7848388667350328,0.977858911921536,0.22666641997793463,21.13512351717198,102.26373417483016,97.78544329241254
223514,1112,0.3320167722966252,0.4419132080997893,4.455916503817809,1.811546080140908,0.7626048767795,0.23293511999984007,25.31976173520439,103.79394478554202,76.26026028686103
223515,1112,0.46625355635577026,0.5098739575408374,4.321076159601151,1.8389682903431996,0.6265609093149831,0.24384000086899527,29.21362585072252,105.36512169505393,62.65595789359192
223573,1112,0.4330697950691069,0.42443211841169115,4.515956678463335,1.7841350450381506,0.5615300071753131,0.22636047069099127,24.318169074786706,102.22340816206908,56.15287235175061
223574,1112,0.3263104074107749,0.3617969991232652,4.565218783327747,1.7775782113446246,0.6352675239346173,0.22309495749319935,20.72944109026144,101.84772926446087,63.52655965890376
223777,1113,0.4070729559978879,0.8449518820175468,5.347177449812244,1.60853019970172,1.189275161335388,0.17235633631931138,48.41217673124131,92.16199166224403,118.92722690294758
223778,1113,0.29846982481715384,0.7829397871180465,5.444208061980463,1.588270339374759,1.502970825920028,0.16715229463829204,44.8591454147352,91.00118717198463,150.29658407054143
223779,1113,0.20194363125066792,0.7235700760713425,5.59421161389959,1.5831225368671453,2.052924830120677,0.1621430255284164,41.45751154084784,90.7062398145315,205.29147659978074
223780,1113,0.18550154082474135,0.6684979191400097,5.768389574158974,1.5583023631357138,2.0647864780487737,0.1547817589472965,38.30210938000033,89.284148612939,206.47754585845433
223781,1113,0.17808761753980157,0.6222343860331729,5.890809533531026,1.5156859788117956,2.0019023600978088,0.14742016188324528,35.65140418761483,86.842409653071,200.18912314621673
223782,1113,0.1532398191901239,0.5396569740259897,6.003443083671131,1.4663599456113339,2.0177565558447554,0.13994675192163117,30.9200669964903,84.01623613056238,201.77435202906463
223783,1113,0.11889619343903773,0.41415569909454064,6.1046918666790395,1.4043813188542371,1.9958058317290306,0.13180865475742448,23.72937361940727,80.46512239736413,199.57892136094912
225585,1122,0.4710164332471458,0.4181475569158639,4.5328355306860875,1.9117744560743821,0.5086465784468249,0.2416514050218581,23.95809022498538,109.53660771398069,50.864550935664454
225586,1122,0.33393083766548165,0.3516430958086502,4.623722224465756,1.8527927695329298,0.6033484305389245,0.22959252442822775,20.147665284750104,106.15720600659189,60.334664180577946
230146,1145,0.43291312146779226,0.415844952781201,3.979887487858297,2.0053913131017653,0.5503681684451845,0.2887027801031083,23.826160726179822,114.90045851292939,55.03669098480177
239342,1190,0.39557163532166706,0.3707944463267684,4.367538081021607,0.8399571432431854,0.5370697594904255,0.11019022221840072,21.24495684141396,48.12599927970005,53.706841536544204
239343,1190,0.26142196100291965,0.36683236290018445,4.370740968526786,0.8669281802405702,0.8039854531873769,0.11364509155947226,21.017946182991967,49.6713258687414,80.3982408521386
242005,1204,0.23398363383534038,0.3815753131742751,3.553962234277883,1.858647553478264,0.934366806709526,0.2996448839266112,21.862655011268604,106.4926604166205,93.43628533595837
242006,1204,0.3496379782310026,0.4481429459128891,3.574954977310276,1.8959344002422434,0.734379566398938,0.30386127868221874,25.67669941936807,108.62903936754755,73.43774870090073
242007,1204,0.4813359973588994,0.5160511244738657,3.530235454363097,1.9210938994335502,0.6142808971963385,0.3117938551040263,29.56755144533281,110.07057248587223,61.42796337611744
242067,1204,0.34718848604811425,0.5181817848387288,5.4579635870450085,1.7737773380215365,0.8551443849597138,0.18620489759148895,29.68962929181527,101.62995526458405,85.5141946542149
242068,1204,0.21710461704566741,0.4509348977929731,5.583336567999408,1.7504993381469727,1.1900560034248289,0.1796349238759364,25.836666478700497,100.29622411626548,119.00505767782988
242069,1204,0.13292906819032582,0.38315934166717036,5.744335166080639,1.7303852159302258,1.6515132322746877,0.17259398479648147,21.95341315853997,99.14376980463557,165.15009325886783
245622,1222,0.31888551554252753,0.5818662596660293,3.1727472093729356,1.8461110435236425,1.045468616463766,0.3333841746374685,33.338480919926724,105.77437130639694,104.54653707513268
245623,1222,0.44303426017110525,0.6652789114564817,3.278709866499129,1.9079379061050599,0.8603775462063573,0.33341403695520455,38.11767382551399,109.31678959284747,86.03756236194951
245686,1222,0.41180625238123236,0.3586575286243894,5.25046405525436,1.6789735229726546,0.49901044636728076,0.18321827477526775,20.549562680770027,96.19809678054428,49.90092467275487
245887,1223,0.4118317162213455,0.7462654485533371,4.117008657172059,1.887191483763195,1.0382361988197721,0.2626375504497906,42.75786059854348,108.1281071526627,103.82337030155381
245888,1223,0.3274444598112446,0.6801656035811202,4.174491659217512,1.889273017288863,1.1901443465400727,0.25930671041173475,38.970618455166424,108.24737023859846,119.01407482525785
245889,1223,0.26354354683755604,0.6139480960267014,4.243597853287565,1.881292814538459,1.3347560139406056,0.254006486415363,35.17663474242258,107.79013830134163,133.47509999554194
245890,1223,0.23828717989143763,0.5463144036997128,4.323236894311086,1.852648239472332,1.313604379381896,0.24553113186616327,31.30150961919979,106.14892504410687,131.3598921837438
245891,1223,0.20143048846234934,0.4820738083587312,4.411691016134629,1.815227265377228,1.3712320052624276,0.23574828914144172,27.620794632753764,104.00486116318902,137.12252659005952
245892,1223,0.13749225223529155,0.38892436659486396,4.471140302093215,1.7744166575130915,1.6207257334634744,0.22738401945971193,22.283724755684524,101.6665855732106,162.0714063665502
245893,1223,0.10882615690772023,0.35455013578770816,4.539711480973714,1.7231262267882852,1.8666674554155245,0.21747606771833672,20.314226406425924,98.72786036327108,186.66504743527696
245894,1223,0.10645835652945858,0.3535537674739835,4.633643901717594,1.6728583165062632,1.9028226120305436,0.20685171991051898,20.257138707208934,95.84772125916894,190.2804917067439
245895,1223,0.10629946866799661,0.3534827681038043,4.723197720879522,1.6191949658195424,1.9052841083262182,0.19641997442485598,20.25307074294958,92.77303775028936,190.5266363989896
245896,1223,0.10628849537056569,0.35347799100635097,4.812688590723495,1.5636367775731377,1.9054550597750488,0.18615330323451418,20.252797035427182,89.58978804637704,190.54373120145328
245897,1223,0.10628773528287966,0.353477667840196,4.853587235294612,1.4998310926889378,1.905466944045961,0.1770525330040802,20.25277851937042,85.93399159357071,190.5449196047835
245898,1223,0.10628768262298002,0.3534776459691381,4.848086167944882,1.441292009412352,1.9054677702046887,0.17033515113847125,20.25277726625111,82.57994918525749,190.54500221900747
247029,1229,0.31442644351723065,0.40085067825015086,3.9803677417391023,1.6412822615692497,0.7304427417533286,0.23625592518811234,22.96705207869015,94.03854657760483,73.04404418958282
247030,1229,0.44676629907055176,0.46939588492221757,4.089008647828497,1.7039744942431367,0.6019792133118183,0.23876336561712797,26.89440312685154,97.63054691807072,60.19778793748394
252457,1256,0.22980065457250815,0.35627610472058546,3.6598123420568154,2.2303778054292756,0.8882966974801597,0.349174281842427,20.413117141850492,127.79123497074819,88.82928706420451
252458,1256,0.3370584189478105,0.4230222777520467,3.6346360131647275,2.2232623022452036,0.7190857451885889,0.35047126000329015,24.237391155203138,127.38354666918897,71.90836331132463
252459,1256,0.4712896651167001,0.4845458860017363,3.5469878157036177,2.200797411298652,0.5890736783370463,0.35550277989949436,27.762434248326606,126.09640323072992,58.90724409203421
252520,1256,0.4023148096770009,0.36674334476796394,3.820329121839008,1.7232970384468573,0.5222985779292395,0.2584532477254627,21.012845819715597,98.73764715039889,52.22972926812336
256540,1276,0.4580008502568816,0.4001070190604271,4.917993391074341,1.8038522209939702,0.5005327617259298,0.2101530252270708,22.92444354572286,103.35311912825436,50.053167979267165
256677,1277,0.3578749124377056,0.5984715381239579,4.6043305234068574,2.082411777882105,0.9581530066324861,0.25913301665746385,34.28989329320554,119.31340608097885,95.8150356072771
256678,1277,0.49341978574059087,0.6677453837156968,4.709948117574161,2.146610636924425,0.7753842186008949,0.2611318138168232,38.25899227625312,122.99172975365907,77.53826628691571
259151,1289,0.4352290841737394,0.5644561081926531,5.034381250151107,1.2909576460738394,0.7430788325678566,0.14692257266179792,32.340952719818794,73.96642465017447,74.30771423169502
259152,1289,0.29575780635068677,0.4954451863869823,5.063929939609614,1.226734381274131,0.9598028045482828,0.13879872614750247,28.386918160046516,70.28670263060008,95.97995917791073
259153,1289,0.19481540832723493,0.4294703266281186,5.153036074951057,1.1716485499359823,1.26308468565684,0.13027371801257678,24.606837141896133,67.13051698395466,126.30782670299413
259154,1289,0.12750312767689825,0.3600368048946602,5.222747938379427,1.1132821302272191,1.6178887645975708,0.12213181279243182,20.62858938983909,63.786367469353344,161.78762025738453
260697,1297,0.33821113139588144,0.41564707269650825,4.697546591281545,2.0609594586140703,0.7041407014029031,0.25137436357510223,23.814823032477236,118.08427872615329,70.41386402725364
260698,1297,0.4878001956688238,0.48232314949442245,4.815274523586504,2.1215084059119604,0.5665245833506233,0.25243312092062004,27.635080827487872,121.55347786028244,56.65234335803019
260762,1297,0.40748800142501607,0.431083243776483,5.055976409016058,1.5871808719553662,0.6061344087357702,0.17986390313235276,24.699250487201688,90.9387652869364,60.61329361240861
260763,1297,0.29357923006622205,0.36869731155229546,5.034029936782931,1.5567805078303292,0.7195604111857999,0.17718796604281917,21.12479986976654,89.19695272691087,71.95579847117594
262248,1304,0.3492883475407775,1.3088892219493016,4.469098057722096,0.5536451423926603,2.1470463200051535,0.07097971341494287,74.99382826785705,31.72153000701893,214.70402345752032
262249,1304,0.2180832776082794,0.7802294197584836,4.525824743382022,0.632010503734266,2.049852296999446,0.08001090728237042,44.70385280410223,36.211534471910596,204.9842991634583
262250,1304,0.1812453018557386,0.6321350620373045,4.522829019170618,0.673038754670678,1.9983231988811994,0.08526141457627043,36.21867113697802,38.562280091370674,199.83122836793632
262251,1304,0.11599236404433687,0.41938584210843083,4.551501003599875,0.7229563230296865,2.071605046308317,0.09100810031268312,24.02903874035301,41.422346081897636,207.1587365219293
263174,1309,0.40447631539390444,0.4749861512769891,5.036193953158761,1.736470413379533,0.6728379409803664,0.19755479368706008,27.214701795333934,99.49242593598464,67.28362941400215
263175,1309,0.2880171574805691,0.4104361760043336,5.067972546720829,1.7178094241005546,0.8164881576416259,0.19420631999720983,23.516260644536946,98.4232300087603,81.64853511405249
269403,1340,0.4550263801834565,0.4081120072672675,4.141406992707485,1.796999649373562,0.5138843831804847,0.24861235717301494,23.38309558502681,102.96049569559385,51.38832651257005
270407,1345,0.4980402500875748,0.5683160187310434,3.341657853767134,1.807637086351547,0.6538047606280052,0.3099359065518209,32.562109302966626,103.56997593926879,65.38034610032996
270408,1345,0.4074846853106052,0.5033364213013963,3.3813488796273403,1.7651185033386443,0.7077333933684589,0.2990931840603376,28.839052615788717,101.13384058175282,70.77316739066846
270409,1345,0.3082954549810686,0.43650369291911106,3.3742469089505596,1.7314671006607774,0.8112289082058132,0.2940085880391654,25.00981934613958,99.20575723361581,81.12263031916909
270410,1345,0.1900229482891954,0.36622765301170007,3.354346060854314,1.700128746706966,1.1042507204112444,0.2903999759045912,20.983298858551986,97.4102018151753,110.42449674089357
270699,1346,0.40438646319489874,0.6466650498429388,4.017116861915798,0.4500384422424042,0.9162318863410689,0.06418858146597708,37.051178114617414,25.785303359131824,91.62296432706228
270700,1346,0.3088607974023187,0.6405337838810415,4.08376127769899,0.4711158433702831,1.188233714746579,0.06609825497922982,36.69988245192848,26.99294948686357,118.82299060807372
270701,1346,0.24183993666459502,0.6346105552543426,4.135955710836219,0.4931092924528424,1.50349464395787,0.06831088919520106,36.36050645052756,28.25308129623009,150.34884892525582
270702,1346,0.19963310562090536,0.6282499166098837,4.207048666552961,0.5089551060547701,1.8031111015442558,0.0693145760378141,35.99606870119225,29.16097953857154,180.31021597856073
270703,1346,0.18447007556255474,0.6221298437292033,4.279593739002337,0.5067471887970223,1.9323140793323506,0.06784399852195558,35.64541435481679,29.03447519818849,193.2303709192031
270704,1346,0.17336074832759646,0.5995975686813062,4.396935836458214,0.5147886715869952,1.9816716552903797,0.0670813021910242,34.354410091744356,29.49521822308102,198.16603387516525
270705,1346,0.13571298196794215,0.4617714859378967,4.517812847520896,0.5269469887372167,1.9495228025019058,0.06682843985338893,26.45755724372612,30.19183848177024,194.95085812142648
271904,1352,0.39513712861273115,0.6815204631656917,5.318900568351172,0.5934516227061453,0.9882200981737103,0.0639272586982491,39.04824619119521,34.002273326252215,98.8217622234725
271905,1352,0.3264188681956276,0.6741257696306473,5.37978620119955,0.6069823252127917,1.1832820967449145,0.06464480949323018,38.6245614608445,34.777525473730144,118.32785079643591
271906,1352,0.2562198263269508,0.6700257195992899,5.457046213538351,0.6164388136409613,1.4983088916374105,0.06472245405826431,38.38964589825524,35.319342349678564,149.83031023898153
271907,1352,0.21653793084145528,0.664974566243728,5.561470390342308,0.6290233671505128,1.7595178000332243,0.064803696789637,38.10023612930819,36.04038415283241,175.95097556477864
271908,1352,0.1928154903570674,0.648711645610561,5.704327494926889,0.6300543552245275,1.9276686441515718,0.06328433174116017,37.16843941447151,36.09945541820177,192.7658746699574
271909,1352,0.17527726250812994,0.5974573130404783,5.825529366057315,0.6435453388159535,1.9530074827503987,0.06329455996053321,34.23178247644585,36.872431839470735,195.2996451847991
271910,1352,0.13652891200788136,0.4594640137953828,5.936159926753433,0.6538601896801528,1.9281884337368747,0.06311054563800296,26.325348828616068,37.46342926029622,192.8174452137375
273021,1358,0.4909796139510735,0.3898591096503898,4.319066452837423,1.7713307396800886,0.45495333203320976,0.23498081443919566,22.33728158769532,101.48977550545537,45.49524146776444
273222,1359,0.39838289507933666,0.45870016032659017,5.542989452463389,1.8012675835224852,0.6597066017040548,0.18619019756119293,26.28158324868782,103.20503030956691,65.970496230662
273223,1359,0.29798472651624525,0.3962410869842234,5.719586474289582,1.8062119120807938,0.7618827131648885,0.18093671588451915,22.702941953872138,103.488319468484,76.1880181956784
273827,1362,0.43693186997327627,0.5201579710818587,4.204935311114892,1.6587043284311989,0.6820938866923887,0.22601241213382403,29.802856423078428,95.03675747918926,68.2092341207958
273828,1362,0.3168188333196139,0.45635089493264286,4.258621633143927,1.6225786629247279,0.8252975101698999,0.21830281509801916,26.1469802566585,92.96690931356713,82.52949312766329
273829,1362,0.22216783204979698,0.38272287795786364,4.2712474557377575,1.564779259984744,0.987019787731971,0.20990412797644864,21.92840563008607,89.65524746673002,98.70153895021166
277179,1379,0.42123783614400845,0.6262985018760744,3.1028500419868537,1.9210539703206426,0.8518764683977991,0.3547328516430973,35.88426087286533,110.06828471622293,85.18744663086483
286486,1425,0.44335003880071,0.4882181310374937,4.348773632717175,1.755365124685638,0.6309424903838778,0.23127212729817292,27.972838390213372,100.57501314894257,63.09410814933807
286487,1425,0.3534508615347658,0.4217897138543718,4.430688296731752,1.7350549552974504,0.6837377523203845,0.22436993821200046,24.166770445886172,99.41132616180361,68.37358372070453
286488,1425,0.24554262243567299,0.3546030375076971,4.51831950295133,1.713065381902124,0.8274431714839976,0.21722991508594428,20.317257451710276,98.15141641295826,82.74398353405799
287091,1428,0.42151260625333853,0.43381451644290814,2.7273003520741983,1.7424385322588947,0.5896796424415547,0.3660556620301154,24.85574088368729,99.8343739594044,58.96782574735789
287092,1428,0.3141238528418163,0.3636459449327602,2.6784522882516337,1.71741629568663,0.6632854216550239,0.3673789728272071,20.835377881693905,98.40070540983574,66.32833312360027
287631,1431,0.2597928548057396,0.5721767915367445,3.6397113340337373,1.810533800848841,1.2619020662829188,0.28501146285807366,32.78331529039218,103.73594545441809,126.18972575354351
287632,1431,0.4064833577919334,0.6394805315947122,3.753865157832544,1.8737114667841337,0.9013784682062067,0.28598725386288787,36.639535541159304,107.3557590719978,90.13762728826563
287694,1431,0.46813017261318823,0.5251241496494943,5.170521275151634,1.641374796684413,0.6427143263303152,0.18188465584549365,30.08739749531227,94.04384844916045,64.27129671232804
287695,1431,0.3716038596466365,0.45921283938430746,5.240907682291989,1.5985522052358903,0.7080377720490165,0.17476036608325035,26.310957594939765,91.59029469134708,70.80358857513104
287696,1431,0.26282485061224486,0.39081390066645433,5.3281952379089415,1.5499131480409742,0.8519737071702871,0.16666709432135404,22.391987083232824,88.80348199458298,85.19704979959684
288435,1435,0.2262559131054121,0.5798278535911601,3.0581382757118223,1.9402836656990865,1.4683234984051656,0.3635220343767211,33.22168885490289,111.17006510272999,146.83170736721334
288436,1435,0.32194854282724306,0.6464264156345474,3.1181968814323415,1.9980288216731772,1.1504168928972758,0.3671308221168304,37.03750538162914,114.47861882737004,115.0413355346907
288437,1435,0.4594116652834797,0.7136613820533451,3.1574784611832714,2.005250499257745,0.8900467139390624,0.3638738680961263,40.889785193130066,114.89239047397001,89.0044795954833
289440,1440,0.4052367790318681,0.39416224674375944,3.8059886703278676,1.770663301762741,0.5572996774494624,0.26655763495587903,22.583833181811592,101.45153412970436,55.72983159607039
289502,1440,0.4335144301216046,0.3648263604317994,4.807269011072519,2.109999439488784,0.4821756502966131,0.2514817916944968,20.90301070786068,120.89406265767667,48.217454917342195
290043,1443,0.1647983783862602,0.5186730832501276,4.57529975060475,2.111207879852302,1.803280900272904,0.26438333556162646,29.717778617269904,120.96330119029949,180.32700674159557
290044,1443,0.2606516687767513,0.5883365823619232,4.623254229048373,2.1744864754720794,1.2932662954901262,0.2694831199213316,33.70920310248915,124.58889765282775,129.3261383460495
290045,1443,0.38447457954719744,0.6571830912973585,4.599767019912006,2.2317215042984766,0.9793577656990251,0.2779884772715023,37.653817498699304,127.86822324488992,97.93552439154851
290046,1443,0.48097310313784636,0.7252845178560212,4.4370512164937415,2.2158621443663917,0.8639930317148724,0.2861349630063408,41.55574181933081,126.95954885500257,86.39912533382491
290106,1443,0.4889317163028136,0.3996328237717526,5.874916318608658,1.6051063745705676,0.46831230057743656,0.15653979697480763,22.89727415701682,91.96582093243816,46.83113523300354
291450,1450,0.14811434295464287,0.3502097805311776,3.4125791031534334,1.7540956955196987,1.3547331482981924,0.2945053488370945,20.0655423686393,100.50228021534345,135.47240932888323
291451,1450,0.2859303763360985,0.41892817526476106,3.5091530422506,1.811818417422387,0.8394636425095935,0.2958250809145998,24.00281636178766,103.80954856237484,83.94607359765061
291452,1450,0.4635348890948406,0.487057683254307,3.6038704774292283,1.8637138953174128,0.6020334107396247,0.2963007155613587,27.906349629891462,106.78294042157428,60.203212494257926
291513,1450,0.4399790257574783,0.3866398697736656,4.417045285510835,1.8802150163431803,0.5034974607683288,0.24389241632426242,22.152832729518806,107.72838501358534,50.3496327847612
292205,1453,0.4382751178412948,0.4723572157832758,4.81277251789075,1.15227283730363,0.6175133647267403,0.13717741705527212,27.06407488693202,66.02037042506257,61.75119698566888
292206,1453,0.28983826557628234,0.40661521774164394,4.851755193789618,1.1075982716145134,0.80380466713954,0.13079948120615859,23.29733586238919,63.46070635949623,80.38019215949745
292656,1456,0.22732504794437078,0.6804042254774443,4.508735067687134,2.236512452291987,1.714913913813458,0.28420992171160936,38.9842904827252,128.1427243447847,171.49064454006208
292657,1456,0.3509656378761083,0.7499792911153077,4.596005715688343,2.2972953073583398,1.224354815440205,0.28639069066244166,42.97064810312045,131.6253254068421,122.43513618034872
292658,1456,0.48904303904951096,0.821768001708424,4.581631938953623,2.352876996825998,0.9627749198828778,0.29423996325661705,47.08383823679212,134.80992163154568,96.27729708821855
293661,1461,0.2732731183313835,0.5249916326023814,4.320489185680153,1.9601338181922991,1.1007231121284273,0.25994138621055424,30.079804827799162,112.30739506328216,110.07191244991283
293662,1461,0.3857629415586933,0.5996705984865232,4.373692196726501,2.018255897509017,0.8906659971501784,0.264393421939501,34.35859439136195,115.6375449046547,89.06637114017136
293725,1461,0.3931071496174722,0.39106121247278297,4.018529405116732,1.8676805424058465,0.5699758057767855,0.26629197276997135,22.406157005959212,107.01021255855937,56.997437035488375
294465,1465,0.2235825659244577,0.5612930313145925,3.9730918755853963,1.8618082595939738,1.4383822903666865,0.26849053233415093,32.15972176443051,106.67375553733186,143.837592139023
294466,1465,0.37029710155970696,0.6304212401590733,4.064113060869351,1.928222512615906,0.9754458041645863,0.2718403991436441,36.120476376518184,110.47901193500255,97.5443196289088
294526,1465,0.43372138799256443,0.5335475348804314,3.847603780478121,1.8885815225938125,0.7048308444026062,0.28123413013264026,30.570021918257797,108.20775051101639,70.48292355796464
294527,1465,0.33165298624151573,0.4649775430936957,3.8676844453848176,1.83860484083504,0.8032869019591332,0.2723704552099739,26.641250787631122,105.34429757217026,80.32845041166048
294528,1465,0.21248556545816472,0.39749890691816486,3.864830300590614,1.786009836704459,1.0718379202148935,0.2647744340329832,22.77500972747441,102.33082581201485,107.1832926395455
295269,1469,0.35401781836192914,0.4151349588303649,4.88395010520185,2.058727201304387,0.6718724076517434,0.24151839601385067,23.785481069317093,117.95637980352122,67.18705287864145
295332,1469,0.40277193726837085,0.8728740729731777,4.557781881546254,2.072594791275364,1.2416952264660537,0.26054545172759286,50.012000427757314,118.75093418087613,124.16921744281423
295333,1469,0.30590475608478584,0.807556033847642,4.671297019849721,2.016703144783409,1.5125476157821443,0.24735866289060884,46.269552459793736,115.54857872684994,151.2542720738132
295334,1469,0.24769161773937576,0.7410077921711349,4.828975027965921,1.951689660256629,1.7140918110638224,0.23156794055230634,42.45661907771327,111.82358045202636,171.40849600284204
295335,1469,0.19140869806850438,0.6703370826052333,5.0083678253623,1.8847100444302733,2.0065694017769773,0.21561102279532735,38.4074856843923,107.98593115176853,200.65590234955854
295336,1469,0.15756119718974151,0.595580631824685,5.185775111519943,1.8202886942470005,2.1657778060938324,0.2011172047220667,34.124256563289414,104.29485967573267,216.57641980072083
295337,1469,0.12817870297373105,0.5130953032482436,5.322090002638925,1.7645996983987766,2.293531794950566,0.18997069761729948,29.398195364109476,101.10411524830788,229.35140807850286
295531,1470,0.48008921793958326,0.4582764425737621,3.663171885216666,1.9206499091254785,0.5469255397050974,0.30040941802040705,26.257306009746006,110.04513371507501,54.692441188315044
295532,1470,0.3617172701387846,0.3871928614674441,3.675929389233997,1.8714552913286133,0.6133109485719426,0.2916989911800257,22.184516819678105,107.22648974055548,61.33092699787136
296137,1473,0.4491101263669951,0.418277285052209,6.19342197621954,1.790829153676893,0.5336224048191683,0.16567085621320998,23.965523099682052,102.60695233467108,53.362122852637626
296138,1473,0.32111630139028957,0.3515183413032466,6.3622208864245176,1.7696144773864093,0.6272031866246791,0.15936485477338697,20.140517378115238,101.39144091949011,62.7201252966318
298083,1483,0.20106754428834306,0.38031057996426415,4.583809126829892,2.128328340862659,1.0837248810853135,0.26603252384510584,21.790191136124943,121.94423134951124,108.37195451555387
298084,1483,0.2956148639830248,0.4462377746345542,4.64998412708883,2.194670903367303,0.864893596231498,0.270421094945572,25.56754114586994,125.7453801831102,86.48906997541279
298085,1483,0.4177365896643762,0.5108183790693942,4.601245179451127,2.2590325417287995,0.7006265968053748,0.2813000070513761,29.267737218390117,129.43303042377124,70.06249363842205
298147,1483,0.3653136725716013,0.3817160083123915,4.569503294419881,1.5742008592958552,0.5986831945336194,0.197384834487981,21.870716248880683,90.19506534352004,59.86815721066897
299752,1491,0.49365463940745163,0.46068121921430916,4.113730039059321,2.0788276671179142,0.5346873486070437,0.2895378409385893,26.395089561921,119.1080516608833,53.468627632014396
299753,1491,0.38331547789602155,0.3935028747546826,4.20655325893948,2.0242795630672443,0.5881853110987314,0.2757190224470401,22.54605394970834,115.98267551833945,58.81837919794355
300559,1495,0.412601002119813,0.4047059513738508,5.553911440942016,1.8444801845438694,0.5619943305135411,0.19028198577409816,23.187942957548373,105.68092996987494,56.19929820605904
301902,1502,0.1537710375036451,0.38479699941055345,3.7884467977860443,1.9764328191361793,1.4337708166421976,0.2989120997948604,22.047244035522738,113.24125902764624,143.37615858800152
301903,1502,0.26627641673310587,0.4495297352334691,3.8780204556892266,2.0296568781097712,0.9672713769862559,0.2998714782561636,25.756156594511122,116.29077297538845,96.72677807418769
301904,1502,0.4419881879978833,0.520750737914222,3.9284889075162175,2.0917970497038314,0.6750591892716348,0.3050820431529245,29.836819460808183,119.85114254594683,67.50576772242464
301965,1502,0.45734557121933905,0.5146163752343029,5.768671907280594,1.6009599428699302,0.6447060511798263,0.1590110327147777,29.48534636924626,91.72824789595239,64.47046556101843
301966,1502,0.30119224492539853,0.3974867206220111,5.908914977772078,1.5825620245496,0.7561386832399726,0.15345308743146974,22.7743115041369,90.67412482437105,75.61361978678435
302305,1504,0.2821576977321156,0.37061662566084175,3.462340447372092,2.1872505437103946,0.7525850928696493,0.3619523453433518,21.234768467746157,125.3202248923002,75.25824523016006
302306,1504,0.442711297404352,0.43997857625006825,3.496834999918278,2.1789166064604344,0.5694210894026055,0.3570163450864907,25.20891549530379,124.84272546115062,56.94198160544699
302368,1504,0.4521760393445111,0.38290897207692476,5.318198171674833,1.3044731534526641,0.48518863547735563,0.1405378356122511,21.939068037700476,74.74080618095904,48.5187573201505
302566,1505,0.4015853387261815,0.4875088560459759,4.836903957475431,1.85040614406766,0.6955482817111096,0.21919075332704965,27.932199926685225,106.0204624401535,69.55465670292779
302567,1505,0.27951861188132243,0.4212366628334004,4.948551676082926,1.7939550031519538,0.8634517011455624,0.20770935990434516,24.135082956529107,102.78605031698525,86.34486429802395
302568,1505,0.1875900565967829,0.3548921028606625,5.112430669230344,1.7521993066121313,1.0839497018861535,0.1963716115359402,20.33381967643865,100.3936251346244,108.3943981409792
302769,1506,0.47901226137394537,0.5046679738884136,4.191581812051791,2.0163369343761355,0.6036451817045726,0.2756181349205974,28.91534495922453,115.5275964160994,60.36439341217225
302770,1506,0.3940307792118513,0.4379527362779132,4.322533917436616,2.0291510977975937,0.6368244335708293,0.2689667585028913,25.092843414930403,116.26179389813987,63.68228335572707
302771,1506,0.28975266866868415,0.377289709239437,4.369483400825676,2.0494450145773606,0.7460537756703766,0.2687378315443042,21.617107993137722,117.42454967941023,74.60512266319424
303172,1508,0.41932162496993736,0.4050280932360459,4.834722688626882,1.7203505235473897,0.553427211746906,0.2038768931057446,23.206400326656635,98.56882428238698,55.34259051326024
306324,1524,0.3551659057148926,0.425129309446426,4.173666616429702,2.082119125846083,0.6858235574087214,0.2858317374919312,24.358115178591373,119.29663835444887,68.58216457291394
306325,1524,0.493957690894438,0.4856309998955177,4.269258820183193,2.1386259927415043,0.5632993805815286,0.2870152600605059,27.824606694731287,122.53424334106403,56.32982516077965
306387,1524,0.4461252520204288,0.4643414060759036,4.176634293271118,2.0934035496570376,0.5963527530548431,0.28717665829425054,26.604802821319595,119.9431882130535,59.63514296867991
306388,1524,0.33060515656278555,0.4003022462386193,4.198246400275094,2.072434096429947,0.6937468484698891,0.2828364880008641,22.93562923907952,118.74172704444423,69.37447710452363
309139,1538,0.22716360609804748,0.41811848762313486,2.9429439359540095,1.8427201317465562,1.0545889825445725,0.35875670183260305,23.956424677198576,105.58008637286869,105.45843865685063
309140,1538,0.3675909575080218,0.4853209961924654,3.058004062652129,1.883760389064982,0.7564615904308406,0.35294760027490457,27.80684479091296,107.93151990734539,75.64595531257277
309202,1538,0.490772437276573,0.4214017734856241,4.968299784952803,1.7821452689136583,0.491970224368517,0.2055218215528996,24.14454310005418,102.10940238795978,49.19692319543292
309203,1538,0.33249362476168154,0.3562017751527859,4.93628216320225,1.7349921016710663,0.6138120023245203,0.20138177159713957,20.408858371322545,99.40772491428473,61.381017470435125
309540,1540,0.36357839161488764,0.6038712562102806,4.5680285141780805,1.942261727234837,0.9516317304997891,0.24361362695380442,34.59927435011228,111.28339968034567,95.16291392764279
309541,1540,0.4998727355631123,0.6743026611420403,4.687934900544761,2.0071055214712756,0.7728906394837868,0.2453077476801932,38.63469659787901,114.99867541770833,77.2889108773772
309602,1540,0.38769137996135083,0.4444767000968278,4.5628658954778905,1.9617184828754213,0.6568791483862731,0.24633244103586363,25.466639007450265,112.3981896615685,65.68774709987605
309603,1540,0.30555410763050006,0.37656401785220195,4.684637529745008,1.9390872128227334,0.7061115427516829,0.23716138646785484,21.57552893942016,111.10151340252867,70.61092549469306
309805,1541,0.4296523229204747,0.7986083050124642,4.289903103614077,1.645581370864436,1.0649746749956501,0.21978320931461115,45.756885361310545,94.28486739588448,106.49722210988176
309806,1541,0.31801752210947176,0.7342900905897106,4.354308519759166,1.5903702357126273,1.3229372245611566,0.20926744567316943,42.071723129069305,91.12150236955945,132.29331062228798
309807,1541,0.25075809258285736,0.6649277061486599,4.403013354289729,1.5303593196605605,1.5192949241209357,0.1991434567657887,38.09755124363321,87.68313015506214,151.92889259257782
309808,1541,0.2160048891753926,0.5984737677936391,4.483646711406246,1.4662495304733367,1.5874649683767132,0.1873696011955465,34.290021043867974,84.00990980916079,158.74576926939775
309809,1541,0.1896496099606394,0.5319513922984161,4.550102409529463,1.4104200474184485,1.6070989064535348,0.17760285067621712,30.47856968480721,80.81111605771854,160.70905171954266
309810,1541,0.15561629801713,0.4657121815050034,4.648674774997184,1.3477144973768467,1.7146880560313762,0.16610831314226931,26.68334246806725,77.21835268828838,171.4677147596407
309811,1541,0.11553750880705828,0.41792691181553143,4.768025576595389,1.2858155980796075,2.0725257422183145,0.15451218887996082,23.94544819196609,73.67180700205127,207.2507983632835
309812,1541,0.10987391467297064,0.41498568598035157,4.835008546440608,1.2176868218101418,2.164019209815725,0.14429822583350554,23.77692836501544,69.76831565841985,216.3999711470501
309813,1541,0.10372721711769095,0.39447740986734114,4.97133710787974,1.1664732005347447,2.1789737686717907,0.13443866251875247,22.601890698650983,66.83399130575819,217.89529721702127
309814,1541,0.10335122246788744,0.3936491394510558,5.109198028529223,1.1138462789491603,2.182309176284883,0.1249094091261917,22.55443429950229,63.81869081013828,218.22882721762636
309815,1541,0.10332477223409867,0.3935915421868279,5.255577916117108,1.0516285449014582,2.182548439178644,0.11464748137195621,22.55113421935053,60.253877238337544,218.25275274263473
309816,1541,0.10332294829905572,0.3935876466433512,5.336783958409475,0.9936673600198347,2.182565365180461,0.10668025220067284,22.55091102115041,56.93294596904304,218.25444528968413
311149,1548,0.3906730007603664,0.39727865860018885,4.371599132026482,2.0967787259977833,0.5826455834281237,0.27481149956672507,22.762390428409528,120.13657157249064,58.26441069563685
311211,1548,0.47857070567596316,0.5561956330137623,4.327588721553685,1.6773044605263374,0.6658924441351138,0.22206931505740368,31.867662355295774,96.10246654662652,66.58910666330345
311212,1548,0.35785814782302666,0.49391830331550307,4.349051497184053,1.668708957799875,0.7908003097203625,0.21984099374236452,28.299434204240782,95.60998051760704,79.0798122009607
311213,1548,0.2813201590614888,0.42537069543425754,4.4344359220071565,1.6639450951259391,0.866341921314596,0.21499246522896145,24.371945576927715,95.3370312922106,86.63388725623979
311214,1548,0.2041923931096732,0.3597729190602579,4.509068639643289,1.649367191880327,1.0095120842562837,0.20958159279647023,20.61346984525455,94.50177896208696,100.95071897934994
313421,1559,0.462064342371792,0.5355726755615294,2.941909804491189,1.8424674638724627,0.6641077974245884,0.35883360207057347,30.686053932204963,105.5656095700646,66.41063745376951
313422,1559,0.368823102487311,0.47145092380022147,2.9418532367296133,1.8172788476474735,0.7323876206978702,0.35393474601205316,27.012148181296464,104.12240816859796,73.2385654818364
313423,1559,0.2877673925591569,0.4032003120252368,2.969106443568244,1.7970684145284301,0.802789891139769,0.346785934620174,23.101676177403963,102.96443564874536,80.27871293284903
316374,1574,0.27898288913988534,0.5586890309848739,3.794810153568269,2.056492862584628,1.1474009207867788,0.3104986983435347,32.01052353568695,117.82836162487636,114.7396849129039
316375,1574,0.44117655826819085,0.6233743080454651,3.92948764002095,2.112892257555825,0.8095787373317856,0.3080803903867006,35.71671690789323,121.0598089238173,80.9576920641578
317845,1581,0.4386032220938889,0.4113734177964598,4.559106337114833,1.959289648956565,0.5373868434823479,0.2462303337142407,23.569960643609058,112.25902772887981,53.7385630514145
317982,1582,0.3858896873478091,0.49573356047277384,4.245449006735078,2.0507976149304934,0.736050767182903,0.27677177963469335,28.40344077808331,117.50204797101266,73.60488788495397
318045,1582,0.4466769268627489,0.5121848916214646,4.544049735464645,1.716728347956173,0.6569856242497831,0.21646173439568536,29.346032620275402,98.36128890835496,65.69841681317864
318046,1582,0.3204270572347567,0.4452158426834339,4.604428526839763,1.68005295213589,0.7960934442355442,0.20905947990225243,25.508988758121173,96.259943515881,79.60909846116381
318047,1582,0.22926892723827913,0.37885361183269967,4.699924001044305,1.629575410169553,0.9467795015223304,0.1986580914534178,21.706713011301236,93.36779340101539,94.67754132770128
318586,1585,0.1620848248190478,0.4186363447098493,3.7089234131736726,1.85135130124814,1.4798482368468606,0.28599839860485704,23.98609570265825,106.07461595757148,147.98391981184207
318587,1585,0.3088233891003085,0.48652657069757144,3.6891236119642996,1.8921256926963177,0.9026491905456222,0.293866044104107,27.87591912194411,108.41081649976638,90.26462969182724
318588,1585,0.45493566458874896,0.5585496946409265,3.584683046098314,1.938270451057555,0.7034519809899614,0.3098034461138438,32.00254015124599,111.0547164005163,70.34504501890491
318648,1585,0.46928946497534585,0.4738036200315368,3.548581068304811,1.804881815255118,0.5784691367146757,0.29141819857595,27.14694774582717,103.41211053402903,57.84679163948778
318649,1585,0.3522176249417449,0.40699088940384387,3.551136752180598,1.7622974465781875,0.6620582829980316,0.28433770000344677,23.318860263115912,100.97220593561181,66.20564221148932
326888,1626,0.4850613842306164,0.5398613549159685,4.264121714185672,1.8951080589334564,0.6376878788294804,0.2546402296216176,30.931777158899216,108.58169349811673,63.76865773247245
326889,1626,0.4134634783800635,0.4730672970163364,4.3518334666737015,1.8396472187492514,0.6555538833886737,0.24220600809357526,27.104759544697835,105.40402142731223,65.555231372942
326890,1626,0.3075476117495503,0.40270470107158235,4.42578746546622,1.7744550866121274,0.7502343744432758,0.229719090584407,23.07327976147911,101.66878739839585,75.02319594363394
327430,1629,0.3566724003171338,0.3983861191417883,4.622429156527375,1.8054291042173878,0.6399666075412153,0.22378594491141468,22.825843243420447,103.44346788174117,63.996483121884054
327431,1629,0.4761744529988031,0.4654617157169346,4.574495413514659,1.8448111715933755,0.5600676623342048,0.23106350393870148,26.668991835498492,105.69989413088513,56.00664979167989
327492,1629,0.3179407863406505,0.40125107107526675,4.01098656218472,1.4908511820708958,0.7230903728719512,0.21296376608966203,22.989992897716608,85.4194806147522,72.30881213293738
329037,1637,0.3541600747126132,0.6792573113142041,4.533624006216442,1.9343090862822332,1.0988978945294934,0.2444572962410553,38.91857714170776,110.82774691777857,109.88948227381721
329038,1637,0.47637179058650414,0.7475501085443291,4.615623747444151,2.0009163419886864,0.8991184226564832,0.24838259697794307,42.83146619413664,114.644061554707,89.91165541046767
329101,1637,0.4851079450350133,0.37243900926610474,3.9800021130184784,1.8380312732453246,0.4398852489533258,0.26460145325285583,21.33918335698156,105.31143457001409,43.988435124488134
329439,1639,0.16868915989158717,0.5254059552340885,3.5474257262081044,1.7828888335151842,1.784556992324974,0.28796094153225127,30.103543765952736,102.15200550142254,178.45465192101014
329440,1639,0.2516578023276049,0.5898708076563323,3.605974890111215,1.8472731325265568,1.3429786830016772,0.2935155042216688,33.797107736681006,105.8409541016825,134.2973399860838
329441,1639,0.35383938039290963,0.6574485591486323,3.5567472503045545,1.8880405972488576,1.064579826580227,0.3041451918134209,37.6690276861737,108.17675777171881,106.45768480224177
329442,1639,0.4911470587731039,0.7238684994053664,3.48068533855621,1.909075159315536,0.844443804622516,0.31425405760223957,41.47460993839563,109.38194940204545,84.44421024894184
329501,1639,0.4764628256664937,0.6512456487377409,5.054680037308423,1.8492049801322805,0.7831382493187783,0.20961097403696466,37.31362709893186,105.95164081615292,78.31366221084319
329502,1639,0.3725312101261947,0.585789662652006,5.180530931552426,1.8223385344594578,0.9009520152695571,0.20154750168772062,33.563275352352214,104.41230686858266,90.09496210000931
329503,1639,0.29020570483585206,0.5201232948474884,5.245288320934933,1.7974545130816941,1.026887759190261,0.19634107978191337,29.800869621199602,102.98655746632349,102.68842561048235
329504,1639,0.21361519464669532,0.456307383575675,5.287786441424327,1.7843625030428574,1.2239057272531009,0.1933444958205842,26.14448723954336,102.23644054575524,122.39000550863815
329505,1639,0.1593573208528327,0.38718563739065864,5.362611498115275,1.7665528958333403,1.3920980473157245,0.18874390782306955,22.18410291056742,101.21602521786414,139.20893990251332
332919,1656,0.46754021057581674,0.4042128323391243,4.490649310119075,1.7440413921792155,0.49535180715656485,0.22252062885493765,23.159689318060977,99.92621106798947,49.535075826872784
338145,1682,0.4355928979161627,0.4734038663115712,4.103502776278381,1.8924866360738375,0.6226924968679466,0.2642413145045821,27.124043544828485,108.43149703194146,62.26910816379012
338146,1682,0.37189691672127384,0.40917927793511977,4.15705964158377,1.878755693680986,0.630396327729367,0.2589444968466665,23.444245689892853,107.64477198409381,63.03946496012131
341561,1699,0.46058820770482317,0.4271725072107291,3.44493089752093,1.777060753876743,0.5313896631824371,0.29555913853942833,24.4751817871965,101.81808113547372,53.13885210024691
341562,1699,0.28788282749018695,0.35882681681445044,3.343771562980156,1.7326697716310706,0.714153798080538,0.2968942795212455,20.559262179581932,99.27466520435652,71.41513421862065
342102,1702,0.3710397105917518,0.440359189002696,3.5614110649238855,1.7189191903750856,0.6800005929127766,0.2765387450664951,25.230722999658216,98.48681493253687,67.99987785550316
342164,1702,0.46302146101892616,0.5777470163792194,3.991300144845352,1.8580522816255693,0.7149229082608103,0.26672650445133717,33.10246566480492,106.45855385179816,71.49213796661118
342165,1702,0.3653705836945301,0.5089783600534199,4.062347153003543,1.862053651754275,0.7981570601965923,0.2626260415261059,29.162311894550975,106.68781547244271,79.8154897533909
342166,1702,0.288004817533984,0.43648016589765387,4.068761993556119,1.8473970587551465,0.8683351442834623,0.26014806090658515,25.00847134710557,105.84805455155166,86.83321594416971
342167,1702,0.20342086961850656,0.3731019734939388,4.070650083898126,1.8230204705489648,1.0508836875199403,0.25659630899000846,21.377168409204604,104.45137892840907,105.08785731492357
342906,1706,0.37450516439695,0.36872367501958425,3.592534513148264,1.9790203383510598,0.5641126432817473,0.3156253954623119,21.12631038517552,113.3895129580679,56.41111520605874
342969,1706,0.33317719708140603,0.5132293073885359,3.8137132577049715,1.4955616464877277,0.8825895832844501,0.22468750094825465,29.405873235785506,85.68937034538321,88.2586960772848
342970,1706,0.20282079267177172,0.4484904419505675,3.835492594355824,1.496324170880353,1.2669612355942508,0.22352555100091345,25.69660947572456,85.73305977485641,126.69550513888618
342971,1706,0.12463466183915987,0.37943920551634225,3.9480498270402724,1.4994526650458866,1.7443191960210824,0.21760695237621044,21.740265057883477,85.9123092867728,174.43053406286643
346725,1725,0.28549584227270336,0.38227595095692934,4.2260614593732715,1.7338527049578807,0.7671844765807916,0.23507098278473618,21.902798599182095,99.34244229142811,76.71818162619392
346726,1725,0.4286195192316609,0.45507606730279215,4.323194970562314,1.7887686100513527,0.608323611866246,0.23706747519422405,26.07393801386139,102.48889188142503,60.832220679964564
346787,1725,0.47252205639973327,0.4604752425344651,5.6674888149136144,1.631635204942167,0.5583503891894162,0.1649510282882194,26.383287967487817,93.4858109481493,55.83492193694934
346788,1725,0.3309216183966228,0.39130086866937336,5.8161950586662945,1.6196627447346845,0.6774984277451599,0.15955420753993393,22.419888294558,92.79983950787222,67.74964009165112
347530,1729,0.25002477995283107,0.34955894818120886,4.570179426420612,1.7288867349991421,0.8010506648398337,0.21674841119408278,20.028252421815512,99.05791317160363,80.104749300628
347531,1729,0.40924732525136465,0.41792176827933086,4.572232258146813,1.771015111952321,0.5851022456711324,0.2219303075998036,23.94515348905002,101.47169136875699,58.51008302683378
347591,1729,0.4619244615753298,0.36748602064241964,5.091122059448602,1.1127483419971624,0.45581906368938546,0.12522933606171116,21.055398012868096,63.75578365661734,45.581808677663524
351349,1748,0.2512193843097353,0.37769649517580134,3.045456098565052,2.000983316948739,0.8614149862878665,0.37645559433549186,21.640415110456676,114.64789893725107,86.1411591655545
351350,1748,0.3640852483259217,0.4424661413047464,3.085548221568597,2.056147142659057,0.6963051069622539,0.38180752492194026,25.351442474201075,117.80855333224757,69.63032136140183
351351,1748,0.4840817160776453,0.5066753328071754,3.084711080482225,2.097053309699558,0.5996995257073832,0.38950909999465233,29.030358153237525,120.15230405972541,59.96982992588637
357780,1780,0.2499596931386301,0.43963861639952273,4.301195150990151,2.24771228807466,1.007739924250643,0.29941544813959303,25.189437230663632,128.7844276663715,100.77359329730047
357781,1780,0.42569572808375333,0.5025782777359703,4.4394646517602725,2.3015235150662057,0.6764365158750878,0.2970348767482278,28.795614189224803,131.86758386340753,67.64349427548204
357843,1780,0.45038496601884404,0.49190769995738326,4.979684151042664,1.7650205622963266,0.6257809789011803,0.20308161261418697,28.184235117545686,101.12822897338691,62.57796033628292
357844,1780,0.32459046290206917,0.42535293659102313,5.012429682541902,1.7565615631286047,0.7508208066696462,0.20078798146918933,24.370928070161348,100.64356402217177,75.081851667535
357845,1780,0.2088799495422959,0.35653058989841196,5.039362358447402,1.7349048825677613,0.9779635209261041,0.19725258943503565,20.42769806848859,99.40272762777244,97.79588858270783
363811,1810,0.19315832988191617,0.4144874932747399,3.3849006496295617,1.9008445961881755,1.2294775384856709,0.3217535278679366,23.748384025599687,108.91037287183171,122.94712370413458
363812,1810,0.31194603795784515,0.4939295076711235,3.385196623153478,1.9170187821553721,0.9072106010573445,0.3244629407612672,28.300076166529994,109.83708546481179,90.7207721919588
363813,1810,0.43942541974401295,0.563095644199082,3.3774126229905623,1.925780856103493,0.7342088484410757,0.3266971712133374,32.26300387480765,110.33911532182066,73.42071943148618
363875,1810,0.39330243975169443,0.35774963181150865,5.173208669158363,1.799448877337161,0.5211649212482505,0.1992976361776056,20.497544025158582,103.1008261209735,52.11636094029426
366423,1823,0.21776505154258946,0.3924123836286365,3.4042998490558474,1.9442670016206605,1.032469269924285,0.3272282056561092,22.483573410589432,111.39829343941904,103.2464576150531
366424,1823,0.3409194145618949,0.45900538461270424,3.4935518993180334,2.0033642817304615,0.7714160419542883,0.32856050561109246,26.29907131208705,114.78431817041306,77.14138018365102
366425,1823,0.4636552307034953,0.5200335698226123,3.4940675666644743,2.0453373237351102,0.6426268084611532,0.33539476200536605,29.795728755957494,117.18919633060476,64.26254363227062
366486,1823,0.3555225019096611,0.4500400014073074,4.808053853947826,1.8307929763304438,0.725281573709528,0.21816875117076914,25.78539269270034,104.89671070592885,72.5279554071574
366487,1823,0.19445464557449463,0.380952555000808,4.8581649383004235,1.8028351013522395,1.1224711247867167,0.2126211101614817,21.82697359627166,103.29484246552333,112.24654101343587
368434,1833,0.2838828856391536,0.35951098065582404,3.9593044320088024,1.7875045443315996,0.7255971457460053,0.2586728748716624,20.598461880188097,102.41646625065601,72.55946153411088
368435,1833,0.40864292131075,0.4231647216453467,3.9771026817940545,1.8294452138573751,0.5933187810526266,0.26355741283902395,24.245552589106637,104.8194896044359,59.33173436506181
372717,1854,0.4645362735626427,0.4470885157881825,4.916961411424045,1.7368218822429333,0.5514377655707183,0.20238630139519584,25.61628502343093,99.51256361848773,55.14365903724749
372718,1854,0.2912105513792547,0.37692893062709343,4.997660440629603,1.7186214480822888,0.7416089855747359,0.19703170419145202,21.596436901311847,98.46975555577707,74.1606464407934
373057,1856,0.37424230597164143,0.3838607037880768,4.5836019891246105,1.8264943315205504,0.587683362071884,0.22831479810132418,21.99359824797825,104.65041650069614,58.76818074508147
373860,1860,0.17235890712196753,0.5450066217539322,4.492607527756686,1.7105742907076147,1.811718230457788,0.21815546222866775,31.226579233183156,98.00868740113067,181.1707824319388
373861,1860,0.2896758621318214,0.6144516732641672,4.598662064833564,1.764116818050086,1.2153406955746537,0.21979533742099602,35.205487592788224,101.0764482423181,121.53365420247991
373862,1860,0.40592225947750643,0.6853655094159427,4.577526500869603,1.7841114115039653,0.9673909037785178,0.22331286081592988,39.268551113367195,102.22205406030528,96.73885444237078
373924,1860,0.4461052391536233,0.3898129933752148,5.73603951612018,1.8391026953648426,0.5006585186373731,0.18370309698129456,22.334639319760928,105.37282253553943,50.0657407574828
375670,1869,0.35597420338631036,0.35794071530614135,3.1231918963137173,1.9085715729318924,0.5761229755336075,0.3501324904389598,20.508492302935647,109.35309602764242,57.61213732822699
378081,1881,0.28787425675524075,0.43599389219325324,3.0654111954051535,1.9509527635196453,0.8677611305005763,0.3646537181764042,24.98060991615522,111.78135937906023,86.77581462791159
378082,1881,0.40760036002479266,0.5013577040506076,3.156935477140503,2.0153509219857417,0.7047510890807467,0.365769596933303,28.725680468468795,115.47110206758224,70.4749377350496
378144,1881,0.4107217343431524,0.8803030566354976,5.851638786727478,1.7909212704493696,1.2280248253800736,0.17535639809884046,50.43764983767989,102.61223023695635,122.80218653672098
378145,1881,0.3310686597730502,0.8138694370323778,6.011490692997948,1.750599319636776,1.4085079040734847,0.16685038302336516,46.63128381664355,100.30195263366065,140.85036922021038
378146,1881,0.230810970939646,0.7494603214914386,6.153040278323428,1.7078258637437398,1.8604363258265313,0.15902904832508913,42.94091333397726,97.85121413580069,186.04283460326104
378147,1881,0.16811207007662293,0.6857295654138279,6.312852073775808,1.6781265683625786,2.337096178195221,0.1523076552087362,39.289409985552446,96.14956985594777,233.7082415284251
378148,1881,0.1614463341775301,0.6194812910733806,6.470802706006408,1.6456654111740456,2.198480470192025,0.14571558845040317,35.493663465819985,94.28968255093407,219.84669890424192
378149,1881,0.15002990908703248,0.5568187269769546,6.629442730656832,1.6042801559616868,2.1264667210224655,0.13865189834053387,31.903363009626773,91.91848209319413,212.6452689233505
378150,1881,0.1087715644885095,0.38834878641380816,6.741968821410491,1.558965245190692,2.0456398231956454,0.13248671299228934,22.250746440538652,89.32212895700421,204.56212046824706
378151,1881,0.10163195176503674,0.3613725882208432,6.821522209924865,1.511397106813571,2.0372650273780577,0.12694626301408532,20.705124136773325,86.5966753887009,203.72451825113868
378152,1881,0.10039950956831796,0.3567968416001828,6.901929486206729,1.4534193821372887,2.0361604572597187,0.12065437136781229,20.442953167288234,83.27479645897843,203.61403796838042
378153,1881,0.10029601778904129,0.35653924894604716,6.977603075983838,1.3932228199583703,2.0367899552652817,0.11440287806751075,20.428194195372686,79.82578750492958,203.67698507586854
378154,1881,0.10028881915774676,0.3565217569644305,7.065226561242395,1.3366979258947738,2.036836220963384,0.10840013248746223,20.427191978650733,76.58714963766141,203.6816114557014
378155,1881,0.10028832311341054,0.3565205733574192,7.133488323789423,1.27836432774393,2.0368395334544527,0.10267750815945764,20.427124162964382,73.24488065980593,203.68194269159343
378156,1881,0.10028828892176542,0.3565204932528237,7.168661984354798,1.216773851868488,2.036839770235237,0.09725107194179469,20.42711957330914,69.71600633394078,203.68196636875265
378157,1881,0.1002882865645061,0.3565204878313862,7.156235192837407,1.150000531586524,2.0368397871375543,0.09207380002208962,20.42711926268365,65.89017689770894,203.68196805892043
378282,1882,0.4257510456915229,0.7105934981781835,4.073763326533617,1.91667677247283,0.956286727907642,0.2695725811281264,40.71400839504707,109.81748975344952,95.62845042568804
378947,1885,0.4431855177291969,0.649768193337922,4.317141070780911,1.9385899406001803,0.8400313821360101,0.25728374339532983,37.22897514010343,111.07302180290729,84.00295056550364
378948,1885,0.36978441689420455,0.5845899624213263,4.439481787205443,1.9269027089495583,0.9057855105952364,0.2486853146343149,33.49453759245339,110.40339275513493,90.57830856005921
378949,1885,0.3035828028707905,0.5166959370349025,4.561552243344981,1.9179888019238764,0.975170372910978,0.24091067557761106,29.60449648365724,109.89266350359135,97.51671928379305
378950,1885,0.2162323277729796,0.44773891978083347,4.645829838483782,1.9093713964531207,1.1863882475396312,0.23547767806319392,25.65355042718829,109.3989225397641,118.63828157943163
378951,1885,0.146959122429287,0.3814180328599606,4.720604931889765,1.8865866925538266,1.4870558332653,0.22898220990635793,21.853643513057893,108.09345516887927,148.7045815681954
381962,1900,0.4743478740658404,0.4593376577284513,4.343502682415274,2.0083518234165787,0.5548271646893659,0.2649246274443693,26.31810915926502,115.07008325917313,55.48260067254218
381963,1900,0.3978043196798597,0.39437554167475275,4.406004222112504,1.9538413565965649,0.5680193098786439,0.25407797558429573,22.596054081149042,111.94686357109843,56.801789627483075
384577,1913,0.40484373778187155,0.43072187428790654,5.232962453453482,1.8133110410147437,0.6095819850466896,0.19853968057331184,24.678545540661457,103.89506959461853,60.95804943859279
384578,1913,0.2629556051491506,0.3647010506982193,5.336487914604646,1.8127350158249675,0.7946523970268647,0.19462625466363398,20.89583098899463,103.86206578235114,79.46494052561405
386121,1921,0.3410015634705462,0.5545111434784685,4.538090371513996,1.9680344476106062,0.9317009270936313,0.24847470699080498,31.77114821428949,112.76006778444805,93.16982221757901
386184,1921,0.40421826784579584,0.3636587377521005,4.760379320125525,1.7890611558371772,0.5154668157831025,0.2153308516226252,20.836110856250176,102.50565352026712,51.546555331941455
387993,1930,0.4557504344789557,0.48750544889644554,3.368555288552717,1.7515340743369547,0.6128793740032596,0.29791854738432866,27.932004711396967,100.3555101328609,61.28780426841801
387994,1930,0.34284761479217307,0.41681471660454633,3.3276611105985134,1.7187319686733433,0.6965696237463675,0.2959318402634757,23.88172410038198,98.47608791919379,69.65676123515486
387995,1930,0.22583631058688608,0.35006933181010197,3.3145079953459007,1.6786877318568312,0.8881430231222233,0.29018400921239523,20.057495249683658,96.18172215578527,88.81391297815232
391348,1947,0.43408236019429963,0.38410441730124767,3.3074599857773235,1.8495088242206132,0.5069904588348623,0.32039404840976593,22.00756200369325,105.96904980004439,50.698930255798025
391411,1947,0.4305312642396295,0.401958589155072,5.263300972293482,1.7751673641949886,0.5349328161651755,0.19324298237912216,23.030530697618648,101.70959789773558,53.49315860982746
393358,1957,0.49138146159030394,0.4031791125576052,4.82786123360164,2.205044821575548,0.4701125881409114,0.26168888362501,23.10046153738075,126.33976191345656,47.01116409938342
393420,1957,0.39696408396157723,0.6011911883672099,4.298606962834706,2.00626066059473,0.8677288021225834,0.26741283672045707,34.4457177738956,114.95026845520655,86.77266380745378
393421,1957,0.28673379494552476,0.5303622241344819,4.413853218982711,2.031625648267688,1.0597814604333244,0.2637232575653556,30.387517056077222,116.40357519626839,105.97778013599776
393422,1957,0.20805251326264115,0.46678082193010223,4.465376088293481,2.039878083918757,1.285472083435426,0.2617392182809512,26.744571054242478,116.87640492977795,128.54659666564174
393423,1957,0.1339366608857223,0.3937177077975399,4.521398396594978,2.0153878131032688,1.6842559119310434,0.2553927024092527,22.55836297636402,115.47321577291805,168.4243462756242
394965,1965,0.2571199657027258,0.6744250061214557,4.075931743139814,2.006732794847939,1.5028667587274696,0.2820884320909163,38.641706448844126,114.97731975527897,150.2860972197822
394966,1965,0.407994380946641,0.7438656046528829,4.186261345552163,2.0681934395409027,1.044631019869371,0.28306583186732037,42.62035967155724,118.49875530233892,104.46284850742288
395027,1965,0.4687947607686178,0.4579464617214552,4.455064377387307,1.3691167846249117,0.5596990652555537,0.17607964015427702,26.23839949958869,78.44461341952916,55.96978832865152
395028,1965,0.39010403626557333,0.39248805946722587,4.567930642571733,1.3487524511441156,0.5764592685471018,0.16917468529207064,22.487909316751715,77.27782305848258,57.64578056214207
395229,1966,0.48849500959926506,0.4888838817377787,4.80474733385713,1.806289316629568,0.5734138931145353,0.2153968710857593,28.01098309554758,103.49275442244387,57.341273101752115
395230,1966,0.360794077119579,0.42065627331905603,4.9219832013485965,1.7921225255791802,0.6680217317113458,0.20861724365345588,24.10182908688353,102.68105708601294,66.80198986998765
395231,1966,0.27558804839658985,0.354259044123501,5.086381112342289,1.7881244158414025,0.7365176924105279,0.2014241162974999,20.297548082615418,102.45198227200812,73.65150466141158
396774,1974,0.3796805995891062,0.5130079798760181,4.473286073818765,1.610759694315301,0.7741557340849639,0.2063130561398462,29.393192103428106,92.28973229404937,77.41537155141994
399990,1990,0.2997862546348845,0.685057463798261,4.478282142700281,1.6849126169846635,1.3092961896496815,0.21557011932210168,39.25090139957654,96.5383818015638,130.9291865906068
399991,1990,0.41668172347644133,0.7560365908522183,4.55799693094045,1.7512506156118963,1.0395873476834392,0.22013895674872022,43.317705813291134,100.33926914424889,103.95848777190845
400053,1990,0.40815660247042884,0.39518658364659576,3.353235878963582,1.4781412323566654,0.5547508645295824,0.2525657512406014,22.642523363143614,84.6912541383033,55.47495189626922
401262,1996,0.3920582789520022,0.3989034932441036,3.933045338762302,1.7648111260808332,0.5829614432335233,0.2570939823869115,22.855486595912485,101.11622916216194,58.29599711810562
402000,2000,0.31500977707549793,0.7610628264081929,3.212979187102975,1.8214040399169833,1.3842645430897724,0.32480373470645973,43.605687897487066,104.35876427532087,138.42601926929055
402001,2000,0.45136296114055796,0.8329442658792097,3.307000593441556,1.8870033974933054,1.0573350951653437,0.326934716887252,47.724191004501414,108.11733060321366,105.7332776057408
402063,2000,0.4891174105398943,0.3671753024925636,5.041594100279899,1.9598689669688332,0.4301133897672599,0.22273157606442948,21.03759517426323,112.2922202059787,43.01125191963578
404274,2011,0.39943254719713467,0.4297062344652588,4.438179099757193,1.8230660456442895,0.6163832472265718,0.2353532554812477,24.620353665318323,104.4539901890221,61.63817195145931
404275,2011,0.2643546618118963,0.36020629280018945,4.506093681688298,1.7589039900760053,0.7807049593657182,0.22364775811467236,20.63830033150443,100.77777520007554,78.07020356609469
405884,2019,0.3621199755318679,0.5831363127943068,5.584779612356198,1.5996248685168775,0.9226568800079137,0.16410988430644427,33.41124960393441,91.65175377018632,92.26543575627285
405885,2019,0.24924123310107432,0.5154902135446479,5.666722692132483,1.560275376094351,1.1850130920920028,0.15775819398177338,29.535413616405865,89.39719392839353,118.5008385173169
405886,2019,0.18216945758694078,0.4485576223873718,5.769901849330739,1.5078384257315571,1.410799458968265,0.14973006489245433,25.700458631219295,86.39277798206845,141.07917920200515
405887,2019,0.151982558052367,0.3805145903095924,5.88623820757873,1.4646356441145016,1.434498728852721,0.1425654855108884,21.801880067889257,83.9174409321858,143.4489384725239
407490,2027,0.4298446715661744,0.41426205000516975,4.014187338967889,1.6125788680110058,0.5521870595502442,0.23016853783062818,23.735467077733688,92.39396326901446,55.21857877794085
407491,2027,0.3119484372554959,0.3492293511944598,4.0168735768514745,1.5723142038044657,0.6414318802217418,0.2242713543223068,20.00936790553456,90.08696794646825,64.14298445791486
408834,2034,0.20039255686269974,0.35952211809099877,3.0444129125466146,2.0758014339831345,1.027937329747955,0.3906653410699308,20.599100008218212,118.93466127443779,102.79322514511655
408835,2034,0.3435894486642446,0.4213975859914546,3.1496938575476947,2.1326650025645955,0.7027079139207623,0.3879510482628131,24.14430317431153,122.19270376220821,70.27058891821892
408898,2034,0.3872300458888714,0.7820252237831411,4.058814877247637,1.8276939988110668,1.1571091684165786,0.2580042580958275,44.806744795547715,104.71915237326263,115.71062101360147
408899,2034,0.27738473369058725,0.7156696698735674,4.067674459557504,1.8030976098237197,1.4782662904855277,0.2539777552658091,41.00485160927633,103.30988309302558,147.82610144981578
408900,2034,0.23264180215963548,0.649886228789925,4.172445545955516,1.7649364933133813,1.6005608676992888,0.2423600519631425,37.235738073336115,101.12341217547619,160.05540565912543
408901,2034,0.2001412341923011,0.584430291583558,4.272713726503938,1.7184856565140318,1.6730878866309176,0.23044365090694563,33.485389127337946,98.46197527202249,167.30796107314583
408902,2034,0.18599171683384175,0.5365297413773745,4.402344694982158,1.6648523437740774,1.6528095247823538,0.21667774607191842,30.740889764169133,95.38901281071787,165.28007272258827
408903,2034,0.17855500851977935,0.49612389472040563,4.506179714135972,1.61502927047398,1.5919913939536328,0.20534991201664543,28.425805283072027,92.53436098825135,159.19825671911337
408904,2034,0.1678451549212287,0.48572568621842516,4.61541783385354,1.5491947711345149,1.6580776595186633,0.192316979811373,27.830031821411495,88.76232202974319,165.80678797481127
408905,2034,0.16751240420582592,0.4843765385030719,4.716186384790678,1.4927594222598977,1.6567566937028138,0.18135164211989407,27.75273135138204,85.52881472387925,165.67469023124798
408906,2034,0.16749460447691977,0.48434073147772155,4.842480631747433,1.4266253741242023,1.6568102709819663,0.1687969842954142,27.750679759952543,81.73961288358888,165.6800478234429
408907,2034,0.1674933713458807,0.48433832010813377,4.960613472816356,1.3637381551029883,1.656814220100215,0.1575136642252503,27.75054159865232,78.13644064835849,165.6804427257239
408908,2034,0.1484415875389885,0.4284561557595319,4.997201055269034,1.3082500483996524,1.6537634893732007,0.14999837977712088,24.548729431420995,74.95720632108576,165.37524600191477
410040,2040,0.4704450392604128,0.36978633891438056,3.338971984506405,2.0809505691131385,0.4503649591954831,0.3570850105412612,21.187196541388282,119.22968498552956,45.03640114538243
410103,2040,0.3994136926847963,0.4869380514788942,5.224255957606512,1.2508564954174544,0.698511218982439,0.1371846984687091,27.899495234064652,71.66879796394534,69.85094876337443
410104,2040,0.27454616351255634,0.42593052025402045,5.36209025489569,1.2310699500389868,0.8888858607694521,0.13154406012966885,24.4040211763668,70.53511242261506,88.88826555023101
410105,2040,0.15351163650839553,0.3686483523112651,5.486414502590216,1.2145453865785463,1.3759213188252906,0.12683752661842182,21.121994711887336,69.58832467803572,137.591244553553
411509,2047,0.4162825988236362,0.4412836593886164,3.612426331495467,1.8551816621870834,0.6073684250827799,0.294245666001265,25.283691251056286,106.2940794733847,60.736698064744175
411510,2047,0.29217068416866177,0.37522443701887986,3.6536072878523433,1.8626645593678557,0.7358293299239504,0.29210259669425037,21.498776611354184,106.7228179003733,73.58268366260846
412050,2050,0.3070727667680476,0.6527324054790264,4.024127918830645,1.8363883589463725,1.2179136287818813,0.2614660974387986,37.398811985370145,105.21730251458244,121.79097022514415
412051,2050,0.48737903642388325,0.7164856624711854,4.187159262402352,1.9013881263756907,0.8422931769932999,0.2601800117221476,41.05160454123376,108.94151485761428,84.229146606921
412113,2050,0.49639343810933884,0.4048420082384346,3.947550261858535,1.0248844491212368,0.46728534653329196,0.14875441572423773,23.195738441662805,58.72155342323722,46.72844145879324
412653,2053,0.3655139901883729,0.683369515775793,4.551219023967095,1.867000462880338,1.0712090120124809,0.23503867002149625,39.154189101851664,106.97124687201449,107.12061106351082
412654,2053,0.47260504174899287,0.7524998037374326,4.614805393527496,1.9300439304936754,0.9122852724282067,0.23962737715354138,43.115062838577664,110.5833714921284,91.22833614022359
412717,2053,0.4571431505196451,0.42156625750220506,3.179133797043314,1.6173879339985189,0.5283676849183363,0.29149292882291167,24.15396734000163,92.66950245349888,52.8366540675306
412718,2053,0.32598779507082143,0.352460338682577,3.135607285875999,1.5961981616727767,0.6194860524882508,0.29166732087488884,20.194489852263253,91.45541793039075,61.948417116226274
413922,2059,0.4058209551796582,0.43346000749956115,4.460212932540048,1.8572457745603845,0.6119799406233029,0.23858130939419853,24.835429017433867,106.41234440081558,61.19784477022485
413923,2059,0.315449129934424,0.3683779981850771,4.566662723965799,1.8466170895053913,0.669093742524404,0.23168640157822326,21.10650456148282,105.80336560539071,66.909164265903
414261,2061,0.29868221207995993,0.777711133750729,3.4904892253099336,1.7924567844971873,1.4918720415948306,0.2942286934231448,44.559565644251045,102.70020871127936,149.1867096712556
414262,2061,0.40883095083055854,0.8363231500740154,3.5841597256262503,1.8479313023589823,1.172068443910904,0.29540721470323483,47.91778680832724,105.87866445528331,117.20656057086619
415266,2066,0.3642338471184028,0.4472826885063352,4.70583263822745,1.7723938475507648,0.7035976969144543,0.21579748939406812,25.62741030067766,101.55068709961226,70.35957845172044
415328,2066,0.48562922422813526,0.5165010784616172,3.982383831610514,1.90452613114451,0.6093811867986497,0.2740100242141146,29.59333190980605,109.12130928695956,60.937994452140906
415329,2066,0.3899265098048388,0.4469317905847037,4.031191068907278,1.8935096530887572,0.6567213059410506,0.2691266910093344,25.607305330728266,108.49011158926643,65.67196385693559
415330,2066,0.2823574508709657,0.3802716597235517,4.0581312081864835,1.8837526733865464,0.7716446062160669,0.2659625133555136,21.787961170594485,107.93107783153494,77.16419006899608
416070,2070,0.38662707505231847,0.5922973822921157,3.0897170669272827,1.9822570787371863,0.8777486506769862,0.367590176361787,33.93614022198489,113.57496452157248,87.77464031134485
416133,2070,0.47591744629468913,0.5314092785831056,5.140646131188274,1.7627419720972286,0.6397644897070259,0.196468834068382,30.44750885690376,100.99767537173872,63.976315887639785
416134,2070,0.3823049211117757,0.4688667375704916,5.301833481551164,1.724553389771589,0.7026873846155749,0.18636879286449043,26.864085216857116,98.80963077889169,70.26855649720058
416135,2070,0.3001521980468395,0.40795100345781166,5.511200848535865,1.6885826784963829,0.7787339263088782,0.17554914676515979,23.37387074625946,96.74866083673872,77.87313577985573
417477,2077,0.43511997206244885,0.7602125875733721,4.940245349966658,1.6962866398144927,1.001033613630329,0.19673125163656732,43.55697280067371,97.19006530579847,100.10313360492859
417540,2077,0.452958092078217,0.5331951236771477,3.593418159748032,1.5457582014722684,0.6744515685554766,0.24646566836473674,30.549830243656515,88.56542109209377,67.44500944553548
417541,2077,0.2811871120561532,0.46440928626632766,3.494226485042642,1.5453073623384537,0.9462983893134932,0.253388239251521,26.60869206974344,88.53958991248686,94.62950576100349
417542,2077,0.18564832785902455,0.39725887345906175,3.478532081259525,1.546460462747493,1.2260415086834793,0.25472140366885854,22.761256823325873,88.60565769927962,122.60349706523019
417943,2079,0.40555273888332893,0.4059146708114348,4.403469713364172,1.8467985359746377,0.5734691120692684,0.2402963307794615,23.25719747993736,105.81376172228607,57.34677121699048
420894,2094,0.29801259505014527,0.4093055696321001,3.1666472159031915,1.8422036174074035,0.7869291860044407,0.3333193903563796,23.45148167111737,105.55049228117726,78.69265718287552
420895,2094,0.46336628610386493,0.48259101144749983,3.3106087333072307,1.9020749149813532,0.5967293784503785,0.3291867852595192,27.650428186891336,108.98086494613642,59.67281035177228
421963,2099,0.47476318972139236,0.6470577318436678,4.152506901481782,1.5651197107840211,0.7808877595758489,0.21595329224548085,37.073677135949936,89.67475386066045,78.08861312329816
421964,2099,0.32631777798446615,0.5803246239959459,4.121797175981423,1.51140859738836,1.0189500213229854,0.21009605723606503,33.25015170248412,86.59733375014048,101.89469299884097
421965,2099,0.23057459550608683,0.513196357147669,4.142390478100624,1.4529970413583766,1.2752482113765848,0.200972357275286,29.40398532604989,83.2505981148305,127.52427359674182
421966,2099,0.16416438421829385,0.446615856975594,4.225195250657123,1.3918651774334547,1.558754795165466,0.18874394057178231,25.589203668319946,79.74800031816443,155.87453950884975
421967,2099,0.13687388128937772,0.3946752815900187,4.3189288281773,1.3298218538692401,1.6521213578590148,0.17641684451352493,22.61322791324539,76.19317973097036,165.21094082585557
421968,2099,0.10609377925605235,0.37001724383586787,4.430525121264212,1.2734799766317875,1.9982721483999486,0.16468708740762789,21.200426418858306,72.96502795542013,199.82535019647437
426586,2122,0.4056054075380794,0.35738622943575304,5.254218970863462,1.869749566655214,0.5048434196725281,0.2038909289961743,20.47672260276276,107.12875891575835,50.48421874558368
426987,2124,0.43332442858981374,0.45482836628899215,3.783449704214034,1.738413386961227,0.6013910933802138,0.263261725794108,26.05974579118954,99.60375012192112,60.13897194078061
426988,2124,0.3372491360902846,0.38625746784303466,3.7861011191561693,1.7019228424561597,0.6562187916375436,0.2575551803904925,22.130922712815998,97.51299592964646,65.62168653029504
429336,2136,0.3612247920511594,0.514955701451088,4.336513397013315,1.809337323592024,0.8167985188671373,0.2390570087703658,29.504788329346187,103.66739235731909,81.67962802935043
429337,2136,0.4721525428584721,0.575740750479618,4.367407790496214,1.8687948162563583,0.6986622204299457,0.24516615035410708,32.98751509617674,107.0740557474155,69.8660755492091
429399,2136,0.46010169483232916,0.4250949563851192,4.584253618852776,1.7033399356900922,0.5293644130712586,0.21289003029169357,24.356146893165135,97.59418939112734,52.93632740412663
429400,2136,0.30152783697950625,0.3573408428812416,4.610023220136489,1.6367786908503588,0.6790126467534576,0.20342741522345245,20.474122144742612,93.78051098267369,67.90104173729215
429801,2138,0.43772947872474666,0.44946929061579044,3.8126112036174673,1.8140519945602782,0.5883243883808266,0.272615059029256,25.75269337302385,103.93752310559292,58.83230577877498
429802,2138,0.2688933379072901,0.377973099258071,3.734572753347025,1.7744660192729214,0.8053848682204489,0.2722384064692833,21.656263356966814,101.66941379371819,80.53819029998878
430404,2141,0.42725753209982825,0.3655334835735641,4.297152002176172,1.9527427214374646,0.49018504802862894,0.2603676018354232,20.943525879479825,111.88391641325731,49.018391222170855
431750,2148,0.4521082435883489,0.4063997580131582,4.329500122978288,1.777690829949372,0.5150313170458782,0.23525621597600335,23.284990929291922,101.85418183520754,51.5030189263133
431812,2148,0.410326584376663,1.0542622750361292,4.160553863721592,1.8343417510439277,1.4721146444624915,0.25261069489635724,60.404778859430614,105.10004051945423,147.21110926820276
431813,2148,0.31275913809637634,0.9907285979867531,4.216422303263807,1.8060615720565885,1.8149610539948857,0.24542063847372203,56.76456730755418,103.47970561960514,181.49553089806577
431814,2148,0.23910511832478457,0.9097821712603567,4.233385816057362,1.77197937402893,2.18007363767879,0.2398244423911753,52.126678689466694,101.5269395160912,218.006461125606
431815,2148,0.2258427028952609,0.8454180941873034,4.349089764568137,1.7429044168849188,2.1448063610266015,0.22961371771667277,48.438888720926,99.86106718221562,214.47969591337426
431816,2148,0.21106208193932696,0.7820424722680377,4.4860522915471055,1.701199277180434,2.1229645100748815,0.21727686647685793,44.807733060935284,97.47153869314516,212.2954552223202
431817,2148,0.15333686009773853,0.5427303469348672,4.608172766556112,1.6610925197206816,2.0279635467463115,0.20653216659960805,31.096158293038826,95.17359076074652,202.79504535421282
431818,2148,0.1123644141692029,0.4088811182842521,4.732250630811807,1.596409901578653,2.084927019694372,0.19328551396774898,23.42716240027704,91.46754973335196,208.4908650361025
431819,2148,0.10945612261032703,0.39801099591082223,4.861929828189486,1.5363606478990945,2.0834237170313856,0.18105358132313737,22.80435026548878,88.02698093460282,208.34048732190263
431820,2148,0.10926806693663078,0.39730510842626915,5.032954627226333,1.4936743167484385,2.083308000836744,0.17004173588962912,22.763905891812783,85.58123431677242,208.32891256419737
431821,2148,0.10925528321323295,0.3972575882126155,5.204257364093274,1.4384053821664984,2.0833025581383957,0.15835988058027492,22.761183184128868,82.41455762704261,208.3283680784417
431822,2148,0.10925440907546954,0.39725437321836904,5.347762288100119,1.3736243888483801,2.083302366269029,0.14716974265144459,22.760998978527386,78.70288011724925,208.32834887657543
431823,2148,0.10925434926430748,0.3972541556343092,5.496302347842532,1.3096231417028577,2.0833023657038554,0.13652065313541265,22.76098651187907,75.0358787722371,208.32834881902514
431824,2148,0.10925434517061056,0.3972541409083395,5.602622212088881,1.2475086503218589,2.0833023665372257,0.1275777265290157,22.760985668143157,71.47698056950414,208.32834890229068
431825,2148,0.10693033752925361,0.38951380544529274,5.610719415875137,1.189411378864361,2.0871060115080615,0.12146080910672907,22.317497114095136,68.14825211376365,208.70866885013623
433557,2157,0.2689732759624752,0.39121598586234785,4.349557449177088,1.8807934413513698,0.8333550593232281,0.24775285149516632,22.415024867962213,107.76152632531941,83.33519920354522
433558,2157,0.4445315330585363,0.4630410547874235,4.502814490624403,1.9503470304634085,0.596814750154001,0.24817067950707375,26.53029818060529,111.74665343142631,59.68134210125801
435969,2169,0.41426330527083977,0.44430743265230566,4.5226908696657535,2.112004941557676,0.6145111034180464,0.26755967339287184,25.456940697270177,121.00896946202893,61.45096348725197
436830,2173,0.18068176607766076,0.7311703954368151,4.286286195755111,0.5075763167489509,2.318605598908575,0.06784890073710553,41.89297776344097,29.081980730510324,231.85928947664328
441661,2197,0.44080365239870756,0.4477377725074692,6.384339810028942,1.6942280209417877,0.5819707702442579,0.15204722472358376,25.653484693266567,97.07211513276648,58.19694632002887
441662,2197,0.2980322020592731,0.37598340169211286,6.571110206130947,1.683900303106105,0.7228165685541939,0.14682508330470112,21.542262083929963,96.48038048877989,72.28141675183431
444273,2210,0.42641649828938516,0.37702321040941483,3.988914481942162,1.7521153329264108,0.5065901135392327,0.2516695055750974,21.601838734932276,100.38881379684246,50.658893740501114
444612,2212,0.35651193464559255,0.7181028506840913,4.817108618648993,1.9717063471380865,1.1540780952350127,0.23451921233059772,41.144262600511574,112.97045213016875,115.4074890478037
444675,2212,0.38224740870928064,0.4590042681207254,4.327917030700689,1.677248004559214,0.6880100702997969,0.22204499521188503,26.299007341808807,96.09923185798202,68.8008288395794
444676,2212,0.28520189719800465,0.39145777816419486,4.4003321308285654,1.6697131913028396,0.7864210575143629,0.21740976771121354,22.4288785463768,95.66751885897254,78.64183276793767
445617,2217,0.1744135800790959,0.43291277714088877,3.9354911349325454,1.8814505100551453,1.422141188436747,0.27391542661124085,24.80407502746051,107.79917358889588,142.21331161771005
445618,2217,0.31935977770934454,0.5017283597392224,4.032859354562115,1.945462427240881,0.9001420523626492,0.276396413080183,28.746917475078934,111.46678628217947,90.01392619741794
445619,2217,0.49582239300681763,0.5720778067241994,4.083614832151957,1.9986266354505395,0.6610762982798654,0.2804203517229907,32.777643878397456,114.51287103374767,66.10749783229119
445680,2217,0.4614654492478308,0.45378452622328885,5.231534362607626,1.452818774917639,0.5634211107222821,0.1591127540631197,25.999938160938083,83.24038420014743,56.341990199540604
445681,2217,0.30478251376957227,0.38854969129940764,5.307663771466803,1.4179742058470048,0.7304309042141214,0.15306911062666403,22.262257442567062,81.243937453448,73.04285316232085
446019,2219,0.33500642009148174,0.44978641346518966,3.576830955077891,1.856413428319442,0.7692647322275046,0.29737120795642563,25.77086317388159,106.36465447411601,76.92624589283498
446020,2219,0.46556499340689483,0.5208637398856046,3.666919605861535,1.9226977505362317,0.6410123995244248,0.3004223651604123,29.843293996845066,110.1624663850233,64.10110364474723
446083,2219,0.4226984462224105,0.542890547667844,5.891274939023086,1.7945157516893961,0.7358753423633669,0.17452619293994848,31.105337118913294,102.81817884154883,73.58736188773405
446084,2219,0.2667156128660284,0.47565981738180185,5.931064934959749,1.7741012780607885,1.021811160781912,0.17138324500734048,27.25330001994072,101.64851566164849,102.18073680183558
446085,2219,0.16610534521391754,0.4076614031931952,5.961162981138824,1.73668523599834,1.406172476695322,0.16692168040581756,23.357277873351066,99.50473436538623,140.61640958550228
446220,2220,0.2104394932582292,0.6641083715048691,3.4879217666115196,1.7926615730737914,1.8081494318984135,0.2944789155569735,38.050606826535144,102.71194223241126,180.8140925608061
446221,2220,0.3475390269988814,0.7329911207589535,3.581122931649487,1.860503314762588,1.2084195779188764,0.2976691653509552,41.997297640052096,106.59898770599604,120.84161356236321
446222,2220,0.46018732647331106,0.7971399800455488,3.5801114438511865,1.8982151771662426,0.9924818202901904,0.3037886380389327,45.672756537752605,108.75971825930353,99.24796851708369
446422,2221,0.42916103153836044,0.35707994310407887,4.717598748974995,1.6862658210698127,0.47672485869867914,0.20479892339435565,20.459173688635282,96.61591468446272,47.67237589797491
446485,2221,0.39443567548063635,0.40743764288944034,3.1546596902326884,1.5993055238538312,0.5918444555511541,0.29047017864407004,23.344457352323346,91.63345666878374,59.18429700756712
446974,2223,0.48260556120495346,0.796926823913035,4.225112201972586,0.5802113321453515,0.9461254969970305,0.07868113055882911,45.660543590982236,33.24366055759183,94.61235561526298
446975,2223,0.38184006504639295,0.7883313034547476,4.32358753161705,0.6104620755793917,1.182905082461975,0.08089786582744624,45.16805654600401,34.97690048349542,118.290201554189
446976,2223,0.2873871712247077,0.7830215632670067,4.435459570513902,0.6460935116542665,1.5610936664518964,0.08346019328235409,44.86383084293546,37.01843138857594,156.10882887680373
446977,2223,0.2305335492957281,0.7432489713462883,4.53155420041691,0.6950206171963171,1.8472377434191334,0.08787657874286563,42.58502918558218,39.82174803992658,184.72298107020134
446978,2223,0.21087935280198541,0.6614479411282348,4.6427627629098,0.7213641572848637,1.7971495593834748,0.0890226869776725,37.8981753942656,41.33112170443399,179.7141122475815
446979,2223,0.19889067909637942,0.5820671976687657,4.724549407265825,0.7485361332157461,1.676800154443952,0.09077682855759943,33.349993819427304,42.887961246304606,167.6791808030666
446980,2223,0.1407036271605818,0.504450397416299,4.777568517885276,0.7722310115758493,2.0541671366081915,0.0926110792847153,28.902878745651023,44.245577772414386,205.4152683455468
450505,2241,0.4793417494061993,0.3492644627307148,4.651639441825732,1.673406385139002,0.4174762422778263,0.20611899153335408,20.011379648374195,95.87912327870838,41.747538005245545
455265,2265,0.2078430757034429,0.6335369224895477,3.1462224988373566,1.9127376764293742,1.7464613605742174,0.3483281804361668,36.298991824357856,109.59179617506283,174.64530418538442
455266,2265,0.3417347186944775,0.7078251868746042,3.2363608936906063,1.9771246989866333,1.1867507875452576,0.3500255509014052,40.55539584097361,113.2809008230074,118.67473495573172
455329,2265,0.3315330664342587,0.4810775165219783,5.642236146537388,1.795018901668771,0.8314015485815404,0.1822805787607192,27.563711315344484,102.8470072118291,83.1399065918018
455330,2265,0.19547555181873316,0.4155312545797146,5.739276159050593,1.7656814348206207,1.2179623335868155,0.17626977897556076,23.80818714319381,101.16609417982512,121.795616516048
455732,2267,0.3708125867581783,0.3741946683556804,4.100463145182332,1.7661051547917581,0.5781835730639906,0.2467779070712492,21.439775213078025,101.1903715458667,57.81820294265464
459340,2285,0.3329660521862326,1.1044056661238613,4.400764552233993,0.30066224882450543,1.900427422655448,0.039144738767418745,63.277783539231564,17.22667791655636,190.04217721770118
459341,2285,0.11740564968318473,0.38250363799764525,4.483072055926616,0.2886029219933768,1.8666769698159458,0.03688481724628713,21.91584410566494,16.535729385363812,186.66612295643918
459888,2288,0.20347588066706712,0.521536235422125,4.285265043713639,1.8520152432741157,1.4685683426604352,0.24762215569733154,29.88182515282907,106.11265703350125,146.8561197462148
459889,2288,0.35541300008781973,0.5914236381776548,4.386115380680529,1.9122347344798216,0.9534281922735158,0.24979502353451327,33.88607837185188,109.56297972401337,95.34255365145697
459951,2288,0.4258963378189249,0.4096685081246087,4.880401962655319,1.84750047552316,0.5511265037882054,0.21689602718994253,23.472276514960953,105.85397989588972,55.112522269252736
462363,2300,0.4694252356826797,0.37584939711888027,5.035045491942154,1.8596286275551912,0.45874363139823865,0.21161451625316857,21.53458418744828,106.54887182061812,45.87426639273975
462501,2301,0.384371774552273,0.6562481702921082,4.063338253742662,1.9310712168035225,0.9782260816755362,0.2722939206152229,37.60025047092034,110.64223066203421,97.82235621323089
462502,2301,0.4802729036227004,0.7204389214486754,4.140911333428809,1.987603489949807,0.859471946577316,0.2750150434887111,41.27810959596614,113.88129131959708,85.94701749273872
462649,2301,0.4858854391911337,0.368530791152354,2.754962098970385,1.7191987194269438,0.43457277818873136,0.357546952993387,21.115258953647064,98.50283076745966,43.457189274098944
462650,2301,0.37852644664842006,0.3520979755186172,2.7631533729465785,1.7365899074537574,0.5329542392080391,0.36009319300259124,20.173727972317348,99.49927244211452,53.295284532048484
463168,2304,0.41077706265563957,0.37251360512790227,5.293926506279631,1.770994672780045,0.5195873578592892,0.1916734582136936,21.3434573850317,101.47052029044883,51.95861056223003
465114,2314,0.29988380316427454,0.430464030128435,4.384985363417128,1.705715424828366,0.8224442626064973,0.22287484807930022,24.663772158551637,97.7302948930296,82.24415474978576
465115,2314,0.41565479300806196,0.49475928660473145,4.442669358172125,1.7721932356428733,0.6819990721195822,0.22855446685141664,28.347618997354598,101.53919288397002,68.19974477489065
472350,2350,0.23579947874933924,0.39267068663049715,4.392611716390216,1.8723824228975094,0.9541315463303628,0.24422739169498003,22.498373082431605,107.27961046650657,95.4127540442691
472351,2350,0.3694571343672704,0.45988553141895333,4.474865873265134,1.931992818798463,0.713195032527061,0.2473706194876288,26.349500009437044,110.69503456673515,71.31931214496844
472414,2350,0.4125335033875296,0.40557094278175104,3.893572960730163,1.8044573865550135,0.5632876496195612,0.2655344932226106,23.237503314536134,103.38779256080882,56.328629784227104
478131,2378,0.48149574097112646,0.8098542310914665,3.772799715953315,0.7109105334351273,0.963689282174704,0.10796272300654534,46.401229462353484,40.73217317722679,96.3687300744077
478132,2378,0.3857607298695528,0.8071623187023792,3.77779430795313,0.7470278902848984,1.198851761308797,0.11329771207628148,46.246994243639804,42.80154529188659,119.88486846343844
478133,2378,0.31759379385814246,0.8011532295905274,3.823620990042191,0.7701684903376669,1.44532727783681,0.11540736911378906,45.90269879881268,44.127404010310435,144.5322772492161
478134,2378,0.2770906683987533,0.7937507065192133,3.929379433393906,0.7852070457149254,1.6412881780032764,0.11449403248402736,45.47856546907816,44.98904976340112,164.128231396808
478135,2378,0.23917284157944269,0.7838106910872498,4.016234308451132,0.7873559937393697,1.8776815278139933,0.11232456036826145,44.909044536531745,45.112175415594756,187.76737556232712
478136,2378,0.20533976003657667,0.7464355118564374,4.0932791285537276,0.7957039565764927,2.082772592004125,0.11137886498940891,42.76760450806118,45.59047845369396,208.27625504280363
478137,2378,0.19612857298530934,0.7188785971115502,4.145821037262588,0.8009058382493994,2.1000870433996095,0.11068621582057273,41.18870959677732,45.888524319077966,210.00764428249929
478138,2378,0.16680737705774457,0.6146383107271942,4.2079953999800574,0.7955190759982145,2.111188344406338,0.10831733672699202,35.2161811317187,45.579885576844674,211.1175814601194
478380,2380,0.18897996549238988,0.4716179891392297,3.6940544157491146,1.8298900490170587,1.429872146491664,0.28382087727471245,27.021720320124558,104.8449767816648,142.98646559307954
478381,2380,0.3170219542328868,0.5457869185570718,3.7722099316037787,1.8937512211958576,0.9864075829079929,0.2876402801063005,31.27128694677061,108.50395242226824,98.64045025521575
478382,2380,0.4547360370745722,0.6186554801106955,3.808796472776093,1.9363996167156747,0.7794928115115898,0.2912928689949136,35.446347982982495,110.94752548855841,77.9491114491509
478444,2380,0.42352676494315583,0.42345375566850973,4.765487038649005,1.7229983201547916,0.5728590127985637,0.20715727657047564,24.26211301876957,98.72053185300017,57.285767373541454
478445,2380,0.27574791187088465,0.357271247260065,4.7537550283993975,1.687333836177268,0.7423495513761831,0.20336998154437416,20.4701346093766,96.67710744257612,74.23468861759802
480654,2391,0.42990786629589767,0.5314367679668206,5.199657146065559,1.7538296394378854,0.7082699704160457,0.19325704235618793,30.449083882572044,100.48703632474175,70.8268339402299
480655,2391,0.2743725298463323,0.4675613820422014,5.271640711112517,1.7232558975219385,0.9763839292855576,0.187295180328979,26.78929385432202,98.73528994903577,97.63804062777423
480656,2391,0.17979859185434927,0.3999090428637332,5.427945053674875,1.7040545655685633,1.2743758910744827,0.1798749499520098,22.913100345208246,97.63513466707768,127.43688741946379
482200,2399,0.3149768015283827,0.3509261934918465,4.99847205340148,1.8607871035042671,0.6383514300659014,0.2132956756601646,20.1065898076741,106.61524760316759,63.8349423677157
482201,2399,0.48959578486002503,0.4188719072249803,4.998416781175111,1.8824234739277363,0.4901919643212664,0.2157781650038386,23.999592440586746,107.85492031241405,49.01909731177707
482262,2399,0.4786916252267248,0.9331550327348562,5.1031274771341755,1.7727929474611273,1.1169162164652444,0.19904177212143678,53.46584500709944,101.57355384008008,111.69139065339942
482263,2399,0.3706122879426642,0.8678857195725602,5.159786861468774,1.7467457388857404,1.3417306740014097,0.1939637454291296,49.726188831182206,100.08115872061344,134.17270899060455
482264,2399,0.28155680674819206,0.8020609329293976,5.199821573967305,1.7168521956918323,1.6321645804895952,0.1891764616774763,45.954706369179874,98.3683848609105,163.21588415511042
482265,2399,0.2273508564020522,0.7368188250599431,5.254417913673354,1.6798810135617437,1.856892371241995,0.1831793617473782,42.216608941722875,96.25009216124693,185.6884285434047
482266,2399,0.17076973130720385,0.6128201209107053,5.276876001404376,1.635214115820463,2.056102343430734,0.1775498746497825,35.112006528880215,93.6908674367291,205.6090423698914
482267,2399,0.11664918722397966,0.3615249607404854,5.320771219368782,1.60684478751599,1.7757391334026629,0.17303022567309992,20.713854439062594,92.06542465726177,177.5724062858981
485013,2413,0.3733831054561516,0.6645109552011044,4.410273719322175,2.1444122618422408,1.019694560283388,0.2785899009460048,38.0736731732302,122.86577213966318,101.96918566396069
485074,2413,0.445502809941914,0.5253403741677701,3.923881522139505,2.070181018528714,0.6756362676124301,0.3022839354813946,30.099786247636725,118.61263518978939,67.56347662113421
485075,2413,0.33714569848105674,0.45291613953791204,4.017043500497696,2.0061634025612425,0.7697023161230214,0.2861425216828751,25.950183268880636,114.94469598036396,76.97000559635823
485076,2413,0.24514380582023265,0.38485509830632014,4.095807531522995,1.9402997667779025,0.8994953751235778,0.2714262974994515,22.050572857044543,111.17098762659175,89.9491742574977
489435,2435,0.2458052414373052,0.3720628837001958,3.355709095236925,1.9841425169674651,0.8672570185069971,0.3387748717470362,21.317632949488008,113.68299217470009,86.72535255751525
489436,2435,0.3879628632237211,0.4352148650564834,3.441025194148539,2.0438892447599977,0.6427412690778963,0.34032365521689467,24.93597494909215,117.10622751692918,64.27396289409745
489498,2435,0.49774560394379297,1.1014183411876426,4.194024764263701,1.5993016698721187,1.267848890286319,0.21848520403169136,63.10662242835205,91.6332358518973,126.78463685807134
489499,2435,0.3688313673825325,1.0399242984351074,4.199911686230336,1.5749473997116068,1.6154610742794284,0.21485651481570972,59.58327331343473,90.23783895857856,161.54567381457133
489500,2435,0.31350475376933096,0.8099845696700957,4.264563085047924,1.5489266599146667,1.4803187280102397,0.2081032884504866,46.40869731281667,88.7469603884058,148.03140534053145
489501,2435,0.21878819815399173,0.6995869868884788,4.330615782929736,1.5159413312253136,1.8320631668947913,0.20056510302867062,40.08338175098389,86.85704026865406,183.20548769858263
489502,2435,0.19936059181343155,0.6477188151429654,4.43372373267212,1.4821143843222444,1.86152901231892,0.1915295221486129,37.11155441890627,84.91889897729507,186.151976824284
489503,2435,0.1722866330602713,0.5799270064737937,4.53888734425544,1.439831022426508,1.9286097463156426,0.1817543251424837,33.22736989660435,82.49624079704509,192.85986641293303
489504,2435,0.15148189088001895,0.5021265080097524,4.609915037974209,1.4024559920316126,1.8992189511397648,0.1743086552789204,28.76972969060074,80.35480929624441,189.9206539000343
489505,2435,0.1482435815907186,0.4879045279230529,4.7247946053243615,1.353483902196973,1.8857388677207405,0.16413182275323143,27.954870255313757,77.54891523478403,188.57262744680293
489506,2435,0.1442600682121535,0.4812083545699404,4.847774744351362,1.3016165730937526,1.9112153635980524,0.1538378739969571,27.571207783292444,74.57713618255345,191.1202247771077
489507,2435,0.14257534227281327,0.47769603518523757,4.976940389958856,1.2504823138056618,1.9196843121857035,0.1439586436225166,27.369966706246988,71.64735893681822,191.9670982572678
489508,2435,0.14250082090505373,0.4775121252454952,5.096521785989775,1.1957229992771086,1.9199487658509473,0.1344247784424469,27.359429442889244,68.5098813253027,191.99354274299634
489509,2435,0.14249561194239907,0.4774994953726086,5.265399570977091,1.1377402919403634,1.9199681668491015,0.12380393151105962,27.358705804477054,65.18771691016498,191.99548278057426
489510,2435,0.1170287931107307,0.39881527206454276,5.3337198410378575,1.077547173780495,1.9525476880285006,0.11575205861601227,22.85043189465998,61.738905283872235,195.25311706771512
491909,2447,0.4693462327076023,0.4710674851271827,3.150833572722205,1.7614253517775156,0.5750590141709911,0.32030329731665763,26.99017876362925,100.922238584198,57.505780119180564
491910,2447,0.34921074628272764,0.40486024947824606,3.070611421883245,1.7226638946084987,0.664263146835504,0.32143881721987017,23.19678358771709,98.70137068063623,66.42612636785874
493053,2453,0.22377768799721576,0.5931500531226704,3.9888132725300176,1.9041558315764058,1.5186944439080088,0.27351516593264014,33.984994661889594,109.10009268455167,151.8687725182857
493054,2453,0.34290142002000557,0.6602395453432146,4.088385124897797,1.9633018741009542,1.1032015647644144,0.27514264822049755,37.828939415802544,112.48891129610958,110.31983796905119
493119,2453,0.38802444512478995,0.6788040466253529,6.3419381101245715,1.9136872171577766,1.0023236029163751,0.1728906822716245,38.892606988034274,109.64620085127606,100.23210456089114
493120,2453,0.30362596086988686,0.6089886183806038,6.465810378340013,1.8613628640805637,1.1491927882435398,0.16494179360180639,34.89247760471171,106.6482362541994,114.91890412085036
493121,2453,0.2428830867752752,0.5386477124731379,6.551721256445383,1.8140130849783018,1.2706623465708693,0.1586381494632064,30.862240569087074,103.93529375076305,127.06571673277999
493122,2453,0.19947441998603718,0.4741728031256576,6.6363195424243,1.7614224719292073,1.3619841089852762,0.1520753676549175,27.168100378987873,100.9220735810443,136.19773494343102
493123,2453,0.1345227291138458,0.42187322235025887,6.726358428035024,1.7145685884560895,1.79683786469719,0.14604863048739802,24.171555130253985,98.23754380423689,179.6824641234699
493124,2453,0.12771240595785205,0.41756518990778646,6.8088429521099485,1.6605608127861133,1.8733278885892015,0.139734646146068,23.92472305329488,95.14312619745792,187.3313367054866
493125,2453,0.12724149108729038,0.41732686427709126,6.86345203309159,1.6133624173752974,1.8791878275707192,0.13468274675813158,23.91106800050625,92.43885734062853,187.9173206700494
493126,2453,0.12720918256744998,0.41731110676816163,6.89917225279185,1.5574329044238517,1.8795941298873577,0.12934063522307016,23.910165161748946,89.23433229828842,187.95795021417555
496068,2468,0.25053498658971735,0.3834673861998797,4.631976137722085,1.7992333495503994,0.8769658175199644,0.22255830773032184,21.971062810166295,103.08847728842426,87.69623521648624
496069,2468,0.40940536148992823,0.44903201923571295,4.7137848266345275,1.8645228726053706,0.6284148025418977,0.22663166671427554,25.72763956844355,106.8292914058962,62.84132829498419
496735,2471,0.3762503763415617,0.400463405573497,4.554951153407453,1.745638496574999,0.6098296193633063,0.21958022121688067,22.944862988797148,100.01771840930965,60.98280147676525
500491,2490,0.3965176552233737,0.3765285359233717,3.321713046128123,1.8632901845781586,0.5440740190603115,0.3213964053503206,21.5734959746492,106.75866358448064,54.40726606544162
500492,2490,0.49856925954113346,0.4422517244839415,3.301489293865272,1.9171062852012875,0.5082374474991943,0.3327046944887505,25.339157295312344,109.84209902003728,50.82364383032717
504512,2510,0.41437052484379633,0.4120297577952856,3.9977114435188494,1.8715044827627754,0.5697211594537399,0.26822673284170173,23.607566155467396,107.22930820212116,56.9719798298559
508393,2529,0.466260816802201,0.5247936407200641,4.918483050003438,1.7976180439806795,0.6448849871173136,0.20940587949607242,30.06846072856453,102.99592709665534,64.48836178519903
508394,2529,0.36180923582093516,0.458927407641533,4.960731723373524,1.7803439569235229,0.7267532232648727,0.2056273152750589,26.294603560739727,102.0061948133387,72.67512346929092
508395,2529,0.2645876667782571,0.3919567747104688,5.001345343057837,1.7578146381658444,0.8487722941567994,0.20137653535891328,22.4574689424699,100.7153599332188,84.8769118342123
512412,2549,0.4565837678997908,0.5096322604335666,3.3197688731878405,1.7817495167419337,0.6395272683771089,0.30751154990270596,29.199777626555377,102.08672745878681,63.95258817079946
512413,2549,0.3345757347445391,0.4410219832672349,3.2992170677493062,1.7635734441187085,0.7552459707739829,0.3062705873185067,25.268698313701773,101.04531520935274,75.5243736029503
512414,2549,0.24952851336265308,0.3692259351490444,3.3386685877752784,1.7408414528881937,0.8478023869065047,0.2987504303912628,21.15508777081128,99.74286805191583,84.77990232788852
512952,2552,0.4755565935199308,0.7386182049925892,3.6239981791760365,1.9345251372117542,0.8898983949411271,0.30585038937174786,42.31970581760403,110.84012572419999,88.98965423802112
513017,2552,0.457428489727145,0.49723794239794195,5.024519668665893,1.6458612344582173,0.6228216110313461,0.1876814271402878,28.489635513171212,94.30090239864751,62.2820263078473
513018,2552,0.3290725056725285,0.42855304127500127,5.034571185943629,1.6286755912301536,0.7461662519086875,0.18535091458960215,24.55428056255334,93.31623757346188,74.6164007107521
513019,2552,0.24417420006193918,0.36248685592293084,5.118594775848082,1.6181360587505318,0.85057987770626,0.1811285532909738,20.768966973350686,92.71236684433849,85.05764290592282
514823,2561,0.45938235542474415,0.5033912140251589,4.731318659900511,2.001873772171034,0.6278471743455127,0.2424248423447365,28.842192007608336,114.69891826333397,62.784582129539615
514824,2561,0.3281217355675776,0.43694574142550313,4.822598060820582,1.9419550152975078,0.7629834717778511,0.23071760231073568,25.035146859895907,111.26582638081041,76.29811697318324
514825,2561,0.2071538543938856,0.37083499143533244,4.928051747053234,1.8832769308908852,1.0256762511856727,0.21895837364119006,21.24727990501458,107.90381979439853,102.5671349444453
516031,2567,0.42978403095169293,0.3957749748944723,5.58513170433328,1.744252019687511,0.5276193049917867,0.17893629773992573,22.676235698349377,99.93827913526417,52.76180896327715
522662,2600,0.4792026424872139,0.47172842689992467,4.528536872665232,1.798956917757693,0.5640212506635159,0.22760693262305154,27.028047937711257,103.07263891337894,56.40200854364837
522663,2600,0.3550265561959536,0.4065622888733937,4.590171954920036,1.7553635623045847,0.6561284557158176,0.2191092717217062,23.294303261624048,100.57492363110222,65.61266260911593
524008,2607,0.3299029522104142,0.40216683890801574,4.141279049661237,2.228045076857478,0.6984618257186287,0.30825640491678724,23.042462529546967,127.65757946883461,69.84597297231039
524072,2607,0.44249645698974227,0.4904538881608132,3.780926657838228,1.0542829856648526,0.6350545130577803,0.1597649750916356,28.10093783739589,60.405965491047525,63.50530922496875
524073,2607,0.2988369654275269,0.4295441351833256,3.722798524672629,0.996603641273818,0.8235616099845735,0.1533824136883651,24.611066060601452,57.10118249235966,82.35588816632483
524074,2607,0.20767911862741562,0.36179843299937137,3.7085527419081066,0.9380442015115809,0.9981514937160697,0.1449243878644568,20.72952324531067,53.745973743332904,99.81467355813706
526017,2617,0.389303178863609,0.565114066199149,3.509412756305885,1.8300592488196852,0.8317078272901484,0.2987812440387939,32.37865093668785,104.85467121624974,83.1705712258269
526620,2620,0.18442105984148824,0.6709444511149132,3.6095239915997253,1.8899273502067668,2.0844844555802453,0.29999761936809244,38.442285336606105,108.28486075319083,208.44732658147
526621,2620,0.35725981396637185,0.7451380217599615,3.718790260880844,1.95635675809537,1.1950200088995095,0.30141787327579145,42.69326380157309,112.09098546076085,119.50166973977647
526683,2620,0.4510339683544763,0.43594868903253403,4.350125524504985,1.4756741543778347,0.5537946399726599,0.19436197946873235,24.97801996582536,84.54990098238662,55.379342442013716
526684,2620,0.3442563887333016,0.36611263338657585,4.392891152654219,1.4604668247893073,0.6093338801153855,0.1904863609886031,20.97670871947119,83.67858517929959,60.93321278202683
527223,2623,0.1291869876254712,0.6370514356010966,4.130053600488889,1.9894604561753293,2.8253894945768434,0.2759956610672778,36.50035859269299,113.98768764701785,282.5367842907434
527224,2623,0.25169907329741703,0.7112320589888761,4.206913490959558,2.045419530003344,1.6190204072499452,0.2785745568005933,40.7505952344622,117.19390640282408,161.90140392335115
527225,2623,0.4214676675657751,0.7815687669320981,4.253061630279747,2.1059833838703836,1.0624917194857624,0.2837108178204438,44.78059174445312,120.66395962045252,106.24892237680892
528631,2630,0.3168827182070041,0.3687529006107098,3.833158069259531,1.790361112081993,0.6667446032085063,0.2676125883815953,21.12798488820079,102.58013552664673,66.6742520182086
529435,2634,0.3393870524388,0.39564899131771064,3.546664521725222,1.896549201794139,0.6679399387889385,0.3063843899802137,22.66901737111297,108.66426490170926,66.79379903981963
529436,2634,0.4803497559574322,0.4658701532178142,3.596619339056085,1.9456372433225684,0.5556866157161655,0.3099488483125347,26.692393580493764,111.47680250585118,55.56854704494146
529498,2634,0.45015960445730097,0.39387278177146257,4.467594565792188,1.368178922870043,0.5013165849581712,0.17546551409112202,22.56724806058211,78.39087789920845,50.131548245516626
530037,2637,0.49852095817385217,0.3872437211229467,3.80206049526911,1.8023671808695987,0.445065148303819,0.27161070281129307,22.187430863285893,103.26803259672029,44.506426446211535
530640,2640,0.23085601345781093,0.4007283520372505,4.608381719007611,1.6496921522910268,0.9945611537037974,0.2051054000738852,22.960043302967136,94.5203978221289,99.45568886588356
530641,2640,0.37368364822614797,0.46601095970383893,4.693018220489589,1.716392582886915,0.7145204402198481,0.20954968882939806,26.700461197871046,98.34205098697856,71.45185472460821
530702,2640,0.38998581154408624,0.46143597442250456,4.376200816985444,0.6491847572569314,0.6779306423304771,0.08499506349362228,26.438333849916116,37.19554671504701,67.79289213714189
530703,2640,0.2477016107597168,0.41080310810407583,4.498629360531625,0.6224344627040992,0.9502273030361967,0.07927496310331401,23.53728430522005,35.66286773643793,95.02235052359752
530704,2640,0.1601125044175778,0.37178539026443985,4.665277601358955,0.5929110627713019,1.3304227857680822,0.07281732053993734,21.30173374677661,33.971301523411825,133.04145596127515
533315,2653,0.48606086046789465,0.49356570847627507,4.569268681958081,2.0423853704542525,0.5818043320552139,0.2561023869579989,28.279232008074924,117.02006186629181,58.18031470490745
533316,2653,0.359777520665018,0.4305721727147184,4.694600712636075,1.9830853277603508,0.685700639134717,0.24202786649592914,24.669968272331307,113.62241969498565,68.56987522971384
533317,2653,0.24702663548815523,0.3646919607773686,4.82993403301596,1.9184079268348855,0.8458727249281978,0.22757386873847574,20.895310174893776,109.91667759208096,84.58693349674105
533717,2655,0.4941473772820288,0.4650494854525764,4.324072939979923,1.789618782349581,0.5392191371833698,0.23713199187920395,26.645372781163204,102.53760316597246,53.921805688649876
533718,2655,0.39982286510291626,0.39648545656306833,4.403956822576497,1.776928003866956,0.568175177409094,0.23117954828049317,22.71694329938134,101.8104751201826,56.817377055604
533856,2656,0.15101548291996958,0.36942336352826244,3.4603523377591823,1.9695941093953424,1.4016045092084481,0.3261212110242447,21.16639958369658,112.84942982218128,140.1595320883854
533857,2656,0.26065195222216886,0.43757525220620264,3.5449353648609985,2.037951742943789,0.96186558340268,0.3293883283460074,25.071215170787976,116.76603372200914,96.1861930089263
533858,2656,0.4011603883139988,0.5042638974292216,3.5601223342029527,2.099126660459831,0.7202154850015271,0.33782855385175203,28.892193083512243,120.2710983077393,72.02137076287516
533919,2656,0.4441393028266733,0.8086820183767034,6.035923356501568,1.920629351357075,1.0432327263762844,0.18231503145390487,46.33406662110598,110.04395584170928,104.32304009840772
533920,2656,0.30797927102278844,0.7409315892119755,6.231624801204281,1.9168200636322217,1.3784126266151602,0.17623926834404532,42.45225296976704,109.8256997321242,137.84081957193246
533921,2656,0.20196557461070386,0.6714734226070888,6.471250782049103,1.9157999109365131,1.904908365687543,0.1696229257921307,38.47259317059051,109.76724928820121,190.48990282054092
533922,2656,0.14153166946784984,0.6120373584588469,6.720989817284045,1.9193215569057358,2.477689636403505,0.16362028148406746,35.067157544027424,109.96902473917693,247.7672305332528
534207,2657,0.4940282864899521,0.44981828221958026,5.114407501804839,1.0240369520606998,0.5216844723697055,0.11472100195984072,25.772689119006507,58.67299541851871,52.16834269506549
534208,2657,0.3374207385990982,0.44854122141808994,5.141574766833756,1.086066549240337,0.7616460763482582,0.12102717988695416,25.699518924899518,62.22702954180851,76.1643841668244
534209,2657,0.24043313473835698,0.4372140522750599,5.256211830061111,1.1561413587614426,1.0418912902559019,0.12602616179332085,25.05051993917308,66.24202037755103,104.18870002145628
534210,2657,0.17971874160207651,0.42739046248958457,5.358177612009734,1.1968483423705418,1.3625550748881665,0.12798074937526968,24.48766970479752,68.57435873506063,136.25475691488856
534211,2657,0.13846048514944553,0.4241445901166319,5.498516892548835,1.2467804886699279,1.7551356356742407,0.1299173236094472,24.301694916989216,71.43525998004522,175.51230864496134
534212,2657,0.12123470834987472,0.4149717721986001,5.629051687007476,1.279785373224231,1.9611652080906234,0.13026403827007865,23.776131164044017,73.3263005683233,196.1149193390149
534323,2658,0.3915945058929817,0.35181007132186826,4.880525750418029,1.8603948637372563,0.5147475630748688,0.21840428501463485,20.15723227693953,106.59277391996066,51.474626173182536
535063,2662,0.369186306713856,0.35916767188226906,3.7778702550534478,1.291669704393481,0.5574093839545934,0.1958966756250167,20.578791736393587,74.00722258665711,55.740788922473655
536131,2667,0.3773211019232859,0.3944991956718125,4.069783386832326,1.8441001387137241,0.5990425189326801,0.2596186200720775,22.60313893330049,105.65915494778606,59.904094719306904
536670,2670,0.2149838503524441,0.4779863921947818,4.212318457205088,1.7124495947471718,1.2738911140840232,0.23292667724860341,27.38660293744591,98.11613440790113,127.3885247846468
536671,2670,0.3738222883411044,0.5511715216864383,4.329173062280039,1.7787769554090969,0.8447811198148589,0.2354177357626299,31.579801980436244,101.91641224007148,84.47788825724646
536732,2670,0.4590550700164493,0.41974394778084506,4.309593800296619,1.8989894654359256,0.523892616178875,0.2524694588369899,24.049556684002038,108.80408170928285,52.38914863524248
536733,2670,0.34035498067766484,0.35280798713878725,4.406960293341658,1.8447807056802397,0.5939213231840785,0.239843659318864,20.21440864155834,105.69814856264342,59.39195956336803
536871,2671,0.3100598435057809,0.5141081692706471,4.670083839209085,2.0603953308471548,0.9500174878930658,0.252783376910879,29.4562283124054,118.05195658600289,95.00144545615998
536872,2671,0.4250192781030762,0.5820927895433478,4.742690577804807,2.1202925790806897,0.7847046253990771,0.2561495713564178,33.351460125830684,121.48381611423186,78.47027975861018
538342,2678,0.40664254857630117,0.6583317457804659,5.080082380440319,1.8424911796911543,0.9275868882185027,0.20780562257226154,37.71963055270014,105.56696838638332,92.75846299482743
538343,2678,0.2848881626012135,0.5873857370528297,5.191689625769196,1.8024222290085814,1.181331024451414,0.19891633334790723,33.65472367930828,103.27118662275406,118.13269192839745
538344,2678,0.18880427413298898,0.5166125909814954,5.2981349716332735,1.7607149623303782,1.5677462639411637,0.19040952451529897,29.59972110655794,100.8815362670664,156.7738043467406
538345,2678,0.14723611173461887,0.44346859813618006,5.40273835544055,1.7236000511756142,1.7257231934962076,0.18278695324688873,25.408879019786283,98.7550085008954,172.57115899952868
538346,2678,0.11441580866221285,0.37508277362220044,5.486665011439045,1.6706797970379834,1.8782944655633103,0.1744646354643739,21.490659896612968,95.72290128804943,187.82782134798737
547524,2724,0.2721342441517376,0.7274171717414311,4.513331060853294,2.1615490616394157,1.5315210507416697,0.2744040632033387,41.67793388612697,123.84763844240196,153.15154792257678
547525,2724,0.44309592993767777,0.7977608075114855,4.6310575643137675,2.225184516510998,1.031567279487723,0.2753014390084125,45.70832733135658,127.49368143393883,103.1564974683655
550740,2740,0.27169479226369,0.39876424711592295,4.762582308951587,1.8324112809536226,0.8409254866156707,0.22044644207622932,22.847508380454194,104.9894327308035,84.09224224672539
550741,2740,0.40666155733464415,0.46669224822453026,4.869435570916995,1.8952160072396906,0.6575368390476223,0.22299890136347314,26.73949615473737,108.58787848046954,65.75352383065191
551745,2745,0.2154456086147741,0.5806509575472979,2.998901530217895,1.8715404363804349,1.5441877839797808,0.35756881896456,33.268849237690105,107.23136819267127,154.41806882732578
551746,2745,0.3580894620083293,0.6504146396617587,3.1144234513156537,1.9313511612126586,1.0406900146250098,0.3553090055660884,37.266013786141016,110.658270295176,104.06871374662362
551808,2745,0.39341534676306456,0.3882496663750231,4.992981870637872,1.960951382743672,0.5654346455532048,0.22502432563845326,22.245067280651096,112.35423806155534,56.5433222683251
557976,2776,0.2589958838898362,0.4534075390630881,3.0027770998750913,1.943221840955478,1.0030405500860113,0.37078479710744305,25.978338387727955,111.33841014439099,100.30367160238805
557977,2776,0.41959129876942336,0.5255689817085024,3.1231926875833693,2.0063997089421246,0.7176717883695105,0.36807922683608885,30.112884494885552,114.95823533866051,71.76700950708667
559987,2786,0.3850089076215256,0.413643429396499,3.138716642516344,1.8850247935948472,0.6155707476634299,0.3441023096618674,23.700022727737043,108.00396495050389,61.5569164807955
560049,2786,0.4254584556490902,0.3980764128424788,4.780530990572582,1.9080550492396267,0.5360828428877256,0.2286848498356417,22.8080983795814,109.32350140005708,53.60815954785837
561192,2792,0.2961538377948636,0.5841658760959363,3.232536814701716,1.875811753885411,1.1301639159874468,0.3324822035664951,33.47023923585933,107.47609665866676,113.01601380235779
561193,2792,0.3904575020917923,0.6516105301295512,3.27629777163311,1.9427098315596516,0.9561740293506892,0.33974040696464336,37.33453326270545,111.3090741669391,95.61716049898827
561254,2792,0.4583493967199793,0.47370028350367827,3.935737420554906,1.8356250726981918,0.5921470956652221,0.26722709858003085,27.141026998911336,105.17356943400131,59.21458166751112
561255,2792,0.3425192706311915,0.41072519410333647,3.9094261085336015,1.812902367101235,0.6870509630420406,0.26569540171573547,23.532820161812705,103.87165430417738,68.70489772312384
562399,2798,0.4662611728579358,0.40155114474203846,4.943079829970904,2.1021263296289456,0.49343987229096997,0.24365976393327696,23.00718585236564,120.44296669106508,49.34388245854043
562461,2798,0.3634649597537304,0.44281772385373613,3.214010452289603,1.480465673356667,0.6980476464513055,0.2639208421770449,25.37158667040864,84.82443479733055,69.80457451256065
562462,2798,0.23199206356075486,0.3756134187740473,3.2102285823634444,1.417506150199788,0.9276637470373255,0.2529948179811435,21.52106362423287,81.2171198402852,92.76597883538395
563202,2802,0.3149485166852004,0.42540526680478635,4.637113898341432,1.846068651466711,0.7739019015927449,0.22809865039153546,24.373926370550997,105.77194242044989,77.38994689397578
563203,2802,0.46272319467901857,0.4936710829343832,4.756981049412965,1.9096833477862778,0.6112783891919554,0.2300131000481008,28.285269519792998,109.41679603456748,61.127708135974736
563264,2802,0.42173524651868666,0.5048870875097867,3.2583152665420227,1.9434833104495914,0.6859255610677472,0.34175143223418203,28.92789924496304,111.35339124287512,68.59239508995175
563265,2802,0.3115664629204755,0.4376548571916549,3.2461165081037944,1.9515776422691369,0.8048290936259678,0.3444644136170166,25.075776200482593,111.81716229411352,80.48265362960232
563266,2802,0.20392243904363155,0.3700710069393969,3.223491692845845,1.9545874510006658,1.0397828643793556,0.34741709287696393,21.203506817784042,111.98961163157175,103.97778164798079
563806,2805,0.4101173294061664,0.4011105319007777,4.669221376110129,2.2252344834923496,0.5603747607803921,0.2730573981999622,22.981940596162133,127.49654433108529,56.03734080707631
563868,2805,0.47416194731924544,0.5469752386652444,3.88607602306454,1.743142134312341,0.6609423676851229,0.25700651901234917,31.339372673679428,99.87468738752362,66.09409877102689
563869,2805,0.3815013413217,0.4826989770152363,3.9424929165371285,1.701198559648144,0.7249414467980221,0.2472331577958897,27.65661415825537,97.47149758157329,72.49395655722613
563870,2805,0.32169648721453226,0.419770381573509,4.045151169577152,1.6599946605635107,0.7476323627086023,0.23512270331138269,24.051071228758207,95.11068806454084,74.76300619258221
563871,2805,0.23080607750601362,0.35113568471372286,4.110689543111999,1.6125875143506532,0.8716664706691702,0.2247663256346791,20.118592770532658,92.3944586677845,87.16627318331896
564810,2810,0.34891369858454657,0.5810970814580136,3.174015857930679,1.8596241262910658,0.9542304998557057,0.3356902370706998,33.29441025491399,106.54861391718126,95.42277923509813
564811,2810,0.4659724336255407,0.6521295999639601,3.2752436903984794,1.9188156251458364,0.8018558669000582,0.3356697914455566,37.364273773489636,109.94003698461306,80.18541632893994
566080,2816,0.41809763311628684,0.3657498688496812,4.9330294711061855,1.7542667255480655,0.5012208078083227,0.2037532512203839,20.95592384255011,100.51207951413886,50.12196209864572
566217,2817,0.1426708775587414,0.5946143213051887,4.244016961181086,1.8999388192402114,2.3879357331954716,0.25649868135479775,34.068891048823176,108.85847567553311,238.79191633120695
566218,2817,0.25133994371862833,0.663878289766819,4.3094310691994835,1.9600738114175296,1.5133854984545838,0.2606004246602481,38.03742411400184,112.30395692834567,151.33795374216487
566219,2817,0.37434545709957434,0.732078159156661,4.3090177239630005,2.022429253565256,1.1204887591767219,0.268916648171951,41.94498879338324,115.87666059308258,112.04857959220936
566278,2817,0.40640786002167506,0.4870395185502615,4.214121895670872,1.7261066072415803,0.6866330828565222,0.23468382215403394,27.905308869013552,98.89862358458817,68.66314102385779
566279,2817,0.31534853224655185,0.4217368013328285,4.330106552689236,1.716103378509338,0.7662549701221129,0.22707404395992767,24.163738781718344,98.3254807967267,76.625256456148
566280,2817,0.24039157482229018,0.3546126620671268,4.449160427603901,1.7067786482987795,0.8451963455112307,0.21979700323692775,20.31780889834527,97.79121311056355,84.51928647698531
568830,2830,0.19065024448430684,0.3758776025898224,4.257628264194613,1.9393695093859842,1.1296182268492683,0.2609849443119676,21.536200241892445,111.11768780417398,112.9612361049401
568831,2830,0.36692726485875915,0.4464272854733369,4.424005946753595,2.001628303017191,0.6970972470484793,0.25923304588173673,25.578399317104168,114.68485391681811,69.7095366227783
568895,2830,0.466432481679836,0.5597410576682811,5.863858263854336,1.6540570216458534,0.6875764616885879,0.16161796890086408,32.07080022458133,94.77048641428645,68.75750023150142
568896,2830,0.2954405560480404,0.49320243704005257,5.945586316188484,1.633667657424947,0.9564840220136434,0.15743150761294009,28.25841808796172,93.60226189747347,95.64808169155035
568897,2830,0.17158298493021792,0.4277895332102906,6.067865552523666,1.6099788163387516,1.428494401953384,0.15202214078604775,24.51053477282122,92.24499128167837,142.84861598703102
568898,2830,0.11759624211167657,0.36808628264096227,6.20413710893746,1.5715724441482108,1.7934066871415701,0.14513616724217898,21.089790491986676,90.04446824875177,179.33915892312078
570788,2839,0.49828039183743067,0.5330367942289213,4.290992900180365,0.916465250008633,0.6129231356858533,0.12237165615286309,30.540758634500502,52.5095908958965,61.29219179122935
570789,2839,0.4059194146581595,0.5206271234636116,4.391116763665888,0.9628855668703817,0.734868426156796,0.125638378525008,29.82973687450138,55.169279135734676,73.48666338849229
570790,2839,0.31852878384815436,0.5162524539791166,4.501686297803529,1.0179612512618625,0.9286157907085714,0.1295623004740618,29.57908677627514,58.324883405161074,92.86129045431973
570791,2839,0.22864280195801956,0.5093592523311542,4.63133467360393,1.0794136172909772,1.2764072994288,0.13353784350475048,29.184135414514273,61.845844619722456,127.64017727396198
570792,2839,0.17486787736454354,0.49683189270686684,4.763372933825541,1.1265954992145355,1.6278786807927033,0.13551147072600714,28.466370579600017,64.54916732342693,162.78694647451238
570793,2839,0.12609511399513076,0.4149990860415703,4.911758274622031,1.1828609233749616,1.8856951306766379,0.13798101358635573,23.777696131968494,67.77293866033277,188.5680325793916
570794,2839,0.11584800183878946,0.3978223012604445,5.074812160536018,1.2209452888867238,1.9675381991124916,0.13784749015095363,22.79353885840544,69.95501206959032,196.75213853049817
570903,2840,0.48348335360120837,0.4295465761649453,3.6650077448488565,1.7969572069833677,0.5090393542236997,0.28092181739465166,24.61120591854613,102.95806392576327,50.90383118963587
570904,2840,0.40793138268322626,0.36207207146300485,3.6892485695318578,1.7808630814106952,0.5085463376067928,0.27657647961592025,20.745201574389313,102.03593845549557,50.854510342952324
571644,2844,0.38785768061809067,0.6841676520277267,4.4016639815702066,1.7092462604659433,1.0106778823463525,0.22248994257801502,39.199918940563855,97.93259687321716,101.06753026152454
571707,2844,0.476200522453454,0.46347193385792756,4.096542775841253,1.8778167511160895,0.5576429240011674,0.2626384738608937,26.554985732825692,107.59097453792005,55.76417646884212
571708,2844,0.32797316743888455,0.396491165713797,4.050857925516895,1.86622663595847,0.692656350346086,0.2639611449165122,22.7172704096227,106.92690985531785,69.26542595418248
572309,2847,0.4336432013441756,0.4450018199868632,4.23436859641061,1.7599486317323954,0.5879655323521559,0.23814088505527703,25.496726160887665,100.83762875809025,58.79641900400133
572310,2847,0.27807590198420906,0.37255082603322537,4.26847726680645,1.7317162577340177,0.7676173687071647,0.23244830989608045,21.34558998581637,99.22003288234832,76.76146358617196
573115,2851,0.42900126457190435,0.38433449789260854,4.099976101636434,1.816730815457408,0.5133025460705299,0.2538819871209537,22.0207446505261,104.0910082370699,51.330136153244574
578679,2879,0.18435294494575463,0.44244336617373775,3.307308737052648,1.8455994497831125,1.3750871290767015,0.31973144097440365,25.350137555316422,105.74505914423926,137.5079744714744
578680,2879,0.30607959145332714,0.5080728026637853,3.3981258361230386,1.895910371846329,0.9510737448623134,0.319669334100171,29.110427278018026,108.62766264187319,95.10706686692008
578681,2879,0.44346299681884743,0.5774367106613729,3.423783313845763,1.9099025621748131,0.7460529051598768,0.31961530781370423,33.084686456813536,109.42935609383909,74.60512396529103
578743,2879,0.489494765585937,0.39706208346770716,4.940230748748287,0.9920947120604708,0.4647645434037282,0.11506110271803169,22.74998158737084,56.84283987831163,46.476360342236305
578830,2879,0.40653399460053424,0.4213634004474468,4.546089174533523,1.9487752619496752,0.5938579359589395,0.2456102227582563,24.142344486919527,111.65659772921784,59.385648978735674
578831,2879,0.26013724842244423,0.35689275608531845,4.538483364575311,1.9030677855993394,0.7860638182506661,0.24025151849840765,20.448448662480676,109.03775224214958,78.60608267521657
584910,2910,0.3770696592300552,0.37555347814227025,4.12825875368878,1.869080851102257,0.5706539410329106,0.25940826500223835,21.5176292790107,107.09044433687917,57.06524427794989
584974,2910,0.4683345789152419,0.6538481701695243,3.2581688260402397,1.6744771663244578,0.7999140247111947,0.29446133503019023,37.4627405930654,95.940474521417,79.99123337978409
584975,2910,0.35318957621382363,0.5824422945858752,3.241289762949488,1.615376070587419,0.9448603977095378,0.28554753710546577,33.37148528968604,92.55423117108606,94.48577492476117
584976,2910,0.26629771799507534,0.5096419389526414,3.2350210379809425,1.55360056903492,1.0965295267329622,0.2751597418829171,29.200332164850305,89.014755654824,109.65254502423218
584977,2910,0.1828360408998246,0.44597044241512385,3.2406561938374265,1.4962608730977136,1.3975484600664836,0.2645434371518399,25.55222413796871,85.72943307905865,139.7540892819887
584978,2910,0.127933168556521,0.37986155532034394,3.286140360319261,1.433371739689444,1.7012368616727043,0.24991674701209052,21.76446391913095,82.12615115752962,170.12236968981014
585916,2915,0.29050846600326635,0.38905161284263107,2.889556219637941,2.0203642260490016,0.7673103289554217,0.4006094155375797,22.291015428640456,115.7583432318228,76.73077141104183
585917,2915,0.42634581279692274,0.4545914073027982,2.960570554455631,2.0669663729475936,0.610916482551519,0.4000190064280282,26.046169041362926,118.42844956536081,61.091506397091855
585980,2915,0.498765121266428,1.0123606085455008,4.6227054485374275,1.680397049911309,1.1629519904022434,0.20827556444968517,58.00399021495286,96.27965886615235,116.29496820608756
585981,2915,0.36760644324765746,0.9444849091614792,4.630221985164557,1.6420381663211283,1.4720905639894273,0.20319081207737585,54.1149991087497,94.08185672960137,147.2086599516767
585982,2915,0.26690580312826045,0.8774631757309703,4.6776385287496245,1.6068857011652224,1.8836208945127497,0.19682531703550107,50.27493664753068,92.06776883668728,188.36139078617404
585983,2915,0.20589950476991958,0.7427576106595114,4.769040134135079,1.56164687648213,2.066875987520708,0.18761799525267217,42.55687629201121,89.47577511221382,206.6866049676068
585984,2915,0.17415401084730464,0.62317807783369,4.912977789450472,1.5196858394913098,2.0502239093435297,0.17722771879487562,35.70547374494556,87.0715847886475,205.02122546592327
585985,2915,0.15733851988714584,0.544103289908903,5.040879984298452,1.453309852523379,1.9813851161138962,0.16518647729870892,31.174822130963218,83.26852087436971,198.13726489901478
585986,2915,0.11800677522681131,0.4434383602167491,5.126166618694594,1.3934028371920388,2.1530242066834218,0.1557423070989581,25.407146514621633,79.8361017326584,215.30061443654046
585987,2915,0.10971607205615733,0.41625569773325793,5.27135350056895,1.338605063429306,2.173764705358482,0.1454966365195702,23.84969467838899,76.6964205693411,217.3745091026656
585988,2915,0.10912047367464767,0.4146663663416841,5.4037465328480225,1.2759482069924473,2.1772844013634147,0.13528844581859598,23.758632697404153,73.10644713795199,217.72646480418663
585989,2915,0.10907947735549428,0.4145587770660064,5.508358993167301,1.2101837067168622,2.1775375794146097,0.12587853985280278,23.752468285986954,69.33841883037401,217.75178163712505
585990,2915,0.10455270617332629,0.3996933997184552,5.60743360709857,1.1578704620077005,2.1903538943109138,0.1183091860305081,22.90074490310289,66.34109069590397,219.03331542488468
586782,2919,0.4792596306730062,0.5612541683441511,5.072575569649106,2.082965844066981,0.6709827482048627,0.23527525585572215,32.15749508024487,119.34515173494316,67.09813621679588
586783,2919,0.37486469008840606,0.4915301155293017,5.2542989433745815,2.017031283277313,0.7512737560182391,0.21994823801074948,28.162601123406752,115.56737967764641,75.1271771944908
586784,2919,0.28895199045882825,0.4217769297672132,5.44715582301486,1.9526082022139128,0.8363339908799278,0.20538463091400821,24.166037971647057,111.87620902948441,83.6331125463482
586785,2919,0.23539133260197725,0.35112712185278155,5.649993430113209,1.888335086862309,0.8546661883295266,0.191493374161355,20.11810215474016,108.19363078368,85.46625938219354
591342,2942,0.31188044470131515,0.4262587921686027,4.157847343555021,2.0769007386689977,0.7830830500421883,0.2862001335657307,24.42282977160504,118.9976467933367,78.30805643148945
591343,2942,0.49263811275483915,0.49038631391954657,4.315356515613716,2.131222795169303,0.5703388515985798,0.2829663566393493,28.09706611856751,122.1100713652754,57.03377054543771
591405,2942,0.42000003430404226,0.5006526686466055,5.244395065837786,2.019608892500307,0.6829829021314723,0.22064521099961681,28.685284915412172,115.71506580735796,68.29812922471676
591406,2942,0.30576036801073486,0.43100640350906216,5.379004255219625,1.9593302105178547,0.8076536281399682,0.20870284944934608,24.694847864181817,112.26135173515218,80.7651013103618
591407,2942,0.18790628372472218,0.3602993632456214,5.512259629415629,1.8972886436806893,1.098613168618368,0.19720883795765487,20.64363287522508,108.70663180100378,109.86073805136422
591744,2944,0.44815117480932004,0.3579105982225662,4.6929357910485505,1.7015290709972946,0.4575859088686956,0.20773869198291256,20.506766721155547,97.49043448696078,45.75848980289067
591806,2944,0.39808522610205044,0.40114087989418257,3.8516780823422874,1.8714969682786622,0.5773557349966373,0.27839522172707865,22.983679408100922,107.22887765389625,57.73542991715819
593352,2952,0.24739281382688072,0.41278997063374406,4.63866407924001,1.441366685756269,0.9560149230194804,0.1780345078578946,23.651123142642728,82.5842278245934,95.60110973184287
593353,2952,0.3699846289605715,0.481863105851379,4.714819092073985,1.5047319021179035,0.7462126629341459,0.18285916261797544,27.60872226834966,86.21478729004838,74.62106662335216
593414,2952,0.4739007706498101,0.4586654131829868,5.729745259782761,1.075641867622378,0.5545378580717841,0.1075610457018947,26.279592384009213,61.629739282331855,55.45366996197304
593415,2952,0.3784783041707575,0.3964505409382346,5.98084150395411,1.0374400005240796,0.6001649746091144,0.09938556871870949,22.71494278143931,59.440933528079675,60.016340473906254
593437,2952,0.13800962803674688,0.351636551187581,5.41545432407494,0.3923516865423857,1.4598466159457535,0.041511005978335035,20.147290305584328,22.48009572371852,145.98361439395728
593438,2952,0.1754335044476234,0.3576044296134078,5.108550224763984,0.3680752035899517,1.1679196313512004,0.0412820756182641,20.48922455203138,21.08915570912276,116.79130406269944
593439,2952,0.2869275017801362,0.36849675915801805,4.873910624602822,0.3432306646021641,0.7358412211158644,0.040348849118315586,21.1133090640032,19.665668481174304,73.583868221574
593440,2952,0.40759789789871975,0.37583298697839684,4.666776746110306,0.31917388085339926,0.5283060471696057,0.03918618193974507,21.533643955657364,18.287316303711172,52.830476398903436
597031,2970,0.39848502293114335,0.448792397135597,2.7078492700249552,1.8776146822148556,0.6452917451951604,0.39728724060194764,25.713910233428845,107.5793968427085,64.52901420302037
597032,2970,0.31631242189143566,0.3802891669641295,2.7027280107626055,1.835803411605748,0.6888431204331827,0.389176368072169,21.788964261590515,105.18378750072725,68.884096448708
601050,2990,0.44859528211672084,0.5799309397460283,3.3893167107129165,1.8633329560114222,0.7407031647549595,0.3149930295821808,33.227595256503065,106.76111420709037,74.07015301089262
601051,2990,0.35885240622552994,0.5132535405733031,3.417858975907085,1.842380372499861,0.8194806657373902,0.30885013114128573,29.407261694996826,105.56061960198252,81.94784049650384
601052,2990,0.26072251569860283,0.4424776034322345,3.4016176552566346,1.8265913510364324,0.9723785521714989,0.30766530988599755,25.352099205730386,104.65597530948659,97.2374859927767
601053,2990,0.15562354386650518,0.3809055503220937,3.3887706971007416,1.811615659116855,1.4023764323802146,0.30629965948923943,21.824280426563966,103.79793136720663,140.23675112124246
601454,2992,0.4476573205626263,0.5124605087925864,4.463833328454093,1.9785487132641975,0.6558995534383272,0.25395771355195285,29.361824320942016,113.36249083107819,65.58981029111548
601455,2992,0.29200822386570224,0.4447585398114623,4.498263679532649,1.9829744112980414,0.8726735851331439,0.252577599917494,25.48278723359799,113.6160646498168,87.26706265045162
601456,2992,0.16845736472587478,0.37496990014422193,4.565660141464074,1.987286570594203,1.2753488980619794,0.24939029494247922,21.484192722705835,113.86313317807497,127.53414030621845
602799,2999,0.1758582699950234,0.4227100156476169,5.010568557570059,1.8392535473507143,1.3772169189419354,0.21031837863615382,24.219499854517437,105.38146571766104,137.72091658974142
602800,2999,0.3267127765177953,0.49487531016924236,5.112384996371168,1.9008952790228104,0.8678652268291541,0.21303809601315216,28.354266657925137,108.91327678435005,86.78625970454219
602801,2999,0.49783772425666295,0.5654433752945721,5.138162901560952,1.936484564817186,0.6507646312986823,0.21593786449746064,32.39751895801086,110.95239265625267,65.07633371908646
602863,2999,0.42295071474285856,0.4049132618147216,4.749491523418043,1.3188236606969448,0.5485230220367648,0.15909709312724718,23.199820970859264,75.56302967992823,54.85217381129199
604354,3006,0.4159988786786494,0.398666510173049,3.60353483527593,0.8900799352179813,0.5490858049808377,0.14152166111040632,22.841908466125005,50.997823717268055,54.908449826183414
604355,3006,0.2728657622412335,0.3939326666891397,3.588403454096341,0.9384593607326623,0.8271715073764309,0.1498431298278426,22.570679213621496,53.76976061452681,82.71685062788052
604356,3006,0.172816960208571,0.3808052378270472,3.648697285741883,0.9987836227712603,1.2625225935643247,0.15683977483789607,21.818532943965373,57.22608623157972,126.25153611136807
604407,3007,0.336779283656079,0.5055032847330156,4.807555941471351,1.8525508744497543,0.8600055077845474,0.2207844225021569,28.96320474520174,106.14334643924097,86.0002979710625
604608,3008,0.26119249042497605,0.36433530236309775,4.140074606236323,1.6861372094691953,0.7992141856700915,0.2333497695999891,20.874875153028228,96.60854578255092,79.9211156413725
604609,3008,0.3872895009345224,0.4339595138819987,4.21626048047015,1.7456728908997738,0.6420016014632284,0.23722369451562367,24.864048624987387,100.01968905895845,64.19999603654377
604671,3008,0.46885293089205604,0.4510269538058923,4.043675281581832,1.4528222547499734,0.5511736974615492,0.2058537780052339,25.84194089971957,83.24058357985359,55.117253364074166
604672,3008,0.36706071690583464,0.38382659150290543,4.1110258729808296,1.4376635125983466,0.5991282135626049,0.2003686037902341,21.991643758008387,82.37205163183832,59.91265976574203
609496,3032,0.4877030099139098,0.3715180704842857,2.974212721982228,1.8074259133860475,0.4364626951736105,0.3481858426131477,21.28641745159341,103.5578766195984,43.646180918936714
612509,3047,0.4821520352699259,0.635013940864148,4.432666491553067,1.7524695461419122,0.7546088230968071,0.2265207831086734,36.38361874348572,100.40910871913844,75.46072736660658
612510,3047,0.40880022615832146,0.5669436968268575,4.547289160025273,1.7390293866992659,0.7946052417920598,0.21911745785574951,32.483481049723416,99.63904430709191,79.4603317484746
612511,3047,0.3146033292520309,0.5050204291430098,4.659710406428926,1.7381994837836228,0.9197467269919741,0.21372893478849306,28.935539157780106,99.59149437261996,91.97438327239205
612512,3047,0.2199994986069319,0.4330002459376587,4.774299530328708,1.722614826056366,1.1276882742806638,0.20672887912872107,24.80908662035451,98.6985592596922,112.76831996949306
612513,3047,0.15454353009856892,0.36746472591501295,4.8899763962504394,1.722616132098722,1.3623460353912764,0.2018386713773282,21.05417791486181,98.69863409040707,136.23373083106466
615864,3064,0.35621882623186607,0.40132696680456675,4.796569603601712,1.6380311261452865,0.6455116648497875,0.19566539798160718,22.994341402688566,93.85227023918627,64.55098708548968
615928,3064,0.4153804411643488,0.4078505455472396,4.896777300210774,1.7351876530377592,0.5625713696073575,0.2030293045488624,23.36811493196498,99.41892918227424,56.257002880201405
618944,3079,0.37493776630496184,0.6220392198298783,4.968458787921132,1.7984830912236993,0.950563646562887,0.20739930598976763,35.64022198786245,103.0454906527598,95.05611366650193
618945,3079,0.26207548278217346,0.5571878606602615,5.053728196746697,1.7969982286130128,1.2181418595400961,0.203731601858919,31.92451281175638,102.96041429201068,121.81372579809324
618946,3079,0.18350303002770973,0.49062765322943797,5.1876582298812774,1.784715706312173,1.5319034408481746,0.1971152934020909,28.11089384245489,102.25667760239725,153.18951762645239
618947,3079,0.14048496697329563,0.4128244246315912,5.329128837588283,1.7638388619259522,1.6836744911025516,0.18963797915160321,23.65309721130672,101.06052252951541,168.3662626303653
618948,3079,0.12175606500265221,0.3998702239830689,5.444312549882588,1.7340701602740594,1.881702920095091,0.18249301536321147,22.910876187180758,99.35490156327783,188.16876200721245
618949,3079,0.12009504119884065,0.39906504474456717,5.551625771111967,1.6895229475799738,1.9038871782656588,0.17436790249116177,22.864742815063053,96.80253428683513,190.38714837574327
618950,3079,0.11998198622092647,0.39901231762544,5.657062265710491,1.6378426613984645,1.9054293555489115,0.16588375278725473,22.86172177367118,93.84147200460637,190.54136335276363
618951,3079,0.11997417084218943,0.39900876562352505,5.7571364697240845,1.5902248540848665,1.9055365161462543,0.1582612691860949,22.861518258952632,91.11317261587001,190.55207922165633
618952,3079,0.11997362946921432,0.39900852530351744,5.883415230720094,1.5404544331598893,1.9055439670559307,0.1500175220361916,22.861504489630462,88.26153755227922,190.5528242993804
618953,3079,0.11997359196256938,0.39900850903912793,5.997590627237282,1.4789558413911128,1.9055444851011611,0.14128661478130466,22.86150355774959,84.73792779793035,190.55287610298438
618954,3079,0.1199735893640395,0.3990085079383628,5.98803040718869,1.4266823181448238,1.9055445211167705,0.1365104547582046,22.86150349468039,81.74287553563899,190.55287970448157
619080,3080,0.2893024471755605,0.3497290183586766,3.397892936936205,1.964936571628122,0.6926314045457824,0.3313305460865377,20.037996725205453,112.58257256519677,69.26290343524883
619081,3080,0.3924774471925511,0.4155710040296866,3.477621775154004,2.031383905715457,0.6066708847237985,0.33468195093890174,23.81046461891517,116.38972436829683,60.6669354438046
619082,3080,0.4961177990420559,0.48368484491757124,3.466605366921404,2.0849986064689925,0.5585991819509011,0.34460692075491395,27.71310022821658,119.46162044133129,55.85980672719347
619144,3080,0.48981975073058426,0.7534376363144638,5.073695326605777,1.879057536188251,0.8813200313262898,0.21219655328745454,43.168796687131426,107.66206628583774,88.13182500484862
619145,3080,0.3744397674173283,0.6853706737163937,5.149943128394682,1.8601793519163148,1.0487359883835328,0.20695456850307736,39.26884700598718,106.58042600218555,104.87332155854861
619146,3080,0.27211158212151093,0.6208950189794548,5.175435218234076,1.847177504342191,1.307355700316218,0.2044957966683475,35.5746641082179,105.83547501031583,130.73509438946914
619147,3080,0.20806706184538423,0.5566362188058646,5.240167968969739,1.838930355284345,1.5328185175497857,0.20106788293645733,31.892906061696664,105.36294817628597,153.28112243096848
619148,3080,0.16538361367566623,0.4900715648547796,5.342159897774235,1.8247372468527256,1.69781213529439,0.195706876562859,28.079032325550674,104.54974296498264,169.78019721118753
619149,3080,0.14374644587781707,0.4243142192119595,5.466809043754827,1.8030394796057898,1.6912704942721197,0.188970478868145,24.31141394823411,103.30655247687602,169.1258846358801
619150,3080,0.12571366093616604,0.3560082741087084,5.573736091517174,1.7714611946680199,1.6225579466630133,0.182099130954644,20.39777157816553,101.49725002568027,162.2545169057321
621292,3091,0.21225884906721842,0.3898899506762202,3.8125040756668356,1.9766461650381602,1.0524436410560791,0.29705799732303045,22.339048648311252,113.25348284740616,105.24387323594546
621293,3091,0.34419745706946053,0.4612852990178723,3.808225395961593,1.9997656629485876,0.7678644764640478,0.3008701436705103,26.42970078515426,114.57813250213518,76.78622678956592
621354,3091,0.48513332148505783,0.4355363799781281,3.136978691352262,1.8814740283171139,0.5143822280931334,0.3436444150531798,24.95439639715287,107.80052108604816,51.43811784077509
621355,3091,0.38494226781870033,0.36899933263184087,3.13519323307952,1.8647539401503437,0.5492279134095518,0.34078451411837163,21.142104402948476,106.8425306010056,54.922650090106096
623162,3100,0.4226615855930308,0.45667439678312566,4.637627924695817,1.798000722234229,0.6190653662451484,0.22213479476173656,26.165515547355838,103.01785294549515,61.90639162121114
623163,3100,0.3287102780365697,0.39101906486295857,4.780485095029677,1.7716446834988009,0.6815649811151407,0.21233778775813517,22.40374212579971,101.50776316127181,68.15629284039125
626176,3115,0.4555878864983232,0.4579740843573607,4.328160241194998,1.7705544512851952,0.5759587197493005,0.2343843378459338,26.239982160045102,101.445297456743,57.59574681842394
626177,3115,0.36428892335784385,0.3917493689931772,4.499012249568441,1.7476186968584075,0.6161478819389152,0.22256257540792848,22.44558547022221,100.13117552813958,61.61462074857832
628527,3127,0.13708844125723973,0.451089795489101,4.693962765427278,1.8419298570260376,1.8853186556500694,0.22483094139390694,25.84554146294493,105.5348069667271,188.5305040703127
628528,3127,0.30742987784956943,0.5216844829446661,4.817966145741643,1.9034583288381217,0.9722645810162664,0.22636134251686382,29.890319110193943,109.06012872144917,97.22614500947992
628529,3127,0.48871656353094717,0.5873216546930977,4.822310788203336,1.9334852958955304,0.6885596653174174,0.22972502570073028,33.651052030554396,110.78054720541705,68.85582704952961
631140,3140,0.3239657266146865,0.3691076062344401,3.6351678686588538,1.8325614327739421,0.6527945900823195,0.2888395785317393,21.14830802341009,104.99803579639402,65.27925952273202
631203,3140,0.4165007821295938,0.47665915105806483,3.6827950463778625,1.8599585638423637,0.6557144221089076,0.2893665657360631,27.310557621915883,106.56777577738131,65.57128635146692
631204,3140,0.27701925835370245,0.4134354147819451,3.6426756906407767,1.8684279540123128,0.8551067407340318,0.2938857172224732,23.688104368246062,107.05303608916898,85.51036847998617
631205,3140,0.17382353585154914,0.35084477862474955,3.617945823672511,1.8778902424508588,1.156455817359031,0.2973930241847076,20.101925079399827,107.59518528123311,115.64492308823085
635510,3161,0.3586354049220238,0.4733872893644735,4.826123645211839,1.242339742564606,0.7562859836812216,0.1474906758625038,27.123093755722575,71.18082397032113,75.62838959870734
635511,3161,0.2133275595387008,0.4607000371406068,4.894476330555526,1.320930170335266,1.2373537938277774,0.15463089108142983,26.396167749677044,75.68372379170768,123.73480516043332
636166,3165,0.30941935830454514,0.3567499499884683,3.356274853533616,1.8084171417045507,0.6606007435101526,0.30871926177611375,20.440266475842428,103.61466981878249,66.05986298976559
636167,3165,0.4458405097825539,0.4216267055054898,3.4224708310633822,1.8693693035245826,0.5418401801445042,0.31295218109145373,24.157430755469836,107.10697144326875,54.18389769775343
636230,3165,0.4982724760028441,0.6081176316189418,3.03704032976135,1.5221563628390777,0.6992674634468545,0.28716488947432395,34.84257373925671,87.21313534966313,69.92660740997948
636231,3165,0.3603638439982613,0.543134342216078,2.96381388961523,1.5014844386571586,0.8635523561068795,0.2902635734004528,31.119305517595407,86.02872133962474,86.35499837421864
636232,3165,0.2688161136854172,0.4764031508444219,2.953643523418066,1.4715276057360338,1.015411185753976,0.2854519182553366,27.295889890119696,84.31232124566573,101.54074461964007
636233,3165,0.20360189772383858,0.40913114718695354,2.9840289955572112,1.4266686209320185,1.1513393102855238,0.273931957735412,23.44148800115812,81.74209074315415,115.13337120060794
636567,3167,0.21388856625305014,0.6074516855543188,3.50085917635532,1.910964995184052,1.6272219138619912,0.3127524507355925,34.80441784037047,109.49022902128387,162.7214382172985
636568,3167,0.3458367509790816,0.6747087741147777,3.5903462330162133,1.9635922987263918,1.1178096003380233,0.31335571498223824,38.65796515722237,112.50555140141383,111.78064004805722
636569,3167,0.4928722243996049,0.7430955567732364,3.6685596151379207,2.0266832999209323,0.863839271244301,0.31652858713111487,42.5762391780305,116.12039949511583,86.38375361107288
636631,3167,0.46938452920382767,0.42050864991048725,4.295732925054326,1.0834450819737027,0.513297070446387,0.14450812345603517,24.0933708886152,62.076830531298675,51.32959878307797
636632,3167,0.3337481337431853,0.35062362789155055,4.329269190705619,1.0253080874720606,0.6019285635700709,0.13569455579986672,20.089254075751303,58.745826112779305,60.192677806947266
639936,3183,0.4094309500467355,0.6732133329992569,4.306931499679607,0.3519089411688232,0.942094918478802,0.04681499359016061,38.57228269279269,20.162897101891154,94.20926405081424
639937,3183,0.32360577056256223,0.6606315446977421,4.31758545886336,0.3694923529376233,1.169676241833111,0.04903285074112807,37.85139932438882,21.17035238568406,116.96726634794278
639938,3183,0.2616385830684226,0.6499117708755558,4.3947632640726,0.37202303822197136,1.4232304603971255,0.04850170223617133,37.23720152704273,21.31534997175307,142.32250751334004
639939,3183,0.22638620382725966,0.6441397020418889,4.488935833107954,0.38023383051176163,1.6302444269850949,0.04853220112260064,36.906486343814606,21.78579371641661,163.02372978631504
639940,3183,0.18336653664760388,0.6146733047412614,4.571855385711164,0.3767684924984507,1.9206440206738322,0.04721768867387743,35.21818614103297,21.587244473667642,192.06336511306992
639941,3183,0.1651225266421991,0.5471124309489931,4.6494962982448165,0.37409037913334675,1.8984224594638897,0.04609918679316225,31.347233212519985,21.433799880789607,189.84110774502355
639942,3183,0.13039354495971883,0.43062498819148276,4.761356054010989,0.37567363543030297,1.8921943177225942,0.045206687958472824,24.672994376242876,21.52451378449271,189.21799515359172
641253,3190,0.45059410473227635,0.701442923308624,2.721180874444902,1.7131728490687559,0.891927296892944,0.3607168284517249,40.18971907490283,98.1575738280425,89.19253372444378
641254,3190,0.3058375036336304,0.6327366437018995,2.6485450946688647,1.6563409743543933,1.1853725462475546,0.3583150126376962,36.25313922739176,94.90134726509326,118.53687091936624
641255,3190,0.20520248010592063,0.564687240184941,2.6194148884404536,1.5986965300566642,1.5766960523133455,0.3496909326926114,32.35419560748734,91.59856389445642,157.66884455754337
641256,3190,0.14463937548327954,0.4965020897250175,2.6113967893488943,1.547949124688376,1.9667861672405804,0.3396303149629635,28.44747426066922,88.69095174561397,196.67727054509587
641257,3190,0.13435404575022733,0.45014913454213445,2.682314417552221,1.4847547111663872,1.9196774832521069,0.31715214923416485,25.791645560730966,85.07017856199955,191.96633380393402
641258,3190,0.12060965047861096,0.3945214421223504,2.739593307924466,1.4194332098984908,1.8741793544004004,0.2968598722145552,22.604413561025456,81.32753222789063,187.416397070457
641455,3191,0.4974355575546802,0.398826875748273,3.0985856370049727,1.7954442523659648,0.45937802254666166,0.3319946250671643,22.851096736764532,102.87137801159126,45.93771082908929
643602,3202,0.47538403607844115,0.509917804792765,5.045595116235213,1.6197578699464734,0.6145796930757829,0.18393328727166416,29.216138113201218,92.80528978103301,61.45784131997877
643664,3202,0.4102038817539373,0.43949120248172835,3.1537949164569983,1.6776641485435992,0.6138652397388141,0.3047854327673188,25.180991035332525,96.12307515195705,61.38637582191775
643665,3202,0.29176162302002556,0.3725611504849736,3.109403993805094,1.6857753791795487,0.7316308629196012,0.3106312795502162,21.346181533327332,96.58781443405417,73.16283803721564
645411,3211,0.20196809121206066,0.5268742702086108,4.100443862865645,1.9539599823211424,1.4946752400911338,0.27302814962375827,30.18767201698872,111.95366032445841,149.4667913581524
645412,3211,0.3068645178195454,0.5940304328030914,4.163283431399608,2.010140158531697,1.1091355831770056,0.27663873703229264,34.03543670194679,115.17254731362445,110.91320049182455
645413,3211,0.4544646358886872,0.6667999070564489,4.169477727899271,2.077092860022249,0.8406555009211356,0.2854282047228128,38.20482045405008,119.00865453603234,84.06536696518818
645475,3211,0.46078284290436233,0.5350621802520094,5.4775358702985395,1.7325453082181093,0.6653199986126916,0.18122662479151067,30.65680470550824,99.26753397609005,66.53185691641362
645476,3211,0.3563088375564715,0.46894940290246034,5.628117241933938,1.683214927715162,0.7540879710328418,0.1713559029680086,26.868821591490974,96.44111137149672,75.40858758139828
645477,3211,0.25412009426169335,0.40476257715942404,5.767585118682289,1.6354600899104845,0.9126073453909417,0.16246827506361494,23.19118737607333,93.70496071395691,91.26037900730546
647020,3219,0.34541996330915414,0.40818554007999286,3.976010353930186,1.8474215200862294,0.6770688006486479,0.2662202720667822,23.387308704851698,105.84945608258398,67.70668601233648
647021,3219,0.45223077210161644,0.4754309075373696,3.9249996196776267,1.8712575330983978,0.6023513995525603,0.2731596666097166,27.240184451965757,107.21515902860016,60.235008091923476
647220,3220,0.3979697418885457,0.7763562946703454,3.405111502700834,1.8491483410308245,1.1177216075327043,0.31114515703671897,44.48193908302568,105.94839563468408,111.77188270660142
647283,3220,0.45318501951208096,0.48234624178758095,3.728886290233486,1.657573524917733,0.609826055997033,0.2546925799385795,27.636403918425135,94.9719672104091,60.98247238116402
647284,3220,0.3442999784197609,0.41783872825598284,3.727378993670585,1.6494479135896576,0.6953353601915914,0.2535465373450896,23.940395646181514,94.50640397534669,69.53333608304226
647285,3220,0.25183927115464305,0.3526520849712368,3.7582144529538626,1.6583550014410173,0.8023163031875671,0.25282416278687053,20.205476105340754,95.01674251698185,80.23131492315437
648024,3224,0.22639038162500624,0.37105958116208676,4.38827068301608,1.9757018993615856,0.9390923261308268,0.25795897365574066,21.2601479484796,113.19938040939937,93.90882195195408
648025,3224,0.3310274779022486,0.4364191120294533,4.47397503118236,2.0414170046773967,0.7553745272513025,0.2614332389376545,25.00497321813473,116.96457859425307,75.53722681683779
648026,3224,0.46649745640637685,0.5055150550917638,4.430266996039041,2.10466075234182,0.62087966651142,0.2721916720857619,28.96387913708136,120.58817841601487,62.08783488846167
648088,3224,0.4494163808127586,0.38106713455236424,3.4470801928833494,1.8127170287401926,0.4858198091420055,0.30130147569943994,21.833538520994335,103.86103519830779,48.58187389528416
650900,3238,0.46563317950018557,0.4849393392657631,3.7522455064364717,1.9127806517505146,0.5967138530141206,0.2920764592815602,27.784977459790987,109.59425847958738,59.671258432135595
650901,3238,0.36347948172297323,0.41936585320977815,3.7775595615530086,1.862759121327847,0.6610522466322808,0.2825322377582143,24.027893460823094,106.72823590158328,66.10504461457153
655662,3262,0.202756901117383,0.4295882719613065,4.083511682373187,2.034137298131052,1.2139460389318815,0.28540993858479846,24.613594911701064,116.54748213305376,121.39401116335027
655663,3262,0.3344520483898463,0.49689669771610595,4.179043683814357,2.1008267185750094,0.8512455797157998,0.28802882496976595,28.470083633120723,120.36850446266598,85.12430599805845
655725,3262,0.3946568813213604,0.45939009351800375,5.635637916666528,1.3338237896985272,0.6669366248889117,0.13560571981080852,26.32111350870181,76.4224737638707,66.69349518771972
655726,3262,0.2716710095451957,0.3937476892143938,5.8353469058646885,1.33209707640619,0.8304191158402315,0.13079520631804786,22.560080785013568,76.32354037979063,83.04160897098399
655727,3262,0.17593204006027183,0.35397844319577043,6.0677419628929705,1.3537562579189943,1.1528013700051158,0.12783094669268047,20.281470833729,77.5645200681821,115.27948830294125
657471,3271,0.3382337884754497,0.3866817687688997,3.3547143436390785,1.9017442518988,0.6550271872584511,0.32480237618105157,22.15523336511156,108.96191934706533,65.50252700194872
661491,3291,0.34436871703869987,0.5072324296799693,4.9428005691536026,1.8298751113209901,0.8439290554267594,0.2121148106943812,29.062277452828553,104.84412091472441,84.39266292849604
662496,3296,0.2309679640259102,0.5846570182531078,2.9322411487899265,1.8927103621933687,1.4503473804055769,0.3698342316397677,33.498379608606214,108.44431559435743,145.03411637958575
662497,3296,0.41075485439923265,0.6579805944930052,3.095845243395906,1.950039032975841,0.9178104590702076,0.36089984262853536,37.699511065958056,111.72900647528806,91.78082469718413
662559,3296,0.4266094816435607,0.4569701756213667,4.333688026188372,1.794721515989552,0.6137337058672904,0.23728050429297795,26.182462426456333,102.82996826752222,61.37322816257516
662560,3296,0.3221645219144587,0.391060368385043,4.363941408773447,1.7882188353761634,0.6954865115084565,0.23478177702406175,22.40610864329417,102.45739211285351,69.54843743100305
663099,3299,0.25655004471826826,0.3602066012234037,4.101835813398717,1.7073785932833219,0.804455802027288,0.2384922060216957,20.63831800285291,97.82558742611786,80.44526977279277
663100,3299,0.41736275513679477,0.43076525986144876,4.2473507400625685,1.774288328463311,0.5913568102518135,0.2393473928631199,24.681031350917177,101.65923286026926,59.13554075347953
663161,3299,0.4554073865258349,0.37432944927724,3.799222357759119,1.2311854100792967,0.47095189394504217,0.18567412214209136,21.447497591042275,70.54172779562722,47.09508701554309
663564,3301,0.4735803025501477,0.45372372522000565,5.717543054372172,1.7379814152618511,0.5489344432430775,0.1741639701626144,25.996454520059793,99.57899996667778,54.89332957207917
663565,3301,0.3448568268687021,0.38572040329562696,5.821380924716566,1.714619037793768,0.6408500229136435,0.16875795526881848,22.100151180923433,98.24043433836509,64.08481831945672
666579,3316,0.4014346855843502,0.39865606216776966,4.6216830260315644,1.7382962236094444,0.5689919204982798,0.21549949743388278,22.84130983951817,99.59703715635037,56.89905172797282
667320,3320,0.21000118804900683,0.4169508739788207,3.2442174886982436,2.020361063765281,1.1375899549726622,0.35681381440288906,23.889525343277484,115.758162046312,113.75845921044662
667321,3320,0.3619512649065175,0.47983617630850117,3.3648602799394696,2.074690133162011,0.759565987639441,0.3532716909020801,27.49258776017238,118.87098842761799,75.95639100993877
667384,3320,0.42909016142264905,0.5934603962187825,4.943772011842796,1.6589047047389158,0.7924389388543109,0.19225853816881006,34.002776011497836,95.04823819593585,79.24371105375802
667385,3320,0.34671012363807086,0.5233998906406689,5.058301440429259,1.6405621258960763,0.8649474538469688,0.1858277660278202,29.988604731319167,93.99728584285519,86.49449840733708
667386,3320,0.25749737064426426,0.45452011444893864,5.135376180106969,1.628145350051731,1.0113533658699536,0.1816534048109747,26.042084261727332,93.28585699181423,101.1349477535322
667387,3320,0.16796461271559762,0.390018806830271,5.172260898973282,1.623898569188169,1.330424895481726,0.17988755016282537,22.346431562102655,93.0425343718152,133.04170538728087
667409,3320,0.3810096946066108,0.3694188259490978,3.4411870328743634,1.864480244361736,0.5555275717035895,0.3104360433085244,21.16613959956124,106.82684898744789,55.552612824726715
668526,3326,0.4014348137998883,0.36422376714052135,3.4446365477868026,1.94473924025456,0.5198473928587298,0.32347491194152533,20.86848465550755,111.4253507200645,51.98461108382891
668588,3326,0.4760382422840519,0.4883598661323439,3.292042263323228,1.7719151293698134,0.587788041795031,0.3083898994583158,27.980959212957174,101.52325856826756,58.778681939546864
668589,3326,0.37593697895040284,0.4237534504098784,3.3182418396766855,1.7303068233974797,0.6458338757880355,0.2987705017734724,24.279284262592256,99.13927824336386,64.58321750406442
668590,3326,0.26189399863281737,0.35822395245067423,3.3265094556177517,1.6837254438177864,0.7837033272759951,0.29000477162819516,20.524720595918716,96.47036178955057,78.37003647669817
669531,3331,0.4531197222626765,0.5108111096601079,4.006584390893077,2.0559159910916507,0.6459070004691828,0.2940043127426705,29.267320711918458,117.79530932300734,64.59055892604276
670999,3338,0.4845888083206335,0.39524879669119384,4.4906830450653175,2.03387334309915,0.46732584516726744,0.25949807010383535,22.646087908029745,116.53235862374453,46.73248904369393
671341,3340,0.28288594715589277,0.35066574996752936,3.746356218526977,1.907371252945453,0.7102391258629039,0.29170830559624483,20.09166749292922,109.28432275835425,71.02366402878654
671342,3340,0.460813783752414,0.4189393703865171,3.7881497372728226,1.9368459842311685,0.5208927796964339,0.29294802968969236,24.00345779501541,110.97310046330796,52.089166062675545
671404,3340,0.3609485782337072,0.3825696464983347,4.941110091092386,1.6420485243885685,0.6072783445816915,0.19040751628333427,21.91962611416643,94.0824502031496,60.727667895968395
674556,3356,0.3297738234721328,0.6288241136244475,3.2137441851495603,1.8855738964266093,1.0925356747499606,0.33616684983309575,36.02896776673577,108.03542622528254,109.25323949049238
674557,3356,0.44384122072063703,0.6967141586277487,3.324166054701989,1.9477629749181968,0.8993932526629972,0.335719081966692,39.91878081637815,111.5985979546583,89.9391246546232
675623,3361,0.49009231288653987,0.47982751664339424,4.097535301478154,1.733488583576849,0.5609574015766492,0.2423934685683893,27.492091597909756,99.32157967306452,56.095626842952605
675624,3361,0.328587864885465,0.41129540299354983,4.06669128476724,1.7030260836790192,0.7171746898109655,0.23994003951334106,23.56549072466277,97.57620699550117,71.7172529047109
676429,3365,0.3985510281991078,0.3514374476718044,4.348849900694164,1.7596527796548087,0.5052272001455594,0.23183296676842852,20.135882514444113,100.82067768268435,50.5225945165299
677233,3369,0.40725985952445104,0.41107423399407644,4.4967731939475435,1.7864461978464745,0.5783240735684554,0.22762061331877181,23.552818674433816,102.35582746379585,57.832266773526655
680385,3385,0.32752252670269,0.8038386298520028,3.214259352607311,1.9236904947104776,1.4062104355861957,0.3429074446155992,46.056560900098546,110.21934643634378,140.6206185056943
680386,3385,0.43968525588826246,0.8753635801593184,3.2887527030763084,1.9921054195249237,1.1406940958384653,0.3470593347748248,50.15463868259067,114.13923288391639,114.06915274453446
680449,3385,0.4972826258161732,0.49076471714129294,3.911612298467305,1.752984878956711,0.5654479967911484,0.2567704240449793,28.118747026127732,100.43863511447103,56.54468710884553
680450,3385,0.336176731057767,0.419273591039452,3.907599454779983,1.7191383932229907,0.7145826672085788,0.25207131697702057,24.02260722785469,98.49937433057909,71.45805628549135
680451,3385,0.2122690107505878,0.3546009537178471,3.9270185524385295,1.7044269001950156,0.9571409896509929,0.2486783963890892,20.317138059346476,97.65646786973998,95.71365256686508
680649,3386,0.4603813147100031,0.3641021250842673,4.942497409341922,1.837409892937798,0.4531355630512096,0.21300128896159834,20.861515079072902,105.27583210092027,45.313458863452794
688024,3423,0.38031793061696106,0.37048681781016146,3.8550820270521533,1.9949428268272258,0.5581469806898675,0.2964964253640125,21.227331025754513,114.3018043470979,55.814552778950834
688025,3423,0.4962218396274768,0.43076768559856815,3.85975822798869,2.0377502049102225,0.4973817729699923,0.3024917086623407,24.68117033541633,116.75448644327443,49.738078065783746
689179,3428,0.40990800318742193,0.379189478039595,4.8568525986507955,1.3805935028222276,0.5300202979321524,0.16286716379657742,21.725956727437406,79.10218093489635,53.001901784293544
690234,3434,0.29939712869120744,0.3823891452204785,4.259513015237463,1.78391677150699,0.7317800112761056,0.23995912538442354,21.909284152748555,102.21090200995415,73.17775915475178
690235,3434,0.4683716264546812,0.4448079265658873,4.402137755383025,1.8415848356591824,0.5441323705914958,0.2396904511446695,25.485616886190392,105.51503869856445,54.41312204579985
690296,3434,0.49996993676364576,0.4376785938436479,3.9250303701002043,1.8814932875763555,0.5015728719853726,0.27465169468972905,25.07713621046156,107.80162456031925,50.157187881335645
690297,3434,0.38217694643151123,0.3708167914578978,3.939754418101964,1.8876177721716507,0.5559266922187607,0.2745159213677861,21.24623712312034,108.15253167932256,55.59252521371692
692708,3446,0.48932303914834474,0.4516675312684735,3.9332466976720597,1.7590050826259156,0.528866223036455,0.256235051770184,25.878643284776672,100.78356737652561,52.886515303474056
692709,3446,0.36823963310147345,0.3811010201263115,3.9488686416775254,1.7334209004100116,0.5929692913413678,0.25150925612851,21.83548002136789,99.31770171326066,59.29676971674889
696326,3464,0.4910970295093189,0.5666326520918076,4.259877773005426,1.9028681294362317,0.6610844066908539,0.2559376544125394,32.46565949916529,109.02631278664973,66.108307401688
696327,3464,0.37551297141989826,0.5033317108970624,4.373652800884685,1.8835687571235908,0.7679836425482475,0.2467515023993275,28.838782729500583,107.92054020588377,76.79816178464681
696328,3464,0.284896415476074,0.4404229067425649,4.510668761567926,1.864436795317149,0.8857385176056564,0.2368259895603831,25.234373757232817,106.82435954056916,88.57354397218822
696329,3464,0.21848261849419817,0.37249033445382784,4.654839762553424,1.84363649615806,0.9768339121838949,0.22693066861074543,21.342124073620813,105.63259018614386,97.68294859226506
697269,3469,0.35328105606485716,0.7159597975373593,4.585234779848044,2.135229057386452,1.1611568985811616,0.26681210208211636,41.021474699931595,122.33961328194074,116.1153644678763
697270,3469,0.49492002421970993,0.7845035837648,4.709457153587005,2.1936690711276094,0.9082021590311453,0.2668842184101407,44.94874436261089,125.68797942399561,90.82003423369791
697333,3469,0.4402460354837035,0.4356712310629703,4.494294367125057,1.7389091685394522,0.5670039072753262,0.2216858709145065,24.962122795177088,99.63215631391377,56.70026322324004
697334,3469,0.30782571244650914,0.36899554292614445,4.46515423430013,1.7081016803016906,0.6868135352944814,0.21917947713770597,21.141887268806475,97.8670172604911,68.68113264367949
702156,3493,0.4263440395007316,0.448123697480404,4.38004159327296,2.074506461478644,0.6022271589222773,0.2713683466534364,25.67559656542443,118.860464815345,60.22257605129325
702157,3493,0.26706581905564947,0.3834375090472929,4.402848741341082,2.0095756867822585,0.8226193164847522,0.2615129702778371,21.969350975419204,115.14020546472726,82.261626708638
706578,3515,0.38731918967944834,0.5816772603977642,5.506969549405374,1.864192521285565,0.8604699195678029,0.19395488302108538,33.32765205952407,106.81036366951476,86.04677201853718
706579,3515,0.23539348071321262,0.5094992587276852,5.540367659343252,1.8480555552817313,1.2401429241603825,0.19111688960509107,29.192157190140335,105.885783623349,124.01377084837397
706580,3515,0.15519176286432523,0.44275067749964697,5.5942837050564975,1.840084552709977,1.6346063150825059,0.1884585841324903,25.36774519728759,105.42907881749954,163.45958876616515
706581,3515,0.11870599097442357,0.38339994603109234,5.679760342469689,1.8227100502456963,1.8505550345224915,0.18386971751325126,21.96719877312513,104.43359315515661,185.05396011476822
707784,3521,0.3942064117502221,0.4138049438641447,3.4772885595578122,1.840752217052644,0.6014431911027103,0.3033033671400975,23.70927682506344,105.46733316646575,60.144168065734206
708589,3525,0.46169051543895423,0.4167595401656085,4.072185200970523,1.8121534585769434,0.5171984567064624,0.2549705861284945,23.87856272330228,103.82874500649412,51.719734768354336
709078,3527,0.4113392419332761,0.8351743147928212,5.020450282098437,1.0259317424221277,1.163321107102155,0.11708423645147018,47.85196339535909,58.781558909290595,116.33183072596435
709079,3527,0.3198783577466515,0.8253186584885738,5.096001761294437,1.0802030972925394,1.4782892703218509,0.12145026879788738,47.28727588479421,61.89107849182195,147.8284695139545
709080,3527,0.277578052322518,0.8034074872065768,5.223640888204603,1.1340709081882419,1.6583392023488914,0.12439116312548913,46.031858246147536,64.97747670775453,165.8333287796635
709081,3527,0.2304382481370717,0.786265618037449,5.305820206537276,1.1840612115239706,1.9549575601718943,0.127862813545812,45.04970148979108,67.84171010547055,195.4949161394341
709082,3527,0.21516559890195458,0.7340000466773602,5.39871391239956,1.2156397137844843,1.954545851989831,0.12901410596949098,42.05510483701816,69.65102500834232,195.45368589565103
709083,3527,0.20937197032825078,0.7271102980335766,5.4979369795306905,1.2367121980700437,1.9897768198260724,0.128881777940873,41.660351317823384,70.85838942176062,198.97674113573072
709084,3527,0.19270820137865508,0.6679336390170649,5.600961872961282,1.2553413414318761,1.9858924659570238,0.1284168009268971,38.26977851049247,71.92576071233778,198.58822638829804
709085,3527,0.14934209822294936,0.5143898823467559,5.701312350204786,1.2546270801117991,1.9734801947955276,0.1260847187657788,29.472369282700082,71.88483655322791,197.34671125345048
714014,3552,0.4542301840463969,0.45462419608682,4.595234939850814,1.9338030074005603,0.5734547822164832,0.24111661741551463,26.048047700302742,110.79875073375801,57.34535323678283
714015,3552,0.35914467183678384,0.38899621777467425,4.729177866322907,1.8813949401982972,0.6205811376922903,0.2279381162851191,22.28784152504069,107.79598967063033,62.05794270345419
714153,3553,0.40223416695963904,0.7327588414936155,3.376117047090929,1.836149471347233,1.0437698093141545,0.3116112785319821,41.98398901847983,105.20361526337373,104.3767240339097
714215,3553,0.4531330234243202,0.4845091340435313,4.553320759976786,1.908226738033893,0.6126308714782542,0.24011780405252595,27.76032851623262,109.33333844335824,61.262953301208
714216,3553,0.34466136470759373,0.41676335900131456,4.68027962499947,1.8541497554255377,0.6928186120864093,0.22698420576553682,23.878781526470892,106.23495557109712,69.28166220506635
714957,3557,0.32420598348379015,0.6682237473905764,3.5631398381898967,1.8854952044873539,1.180928214327116,0.3031902257896559,38.28640049589609,108.0309175092815,118.09246082390558
714958,3557,0.4391992777658046,0.7358866455432239,3.6553573066657923,1.9489073989320604,0.9600015337945884,0.30548085712857137,42.16319898966632,111.6641686206261,95.99993698580734
715021,3557,0.43181299610254725,0.4613868472789098,4.561762821278472,2.0730097159432908,0.6121983057094551,0.2603701946071506,26.4355190719286,118.77470761316421,61.21969021506818
715022,3557,0.30340248232778566,0.3934873568794291,4.537961336847502,2.0619306925205065,0.7430777732897553,0.2603370044391922,22.545164840949305,118.13992632991209,74.30753486406053
715044,3557,0.48443756278265027,0.4050739839228582,3.4741418639810715,1.284194706606197,0.4790922705688437,0.21179024757921266,23.209029669329936,73.5789367615761,47.90912914945414
715105,3557,0.45067407006320404,0.39366508164194686,4.606485775020859,1.1911366201457687,0.5004802520835746,0.14815437264509224,22.55534771975654,68.24710115783006,50.0479152676302
715710,3560,0.48204573206968654,0.512116374560424,4.445351154227152,1.0704063318193184,0.6086996382515775,0.1379638253797873,29.342106881853137,61.329765177326905,60.869838813908466
715711,3560,0.3792524748765541,0.5076095579775521,4.542919518503165,1.1368095860623395,0.7668739552776234,0.14337562218023076,29.083885312615006,65.13439139138619,76.68719534364642
715712,3560,0.28698458881449324,0.5056916314461101,4.637239209898419,1.2052518082136254,1.0096010844009087,0.14891584968235555,28.97399621694721,69.05584186115166,100.95976016299527
715713,3560,0.20907830162754,0.49395299216984095,4.767486096297997,1.2632661235646334,1.3536278109805913,0.15181967113965883,28.301421729190487,72.37981728210545,135.3621401491357
715714,3560,0.15747396628956276,0.4859632923561057,4.93340619126235,1.3478145352352207,1.7681426675280092,0.15653299421321681,27.843645650286994,77.22408443536473,176.81315517215918
715715,3560,0.12516986611171366,0.4292037808770377,5.0578030635934494,1.4000389096732695,1.9646552316920223,0.1585991378295874,24.59156519531205,80.21632067837582,196.46396928630614
715716,3560,0.10355696942323206,0.36105343938424367,5.133535582654839,1.4246877725863913,1.9976285877220903,0.1590104812166687,20.68683825539966,81.62859649309425,199.76094906664713
715962,3562,0.22153784508487395,0.5196977399289754,3.10720572207528,1.90481166607217,1.3440812230040786,0.3512405635282019,29.776487120417773,109.13766923321803,134.4075216651512
715963,3562,0.31038609782382437,0.5874602958163831,3.1606747353138727,1.9651136788751917,1.0844233918127064,0.35623001142369665,33.658995581785604,112.59272006297505,108.44199329731947
715964,3562,0.41251471712554655,0.6601238018964817,3.182425132119861,2.013334161029043,0.9168716973657874,0.3624768691326909,37.82230780479845,115.35555017647663,91.6869496957554
716023,3562,0.46586321304654915,0.5578560746737877,2.745344495885468,1.9274317419955493,0.6860983454654286,0.4022580913948885,31.96279865454293,110.43370411589316,68.60968874496743
716024,3562,0.37536334887405426,0.49108558384962514,2.7334231672772265,1.868927242089323,0.7495971748202063,0.3917492325334248,28.137131334301422,107.08164318874289,74.95951978045271
716025,3562,0.27092435089001354,0.4224456322641647,2.6785111581805725,1.8118584481783189,0.8933988705540736,0.38757293002536386,24.204351802472235,103.81184215574045,89.33956059467606
716026,3562,0.20378574252375206,0.35141449378925443,2.6895108308015825,1.7546116291094123,0.9880262532830304,0.373792287829487,20.13456735385056,100.53184103254306,98.80214534320753
719844,3581,0.41756840827585107,0.41118692614217855,3.5076291988571007,1.6800147963222232,0.564201563810335,0.2744239816048228,23.559275458904327,96.257757348794,56.42002261655338
720246,3583,0.46352734435602133,0.47297694931602274,4.382194351266113,1.73336029354796,0.5846382688769385,0.22663127421660384,27.099583002781152,99.31422919585556,58.46370202113644
720247,3583,0.36528302540712587,0.4083003036708045,4.454561749425301,1.732730456754524,0.6404317175084066,0.22286848306850698,23.39388417424697,99.27814220580964,64.04299817976822
720787,3586,0.28373687739914205,0.3858071544066577,4.249685844773885,1.8181287274819833,0.7790711266370367,0.24512659583810892,22.105121653453566,104.17110269620865,77.90684083520394
720788,3586,0.46282013499150376,0.45394728092015646,4.31111605381748,1.8605078191402455,0.5619734490736568,0.24726600771084747,26.009263318164525,106.59924578782515,56.19722469813742
720849,3586,0.40552610400223144,0.4207315759785248,5.035998062351895,1.7342061488292275,0.5944412154755724,0.19730486728948848,24.1061436114572,99.36269313355105,59.443976428575674
720850,3586,0.2612294617327872,0.35220237168421453,5.093512089193624,1.7003385874117072,0.7724897691729569,0.19126728847340987,20.179709432003424,97.42222480192703,77.24868416243609
720987,3587,0.28168450318903415,0.6378735535726301,3.512881737006851,1.8524055083025508,1.2974608390414875,0.3021309147766059,36.54746248272372,106.13501757252213,129.74562790402942
720988,3587,0.4063329557384505,0.7083283452804741,3.6096148705107303,1.9182144696670012,0.9987923234409647,0.3044801092389499,40.58422469405649,109.90559331284464,99.87898899638057
721051,3587,0.35911192897525607,0.3612195184763341,4.36193625095588,1.7739342839171957,0.5763204070992429,0.2330133718637694,20.696353886441806,101.63894760201723,57.6318818303193
722194,3593,0.4519424367359983,0.37515325274798406,3.1813085034113193,1.869999100176797,0.47560697624890824,0.336789266686061,21.49469805306414,107.14305613339211,47.56059344129876
722860,3596,0.3722888361909908,0.4126547762970338,5.3756815840866015,1.7618385523180766,0.6350815319781481,0.18778253783168256,23.643377077735156,100.94591323126467,63.5079843157623
728688,3625,0.4064434092325912,0.3793139466120621,5.861060337688867,2.137463310010961,0.5347137442243792,0.20895131471557457,21.73308825132179,122.46762652769114,53.47124417913902
730233,3633,0.24434784625815595,0.38754318980018077,3.290491694349363,1.8145229522702855,0.9087286254366971,0.3159543203141508,22.204589154587772,103.96450699470547,90.87249436458765
730234,3633,0.39386523547935826,0.45701622522913027,3.3994961906975276,1.8717400118697025,0.6648238496585436,0.3154667535851221,26.18510087462942,107.24280302590057,66.4822178594736
731037,3637,0.1690873457487796,0.40551852912114145,4.240311151259709,2.123101575323974,1.374112223241274,0.2868769651977663,23.234500232994375,121.64475974364015,137.41041779138743
731038,3637,0.2717569210032267,0.47117437427274583,4.320109481868992,2.18972365024728,0.9933988789498522,0.2904137584829403,26.996303060545774,125.46192345914994,99.3395260049301
731039,3637,0.40813264488847756,0.5358288152237904,4.319510955581392,2.2561797094989156,0.7522242899727644,0.2992690056985206,30.700729653818428,129.26957517734,75.2222465320334
731100,3637,0.47956576424332875,0.591914387521457,4.378179456928445,1.7115156441495238,0.7071855011246635,0.2239803638044536,33.914196238050565,98.06262298038219,70.71840412369099
731101,3637,0.36386310342513134,0.5249916214694714,4.43233670020989,1.681035372217472,0.8266791295985447,0.21730350904614273,30.07980418993041,96.31623204026455,82.66768803732691
731102,3637,0.27455658008495376,0.4591815798250471,4.5157873831029915,1.6482611683615116,0.9582420347653677,0.2091294391464341,26.309166554124708,94.43840848241663,95.82385795352695
731103,3637,0.19093323680115226,0.3902364282043154,4.5991352662565825,1.6147073385278405,1.1710323227076815,0.2011593703800543,22.358900348367236,92.51591564644713,117.10262508683986
732593,3644,0.4393324732052749,0.3701964825096037,4.785621842494669,0.7104282059183147,0.48279371203422594,0.08505590099007045,21.21069603838889,40.7045378461704,48.2792624100335
732594,3644,0.32650039805267583,0.36515177772521246,4.899164384523971,0.7678651222273363,0.6407849800291346,0.0898019074193535,20.921655745353817,43.99543073892347,64.07830370753402
732595,3644,0.19704826471151762,0.3495081867194958,5.013514773270099,0.8133147330641917,1.0162658888343437,0.09294776944886654,20.025344004297438,46.59950162038733,101.62607829881918
733336,3648,0.3627851651920768,0.3653680682957726,3.8832720457085474,2.0300009952794857,0.5770370377210658,0.29951671623390524,20.93404828219539,116.31048943687108,57.7035463056092
733851,3651,0.2538223647209783,0.5282045481621283,4.6127641954379035,1.6321113798624642,1.1923255923585556,0.20272680240440522,30.263891329304574,93.5130937613923,119.23209418712464
733852,3651,0.4262293500256755,0.5979437308840195,4.751773880567032,1.6964830982260057,0.8037844263918577,0.2045579688389359,34.25965216596062,97.20132154362801,80.37825594516407
735459,3659,0.39560406726104386,0.45724124022820006,3.731294024388909,2.152849155793925,0.6622275853622261,0.33058014034398014,26.197993284403257,123.34917055529415,66.22259281405073
735460,3659,0.4844595610848752,0.5225707675968434,3.789502952296335,2.206450324532801,0.6180309207879262,0.33360652454640927,29.941099480210923,126.42029130100029,61.80296578355608
735524,3659,0.48391586828983124,0.4504192810092138,4.146081278732045,1.608907598267197,0.5332977273725321,0.2223391404740927,25.807123813144983,92.18361500724015,53.329663634887766
735525,3659,0.32113842764605355,0.38441070332475535,4.136873710836472,1.5442605467001185,0.6858447422740257,0.21388037867540097,22.025110900164083,88.47961179448195,68.58426279702798
735661,3660,0.3523797786823233,0.41287858113224907,3.337635828753803,1.7154999668175326,0.6713268158394324,0.29449260674938393,23.656200150227615,98.29090785347739,67.13249297730296
736263,3663,0.4605363078016766,0.3540756288912099,4.069680458126914,1.757342649673137,0.44050899743900435,0.2474108662170967,20.287039163906723,100.68831698460794,44.05080504931216
736324,3663,0.4651668144566473,0.5096480871036707,2.7786840196194937,1.8205746121758954,0.6277464963685849,0.37539799579382044,29.20068442795609,104.31124156634547,62.77451603581988
736325,3663,0.3830624872154056,0.44275957568119756,2.76294212229004,1.779530641110446,0.6622484636304813,0.3690254459485542,25.36825502553578,101.95959524983813,66.22467520970125
736326,3663,0.2822889147380483,0.3771759149392495,2.7675656289681685,1.7514037349314107,0.7655485627024867,0.3625859521526353,21.610588060004332,100.34804223501898,76.55458778985405
737268,3668,0.3592675897271712,0.454326716910284,3.4021934820894564,1.8606938102495332,0.7245575002800758,0.3133563759418629,26.0310033989942,106.6099022934143,72.45555036904886
737269,3668,0.4981338101687903,0.5250277065363805,3.5065712559988356,1.9182713955524964,0.603891374044321,0.31343682072442175,30.08187171196775,109.90885492582856,60.38901738622657
738537,3674,0.4287479836904253,0.4386226781198081,4.629863065191395,1.7332375959229407,0.5861538391975787,0.21449273450852627,25.1312282549902,99.30719913978568,58.61524857429399
738538,3674,0.331878114170991,0.37012255460514715,4.757834561907124,1.7299917515133676,0.6389833718160117,0.20833264472755594,21.206460281475284,99.121225954161,63.89814657197523
741089,3687,0.3464405001893027,0.381817198518011,3.46068878683665,1.8309265703911382,0.6314652408471785,0.30313146093247606,21.87651402059074,104.90436508177466,63.14634363561227
741090,3687,0.4684232411607435,0.45482078435283335,3.4105502856978727,1.8984460737689228,0.5563197666570275,0.3189307830978159,26.059311378247102,108.77294766014101,55.63185908925803
743903,3701,0.4246932282946249,0.41755890313974126,3.1451008490826715,1.898252148966602,0.5633327939029236,0.34581350952016077,23.92436284801911,108.76183658742512,56.33314807241026
743963,3701,0.4770444987341028,0.4502144877848071,4.213839559758024,1.9232267620671548,0.5407334023017033,0.2615020688112876,25.7953900257136,110.19277651305894,54.0732280131869
743964,3701,0.364972009295661,0.38347355502767144,4.244146795075291,1.9115439428622305,0.602002759016012,0.2580575208869559,21.971416257963305,109.52340027980239,60.20011260658588
744303,3703,0.40065573124638454,0.4064863337904848,3.1412690203637967,1.7747708036426624,0.5812958347605102,0.32371272778246996,23.289951355940804,101.6868766517659,58.12943984115572
744364,3703,0.49507487150905083,0.47197705010905566,4.108677767859625,1.9719388527565083,0.5462263186501228,0.2749881587932047,27.04229299828346,112.98377372081741,54.62252263649064
744365,3703,0.3475563717430927,0.4018983813066248,4.149587546107194,1.918494501136439,0.6625423169191083,0.2648977433248663,23.027081042009062,109.92163793417427,66.25404297000557
746461,3713,0.458945468579255,0.3850580170315673,2.7071794900587225,1.8842686283309638,0.48071503638913116,0.3987937994873526,22.062199243585376,107.96063987226896,48.071399943184176
748926,3726,0.29057326315965765,0.5744423086355527,4.350730235926862,1.8352708501694983,1.1326960494568354,0.2416910909991325,32.91311985856861,105.15327397809872,113.26921903088272
748927,3726,0.4699492984392369,0.645278341146274,4.517199700960194,1.8965707892479515,0.7867173096109531,0.24055943665285673,36.97172555888444,108.66550177170315,78.67156523077465
748990,3726,0.46754995532898247,0.38425319879162656,5.775397236130646,1.8400432390064858,0.4708820059407005,0.1825445198376378,22.016086555161625,105.42671171665344,47.08810088874798
750534,3734,0.39848194723215213,0.7202397693329209,3.4857554188191644,1.9146227597671768,1.0355976794254371,0.3147088363899107,41.266699020252304,109.69980349434934,103.55951065632614
750596,3734,0.4523088647601423,0.4370881916090215,3.410597957471989,1.8875751481980436,0.5536771452358247,0.3171000819709397,25.043308654202377,108.1500895055288,55.367593336666935
750597,3734,0.3567919488177678,0.36988853052920945,3.4297912807170325,1.8730364123416905,0.5939890506457294,0.31289682725583146,21.193051689619605,107.31708130150425,59.39874024933146
755559,3759,0.22897329332639713,0.42312560867686666,4.726883655676398,2.0674140589350034,1.05878332665403,0.2505966054191779,24.243311581088506,118.45410008298654,105.87787488672483
755560,3759,0.3520508659470372,0.486327345424348,4.801135221831309,2.1258867922792097,0.7914908400571066,0.2536990420778948,27.86450435461607,121.80434092020344,79.14886143170739
755623,3759,0.38500052930228923,0.3640999856828309,5.4944336429436005,1.7895963734510447,0.5418535916392642,0.18661854106788556,20.861392500399912,102.53631923066278,54.18521983069918
755708,3759,0.4272528679989078,0.3855119440676306,4.168147946806734,1.2462599774208223,0.5169820610784781,0.1713121453994328,22.08820734695869,71.40543688228239,51.69808631671687
756162,3762,0.18881468962149164,0.37205887789479136,3.5316386267747886,1.8179520881920381,1.1290118553523016,0.29493669291579033,21.317403433744783,104.16098201039861,112.90059357079171
756163,3762,0.31800476444406894,0.4451070538423047,3.6181579998309124,1.8828047274583048,0.8019614064364247,0.29815382367914195,25.502755616666352,107.87676453064009,80.19589098093785
756164,3762,0.4372256129449348,0.512933145615632,3.687326330029582,1.8906352363514656,0.67216793513143,0.29377768510933805,29.388904416145,108.32541964165786,67.21664131603605
756226,3762,0.4657575025442959,0.42611259350070785,3.945100710362834,1.9093091562428275,0.5241880709898865,0.277294204109286,24.414453204964232,109.3953564383983,52.41869567940373
756227,3762,0.3426829572492473,0.36013262321115314,3.9426818112739737,1.900225511408749,0.6021332061119391,0.27614427656662827,20.634079374974185,108.87490192680978,60.21314665736226
758172,3772,0.2314160492422931,0.6631567107724732,3.1248654225709305,2.0822570572997403,1.6418947244823034,0.3817909725042135,37.996080683040525,119.30454124460555,164.18877004718317
758173,3772,0.3200948934077003,0.7333559731825589,3.18744434241921,2.1380839617056573,1.312679511505743,0.38433043437250064,42.018202144069804,122.5031872503449,131.26754516201177
758174,3772,0.4131527332598032,0.8010507162135512,3.1804023841523708,2.137429299751594,1.1108924232921522,0.3850634690394527,45.89682521496831,122.46567788336927,111.08897613689732
758235,3772,0.43749349417661015,0.5627297722251438,3.4879626050824353,1.6794207746689356,0.736971878372009,0.27587372066155896,32.24204095485887,96.22372241512124,73.69702106889426
758236,3772,0.332005198121298,0.4943015385013858,3.4837032566910024,1.6423005114547875,0.8530405930441177,0.2701059211851698,28.321391962952774,94.09688799853583,85.30380493862225
758237,3772,0.24708152475933393,0.4230435930201085,3.530830347790417,1.6228311025446778,0.9809965141147243,0.26334137756921183,24.23861243010227,92.98137303837214,98.0992583498628
758238,3772,0.1856244069346783,0.35483581862919394,3.6102199998916285,1.6019190261146132,1.0952543400945334,0.254231595488912,20.330594827522365,91.78319931807444,109.52484987508588
759039,3776,0.4653268236444845,0.4716996356715329,2.70272978240823,1.858310338432644,0.5808046381113261,0.3939474072354328,27.02639832183741,106.47333941771817,58.08034024306672
759040,3776,0.3744491669778777,0.4055983283642793,2.651917277919692,1.829488114659135,0.6206202021965577,0.3952685406773848,23.239072392834508,104.82194763931447,62.06185613533846
759780,3780,0.29634228109511185,0.7044320863698423,3.988102793872863,1.6669972115356617,1.361971838492437,0.2394920827725863,40.36098550258705,95.51190468107032,136.1967288525537
759781,3780,0.41082770264464613,0.7743040711231125,4.043230983355725,1.73384331276218,1.079877378513794,0.24569930414933866,44.36435533515187,99.3419041582541,107.98747762647353
759845,3780,0.4593100348728003,0.35736736824948606,4.88728310264518,1.789832129551558,0.44579129424577474,0.2098299294241476,20.47564193639305,102.54982706021666,44.579033338625294
760787,3785,0.3739799278158793,0.3673742261483665,4.113377633164379,1.9612690423683183,0.5628374822220826,0.2731877507140879,21.04899266018605,112.37243861736928,56.28359922821794
763599,3799,0.18039151847253937,0.40664252139612034,4.523195803544296,1.7225977556605847,1.2915739693453905,0.2182032024846646,23.29890024655597,98.69758119805932,129.15668811455
763600,3799,0.29848587773788415,0.4762677373290213,4.611365739569444,1.7880510990215601,0.9142184735769258,0.22216364324870397,27.28813126719821,102.44778152766384,91.4215441362258
763601,3799,0.4739633879916506,0.5468697724298486,4.664616664662865,1.8065362898032213,0.6610917643910993,0.2218979868274559,31.33332990351011,103.50690494294716,66.10903835260737
763665,3799,0.44108912800373246,0.5689097336063644,3.8670739298172583,1.3505928682287793,0.7389918238993415,0.20010807239345002,32.59612665955666,77.38327118997759,73.899016527708
763666,3799,0.3314179417769528,0.5024534925714881,3.847791522626357,1.2993897146991293,0.8686452973232128,0.19348643491647743,28.78846452595413,74.44954659496825,86.86427025444118
763667,3799,0.24850453857849358,0.43722790262741035,3.907959100527669,1.2456685231085287,1.0080826950334363,0.18263125848513873,25.05131350590753,71.37154904641315,100.80786790188485
763668,3799,0.1971835850569994,0.37500452260839084,3.968907066684673,1.1918952902459252,1.0896533475600798,0.1720639169251012,21.48617644377906,68.29056975261179,108.96478767631928
765070,3806,0.4326744555535896,0.43484782627183594,3.6262978022053267,1.856874945467836,0.5758358109701844,0.2933876448338101,24.91494517581424,106.39109745889189,57.58344934065336
765071,3806,0.3279648581961554,0.3630947748044586,3.614715008156795,1.8248610883571774,0.6343300815715972,0.28925333818938676,20.80379815954854,104.55683856051628,63.4328166778441
766614,3814,0.2625292018201187,0.3658263670250848,3.7227039863751905,2.0917681424192818,0.7983990322380922,0.32194202492930624,20.960306865141188,119.84948628054495,79.83960214795722
766615,3814,0.3751080206313995,0.4352732509069394,3.7924011450827972,2.151128242313481,0.6648570058584863,0.32499349208026146,24.939320211906562,123.25056947595755,66.48552511461239
766616,3814,0.478869238904053,0.5010483004343826,3.7689262728691646,2.2170378924916236,0.5994946013508792,0.33703740727889003,28.707952947093016,127.02691426034878,59.949336197618614
766678,3814,0.4252125534935834,0.46255988511668317,3.8454681532641772,1.7819678146573916,0.6232818939189717,0.2655053446635569,26.502729189242167,102.09923500801905,62.328044276796795
766679,3814,0.2857313565767341,0.38996410642669044,3.8622380265236176,1.7388964410299503,0.7819686626473141,0.2579629379110288,22.343297459839825,99.63142708133559,78.19659532972592
766816,3815,0.30302571936771155,0.39273979558498434,3.6678972780392267,1.8313879440941516,0.7425881881648557,0.2860788937299529,22.502332733850285,104.93079984773564,74.25857621005542
766817,3815,0.44396554956150147,0.46552876154724543,3.6527814344704943,1.878575404630964,0.6007860903659652,0.294664336803862,26.67283327860925,107.63444218243512,60.078475067442746
767820,3820,0.1702985800836653,0.5195583489054642,3.0462998562770367,1.8323692457783598,1.7480180304748103,0.3446378521526749,29.76850060306857,104.98702429266986,174.80078687477567
767821,3820,0.2780354330576277,0.5933844970563016,3.1068701277568898,1.8935115237980127,1.2228091115265594,0.3491945719087559,33.9984273098191,108.49021877301146,122.28047574891872
767822,3820,0.42727081619019563,0.6656547968177373,3.157969291783713,1.9405804535490985,0.8926237911061444,0.3520840741901599,38.13921047029469,111.18706979394643,89.26217228734184
767885,3820,0.42279002701514345,0.38368691620040524,5.311008797321305,1.8011345535517127,0.5199659175479934,0.19430848638667994,21.98364095267291,103.1974082536929,51.996470000498626
768423,3823,0.16472658668344103,0.37544960068075317,4.641229211830731,2.0527100547373034,1.3059018987819393,0.2534061927976137,21.511677538879237,117.61162270051568,130.58940504129697
768424,3823,0.33748656315108777,0.4436785684433709,4.77632878921747,2.1110617027665897,0.7532420977480138,0.2532382734623364,25.42090943221138,120.95492586022665,75.3239888156437
768487,3823,0.4830589512807255,1.1792120960834696,4.636157261132961,1.7660458937018415,1.3986672781564229,0.21825613372860742,67.56387625635811,101.18697613552513,139.86644116786664
768488,3823,0.31591247032940195,0.5699844381815414,4.665863368289236,1.7258164102206375,1.0337579149100256,0.21192647212983012,32.6577026959377,98.88199652006088,103.37546753509947
768489,3823,0.1774927047492517,0.4519088949282143,4.717132739492986,1.6980729324561339,1.458790713770229,0.2062532845733398,25.892472403807652,97.29241233513977,145.8782577127813
768490,3823,0.10104153905536285,0.3844029975238046,4.806344081366046,1.6688937441431158,2.179763631515986,0.1989465718173527,22.024669390291837,95.62056799518638,217.97422745111504
769428,3828,0.2210026289963675,0.4953413501185756,3.2192881443000343,1.8887014246944869,1.2841913973965218,0.3361445611844235,28.38096878010642,108.21462039533978,128.41856447783897
769429,3828,0.34814533442637785,0.5643778925096823,3.317404618382477,1.95531817183763,0.928821017112036,0.33770821289942293,32.33647129129283,112.03147885153206,92.88183758870221
769430,3828,0.43092580189872803,0.6328927445677119,3.325473407255957,1.99889689033217,0.8414924830890176,0.3443971462937207,36.262083148181155,114.5283554978579,84.14905498661254
769492,3828,0.4362690665243514,0.351711319473038,4.861939009943875,2.026390159439157,0.46190700412060115,0.23880102836840178,20.151574212782442,116.10360378270568,46.19059559443242
770295,3832,0.4018838276470379,0.3840180292408937,4.488146409435377,1.7749049136909245,0.5474868673807892,0.22658476593175658,22.002612332434644,101.69456059152162,54.7485518705842
774316,3852,0.3975175840474245,0.46221463624680104,5.825933931682338,1.805074227027974,0.6662081951259949,0.1775219835168215,26.48294788611626,103.42313491654231,66.62065359680597
774317,3852,0.283629931813876,0.39087381027687207,6.061619910213418,1.763447127439572,0.7895999804477055,0.1666849441678599,22.395419651062035,101.0380777967561,78.95972243873011
775319,3857,0.4718267548150319,0.4623763647372522,3.473798429273823,1.8956703759081361,0.5614818026788234,0.3126661312860154,26.492214246046135,108.61391188751445,56.14806245646091
775320,3857,0.3725207332056636,0.3964987542536034,3.5049437726751367,1.8627069464438826,0.6098373208813272,0.3044991677997125,22.717705200926275,106.72524650093554,60.98357002001861
777670,3869,0.23333368871986565,0.35286048539077697,3.639408342701438,1.536269613666918,0.8664593533101991,0.24185734747784388,20.21741656982916,88.0217650573079,86.64556770682974
777671,3869,0.34642712032227685,0.41977269170036646,3.6491351021257747,1.588820788820017,0.6942644349737489,0.24946383952608112,24.05120358927728,91.03272560203322,69.42624509495018
777733,3869,0.3840413537557044,0.36042972752644176,4.576134661990384,0.735336536678632,0.5377311963575852,0.09206826960607642,20.651102198315346,42.13168007345247,53.77298101722356
777734,3869,0.2564167199484232,0.356682511914211,4.555532830042279,0.7459168623677224,0.7969995781055184,0.09381534407051832,20.436402558808993,42.73788808131119,79.69965009797158
781953,3890,0.4548037060527884,0.47230968606379237,4.558989740054029,1.8423783799455018,0.5950116650204152,0.2315436340601035,27.06135163460418,105.56050543702729,59.50103698237286
781954,3890,0.3214744734180648,0.40368000910397256,4.616691932246893,1.8270072399806585,0.7194711241010605,0.22674201636202387,23.129160795460276,104.67980399073689,71.94689084532995
783096,3896,0.1625290146323117,0.36827486471686666,4.570035475025346,2.025687826849729,1.2982662940827676,0.2539659997604444,21.100595449027814,116.06336308951697,129.82583861056835
783097,3896,0.27521812697116743,0.43334336766326076,4.616046204361568,2.0857813847615687,0.9021478860490898,0.2588935742497087,24.828746047090757,119.50647033379036,90.21446409025152
783098,3896,0.4396774322834417,0.4994753019770377,4.632221183967287,2.1422609900347194,0.6508823064854404,0.26497550139522447,28.617826774306565,122.74251334450673,65.088084092917
783158,3896,0.4203409523217314,0.47680794823333705,3.2514388019672396,1.8477664902101827,0.6499267385497459,0.325607300451365,27.31908307206245,105.86922141474462,64.99252078258493
783159,3896,0.30417621815312595,0.4117488086402913,3.216832235909265,1.819555390792904,0.775585557683759,0.3240854247693063,23.591468954628454,104.25284448271057,77.55830333997028
786915,3915,0.4461769168694242,0.5004622206465161,4.180951391351479,1.9572168483941428,0.6426682179641718,0.26821709759322176,28.674373048790343,112.14026500488067,64.26667919824911
786979,3915,0.44019823660930013,0.39536310700583094,5.635776797128444,1.77332104782253,0.5146008095465839,0.1802835975218778,22.652637406613263,101.6038117619478,51.459965221881255
789530,3928,0.4918948061861515,0.3910001158464793,4.640895102963732,2.263126438666524,0.4554359121087285,0.2794021202458443,22.402656427129525,129.6675934400644,45.543499548868965
789591,3928,0.46740502350220026,0.51965180678947,4.27457914347289,1.7721081190153671,0.6370033100048798,0.2375305554418282,29.773855345384327,101.53431606044752,63.70019607854748
789592,3928,0.33458516052244874,0.45827718071472157,4.344709021925421,1.7518916754298988,0.7847732241422204,0.2310304290314069,26.25734830210767,100.37599916623586,78.47709020931235
789593,3928,0.2202238214683641,0.39190867371593696,4.435048095389877,1.7331594965426258,1.0196313817979568,0.2239045034353275,22.454712958492845,99.30272437491105,101.962679814085
789992,3930,0.4170448531272197,0.38984456334462797,4.035753419391828,2.0368762145186174,0.5355886169722206,0.2891762654094737,22.33644814576766,116.70441048250048,53.55873455707024
792204,3941,0.4095799001084254,0.44259704050475474,4.643254542879396,1.7916973627828727,0.6191451733848491,0.22108780787932164,25.358942445903192,102.65669705217854,61.914367684601764
792205,3941,0.3261836757548078,0.3799941585410056,4.828620468652232,1.7565816405630912,0.6674785550246912,0.20843368166827503,21.772061524024704,100.6447143744313,66.74765291668916
792342,3942,0.34074066839105815,0.6043067014531778,5.049839973533709,2.004619706917484,1.01614587633714,0.22744532323725494,34.624223524739335,114.85624873512387,101.61429239996043
793347,3947,0.14466734223813682,0.513062387742176,2.827719983266683,1.8873882037535945,2.031993327433133,0.3824260486729876,29.39630944453127,108.13937837785845,203.1979422017732
793348,3947,0.2593558217091264,0.5867143673034748,2.9203861535114717,1.9476025312398044,1.296144251110532,0.38210496475870775,33.616257026177486,111.58940520903685,129.61393035529545
793349,3947,0.4135906845466963,0.6595976419600914,2.998219861184269,1.9989618735357317,0.9137575278988176,0.38200026576410534,37.79216106109441,114.53207876116123,91.3755340669271
793410,3947,0.48048341383795057,0.5184321976213957,3.9606994679774266,1.6478523657645452,0.6182102318979535,0.23837957498146384,29.70397688739821,94.41498581895647,61.820895812483634
793411,3947,0.41098220130920243,0.4513692285299396,4.028309226971175,1.6210979060004926,0.6292620723037705,0.23057333170667973,25.861551796841486,92.88206819132368,62.92605565010575
793412,3947,0.31732466233643136,0.38550599187706297,4.086859277927975,1.596386880081575,0.6960652050447085,0.2238056763268314,22.087866311560305,91.46623069873131,69.60630334442527
798975,3975,0.3006602141343595,0.7609408656282544,4.272737320718322,2.084292701419423,1.4500987014513436,0.279495709232323,43.598700059530465,119.42117506125399,145.00939266495172
798976,3975,0.42775124429680045,0.8278389276873883,4.362052230903977,2.1428377407959833,1.1088611943662952,0.28146283434586866,47.4316766731231,122.77555872895812,110.88586279914905
799038,3975,0.4766975472387263,0.3944620264868529,4.430753525371464,1.9046225418211455,0.4741163228691764,0.24629407242053206,22.601009295874363,109.12683321183077,47.411533823189906
799780,3979,0.4881044601852713,0.4139531108932696,3.4567239265625673,1.9554543953236596,0.4859157745777798,0.32411984855743536,23.717766170495292,112.03928388235212,48.591478901901006
799842,3979,0.4807540820044557,0.4326450735004487,5.091547476007424,1.8122072019623143,0.5156219603945308,0.20392979651275556,24.788736738703005,103.83182427565261,51.562089859454176
799843,3979,0.3744974296771222,0.3620921813130886,5.211589124845704,1.794582217510123,0.553978521236687,0.19729488336881823,20.746353783925752,102.82198705255834,55.39770567746424
801050,3985,0.4352743527125398,0.40414012807952016,4.456972891205172,0.721855597455793,0.5319753620804268,0.09279679295543353,23.155523670833038,41.35927915211143,53.19741521437622
801051,3985,0.3007287062228247,0.383310021923718,4.4662510239338395,0.7562415802970932,0.7302942923822191,0.09701526070549364,21.962046501296097,43.329450843327194,73.02918882587339
801052,3985,0.20397326303270774,0.3682155385514842,4.525837652932814,0.7822844773508701,1.0343117996029658,0.09903492407139763,21.097196310136702,44.821598930802296,103.43067795153019
801053,3985,0.15996999380985172,0.3585561887411515,4.619780609233945,0.8078692769717613,1.2842255325306784,0.10019415159251154,20.543756333164147,46.287499968767264,128.42175849443882
802995,3995,0.27662202589965457,0.35332012815023395,3.426848541210209,1.9463352991264826,0.731819939586204,0.32542085385681063,20.243752160029796,111.51679815728008,73.18173204920855
802996,3995,0.41839452192395754,0.415824762565943,3.5362586409173877,1.9987908437441875,0.5694387018515871,0.3238515357077317,23.825003912058076,114.52227947593475,56.94373544559164
803058,3995,0.4328115695656968,0.6109503754983086,4.875284043542165,1.8750700454698626,0.8087786847826821,0.22036377515022948,35.00487800798594,107.4335998968265,80.87768348112297
803059,3995,0.3318744218878298,0.544238507898099,5.057473578151932,1.857345715557675,0.9395893914960519,0.21041745200106368,31.182569551058393,106.41807059816065,93.95865886566845
803060,3995,0.22213839671919078,0.48109870682643124,5.192584344983379,1.8430262014680654,1.2408896704297316,0.20336236381948178,27.564925430356237,105.59762287614791,124.08841402050537
803061,3995,0.13222371141064873,0.4232756461265456,5.299530566330075,1.8331395061662303,1.8341571266478416,0.1981895480160717,24.251908093724015,105.03115696202094,183.414339384755
805267,4006,0.4802667052180108,0.48192988457367053,3.9977777499165814,1.834937948021858,0.5749419548003423,0.26298160228957257,27.61254840729824,105.13420009004808,57.49407696435453
805268,4006,0.3709502531397635,0.4156438396765189,4.102748811538839,1.789414453986307,0.6419900498925941,0.24989561991920123,23.814637794076766,102.52589601312204,64.19883365403841
805269,4006,0.2845487963843716,0.349518877564265,4.236680372999028,1.7466585726566035,0.7037793199360978,0.23621362816311084,20.02595654458214,100.07616446356784,70.3776871361066
806275,4011,0.3942816164977523,0.3667502005766093,3.6508721898635677,1.7950817371855865,0.5329499833727585,0.28171516774974936,21.013238628616122,102.85060742174615,53.29486451943517
808020,4020,0.12003919615572385,0.5036768236562347,3.110403284323904,1.8946626927423567,2.4040942253999735,0.34900996952109176,28.858556234057268,108.5561758950289,240.40743982640694
808021,4020,0.18561027804779978,0.5759026155258076,3.153098058691578,1.9581242367647849,1.7777457072679346,0.35581593748352225,32.99678928017409,112.19225452889772,177.77362252565575
808022,4020,0.3013402343250714,0.6458546149696341,3.167276081992009,2.014899975534512,1.2280053631631058,0.364493847034765,37.004743616806834,115.44526473914037,122.80013287822412
808023,4020,0.46334783927463485,0.7150566052497715,3.2188204740745556,2.062276908971566,0.8842109801070975,0.36709025450770966,40.96972559376405,118.15976307135578,88.42090908849907
808083,4020,0.459420874937261,0.4440748584750379,2.947725404894312,1.633106812871827,0.5538192975698877,0.3174316284645246,25.443615178489008,93.57012787161679,55.38181041545661
808084,4020,0.357821521286174,0.37575185352164264,2.8652364512746193,1.5930631141391212,0.6016685265870672,0.318562862687901,21.528995351008042,91.27579293813939,60.166686192985324
810697,4033,0.42027728907761175,0.69074367615501,4.0597731979891964,1.840650503232554,0.9416805869813313,0.25977191333328553,39.57669736903339,105.46150539385643,94.16783687754297
810698,4033,0.3146032481101049,0.6239303416536426,4.058905873739006,1.805362854729752,1.1363065818726497,0.2548461950795903,35.74857528690923,103.43967206570474,113.63030061309908
810699,4033,0.25191327727993207,0.5587321195461916,4.097088483670268,1.773162893567052,1.2707941162635912,0.24796816165321808,32.01299232839575,101.59475019059687,127.07891221592926
810700,4033,0.21637066188792903,0.49149197990555654,4.194406131926793,1.7403716195106371,1.3014895164582643,0.2377355582845412,28.160416113117055,99.71594858230746,130.14835615443442
810701,4033,0.17032138372364863,0.4202061300165412,4.302645491521918,1.6891550825693922,1.4135650988470312,0.2249347689463727,24.07603777547335,96.78145717429825,141.35568824903945
813509,4047,0.4438446779923356,0.48434152742712705,3.7820250109052345,1.7869182093551075,0.6252350453943789,0.270709133771454,27.750725364494187,102.38287173112212,62.523365080448954
813510,4047,0.3643023106030786,0.42513371133884487,3.9327516679365986,1.7942664292854857,0.6686305853919668,0.26140448759278123,24.35836738844884,102.80389372006671,66.86287683777914
813511,4047,0.27708393216935145,0.35552269140772275,4.03870281298196,1.8017007705557142,0.7351544654415426,0.25560150034037754,20.36994973879449,103.22985009831072,73.51518387995414
814251,4051,0.32217443534282203,0.4236979102526319,4.4612450567968,2.2169047555275987,0.7535079953395009,0.2847171230730294,24.27610204598854,127.01928607421297,75.35056799149416
814252,4051,0.41898664922558765,0.48986197535602366,4.51569979135038,2.264424432286571,0.6698786969427125,0.2873130825869554,28.067023731841697,129.74196299632797,66.98771141277747
814314,4051,0.37600439214711784,0.45328910654111176,5.466750612603203,1.5343066897696147,0.6907246977895709,0.16080722145804718,25.971552704061622,87.90929780248705,69.07228791522186
814315,4051,0.23677161352937148,0.3924224842946249,5.547324213073869,1.4941038184464457,0.9496134630057002,0.1543191627330667,22.484152136120837,85.60584295136194,94.96094924564278
819942,4079,0.4749901001059559,0.4244563777312397,4.514642115961629,1.8602642875821505,0.5120013767441545,0.23608802089637426,24.319559031410694,106.58529245736806,51.20003096055011
819943,4079,0.358632020150364,0.35938139058570756,4.651284777317662,1.8735123823740891,0.574154988539936,0.2307843043028108,20.59103691610362,107.3443523755354,57.415340359541965
825456,4106,0.4451531549901313,0.3623232678027953,4.576378459802585,0.6004068111503842,0.4663472192756097,0.07517030441607957,20.75959406448844,34.40077626982527,46.63461821433221
825457,4106,0.33720498964795387,0.35935969796552714,4.636896053990467,0.6216476126889279,0.6106016827157573,0.0768138514642627,20.5897940205207,35.61778455145881,61.059989005582715
825458,4106,0.24875334076543015,0.3542884500955946,4.654367224006858,0.644881783229958,0.8160385722743756,0.07938566642095045,20.29923292070886,36.94900446394703,81.60353245795453
825459,4106,0.17920450695707862,0.3512155547718503,4.693308393076612,0.669024329507963,1.1229163934853568,0.08167430558632789,20.12316898777282,38.33227047237598,112.29101900642209
826172,4110,0.4838357134783058,0.5240881712757416,3.828091196892211,1.8828192343326071,0.6206247048266127,0.28180518666609994,30.028040306829414,107.87759571331154,62.06234349385686
826173,4110,0.37474465315091243,0.4566748521967494,3.8588037375128255,1.8827963633779938,0.6982231960458195,0.27955887980483574,26.165541640634412,107.87628530413876,69.82213514854936
826174,4110,0.2734074974538478,0.39088009083458136,3.8964500544358716,1.881513238985777,0.8191354988411301,0.2766691883872048,22.395779500511765,107.80276769187444,81.91325327879484
834151,4150,0.45887455107349784,0.3508362108306132,3.636477958734222,1.835261604501658,0.4380594586444385,0.28916095503516565,20.10143418095608,105.15274424035269,43.805851355406915
834212,4150,0.4847185899987384,0.4072781541427127,5.165792090927769,2.083495878636896,0.4814199273623245,0.2310885110094842,23.335319320256023,119.37552047879531,48.14189441016147
837367,4166,0.31634065295696473,0.41786994084553747,4.432926532967845,1.8281851489677394,0.7568481323909909,0.23629377159545448,23.942183995830668,104.74729320434716,75.68457638137137
837368,4166,0.4457897506312927,0.48979793338471167,4.402957595307711,1.888289114995497,0.6295199413605349,0.245723457930443,28.063354397173825,108.19099678973535,62.95185433397346
837429,4166,0.42103500185101156,0.4600283947776397,3.828117895440188,1.7916607839055234,0.6260212270960456,0.26815945530570867,26.357685476936833,102.6546012368871,62.60197551054982
837430,4166,0.31149136058562027,0.4014220326176632,3.8051822584721324,1.7817081425615457,0.7383764188816578,0.268277180146377,22.99978827255497,102.08435689286978,73.83740721382152
838233,4170,0.39604695887629826,0.3498645060526294,3.2819286610843696,1.7974806994097934,0.5061460173554826,0.3138034617869273,20.04575959824491,102.98805783240452,50.61447521436668
838572,4172,0.2704219564523053,0.5834101149626709,4.142642737101925,1.764147662918413,1.2361028858392964,0.24399452642592537,33.4269373126032,101.07821552309287,123.6098360550937
838573,4172,0.3452899026615932,0.6495359529671619,4.19475305938721,1.8254936719812003,1.0778093243488445,0.24934264592514224,37.21566874702632,104.59308293236188,107.78062341103733
838574,4172,0.44912370962881865,0.7183588147779029,4.150300856882478,1.86106952586265,0.9164273999335849,0.25692457639207217,41.158928262793864,106.63142921234305,91.64253798640887
841185,4185,0.2367679736462455,0.7481343343731149,3.5256137214833156,1.8056548206603047,1.8104196018517862,0.29344224399126184,42.8649398684086,103.45640048128702,181.04120319604348
841186,4185,0.33160279761608635,0.8188169586986153,3.583150501513931,1.873324782133004,1.4147876570901694,0.2995509212593351,46.91475592716849,107.33360367348557,141.47834332550065
841187,4185,0.4109117486963394,0.8842680620782487,3.5327158460913806,1.917719185951062,1.232985594669654,0.3110276063012569,50.66482791529593,109.87721564625977,123.29826240737242
841247,4185,0.43139816974991185,0.4374558529130334,4.481072377087372,1.8427343689555422,0.5810032418250521,0.23561525676107542,25.064374095212532,105.58090210485564,58.100190850489355
841248,4185,0.3354810970433372,0.37212705623082637,4.587975612631026,1.7944163949604728,0.6355442770701107,0.22409117784578883,21.321309764653815,102.8124861203153,63.55424015934763
842190,4190,0.2933044435652664,0.44585011888769466,3.461936983860252,1.7390585663897538,0.8709492746241754,0.28781782093931013,25.545330107670893,99.64071618020436,87.09463348908675
842191,4190,0.43183470399935275,0.5161636165940215,3.565179987406816,1.8056005758335947,0.6848452847885348,0.2901769126857672,29.573996769046218,103.45329248165612,68.48437147543166
842255,4190,0.369846490385506,0.5750969051251471,5.402033790174932,1.7911904248022954,0.890927058667871,0.18997965477760104,32.95062547470645,102.62765164541658,89.0924673853019
842256,4190,0.27286166740708784,0.5035072933919126,5.538072010875297,1.7913610967958689,1.0572698643339242,0.18533061694294742,28.848842865411875,102.63743043032942,105.72660283486807
842257,4190,0.21154177173171745,0.43806358835539666,5.697815605552285,1.7895338671411052,1.186488766694415,0.17995095805319755,25.099194771120462,102.53273788291031,118.6483214040125
842258,4190,0.15560182947909965,0.37564727106992085,5.837179279839933,1.7799333556226022,1.3832100757911805,0.17471224375314662,21.523003217913253,101.98266909173337,138.32012753215514
844401,4201,0.30668376613137677,0.6605858434502145,3.4780344523211,1.8688138607015587,1.2341305207998157,0.3078610866963377,37.84878083578701,107.07514691374865,123.4126536939675
844402,4201,0.4007753010672337,0.730596571818574,3.5378296118466306,1.923834012687153,1.0444780138891443,0.3115683376328235,41.860100091930825,110.22756941069153,104.4475433813349
844464,4201,0.45600233184961286,0.42854566464854854,5.408481271709185,1.40743643469454,0.5384590310084041,0.14909946700500218,24.553857912990555,80.64016764093705,53.84578619940494
844465,4201,0.3057409047860943,0.3639710986963046,5.519324702458142,1.383966258757714,0.6820810304249889,0.14366870902946316,20.854007820037793,79.29542561532742,68.20788218294071
846675,4212,0.40334643787998126,0.3644744058228036,5.827776527866476,1.7462216076544403,0.5177396579031952,0.17167976081968517,20.882845194185045,100.05112821314896,51.773838713211006
849427,4226,0.2445511645576749,0.35950029313924825,3.621802293144513,2.205255775802031,0.842271543690216,0.34886456555235923,20.59784953059483,126.35184870030446,84.22681339930261
849428,4226,0.387789223484421,0.42308287532428435,3.691398432715922,2.205181771886129,0.6251040783811483,0.3422757270691603,24.240863140341094,126.34760858825584,62.51024825362814
849491,4226,0.43657552790806275,0.36507837938676746,6.5705188881439645,1.6780210658960684,0.4791255696681429,0.14632561978787867,20.917450330337648,96.14352500988852,47.91244831820777
851988,4238,0.3613504490433878,0.8014899772520211,5.116076054456145,1.151122189229624,1.2708436330798532,0.12891607223147947,45.92199301857717,65.95444314671717,127.08401513304372
851989,4238,0.3028467554070417,0.7788710473371151,5.22578977255462,1.2091138984022054,1.4735512772398665,0.13256775762455214,44.626023797350854,69.27712332905618,147.35464602460524
851990,4238,0.27183809815640253,0.7719633971511455,5.429375211097427,1.279124003664867,1.6270803565883443,0.13498497322323527,44.230244595342036,73.28840688387332,162.7074430989106
851991,4238,0.22116005911507325,0.6708536067939344,5.599671903040107,1.3551870716237806,1.7379755981366525,0.13866258748823898,38.43708034042129,77.64649965473583,173.79678183048458
851992,4238,0.19284934610097665,0.6181596821650779,5.763905063056276,1.4325992331987392,1.836559974546266,0.1424067342463056,35.41794085320735,82.08188979596576,183.65505465394642
851993,4238,0.1631147542039735,0.607703486635878,5.896285531207678,1.4709391327216146,2.134622524793647,0.14293507944379544,34.818844979620636,84.27860422558217,213.4609569108834
851994,4238,0.15387810225911006,0.5642561939288981,5.976734726890335,1.490113107189932,2.100980964843307,0.14284922419616983,32.32949847624117,85.37719203910835,210.09674479256444
853510,4246,0.35517251626998975,0.40598159676296697,4.675077607466985,1.9388683431560985,0.6549220543262918,0.23761952674179648,23.261032054500053,111.08897309436705,65.49202288162127
855054,4254,0.32360726733504475,0.42848607668125044,4.2263694340060995,2.2672014364285786,0.7586493102420704,0.30735853865682056,24.55044377395461,129.90107361335538,75.86469893408669
855055,4254,0.4605054490950671,0.4952025825821007,4.335327617648312,2.3280187486920147,0.6161277228219707,0.30767143889361415,28.373017985932982,133.3856489273795,61.61263982662629
855118,4254,0.4027968066419566,0.7537338893268302,4.048068281384639,1.7985057649034064,1.072147766569754,0.2545579331708012,43.18577073440805,103.04678975891305,107.2145131435522
855119,4254,0.29316068676206514,0.685261625037587,4.159596769534307,1.7361793693444079,1.3392859073737418,0.2391475799542677,39.26259897693008,99.47575034111951,133.92813846372857
855120,4254,0.2138841146610312,0.6196335383847803,4.2519772996958185,1.6770544770731188,1.6598888136494683,0.22598461033810882,35.502386594205404,96.08814354980899,165.98811305999578
855121,4254,0.18612440747269365,0.5541684544629826,4.3921194174203,1.61530763240062,1.7059295073240417,0.2107190195558597,31.751513580016653,92.55030995182496,170.59204334945457
855122,4254,0.13725410656967288,0.37975252344690874,4.472643191049408,1.5561898102674774,1.585250584590358,0.1993521598786834,21.758216852950707,89.16310824959079,158.5239150421401
855722,4257,0.417945697846411,0.36476436840317,5.914452206506718,1.883584287276713,0.5000520027815912,0.18247071084100333,20.89945882625676,107.92143001811286,50.005081829685835
859074,4274,0.149104857152406,0.5528168411190464,2.922174642975813,1.8320817801998448,2.124281550614992,0.35922067019973736,31.674071839875545,104.97055372826566,212.42674462814986
859075,4274,0.2704448198324612,0.6270951572610414,3.0005189967175174,1.9002505704661976,1.3285484468831832,0.3628583503763496,35.929905864150314,108.87633770504016,132.85435835691072
859076,4274,0.42539801444032643,0.7013342881221362,3.07848241827934,1.9410257331028378,0.944609340630525,0.3612578113536264,40.18349473721047,111.21258243307916,94.46071423103233
859137,4274,0.4783834786505279,0.48469859913614205,4.031488979691914,1.7866500098117535,0.5805213751156841,0.2539198427453563,27.77118406640427,102.3675050292206,58.05201737469378
859138,4274,0.3427870737943857,0.4133672832070739,4.03090856433397,1.7470406672438012,0.6909303715410957,0.2483262892841184,23.68420071655436,100.09805687078907,69.09283760776589
859338,4275,0.3987044292840717,0.4189521648690563,5.690326063532581,1.260368991196922,0.6020547678869282,0.12690630183854149,24.00419086486596,72.21382382474484,60.20532729631664
859339,4275,0.27607325007345057,0.3544121943502366,5.80923638461873,1.2283820763533777,0.7355411001716082,0.12115380374219496,20.306322944238836,70.38110860456538,73.55384625272464
861348,4285,0.4172852105442404,0.43268277628052465,3.0229229670926103,1.6971757813633799,0.5940995685527508,0.32167875298451687,24.790896948877265,97.24100936393943,59.409815906794634
861349,4285,0.30847596525097837,0.36488787888455465,2.969139302835178,1.6647677479387464,0.6777362625584056,0.3212519042607953,20.90653545556573,95.38416582638902,67.77340874887068
865770,4307,0.4644668349652469,0.4752184780590818,3.0814391438550954,1.7888163500120315,0.5862208128430136,0.33260960889479796,27.2280131394157,102.49162717968605,58.62195633299989
865771,4307,0.3665919606035969,0.4126163514504002,3.0340726154765263,1.7840284016877552,0.6448907066150198,0.33689799344247473,23.641175496194617,102.21729794817828,64.48889650600306
866310,4310,0.13107694738491762,0.5922957102031815,4.637307069256012,1.8062689246395642,2.589016795582932,0.2231717336779959,33.93604441834599,103.49158604748078,258.89972413659274
866311,4310,0.24304583492955,0.664591079773661,4.718253759349555,1.8734335152754582,1.5667111685908666,0.22749906823777935,38.078263973072985,107.3398336236414,156.67047869234923
866312,4310,0.4056023483685069,0.7332889570833468,4.749198300268397,1.939575702891128,1.035851038278572,0.23399633909054718,42.014362404425526,111.12950182178174,103.58485099648092
866374,4310,0.4148430333912352,0.44273513405347886,5.231642319323147,1.7697584939611457,0.611480776345086,0.19382000159502724,25.36685462342307,101.39969246140244,61.147931708348445
866375,4310,0.31630107732473967,0.3697812021187807,5.336760052606963,1.7334344654825777,0.6698333668049659,0.18610257491349766,21.18690222468019,99.31847893466748,66.98312702805335
868320,4320,0.38661081866747765,0.624432642355049,4.859845458247056,1.669487682525129,0.925410059528318,0.19682641924058777,35.77735499714628,95.65459815776657,92.54076898233201
868722,4322,0.18006420903226134,0.3569405622317029,3.3568428244480093,1.825543002321687,1.1357718853204886,0.31159012950891757,20.451187752903287,104.59590935267371,113.57656408373234
868723,4322,0.36073641316437666,0.42977951927270824,3.4764929923136534,1.8888100976873345,0.6826189703684827,0.3112931532643804,24.624552575487606,108.220846899177,68.26170970036583
869876,4327,0.34796872126457157,0.37859774564510634,5.169027749182763,0.7410275027288722,0.6233908684783198,0.0821387510137809,21.692052958632036,42.45774840948347,62.33890948844637
869877,4327,0.19772935281921403,0.3713789301052452,5.178616633246315,0.7489524215952037,1.0761398808820135,0.08286346677055394,21.27844529511454,42.911812813507865,107.61344928448867
870192,4329,0.3976418665103256,0.4258524218032585,3.759479257134795,1.7650150967423848,0.6136060587702725,0.26899447671987237,24.39954646475163,101.12791582021335,61.36045310929285
870193,4329,0.24605318289222392,0.3594153367090153,3.7229462914698077,1.72395736018552,0.8369321138913287,0.26531535187641236,20.592981885699984,98.775480799145,83.69287464915837
872001,4338,0.41442215381457853,0.42460914450273785,2.9576516043035164,1.796034480167839,0.5870417667514615,0.347928725195116,24.32831192266738,102.90519557358992,58.70403643893017
872002,4338,0.2958881030897522,0.36115805732753636,2.885577204511809,1.766172687199992,0.6993465268317446,0.35068976965483567,20.69283242201167,101.19424086783886,69.9344186924481
873345,4345,0.2792736266651329,0.470883790413839,4.359006378943258,1.7094989340440567,0.9660651880358522,0.22470045983709278,26.979653831835787,97.94707400283754,96.6061763433526
873346,4345,0.4053466378020754,0.5406585226622508,4.4343864971508555,1.772041491729127,0.764221233215945,0.22896177055026282,30.977451506325142,101.53049859814556,76.42193667217305
874814,4352,0.46373476092253985,0.4813212073201915,4.67995545302215,2.1173439495316964,0.5946863487231309,0.25922227902439504,27.577673769588277,121.31487208572698,59.46850791650446
874815,4352,0.3599774974168926,0.41904884348020915,4.8576130112790255,2.073396538960238,0.6669786207905586,0.2445581202517738,24.00973014125421,118.7968709394538,66.69767864897898
874816,4352,0.28720953273799765,0.35345380110808355,5.060108483092296,2.02629975403735,0.7051092684209186,0.22943860609555378,20.251411056349607,116.09842393473696,70.51068379453748
880179,4379,0.26453936665374234,0.39624748765142387,3.2139630646785182,1.9426605200632108,0.8582203894282752,0.34632087002880435,22.703308685088793,111.30624882631156,85.82171776757693
880180,4379,0.45132761821005607,0.4590013242414027,3.368691748042457,1.9989243035624442,0.5826995075450657,0.33998339529529603,26.298838669948218,114.52992616025544,58.26982293799125
880242,4379,0.4295641662052618,0.3585849063784985,3.9257444792975185,1.259386487844763,0.47828480284548586,0.1838059780151935,20.545401732581716,72.15753052930867,47.82837005634759
886875,4412,0.4552808073287627,0.45986629876319396,3.648964092141971,1.832032039097733,0.5787284914401911,0.2876643914129751,26.348398059433205,104.96770377304632,57.87272330081666
886876,4412,0.29861045005652376,0.3924495904025161,3.5782541669706016,1.7927158767859863,0.7530113043409707,0.2870535421072068,22.48570520170203,102.71505360593193,75.30088078486523
887277,4414,0.3828149259728008,0.37563739385602646,4.014113750867361,1.7764966553782644,0.5622151925851957,0.2535696961669755,21.522437295243755,101.78576067228123,56.2213738640877
888420,4420,0.3583210165045906,0.6474493313815421,4.221472843782386,1.7466013070334356,1.0352759506915,0.2370567971209032,37.09611413672941,100.07288338504912,103.52730903503989
888483,4420,0.40205440989748054,0.7779233067226797,3.259253071544321,1.6400626370189708,1.108599235681475,0.288313502778859,44.57172226007057,93.96866723828332,110.85965059252865
888484,4420,0.2872107389491903,0.7036028183157077,3.2212038286090383,1.5936508894303594,1.4036198885485256,0.2834638059448549,40.31347194300011,91.3094699816294,140.36150503629602
888485,4420,0.2292174273213297,0.6335757854715949,3.2201133830608004,1.5565274400816111,1.5837023104974073,0.2769543867776912,36.30121850920845,89.18245301297844,158.36954704483514
888486,4420,0.1965498477079612,0.5225103228948055,3.2610209419357576,1.5060230495054858,1.523157360834742,0.26460659363401134,29.937636253890226,86.28876458608617,152.31496888974047
888487,4420,0.1687292794418538,0.44579780656310874,3.3593794534500416,1.4527300291293335,1.513805511582967,0.24776986448427685,25.542332832255603,83.23529944102795,151.37966295526556
888488,4420,0.12134797307501057,0.38136844508741546,3.4592479290853246,1.393613167039951,1.8006728904153813,0.23082517978275474,21.8508023429756,79.8481527452494,180.06582000054308
888489,4420,0.1188107860663839,0.37330005382077236,3.578770528338052,1.3344158628143221,1.8002166708811715,0.2136387237894122,21.38851757593674,76.45639705456891,180.0201670563752
888490,4420,0.11839382960001685,0.37174982611388874,3.744661714105514,1.2786346207885133,1.7990544223421767,0.1956394801669087,21.29969607104806,73.26036731049228,179.90393789160055
888491,4420,0.11836420016479209,0.3716405504410853,3.9334138382188937,1.2240428082920665,1.7989758058240135,0.17829928292501776,21.29343503619297,70.13248685847634,179.89607592896832
888492,4420,0.11836217404175234,0.37163315784445683,4.129193300182473,1.1651978718549416,1.7989708152137,0.16168029767529396,21.29301147160652,66.76092035491348,179.89557684635474
888493,4420,0.11836203538472248,0.3716326575438866,4.308816241103246,1.103093994335223,1.798970500829461,0.14668212009610196,21.292982806495356,63.20263028163621,179.89554540643113
888494,4420,0.1183620258926202,0.3716326236838949,4.479717302887466,1.0367754148995276,1.7989704811919636,0.13260402705718682,21.292980866460738,59.40285557666778,179.89554344257712
888495,4420,0.11836202524263195,0.37163262139226605,4.566745468398501,0.9760749555066446,1.7989704799779174,0.12246133642324757,21.292980735160075,55.92497543895035,179.89554332116526
891296,4434,0.4641164210409565,0.412247181286509,4.203301203514383,1.8363053472270647,0.5089245289356524,0.2503093186734712,23.620023603881496,105.21254629341598,50.892344335846694
893507,4445,0.4623754148652366,0.4140795340968816,3.104287376258414,1.9226037677016725,0.5131113898064468,0.3548546505484091,23.725009686494783,110.15708156525638,51.31102911771491
901147,4483,0.457957437215579,0.4461162835091439,4.468796061028671,1.9351100323254742,0.5581431281999273,0.2481062818338721,25.560580217135634,110.87363774567397,55.81419216238452
901148,4483,0.3389311020851583,0.3787460757930112,4.5226773626842744,1.888733675662281,0.6402643745679256,0.2392752330583589,21.700551650081536,108.2164682396796,64.02625043947349
902892,4492,0.46566456655831534,0.42888932718162764,4.17248943113472,1.7308798113593933,0.5277092044950816,0.2376809083268122,24.573548325712764,99.17210803529332,52.77080825909729
902954,4492,0.4386911868911158,0.45175459929657524,3.2670536740175717,1.7810195116283731,0.590019405421117,0.3123453457344779,25.88363191531743,102.04490124675682,59.001807391983014
902955,4492,0.3641736535730364,0.3856793214936736,3.284117289009668,1.7513616721690735,0.606792845760658,0.305548258725478,22.097797367056717,100.3456322162624,60.67911962089623
903696,4496,0.30019907906938226,0.3798681830297157,4.723475604777586,1.9568095480564947,0.7250136476555223,0.23736108230087358,21.76484365890579,112.11692841453919,72.50112567050823
903697,4496,0.43107035278712147,0.4479750540887315,4.820418345640237,2.016341117416367,0.5954266899834273,0.23966350545378345,25.66707992642909,115.5278360866502,59.54253225243761
903759,4496,0.4748634774769569,0.5590052675476043,3.563629748519478,1.7433918204817975,0.6744810540442603,0.2803012661807367,32.028642556059125,99.88899335123627,67.44796478825548
903760,4496,0.372310520377084,0.4930668257301179,3.550186425993061,1.7156594518455335,0.7587926160357421,0.27688699578105624,28.25064813224822,98.30004567247737,75.87905983579407
903761,4496,0.2656949240774634,0.42988946008816653,3.536064072497765,1.700625256982908,0.9270350526528466,0.27555679842104003,24.63085172020959,97.43864975847166,92.70315984609718
903762,4496,0.17620778687277303,0.36210329153580484,3.5315749516119377,1.679718496777142,1.1774161371404441,0.27251518566509897,20.746990352796843,96.2407806353892,117.7409522022115
905770,4506,0.48767293383176946,0.4004037349143849,4.117950594250106,1.83085039863004,0.47042683835630783,0.25473836585868503,22.94144411186926,104.90000076134565,47.04258833686867
910794,4531,0.45395764713020487,0.404882811586844,4.968657865558702,1.934555811386327,0.5110185044122509,0.2230821400889459,23.198076301316668,110.84188322494306,51.101738997523654
912403,4539,0.45459357052404503,0.6392423927925386,4.625625503406968,1.8385478152703163,0.8056843026827385,0.22773358963596502,36.62589119285646,105.34103024798725,80.568254809192
912404,4539,0.33070754587857404,0.5734424359230932,4.724694132194655,1.8172417873224447,0.9935010793692924,0.22037465629472852,32.855831372094386,104.12028476838643,99.34981052518079
912405,4539,0.2524278698629966,0.5039977344814612,4.820277593487532,1.802688313746954,1.1439680547812532,0.21427486267705123,28.87694306994281,103.28643215525565,114.39635682564956
912406,4539,0.2049294082452258,0.43728399242952437,4.94072741654657,1.7751619463056914,1.2225929995497888,0.20585893269290692,25.054527214842388,101.70928747554497,122.25870933151803
912407,4539,0.1585067838865348,0.3652104911828283,5.056209835156648,1.7487491905895336,1.3201339365714981,0.1981641409596102,20.925019778675825,100.19594804769909,132.01256913448904
914816,4551,0.4029766970035669,0.3777439152211044,5.220345330148279,1.7651250679139876,0.5370814665653936,0.19373089348403463,21.64313207891686,101.1342167042143,53.70801471111015
915756,4556,0.2883389951500772,0.4705677587657876,4.566183084255277,1.679119407513196,0.9350641456981061,0.2106933808021212,26.961546552209878,96.20645534901351,93.50609352052166
915757,4556,0.36303048999218546,0.5429182024385644,4.59267412520295,1.7390827187113027,0.856867993769906,0.21695878495392398,31.10692162055898,99.64210000629457,85.68656570599036
915758,4556,0.4697966274158095,0.6123370372611018,4.52575777246079,1.775753615060986,0.7467981905445947,0.22480917558688326,35.08432787460616,101.74318759809312,74.6796616823985
915818,4556,0.3949562879258177,0.41839336074008715,4.221635926267114,1.8150989258404877,0.6069576272766285,0.24634409366276763,23.972173746701547,103.99750784938915,60.69561058765445
915819,4556,0.2733933621630824,0.3539415902892031,4.287457025331261,1.8121458783534332,0.7417648481113513,0.24216758287271592,20.279359317719898,103.8283106916792,74.17621620749833
916020,4557,0.465160160959152,0.3601443182570197,4.5900761908152035,1.9818204377001543,0.4436052512663554,0.24738139818424304,20.63474945174355,113.54994683298834,44.36043071436823
916560,4560,0.18303077138803608,0.39201087159896125,3.5861820747863438,1.953267545866976,1.2271470566607905,0.3120700064640506,22.460568465865308,111.91398663805367,122.71404191487515
916561,4560,0.3379299951672188,0.4580893285343461,3.6923143450881293,2.009786373729434,0.7766870287831399,0.31187018726863097,26.246585164999825,115.15227693759893,77.6684753406896
916624,4560,0.3675930420310957,0.5207050839474786,5.830474545483265,1.7861985050585205,0.8116095643361616,0.17552882657927585,29.834203681195756,102.34163571243025,81.16073785187194
916625,4560,0.2583415735449972,0.4528879263799264,5.877200986110563,1.7722757597658894,1.0044285715807606,0.17277598849371834,25.948566774001325,101.54392116792685,100.44247224889435
916626,4560,0.19132300250576853,0.38999683084119136,5.946651837623472,1.7645779560770234,1.1679291548895112,0.17001645984275923,22.345172430677763,101.10286950503459,116.79231114770371
918632,4570,0.4801759464888222,0.44732693468346496,4.341844696242138,1.868849603081502,0.5337615320704509,0.24661682313816416,25.629945419886788,107.07719480126916,53.376043159296934
918633,4570,0.3415477140416986,0.3789383602990888,4.36672055235629,1.8207956820500315,0.6356818450968462,0.23890676412052703,21.711568740745538,104.32390793711095,63.5680002533836
920642,4580,0.4135775395390247,0.620102281231236,4.6129580668699415,1.8276365629780633,0.8590708954242151,0.22700371388046997,35.529243580984264,104.71586154243872,85.90688390307973
920643,4580,0.307681193092423,0.5544035449135133,4.721622667927769,1.7908317272611294,1.0323992155313482,0.21731321367513076,31.76498327063589,102.60709979018604,103.2395893677675
920644,4580,0.21459297609927186,0.48988442432874985,4.823101099491654,1.7546925479282978,1.3079789080454272,0.20844779127996496,28.068309963233315,100.53647733934838,130.79728738633756
920645,4580,0.13126976968969978,0.42742440105370205,4.909317306078356,1.7263152887529838,1.8655942212422094,0.20147522310386207,24.489614241284183,98.91058015445401,186.55801515579725
920646,4580,0.11390671596650845,0.3710946321518318,5.0602727735648765,1.7040046909167117,1.8666286860454029,0.19293876286100453,21.262156222259744,97.6322770600219,186.66124627159866
923394,4594,0.2402614825946477,0.5741031970141761,3.3700806059183073,1.9310418064316948,1.36907874160991,0.3283023707185305,32.8936901938799,110.64054557185457,136.90731003298418
923395,4594,0.4158367049230811,0.6468538768540889,3.510689609017423,1.989186683895828,0.8912632236494531,0.3246427739822622,37.061997105414385,113.97200165085475,89.126110178657
923457,4594,0.38414134376797454,0.4574387197708565,5.563647502827619,1.797339007463742,0.6822829089254563,0.1850942915496945,26.209308028737645,102.9799394819048,68.22811505666323
923458,4594,0.2530219307291324,0.39172128859209315,5.6217703951285225,1.778634911648322,0.8870367730591399,0.18127434311281362,22.44397658175306,101.90827373207291,88.7033302360248
924352,4598,0.3516445312109351,0.602522640170117,5.051226254978375,1.1508730091165056,0.9817301364595657,0.13054288744711218,34.522004342827266,65.94016617789688,98.17273725602728
924353,4598,0.20573773373578486,0.5918685703563141,5.024033462760398,1.155752565284779,1.6482911930544437,0.1318059374231285,33.91157110785863,66.21974415223599,164.8283261595688
924354,4598,0.1652826587143726,0.4880303259050612,5.0544294609271025,1.1594010830000965,1.6917731402967464,0.13142687854464763,27.962077948754093,66.42878881880239,169.17630070783636
924355,4598,0.12417388804063222,0.42860211081276134,5.112758729683744,1.1651961216920648,1.9776372029437355,0.1305769027585619,24.55709203996965,66.76082007796718,197.7621435981012
924356,4598,0.10946135227354097,0.412156386314326,5.204370987889487,1.162550197764788,2.157365936681987,0.12798707054326716,23.614821435174402,66.60921980402155,215.7346425021284
929625,4625,0.2580619701371425,0.5936475817037803,4.443896758763073,1.5706813250255522,1.318036114103226,0.20251012921038006,34.01350094977432,89.99341088398003,131.80310577568923
929626,4625,0.40682612045460553,0.6645207484129336,4.56462931459181,1.6290777032432633,0.9358846797866712,0.20448380417626,38.0742342829359,93.33927689470457,93.58824023430437
929688,4625,0.497215572798581,0.50075231057516,5.070648161587406,1.897409124988858,0.577033282341906,0.2143977085230081,28.690993977380888,108.71353487147206,57.70321334201267
929689,4625,0.38077252551630786,0.43099983974732037,5.22495462270326,1.8627829796231112,0.6485360545988922,0.204268956161231,24.694471788336283,106.72960288120831,64.85343684241688
929690,4625,0.24535436562254342,0.36505791929992887,5.368950406015084,1.8340079425990568,0.8524925630790956,0.19571965945327158,20.916278053713324,105.0809147043973,85.2489123302528
932037,4637,0.32062275641460464,0.6024552557484301,3.6501495129206973,1.781193775585435,1.0765967708987785,0.2795909734523907,34.51814349985967,102.05488583601772,107.65934466572591
932038,4637,0.4804486947369827,0.6713684932696625,3.7947638146649525,1.8478162467183932,0.800638669292845,0.2789951552835203,38.46658116240888,105.87207225266839,80.06370195212013
932102,4637,0.3801475916697188,0.40435094049926307,3.438204822016042,1.4802461916236513,0.6094370247502392,0.24667483051211306,23.167602332753248,84.81185942034853,60.943543762702554
932841,4641,0.23125033811038276,0.6439824870725533,3.3137354756896777,1.883615035660556,1.5955642398420573,0.3256843892241815,36.8974785895954,107.92319177073392,159.55574091417017
932842,4641,0.30429084183455823,0.7132283122021579,3.351574535782324,1.944196262203596,1.342957629913922,0.33236390492807727,40.86497211842268,111.39424036937602,134.29532606608868
932843,4641,0.40034124856038933,0.7809299064869479,3.346126585591564,1.9808428539108118,1.1176461776172084,0.33918004046010686,44.74398773724817,113.49393540773862,111.76434138076935
933645,4645,0.21932159432493348,0.5470803915615579,2.9242707498737452,1.8752514318023303,1.4291978935373069,0.3674214920261937,31.345397490841762,107.44399256813826,142.91914422826198
933646,4645,0.34909006244633645,0.6151970712573748,3.0114280189729907,1.938128710737658,1.0097163607330897,0.368750620004923,35.24819575185654,111.04659527839935,100.97134972418559
933708,4645,0.3966674340154808,0.41055934937434013,5.163814437504322,1.581751505524025,0.5930236603402389,0.17550530993380486,23.523317958786723,90.62768550499055,59.302218027937855
937062,4662,0.449861429875258,0.5711501603545113,4.768649567781967,1.5758320707541835,0.7274349556522972,0.1893377263371308,32.72449365653369,90.28852687557564,72.74333548059978
939474,4674,0.24484367417374414,0.5965321628586666,4.411900878724497,1.7638344646024495,1.395942696702709,0.22906287591300492,34.17877527561228,101.06027058143755,139.59370523762627
939475,4674,0.32418575423165086,0.6686065537251387,4.456928297445653,1.821604767329069,1.181678466789914,0.2341753286327427,38.30833368323737,104.37026510886596,118.16748581857165
939476,4674,0.42778538976603064,0.7456481735676659,4.386821792209835,1.8647741717582011,0.9986898423936816,0.24355602895227416,42.72249334706552,106.8436897867486,99.86875311865755
939537,4674,0.46532950040070337,0.47946789491575265,4.531588295047387,1.8241606879701138,0.5903663141209013,0.2306403440443941,27.471486790694687,104.5167085743682,59.03650581046925
939538,4674,0.32358744687267516,0.40967933674664964,4.596589585645921,1.7805068462185516,0.725395760891249,0.22193742895625276,23.47289694930184,102.01552768247171,72.53935415851822
942489,4689,0.42422343326488776,0.6001938789291544,4.0479081020313785,1.8869235547999037,0.8106241344789146,0.2670830289662927,34.388576152226456,108.11275595385679,81.0622242749372
948720,4720,0.28179051826937634,0.5182188024978273,2.9731610240733217,1.881805660455044,1.053681627618987,0.36264272594810115,29.691750247449065,107.81952220790245,105.36779257871586
948721,4720,0.44235869653339444,0.589074330887549,3.1006211475611227,1.9438472052576379,0.7629887799394213,0.3591997706910034,33.75147297934951,111.37424087956289,76.2987072372258
948784,4720,0.46099970270849827,0.4456014822248149,6.240087595606615,1.7392375652342316,0.5538199606731559,0.1596948285934254,25.531084276255665,99.65097205853067,55.38187713435999
948785,4720,0.3512475786520705,0.3787857239778991,6.301585506416055,1.6776693521901254,0.6178782153929254,0.15253839378761616,21.70282332374097,96.12337329894108,61.787647389283
949725,4725,0.28227175222145406,0.4559393616511623,3.931423138397354,1.8554002198852397,0.9254698709821917,0.2704023400544026,26.123401136500497,106.30660190706915,92.54666251316267
949726,4725,0.44752930037219973,0.5252333275449369,4.0644811033255115,1.914410542747234,0.6724398208222174,0.2698687514997963,30.093652927937253,109.68764435476578,67.24383332907094
949788,4725,0.4316118756601831,0.4013897006358924,4.069297094797297,1.9359024214273433,0.5328383334782156,0.2725754238150385,22.99793578645621,110.91903829694324,53.283711129514394
950529,4729,0.1649283367251818,0.5310612256329316,3.155310542880812,1.876818588272286,1.8448961319252661,0.34080253660459675,30.427566891811708,107.53378401970333,184.48850578058472
950530,4729,0.2829958073135441,0.5990025126242307,3.2479073649864225,1.9373911763370386,1.2127499345008046,0.34177186986578456,34.32031589110023,111.00433766999816,121.27456919708392
950531,4729,0.4406104615011406,0.6705678190151438,3.3169710240611083,1.993267565400879,0.8719880346003241,0.34430755579423955,38.42070590686017,114.20581893778716,87.19860753499876
950593,4729,0.4234324691163094,0.36672733754527764,4.3880728201877295,1.9096031329130554,0.4962285537771027,0.24933998202622545,21.011928673413944,109.41220006087767,49.622739358003734
951282,4732,0.43039557138191276,0.4158499040556987,4.403930224200934,1.7113696758047556,0.5535940758687596,0.22265170971328024,23.82644441331175,98.05425961028446,55.359280248934276
954212,4747,0.4587739564148831,0.6596926440593819,5.003331036766832,1.8355293262597212,0.8238829368588699,0.21019613250483088,37.797604280428644,105.16808356717354,82.38811589847813
954213,4747,0.32298230989788673,0.5897463264370898,5.044742372309678,1.8345604375943547,1.0461865373582284,0.20836063047426692,33.78997548818977,105.11257033582997,104.61833306145971
954214,4747,0.22922869242121574,0.5237096022864834,5.101111612452498,1.8089106442765428,1.3090136437780235,0.20317717608286198,30.00634990149039,103.6429454333365,130.90079903938846
954215,4747,0.15679219369475483,0.45555972356985697,5.163764838001522,1.7806546316042229,1.6647287850813235,0.1975767645593499,26.101649476699258,102.02399516134439,166.47182739012243
954216,4747,0.12321702236450544,0.3871083663169701,5.25311150538647,1.747693867000422,1.8000494881709082,0.19062127686938218,22.179675604166622,100.1354824600224,180.0035025603184
954217,4747,0.1146388838113446,0.3655480402474853,5.34480070008739,1.7112967887858206,1.8269855211553532,0.18344946577084822,20.94435991545926,98.05008349171818,182.69697437870775
954218,4747,0.11394299741043806,0.36403865915938144,5.445259255202306,1.6661855493468627,1.83055364462175,0.17531837367842026,20.857878749434047,95.4653998632618,183.0537739895311
954219,4747,0.11389511630079928,0.36393708247563933,5.531154673451919,1.6086863600023005,1.8308122139561958,0.1666395974499707,20.852058834158687,92.17093898839478,183.07963002960054
954220,4747,0.11389181592494657,0.36393021932902103,5.643170038905711,1.5433399839896018,1.8308307409668094,0.1566971519023061,20.85166560482328,88.42686743639223,183.08148266844304
954221,4747,0.11389158816054161,0.36392975489175056,5.698784322222504,1.4783339437100396,1.8308320658680513,0.14863221829011086,20.851638994527832,84.70229568551588,183.081615154233
955616,4754,0.3989429784838767,0.4592621189178096,3.234337652736149,1.875251338726331,0.6595875065815147,0.33219780505039176,26.313781104225814,107.44398723527631,65.9585869781195
955617,4754,0.2778438085285495,0.39426105917404297,3.1528022056171343,1.8251573147856828,0.8130285149643922,0.3316852879849313,22.58949471703027,104.57381108464986,81.30256180298264
955755,4755,0.4249624856251484,0.3660554264561696,4.468999994812516,1.736512997269506,0.4935360465856332,0.22263339831285,20.973431003800016,99.49486581315534,49.353489683817806
955817,4755,0.494492413699472,0.5843890135574283,4.521198006489632,1.936989186749969,0.6771190510899194,0.2454688004340483,33.48302407065409,110.98130536325085,67.71176954644612
955818,4755,0.40001588346617145,0.5177681833871907,4.575179021308495,1.9231931989058242,0.7416188246217882,0.24084489968921094,29.66593167424165,110.19085348556757,74.16169891926683
955819,4755,0.3069450982421871,0.4551161220895962,4.5925920492919445,1.9173222841043787,0.8495405948453748,0.23919928752065234,26.076232984094556,109.85447484556386,84.95378548034141
955820,4755,0.24448963491076836,0.38742467824505883,4.645603520311518,1.9145914127259056,0.9079238898137099,0.236132951779956,22.19779894265575,109.69800744118429,90.79202134166518
956105,4756,0.38956999456295666,0.5114787353804023,5.416868260479763,1.3024214923972317,0.7522543446552691,0.13776088126079197,29.30557284798571,74.62325466149142,75.22524329836826
956106,4756,0.24493839670068973,0.4998621545989814,5.508340777815571,1.3686353661372288,1.1692732137281785,0.14236052777537572,28.63999179683751,78.41703017200535,116.92684877408642
956107,4756,0.18267823343495496,0.44836040590177967,5.611418358822755,1.428723057533364,1.4062516956536988,0.14588076651797077,25.68915895894446,81.85980128968846,140.6244074704385
956108,4756,0.1321735127519061,0.41142050509966754,5.697355037486982,1.45774143719136,1.783462985366452,0.14659860808436082,23.572658547351512,83.5224319723999,178.34496270546356
956109,4756,0.11712989464963768,0.38033254988404813,5.808877323228097,1.473692672873622,1.860451435095761,0.14535746859727403,21.791449919804805,84.436370455012,186.0435710406504
956559,4759,0.2468960827443336,0.4801481509307528,3.62294118497677,1.8255830543290381,1.1142526511276254,0.28871074227945515,27.510462589342584,104.59820416365595,111.42481832330989
956560,4759,0.37865405103235994,0.5538453847762169,3.733034608455803,1.8919387326810058,0.8380473449554382,0.29038065691657533,31.733003050476366,108.40010447995131,83.80451538665586
956622,4759,0.4930398977234333,0.47031053297403785,5.2506028185464055,1.7040105766887894,0.5465441676797551,0.1859455332616542,26.946808599960708,97.63261428992114,54.65430702480237
956623,4759,0.32596255886203757,0.403795145210074,5.340231716373601,1.6820030826655872,0.7097673112952299,0.18046347556190326,23.13575760840946,96.37167776473227,70.97651556259255
958633,4769,0.43503339263968077,0.37781611879667243,5.072052253990061,1.9436436917757325,0.4976001591535754,0.21956118474293765,21.64726903906266,111.3625804159757,49.75990267737777
964663,4799,0.4241804673570807,0.41359075800663303,4.424024375317122,1.753744590054548,0.5586538311957291,0.2271284120573933,23.697004879396633,100.48216335402633,55.86525273497682
965157,4801,0.4849825545760152,1.5264646118833378,5.167709754286072,0.9562484433871448,1.803363383041417,0.10602182102153568,87.45997983699051,54.78899997203803,180.33597018243273
965158,4801,0.4541708019319153,1.4334031695756542,5.259236406502659,0.968510930406572,1.8083053732143368,0.10551263402128352,82.12795195736004,55.491588724585164,180.83014314849916
965159,4801,0.42838175230767916,1.3497154719917392,5.346667466059052,0.9708730562627559,1.80523558407445,0.10404037433767063,77.33300008863453,55.62692856682323,180.52314121435808
965160,4801,0.4040021103114059,1.2752392194080073,5.439590713707589,0.9701195318827658,1.8085505364505776,0.10218370760475903,73.0658251416364,55.58375480008959,180.8546104640561
965161,4801,0.3863493210008584,1.2413169425305033,5.545956960685981,0.9652030647566989,1.8408786074725514,0.09971599541063662,71.1222218450812,55.30206198365114,184.0873890329269
965162,4801,0.3592306374231599,1.146998133989823,5.673383748276982,0.9656870100878203,1.8294138503607211,0.09752520253529126,65.71815218699776,55.329790008639456,182.94088087120377
965163,4801,0.26388034867811994,0.8884817799084009,5.681874290696099,0.9587835193301548,1.9291415404326435,0.09668332352510428,50.906256163022675,54.93424912431765,192.91343028990528
965164,4801,0.1677664867186024,0.5933259251692946,5.633076997880154,0.9560343768222181,2.0263325546408706,0.09724123207388304,33.995071387895486,54.77673486133287,202.63205972034177
967476,4813,0.48259278852732934,0.45874071142797335,3.771411796838013,1.8211097807491958,0.544639429677756,0.2766653704528884,26.283906655651684,104.34190446692361,54.463831239641465
967477,4813,0.32711995671217764,0.3883721749912071,3.7549152169278046,1.7838462271951276,0.6802423811350935,0.27219485378965363,22.252086507312423,102.2068601186158,68.02403224471877
968822,4820,0.46491071800145434,0.378623694018026,4.163263036722961,1.7995549015384018,0.4666173177835918,0.24765886686259136,21.69353969088556,103.10690086023084,46.66163241516253
979624,4873,0.43946009162996413,0.7200750185183072,4.319972256093855,0.6515186964716246,0.9388169560986267,0.0864109056316752,41.257259493903604,37.329271581689014,93.88148411701285
979625,4873,0.2916774189722656,0.7119344697366241,4.300722602186102,0.6763708077295059,1.3984914962230903,0.09010856119608354,40.79084040579279,38.75319266875516,139.84867495346447
979626,4873,0.17630707507302718,0.6907038993181995,4.302108593261501,0.7053355947679409,2.244630061677321,0.09393708166715072,39.57441832416177,40.412752720552724,224.46174576955684
979627,4873,0.14637148583715667,0.6124344097411702,4.287977097623305,0.7533455831374183,2.397318323903278,0.1006617370970998,35.089906906754806,43.16352242859595,239.7302109482056
979628,4873,0.13337535801479178,0.5279691488494197,4.314339993719572,0.7862761149639854,2.2680652651568485,0.10441991794930333,30.250403942186093,45.050302919379476,226.8048430204643
979629,4873,0.11665791568800911,0.4356223880431675,4.3586325681674065,0.7942731405737073,2.1395309533477507,0.1044100366785417,24.959324296283715,45.508498735474575,213.9512796693102
982751,4889,0.44420715562453345,0.4199001425343402,3.9840970422779294,1.7829419327775464,0.5416055355688447,0.25640702654731623,24.058505984159396,102.15504786505115,54.160432850077676
982752,4889,0.3207849845610189,0.3519352251361246,4.052117660128682,1.7638355570972384,0.628595582841415,0.24940127953778982,20.164403062286382,101.0603331767781,62.85936428887458
984097,4896,0.2712475996314278,0.36053269415376676,4.004539944299257,1.8025391250001799,0.7615551628108566,0.25790199485670245,20.657001751491766,103.27788426971465,76.15523832956362
984098,4896,0.36533663402757155,0.43175047033619773,3.9840847401616926,1.819519336270381,0.6771146600663871,0.26166807497382344,24.737479753052376,104.25077871073763,67.71128252061071
984099,4896,0.4644231125164541,0.498546900514942,3.909919345793898,1.8374658645873576,0.6150562257550536,0.26926140787074065,28.564633288834706,105.27903904021242,61.505491465675554
984158,4896,0.41138534564696616,0.38781113901839376,4.698453541028185,1.5611426531516281,0.5401247567252598,0.1903751612567713,22.219941513915206,89.44688524344404,54.012345691666184
987260,4911,0.46865185517962243,0.3911991150687699,4.074684552242894,1.6913404463895887,0.4782667030270416,0.23782618707680828,22.414058242693162,96.9066692978961,47.826569271838615
987375,4912,0.45123772838995835,0.4073578774881983,4.235413410694814,1.8752253409071762,0.5172414704222001,0.25367652929695916,23.33988713148101,107.4424976699622,51.724033561478336
987714,4914,0.2295068040068021,0.46394731582633875,4.080292541380323,1.8409706777184165,1.1582324136347617,0.25851050803923686,26.582223113272274,105.47985004060413,115.82274175079657
987715,4914,0.34417923671277917,0.5350958293980366,4.165605630664149,1.9006017515986922,0.8907780742847874,0.26141807049314125,30.658732659559817,108.89645890177673,89.07755120508197
987779,4914,0.42233399061515287,0.37546995038320985,4.095852881082683,1.9615800401068855,0.5093798619010003,0.2744001321920487,21.512843490944352,112.39025747522729,50.937866785818
987915,4915,0.4220486477753906,0.42917485868503424,4.407313663603661,1.6597119587470899,0.5826320644019783,0.21576519731994653,24.589908075775988,95.09449044359924,58.26306977245109
987979,4915,0.44738960064345007,0.35555359360550914,5.232369216621215,1.926427993341651,0.45534629816293826,0.210948785863126,20.371720304305327,110.37619355433286,45.534529055832046
991332,4932,0.1953680499842227,0.6428678444345449,3.6908395524790696,1.9152874211040145,1.8853447320788648,0.2973249959151482,36.833614270772195,109.73788578375567,188.53351784096174
991333,4932,0.291689246958582,0.7138725645507308,3.7458685024205782,1.978936320777903,1.4022417378486138,0.3026926832315637,40.901885058937296,113.38469910572108,140.2236978624283
991334,4932,0.3917755286627533,0.7775018635175817,3.717008256925607,2.0370948271690414,1.1370688301563734,0.3140077387055592,44.547575343113984,116.71693606471794,113.70659568394196
991396,4932,0.4072204121668027,0.6332243264171749,4.66304369400098,1.7475067953304904,0.8909445453562572,0.21471976331030287,36.28108138871852,100.12476404286885,89.09423793721672
991397,4932,0.2973106608910999,0.5618003699942778,4.775937277567124,1.7168335861351198,1.0826651473048017,0.20596442685276725,32.18879012956021,98.36731861185226,108.26615422040378
991398,4932,0.22378910772261687,0.4921572802122439,4.948060708048157,1.6894388510249216,1.2600494295594233,0.19562758305711025,28.198535012799002,96.79771590915904,126.00438553678384
991399,4932,0.16935247658977082,0.41536057253734604,5.124211317686598,1.6684566873385784,1.4052588339122076,0.18655656523837583,23.798407782527416,95.59552648487892,140.52506191044958
991796,4934,0.397764278706563,0.4697955336510806,3.5531117271232935,1.3675202138378206,0.6767148805598404,0.22051976534566298,26.917301312303163,78.35313665173496,67.67131962807753
991797,4934,0.30815336124439074,0.4053287990276202,3.549389072297519,1.3168348015491484,0.7536386639421431,0.2125691906278005,23.223629499388984,75.44907644471353,75.36362427455899
994410,4947,0.4659929351245503,0.5031371977528966,4.8332813611262715,1.8794770625699453,0.6186282056174697,0.22280122986469078,28.82763794728006,107.68610337690322,61.862689134731
994411,4947,0.2819909836210922,0.43418056091883644,4.81924303100578,1.8385396502268643,0.8821811423062181,0.21858321219565063,24.876713687272062,105.3405624254579,88.21780451992734
994412,4947,0.16713655694872528,0.3671799259713179,4.899901887525629,1.8010597357865405,1.258722759725978,0.21060242361918877,21.03786008008252,103.19312151151593,125.87153039778215
999372,4972,0.3034573231596951,0.6671466003867731,4.5006026696611015,1.9702123588912746,1.2596395058460217,0.2508216364424433,38.22468451866299,112.88485290898429,125.96353964081992
999373,4972,0.4143367542867577,0.732455050718013,4.573328231895605,2.0343597821805197,1.0128616793497527,0.2548695902959811,41.966583089182805,116.56022953009723,101.2859259263598
999437,4972,0.42219382813381057,0.3634138112242248,4.4675018097124095,1.8068591278615855,0.49318762424269996,0.2317299609020013,20.822077599912106,103.52540220115763,49.31864677724747
999573,4973,0.2570136517653432,0.6366409236616122,3.7537347452489147,2.0503423988397365,1.4192567718219053,0.312957557392613,36.4768379911208,117.47596601024584,141.9251304957684
999574,4973,0.39040723614834794,0.7037169667727343,3.8755939344707695,2.1129233769631144,1.0327680278891331,0.3123691327550762,40.320012167825666,121.06159193451593,103.27654089885749
999636,4973,0.38110967544560703,0.37318878876521294,4.929664846079408,1.0664639252506403,0.5610495711449877,0.12395139163357502,21.382142557845896,61.10388191981699,56.10481137230071
1001444,4982,0.492292576244751,0.5604421306747261,3.4639027652769876,1.3361406102058084,0.6522740672153188,0.2210085639447707,32.11096874898118,76.55521780082728,65.22727554953255
1001445,4982,0.3634126155268837,0.49661009735389366,3.467845526538361,1.3242571013941378,0.7829574605644558,0.21879389407825406,28.45366264195904,75.87434290011203,78.2955327656241
1001446,4982,0.27699179026340576,0.4360630160634458,3.4794519326339617,1.3230501181660608,0.9019967521934494,0.2178653107012458,24.984570422180866,75.80518785520013,90.19935283666351
1001447,4982,0.19364660442913142,0.37771155079371127,3.510489273200721,1.3279765347813468,1.1175655096072388,0.21674315059012433,21.641277733820875,76.08745073537915,111.75597961884864
1001848,4984,0.47084736925627185,0.41675852504028327,4.402317640542711,1.7381608668583595,0.5071389501758048,0.22622011788156038,23.87850456090547,99.5892817857846,50.71378838716749
1001849,4984,0.3289948249469199,0.35223177461199345,4.413901157875623,1.7080559749981745,0.6134258642366394,0.22171859952768186,20.181394095670484,97.86439853949825,61.34240183420731
1003456,4992,0.4136175226392076,0.4000537751198489,3.5282709405332833,1.7991945937976035,0.5541687932420668,0.2921721664595406,22.92139289264308,103.0862567473572,55.41674668336124
1003996,4995,0.30744651707625037,0.38816623852036647,4.380418600315902,1.87402875887763,0.7233871668086718,0.24512255134009797,22.240287216685438,107.37393856982801,72.33848374573019
1003997,4995,0.43635434849149846,0.45171863769976295,4.323595933054956,1.8965485209650499,0.593131957179701,0.25132835566566886,25.881571467595535,108.66422589307588,59.313061148601435
1004799,4999,0.28957384249527174,0.4393043224892537,4.075718177627778,1.865895996498507,0.8692181073530899,0.2623046066684653,25.170283600488293,106.90796560972147,86.92151356656365
1004800,4999,0.4353146520300152,0.5089076570332504,4.2026868821202825,1.9294252039886426,0.6698203266097652,0.2630410589996273,29.15826090989643,110.54792107471715,66.98188032964632
1004862,4999,0.4342914817719703,0.38052267711176424,4.947775501587363,1.8032154921602537,0.5020209656552754,0.208814318700247,21.802343407523463,103.31663725338812,50.2019821263473
1005266,5001,0.3846981331880126,0.47743914373694457,5.534169800235646,1.755781316900734,0.7110834402207533,0.1817776878119507,27.355247910466794,100.59885920633377,71.10816102904387
1005267,5001,0.25788918308471476,0.4055955687188672,5.508921886334516,1.7130263903692784,0.901120128332234,0.17816404772047179,23.238914276799445,98.14918236268946,90.11166690732722
1006408,5007,0.2984578623560542,0.41160882060187715,2.981075773306209,1.9886697484545648,0.790176785912031,0.38221900989521324,23.58344823084501,113.94238343178964,79.01741648639849
1006409,5007,0.42233364204776586,0.47897817751578153,3.0075173455862134,2.0290010903459423,0.6498044358401821,0.38654207227876536,27.443428050522225,116.25319910426474,64.98029126253486
1006469,5007,0.46467594456833655,0.5874995240599723,3.96794650585152,1.840427506803854,0.7244025188660943,0.26575138605923515,33.661243194580976,105.44872863964544,72.44009755175334
1006470,5007,0.377136462360608,0.5223721941109138,3.983274240174787,1.8238142073178318,0.7936045503688636,0.26233909626163493,29.92972205754396,104.4968566953095,79.36024671271193
1006471,5007,0.26265975072771447,0.4524058500344714,3.9887114661221097,1.8163311613917217,0.9868639856439425,0.26090658692369884,25.92094583400366,104.06810974584083,98.68602660347392
1006472,5007,0.17476337938149242,0.3882488577823199,4.053245763648558,1.819398971066403,1.272865045157886,0.2571861863651895,22.245020951701857,104.24388229254947,127.28578346702616
1010289,5026,0.4515260631633481,0.43366103727172584,4.491418776367378,1.9368556117025122,0.5502882037544381,0.2470792801900753,24.84694717493538,110.97365207678332,55.02869972147505
1010290,5026,0.27904412954635877,0.36823848884474736,4.472774251320991,1.9498708789520318,0.7560994220978465,0.24977645960254746,21.09851126507927,111.71937195941565,75.60967395983201
1012237,5036,0.32005719327497884,0.40081895183061905,3.657920650105134,1.8909441747667288,0.7175353047442963,0.2961877267886613,22.965234288751912,108.3431205089819,71.7533085273067
1012300,5036,0.3483968887528366,0.4153663834103766,5.176729711502427,1.5654675104890314,0.683092783151061,0.17326514255382378,23.798740721027354,89.69468131587344,68.30908420891971
1012301,5036,0.23307774794709177,0.3501648487084265,5.201798124078369,1.522873150815796,0.8607843211441948,0.1677385435315323,20.062967964829834,87.25420427553482,86.07806649701101
1013844,5044,0.38932238074035225,0.4247950017889392,4.217915115750714,2.056879524172429,0.6251621108787104,0.27940466365117256,24.33896076075847,117.85051570195716,62.516052117071865
1013909,5044,0.41924856975074154,0.7119958309154748,6.055479070768377,1.666526272774719,0.9730350468120991,0.15768351373041678,40.79435614236689,95.48492187765919,97.30327491241208
1013910,5044,0.303475731272243,0.6479219048361551,6.163925754095424,1.6536354336887271,1.223267152938134,0.15371101929154057,37.12319060118865,94.74633120364958,122.32631624032543
1013911,5044,0.2181423514344623,0.5815366943953855,6.256417792903978,1.6465314093540737,1.5274244764630516,0.15078804447479063,33.31959822084474,94.3393005917157,152.74175445523528
1013912,5044,0.1786515333770352,0.5135395765221266,6.350960241350987,1.6415511089184593,1.6469855110938658,0.14809406243101667,29.42365034765343,94.05395039604784,164.69763843514394
1013913,5044,0.14771893667420724,0.42878792505759944,6.419254355037496,1.6408273941153442,1.6631406441149492,0.14645390141306397,24.567738411972286,94.01248459225819,166.3129497960444
1013914,5044,0.13452688681739522,0.4073790473223222,6.4888267647479,1.6245238790111398,1.73505080588547,0.14344405424380544,23.341100073629303,93.0783619855595,173.50380375268904
1013915,5044,0.10710602070843196,0.3702287659544277,6.503086635243485,1.594307605149765,1.9805183333953469,0.14046729192437368,21.21254574352545,91.34709702069125,198.05000272830387
1013916,5044,0.10511418077955287,0.3658857293003849,6.579571893746013,1.5463302473531604,1.9943746812400995,0.1346564764438766,20.963708072978175,88.59819690675673,199.4355897740706
1013917,5044,0.10494729515324237,0.3654991106642984,6.64198784879779,1.4926364768944138,1.9954353688520912,0.12875929961245955,20.941556456849316,85.52177047332633,199.5416545478045
1013918,5044,0.10493582279132552,0.3654730444666347,6.693284818536886,1.4437397846555493,1.9955112011524665,0.12358684636161146,20.940062973735234,82.7201963758893,199.54923750051083
1013919,5044,0.10493503184428826,0.36547128103748466,6.628703788539523,1.3888507597204303,1.995516613769498,0.1200465269289166,20.939961936687467,79.57528690551865,199.54977874291748
1015452,5052,0.24521891638672014,0.43562750927777,4.399072446305442,2.027050429907533,1.0178503792178752,0.26401346112726237,24.959617721412332,116.14143449388075,101.78462699599883
1015453,5052,0.41835189820494534,0.5008066832369006,4.556354504408538,2.090728240623838,0.6858845086792967,0.26290733944812,28.694109301419516,119.78990429655795,68.58828855862896
1015515,5052,0.4989908868586034,0.5799571007381537,3.862022468779984,1.8684968860432445,0.6659258591716493,0.27720446007718225,33.229094170939725,107.05698560361465,66.59245379746159
1015516,5052,0.3849294232300464,0.5130137368931962,3.9001679234193225,1.832689660901937,0.7636080647189291,0.26923297796278106,29.393521956214993,105.00538272694298,76.36061008004168
1015517,5052,0.27350219620727434,0.4488110284711778,3.9055276568488333,1.7941980284769992,0.94021097990106,0.26321660838564503,25.714977730324318,102.79997464242514,94.02075766177236
1015518,5052,0.18553448623208227,0.3814961066900332,3.93942697983232,1.762222385396215,1.1781160516192895,0.2563009937924428,21.85811681401147,100.9679052466795,117.81097653022361
1016922,5059,0.4292901365706888,0.4120499458790497,4.227702745622879,1.7108598423127983,0.5499479323263717,0.2318636242166429,23.608722847463536,98.02504830294089,54.99466640764438
1019271,5071,0.46631016407529213,0.7193662459779454,4.650658662324986,2.0956305744749693,0.883889138821387,0.258180175746945,41.2166498187061,120.07078733599188,88.38872622841843
1025365,5101,0.4484983952126272,0.5029354856310504,4.623575332727544,1.8339811983558008,0.6425012967517761,0.22726867106732154,28.816080694021647,105.07938237213246,64.24998785195764
1025366,5101,0.3193291543775003,0.4339651671615785,4.5881984259217194,1.815516970881348,0.7786439607706448,0.22671525985335902,24.864372534047718,104.02146006587681,77.86415467877794
1025367,5101,0.21763355211386398,0.3735664504298152,4.578861354699706,1.8016274265229884,0.9834779511679002,0.22543955707109048,21.403780977311488,103.22564779478306,98.34734774151701
1025703,5103,0.18573434256072274,0.5001342651940859,4.336931414385361,1.7167603020328919,1.5428262026072597,0.2268034933386788,28.655582585497786,98.36311974208918,154.2817979089218
1025704,5103,0.3520261643450724,0.575640746520679,4.446206028131758,1.7821813644881361,0.9369128688443678,0.22965978102747225,32.981785291394935,102.11147051203645,93.69102339802605
1025765,5103,0.4640255637343531,0.44598759254332065,3.5473168296899926,1.8878340722819713,0.5506853116367523,0.30492039378192365,25.553206767932497,108.16492476275215,55.06841367504394
1025766,5103,0.32757212059931917,0.37331883491411083,3.5421758408615323,1.8716761572296656,0.6529735485795363,0.3027493522052026,21.38959365331967,107.23914442452413,65.29715751459044
1027311,5111,0.2220705042118885,0.5571135518460806,3.5192282706879867,1.7534354788276705,1.4373927733542549,0.28547296331025723,31.92025523032319,100.46445258532613,143.73863654233918
1027312,5111,0.2943617297096822,0.6252452873070246,3.549273789797941,1.806410305045679,1.2170031390108256,0.29160806515955234,35.82391612313709,103.499686548057,121.69990459888973
1027313,5111,0.3971032545799488,0.6921409091298432,3.521461133487012,1.8444306791504501,0.9986508915618284,0.300097286932221,39.65675292148784,105.67809351976888,99.86484018771391
1027314,5111,0.4894934377023618,0.7577375325859755,3.4439325591990513,1.8763672167051815,0.8869406281048287,0.31216616520142537,43.41516259583309,107.50792233391604,88.69388342719387
1027375,5111,0.4686458622444305,0.46976671105098333,5.210971752344418,1.6128931682417416,0.5743281119720322,0.17734114779420612,26.915649898962993,92.41197134573562,57.43268987241121
1027376,5111,0.3053150621800529,0.39894682914932733,5.209401935723183,1.6101296251473394,0.7486682330213685,0.1770906391004485,22.857969560383182,92.25363198992385,74.8665805433559
1029120,5120,0.3865380265995002,0.628913288471654,3.46744055358163,1.9198108146319046,0.9322259052724235,0.3172283853897155,36.03407710911942,109.99705714198056,93.22235176644908
1030992,5129,0.4480609082974019,0.45927242358425846,3.618473592282648,1.8300895385460052,0.5872945049105214,0.2897807700561467,26.314371518122623,104.85640668973049,58.72932072738576
1030993,5129,0.3343990372404755,0.3930149297872431,3.663018210032895,1.8118069055031354,0.673389979674375,0.28339714067012034,22.518096762439413,103.80888897798762,67.33879860858414
1035150,5150,0.2603077615088175,0.3928796013379964,4.365491894757433,1.7705243062004636,0.8647587770035909,0.23237603569958168,22.510343013449525,101.44357027061481,86.47554881738787
1035151,5150,0.41505844275594683,0.4613001464663432,4.5097865441889695,1.8352741956269871,0.6367910665544082,0.23316727830726336,26.43055148128818,105.15346565869336,63.678954768002306
1037223,5160,0.4442135326167944,0.3942417929522094,4.950772005131826,2.0633682641678273,0.5085029760859443,0.2387956721834691,22.58839084383204,118.22229311805123,50.85018428093193
1039836,5173,0.49403673074335763,0.48220664968062255,4.969004058285474,1.7420159052184996,0.5592378785082199,0.2008655212232913,27.62840587984308,99.81015921368167,55.923675785393534
1039837,5173,0.38156050781074297,0.4131875685228398,5.050810613882344,1.7124946753936245,0.6204495150458326,0.19426330671503358,23.67390382363122,98.1187173386806,62.044790522668855
1043190,5190,0.38240765944594324,0.4242480674785986,4.466675978033738,1.8384987312633698,0.6356468678654773,0.235831339062313,24.307623733105057,105.33821794154763,63.56452222688527
1043252,5190,0.4696821918114388,0.44472121820782134,4.982181215978353,1.7728696027527926,0.5425082910306724,0.20388247889321395,25.480648863224705,101.57794586476984,54.250714752965415
1043253,5190,0.33509713635494875,0.38013239993128817,5.096894022149423,1.7519964497959957,0.6499602401618682,0.19694739906703934,21.779982172241915,100.38200229521438,64.99583199463612
1043858,5193,0.42154998843937924,0.41365784198189465,4.804135250148584,1.652884396724878,0.5622310187592224,0.1971287127174552,23.700848508052083,94.70329995536271,56.22296983763416
1047212,5210,0.4576388543294604,0.3926682317925949,3.850178047581568,1.8928332894109006,0.49161542395541913,0.2816788137669441,22.49823243058042,108.4513588051093,49.16143604569823
1047274,5210,0.3809681580229914,0.35914330492514185,4.298746313608959,1.7752757417310123,0.5401342510944058,0.23661737589518778,20.57739561259062,101.71580747314376,54.01328474823356
1047292,5210,0.11324955499710586,0.3946598967530129,4.390008612983918,1.8480818809665385,1.9966828506223695,0.2412006468953333,22.612346427016462,105.88729197398123,199.66653962617954
1047293,5210,0.13128437864304415,0.4602025482882778,4.134175899192398,1.8884837605258937,2.0084386278231587,0.26172604053092946,26.367663738083785,108.20214915712816,200.84234825399434
1047294,5210,0.14324852589605885,0.5245343985395398,3.857665997413556,1.921735127849559,2.0980044967130147,0.28542468932305753,30.05360724574872,110.10731216781339,209.79899973669347
1047295,5210,0.1480060546297901,0.5894273994896713,3.5797941593680247,1.9463637783037426,2.281778277437711,0.3115219049413349,33.7717023201297,111.51842989394108,228.17630149186348
1047296,5210,0.23226849234637104,0.6686636988669727,3.3809393282313183,1.9752333116537595,1.6494534330596342,0.334736950266057,38.31160785868414,113.17253231140923,164.9446402610296
1047297,5210,0.4011928289868368,0.7423679573775298,3.2683133398306703,1.9642116931695082,1.0602021439589009,0.34433981091405735,42.53455080348024,112.54104008885825,106.01995277668094
1047357,5210,0.438987929533615,0.482703472520697,3.8371401016729623,1.7378828075407324,0.630014386297901,0.25949886442123454,27.65687173174505,99.57335016043028,63.00129655006998
1047358,5210,0.35762682065693346,0.4207582322766177,3.943542908701078,1.7038747315321583,0.6741012932545188,0.2475561517863092,24.107670904835366,97.62483093577887,67.4099427179673
1047359,5210,0.2608239433753313,0.35890624882874117,4.02989497813032,1.6768399734224628,0.7884173609303147,0.238407833650551,20.563813298759015,96.07585339593625,78.84143683745522
1051431,5231,0.277052508904176,0.42370110708031794,3.5476278319749244,2.114034984827852,0.8762340550716742,0.3414261240722755,24.27628521072278,121.12528237363894,87.62309240096712
1051432,5231,0.40663142978455447,0.4871604270771825,3.6363549770069543,2.178584425218127,0.6864259298814182,0.3432659718975183,27.912236417313267,124.82369287793297,68.64242586874336
1051494,5231,0.3745279520016352,0.42870403805858576,4.84917763467826,2.23534297060983,0.6558370678039132,0.26411842865921037,24.562932040972782,128.0757179801793,65.58353342164465
1051495,5231,0.24693712543660987,0.3624710714458744,4.966103325222358,2.2312855869052735,0.8410263022090011,0.25743170930678755,20.76806258943353,127.84324701804303,84.10229304492223
1053240,5240,0.3530235008236025,0.46572785394651767,4.204123563173784,1.815193962880484,0.7558771474048982,0.24738319714081164,26.684240432820683,104.00295307067836,75.58750276699388
1053241,5240,0.4801601771698083,0.5369189131499412,4.302235628490242,1.8798329177290625,0.6406859312007777,0.25035005384650527,30.763187664242828,107.70649237563859,64.06846102296078
1053303,5240,0.451316887751937,0.46831972348960504,4.8678509747961565,1.8221422726030236,0.5945432965693324,0.21447053785871267,26.83274361868809,104.40106189252958,59.454199239354054
1053304,5240,0.3471199886422161,0.400077182426212,4.989761471259084,1.8032238713235862,0.6603691553978831,0.20705822859896014,22.922734032507456,103.31711734408293,66.03672720042387
1059736,5272,0.4467662998511807,0.3705603884282634,6.090747914045669,2.048610554696818,0.47522711188182964,0.19271317761598772,21.23154631166792,117.37673865008215,47.52260588172008
1059873,5273,0.19535676637804694,0.3722655656331202,3.423331554509416,1.952690624005164,1.091809875463577,0.3268188585942485,21.32924576882813,111.88093145026302,109.18043425800028
1059874,5273,0.2772751302079008,0.44225687755053733,3.468470221749305,2.0208667499158763,0.9138739421529215,0.3338276761571129,25.339452544279833,115.78713572849932,91.38706792135476
1059875,5273,0.38301963747673257,0.5057781900787054,3.456157077030725,2.025771176112357,0.756591883789349,0.33583004397004484,28.978955661275347,116.06813865049106,75.65899282133522
1059936,5273,0.4946343273787057,0.7845366937490806,4.29401772370115,1.6724133074184575,0.9087650821652211,0.22315283741038605,44.950641424969916,95.82222411659271,90.87632632950726
1059937,5273,0.3664096367523586,0.715556813216905,4.292200380400015,1.6528199463633468,1.1189221070609194,0.22063184056705532,40.99838539915962,94.69960722165887,111.891908386024
1059938,5273,0.2687757927803831,0.6524938381309908,4.311227400888651,1.626806477439522,1.3909415466892123,0.21620094780065488,37.38514308319808,93.20914524182898,139.093642335949
1059939,5273,0.19574403185570002,0.588248463423743,4.351801234509484,1.5916651267730852,1.7218482841016698,0.20955850012063706,33.704154259236255,91.19569416225292,172.18395756824313
1059940,5273,0.15368105788912836,0.5226492756872955,4.424201028739329,1.537686385607501,1.9485547617391235,0.19913864523466746,29.94559766245146,88.10294011003586,194.85422094006097
1059941,5273,0.12095070186916079,0.3849618447111901,4.546068983669548,1.4795090273674263,1.8236096865127798,0.18646796416354788,22.056688975521784,84.76962301965894,182.3594760111896
1060074,5274,0.27699310132053345,0.4664650165976052,3.4075301051190343,1.927195707539338,0.9648787514652334,0.32404755528881163,26.726476741542672,110.42018033773259,96.48753029081725
1060075,5274,0.3980608121315565,0.536539073067529,3.457614035508749,1.980700954312388,0.7722795794375079,0.3282199912018699,30.74142443063071,113.48580515963432,77.22776587388618
1060136,5274,0.49312495995714417,0.4434818849245593,4.606903994095443,2.145979349147395,0.5152779081313195,0.2668941213428196,25.409640296683698,122.95555962837706,51.52768736590538
1060137,5274,0.3826265510978596,0.37523395239124885,4.727773866716539,2.093274651229496,0.5618878558860113,0.25368345865235303,21.499321802031425,119.93580287716951,56.18864020728301
1061079,5279,0.15069816683910747,0.35592844190077194,4.143698450599181,1.7498621697493126,1.3532477935253526,0.24195707774002176,20.39319752958156,100.25971705624045,135.32389035271947
1061080,5279,0.2728567043829639,0.4266738779495903,4.243015449074725,1.8055506721263361,0.895950553765001,0.2438134722997394,24.446612434991522,103.45043320984814,89.59473030191582
1061081,5279,0.4079176967864763,0.49275596904095986,4.201826605213704,1.8547043752034709,0.6921209078747953,0.2529060398609581,28.232837355926055,106.26673294360718,69.21192281290416
1061143,5279,0.38980992181546237,0.4687545909361198,5.097236395188032,1.761155310339987,0.6889937247862518,0.1979636774288706,26.85765968802102,100.90676634953397,68.89919749538346
1061144,5279,0.28830135964739545,0.4051444532173577,5.199593227080203,1.746017931441365,0.8051667354504963,0.192398624016076,23.21306726249002,100.03945842575254,80.51639705925568
1061543,5281,0.4670170932856598,0.5105754372210505,4.854155606774188,1.9960990138132368,0.6263971377065235,0.23560853423509973,29.253817675812915,114.36804898172429,62.639580984969044
1061544,5281,0.36987283872670107,0.4444990191744358,4.9382219087136034,1.9570466987698962,0.6885587272511063,0.22706657982421208,25.467917796399824,112.13051614952562,68.8556884262853
1061545,5281,0.2529849121168325,0.3753528453862748,5.024700603532276,1.9078908686346652,0.8500954795609598,0.2175534483585262,21.50613386886008,109.31409454431488,85.0092152915149
1064898,5298,0.36086223835765274,0.6252454729284925,3.400372809896945,1.916318383199374,0.9927313516862668,0.32289681566148193,35.82392675846379,109.79695556065774,99.27286282056413
1064899,5298,0.4893667134393582,0.6908444033513997,3.4838441924071115,1.9802357858007005,0.808850841636226,0.32567229294800065,39.58246861226871,113.45915296715225,80.88492053159065
1065160,5299,0.468963604118443,0.484301010621339,3.1306095721006515,1.9451185624829472,0.5916963083518662,0.35599164111688797,27.74840392252318,111.44708428282658,59.16950592611243
1065161,5299,0.35267359303839685,0.41562067350387855,3.1050309422179834,1.8839014811243926,0.675222366091413,0.3476281091812276,23.813310470157003,107.93960388687242,67.522047066102
1065162,5299,0.24250276191964765,0.34912215618447967,3.073957787479492,1.8239400568736368,0.8248658737189951,0.339965849334039,20.003226083877838,104.50406734371073,82.48625062775646
1067171,5309,0.4948405024036032,0.5213333168822024,4.855063069740278,1.9125375250135392,0.603632847921387,0.22570320208802297,29.87019877690655,109.58032834367191,60.36316402690044
1067172,5309,0.38233079816342475,0.4579705045418921,5.040417091228788,1.888657102271821,0.6863108201448234,0.21468874248760592,26.239777051727316,108.21208090758323,68.63090430294612
1067173,5309,0.2656099346074374,0.39350944916549646,5.204279635732068,1.860692325001764,0.8488549127565095,0.20485028563446678,22.546430635700762,106.60981719498558,84.88517488567821
1068717,5317,0.2559025374861104,0.3880951722803918,4.787229748518013,2.0363359628850675,0.868932944963197,0.24371810468554098,22.236215421069026,116.67345634402301,86.8929583369903
1068718,5317,0.39254369259086597,0.833488939126462,4.881860351693711,2.0949668838602666,1.2165625933517112,0.24587503896408633,47.75539848278267,120.03276066486698,121.65595251737682
1068780,5317,0.4469676486383173,0.45025378681696365,3.4610198080657315,1.8321593629574688,0.577170208980833,0.3033065524354846,25.79764169439512,104.9749988928405,57.71689305947345
1068781,5317,0.2969106840582779,0.3827355327325398,3.3785574606698883,1.8040092769610117,0.7385766539941949,0.3059356505539002,21.9291306952657,103.36211777231318,73.857419133972
1069320,5320,0.28213166453726,0.5952574736046189,4.082280784704499,1.8520758915416846,1.2088589846249416,0.2599432456016272,34.10574096116466,106.11613192326773,120.88547427538462
1069321,5320,0.46246683198004057,0.6611187931210241,4.232489580978553,1.9019557417625657,0.819070972535845,0.2574703008270696,37.87931660261728,108.9740368236689,81.90692191592711
1069383,5320,0.45961675683527314,0.45435914677679895,4.629994737238615,1.6434608719243502,0.5664036513012126,0.203376843596455,26.032861493475682,94.1633717561556,56.6402431288264
1069384,5320,0.3198722953944659,0.3845064276783399,4.711814552972276,1.5867525770815587,0.6887309445077783,0.19294949871908845,22.0305955016211,90.91422579828016,68.87288129024057
1070727,5327,0.3559185970807123,0.3765400116462857,4.050411644679995,2.179672080295034,0.606154133443398,0.3083291812552134,21.574153485139036,124.88601092340572,60.6152447409257
1070790,5327,0.4138155513267014,0.44267851623434995,4.243496999968151,1.7295668761338128,0.612920659146444,0.2335264574366632,25.36361066134175,99.0968823880935,61.29191928168575
1070791,5327,0.21993448892048295,0.37637408078733087,4.1602045247266215,1.7299179240713025,0.9805031249338746,0.23825029545051368,21.564646347229942,99.11699595331844,98.04987113756152
1071997,5333,0.3813498311557776,0.45733995111042824,5.0068918157101825,1.8096407618084958,0.6871288820241837,0.20708411864232587,26.203649001346946,103.6847780864659,68.71270982137456
1071998,5333,0.2442713185404275,0.3908471102197963,5.148900962917937,1.8218913952087874,0.916762928514248,0.20273586193580947,22.393889850478832,104.38668767666461,91.67592130081086
1072135,5334,0.2854379530137363,0.39741881937403895,3.7384572361079056,1.7837627094343702,0.7977362509453106,0.2733803496343638,22.770421049204426,102.20207490341001,79.77334841229128
1072136,5334,0.40945514345366657,0.46551757662238724,3.7325234998445915,1.8182446042789508,0.6514069295415255,0.2791080663600588,26.672192429620704,104.17774194761839,65.1405354542907
1072198,5334,0.42412285340641553,0.37003440557606404,4.617476707358743,1.7233609481354448,0.499888394222794,0.21384257019558134,21.201409714140645,98.74130890582495,49.98872273713984
1073139,5339,0.3534032156103454,0.3530909600409694,3.5740620414911475,1.9700132711039573,0.5724515320886117,0.31581277659106693,20.230621794569945,112.8734460190184,57.24499284659276
1073202,5339,0.4728659446679102,0.504295182560746,4.421351675663318,1.9333839159656772,0.6110396678864755,0.25054496099576845,28.893985589510102,110.77473856330911,61.10383886063777
1073203,5339,0.3706921716312808,0.4402002362168978,4.541155425085433,1.9181475779330879,0.6803924367894414,0.24201277025158577,25.22161567589013,109.9017606988071,68.03906196841803
1073204,5339,0.2587379674621211,0.377038926317354,4.62779432488413,1.9153534059127209,0.8349272651051398,0.2371360058237208,21.602739190128407,109.74166643480652,83.49240704646088
1075552,5351,0.38772370580975013,0.40503214993473197,4.138906083179458,1.8370634507956094,0.5985352923254565,0.25430869910718606,23.2066327583701,105.2559824283274,59.853376405054775
1075615,5351,0.48304943335368855,0.4000465715304303,4.7964475139024,1.8025317096165026,0.47450588076942096,0.2153207324480425,22.92098015737205,103.27745939952646,47.450490828127165
1077221,5359,0.40726231054669737,0.4447755891485769,3.891401973453779,1.8548512371976038,0.6257334107031918,0.2731024653015115,25.483764088658152,106.27514751604187,62.5731889633013
1077222,5359,0.31522315119451594,0.38130949974655864,3.955962555551502,1.8654006975686563,0.6930780384580012,0.27017340356592473,21.847425023722543,106.8795870714437,69.30758617616553
1077561,5361,0.32296581917007744,0.47787315316600487,3.9857256691275085,1.6030724853372695,0.847771260798063,0.23044558270623197,27.380114819020832,91.84928766337309,84.77686620990686
1077562,5361,0.4470347001462031,0.5451528294841488,4.0683728547800575,1.670761452189022,0.6987143416411968,0.23529696752304588,31.234956319056753,95.72757978357943,69.87127942766395
1077619,5361,0.49319080602371823,1.0157583518849647,4.158664187374923,1.1754643027447322,1.1800435992987746,0.16194898245949765,58.198666568172825,67.34914351556122,118.00412305587652
1077620,5361,0.11356870143078064,0.4852339618886229,4.199449692169928,1.1308529737813129,2.4480209154767927,0.154289507537161,27.801858092629928,64.79310264748757,244.79995758001374
1079370,5370,0.3555944905904912,0.49119709919764687,3.1764314384423447,1.8715618359255122,0.7914498296897051,0.3375882528454134,28.143520693094,107.2325942962877,79.14476262440706
1079371,5370,0.43925412918309636,0.5651123103295087,3.224282889891843,1.9373522713606501,0.7371256738293724,0.344269135263449,32.378550332768086,111.00210857904904,73.71240124841346
1079434,5370,0.39872056461684924,0.3647934832434921,5.425636672664542,1.7315243435934033,0.524204877157728,0.18285234123590535,20.901126983728414,99.20903701206224,52.42035755907337
1081382,5380,0.318390748003894,0.3823682888781053,3.8846995164425175,2.277802690239117,0.6880880999720019,0.3359551487210174,21.90808917235449,130.5084807142462,68.8085960446643
1081383,5380,0.4847962846750673,0.4497465423110411,3.797095500165093,2.261193559090833,0.5315341517264658,0.34119986513701706,25.76857872502456,129.55684759807028,53.153306628554674
1081444,5380,0.3323070728408408,0.432540954141529,3.954028138374044,1.836933029837534,0.745779202989214,0.2661804769931883,24.782771138871297,105.24850985786962,74.5776981191216
1081445,5380,0.21194696934101276,0.36059379952510845,3.9462897778253763,1.7999339380867618,0.9747958142934153,0.26133057529858356,20.660502831375222,103.12861805473308,97.47912610633979
1084460,5395,0.3775139660396131,0.3699496446365752,5.019935646594587,1.722907401762333,0.561477312506602,0.19664658945010952,21.196553270040372,98.71532261283217,56.14758400814285
1086670,5406,0.4419761317969805,0.39909481887878845,3.745605259313013,1.7770463715586762,0.5173683958216048,0.2718312522772143,22.866448747292587,101.81725708934887,51.736723695008166
1089220,5419,0.2587005964411757,0.39994764158206675,3.6312926799021645,1.848533380377222,0.8857850085509535,0.2916679266289592,22.91531188886337,105.91316098466605,88.5781618826381
1089221,5419,0.376353124694861,0.46855089489619967,3.6417912494064018,1.9120545485068945,0.7133191221164191,0.3008207995042908,26.845988764630064,109.55265582823719,71.33172457295682
1089222,5419,0.4988669060484623,0.5394259916006066,3.6019890753614687,1.953701863820065,0.6195406366729622,0.3107696013812299,30.90683267837415,111.93887122373243,61.9539407198741
1089282,5419,0.40542673322533485,0.45843698890181783,4.217919175898234,1.3962060632982873,0.647873014685691,0.1896591926773284,26.266504636759922,79.99671475756733,64.78714326669193
1089283,5419,0.32830953000992724,0.39089656596249434,4.274603995322089,1.3841804797627417,0.682183145062763,0.1855322726410602,22.396723455808115,79.30769957479856,68.21810879818841
1091832,5432,0.43219532855438253,0.79365948820062,3.825765911027812,1.7344056159672228,1.0521478365895574,0.2597496130448367,45.47333904440849,99.37412175870973,105.21454265127257
1094307,5444,0.49327524671868433,0.44584599207845427,4.456737196146258,1.8028281927788274,0.5178669173241538,0.23177145489074757,25.545093658918564,103.29444663342437,51.786587797094846
1094308,5444,0.38876241448090926,0.37513543905814734,4.5171973905289144,1.7653445790434223,0.5528743533410704,0.22391492953937298,21.49367740381894,101.14679376548706,55.28729454266694
1094445,5445,0.3649380944360718,0.4406863607846604,3.383373440557878,2.0531820770356424,0.6918835894365655,0.3476963725853241,25.24946856194055,117.63866758604657,69.18817125076093
1094509,5445,0.38804804260030207,0.47872643794191894,4.96442456043539,1.6180367914651725,0.706845563367791,0.18674204418360843,27.429004435403474,92.70667924784368,70.68437600464814
1094510,5445,0.24547279682454562,0.41238643988153323,4.990153126688569,1.6064067236877455,0.9625507134289494,0.18444388965149744,23.628002533637307,92.04032544874603,96.25468314455418
1095249,5449,0.33102895329071624,0.8422438471996802,3.6079899812462477,0.9156101893056254,1.4577883846079898,0.14540117808992617,48.25701776540307,52.46059952638668,145.77840248499484
1095250,5449,0.4655287135075387,0.9091948961342697,3.7123785051760168,0.9768765936509753,1.1190078650965416,0.15076831657254494,52.0930303033289,55.9709059213172,111.90054854035718
1100160,5473,0.14597555194376524,0.39015918182461196,3.3443048141421574,1.924967199084111,1.5313847166719092,0.3297919956711178,22.354474456827564,110.29249620863887,153.13743309568792
1100161,5473,0.2616147019057372,0.46629842693668855,3.182945954268497,1.9432833881682456,1.0212320118559712,0.349807812604547,26.716931857061635,111.34193653992337,102.12281473337568
1100162,5473,0.4218039025867285,0.5356036397695296,3.2164047342603688,1.9955631309826076,0.7275377760828502,0.3554818321955568,30.68782805063934,114.33734515721571,72.75360685104775
1100939,5477,0.4175525509522485,0.4263769443332492,4.7453947159985645,1.9446046822572973,0.5850664485512137,0.23479109230745016,24.42959939197962,111.41764111472162,58.50650613859441
1100940,5477,0.30419786776562735,0.3583789950828036,4.846271360028231,1.9026543981482185,0.6750081241593892,0.22494420671548493,20.533603884384327,109.01406688589667,67.50059273792111
1101230,5478,0.3840319176868265,0.5714165164271978,4.733859010968102,0.6725007807944285,0.8525268962023699,0.08139544563558501,32.73975473534631,38.531456458773285,85.25246984698622
1101231,5478,0.25909606889684966,0.5587728251096282,4.8107143571283135,0.7119046229380395,1.2356545387214906,0.08478809423588872,32.01532458538337,40.78913031020192,123.56498173327132
1101232,5478,0.2311713032295658,0.5470920807539056,4.945380396627635,0.7541962954429127,1.3559670010223472,0.08737905095302471,31.346067232229203,43.21226465328062,135.59611940666167
1101233,5478,0.19421346435744016,0.4931598396601079,5.111198400909059,0.7986382614000003,1.454892742707896,0.08952616990610499,28.255977437872573,45.75860173588582,145.48853264538076
1101234,5478,0.14807843104592802,0.48434176009092117,5.275067952718104,0.8359235699861745,1.874056648566449,0.09079483505087867,27.750738695147636,47.89489255571649,187.40441193713474
1101235,5478,0.11790645532546758,0.3947125848787978,5.388156733444486,0.8517112160433822,1.9180767714329499,0.09056800009133519,22.61536523425439,48.79945804324085,191.80606664631796
1103691,5491,0.36428572985481855,0.6333190926769312,3.2108581574816,1.9048315899792998,0.996100234664808,0.3399054243327408,36.2865110954428,109.13881078900799,99.6097527623482
1103692,5491,0.46911044761914267,0.7043372382107643,3.284344951959376,1.9685909389233287,0.8602569064052034,0.34342297686267786,40.355551103377294,112.79195238800276,86.02550909424991
1103753,5491,0.4654341393081999,0.4772263478827184,3.611885865125741,1.968860429758183,0.5874742033166932,0.312322695056167,27.343055606121755,112.80739307545737,58.74729537345019
1103754,5491,0.3589611592188111,0.4114586872529696,3.6567703769487725,1.9665776239209802,0.6567519900521045,0.3081314548424675,23.57484622358844,112.67659793553781,65.67501787623809
1105098,5498,0.22972661300228464,0.7352149006186398,4.210920252656673,1.9848687516458314,1.8336886813575537,0.27007066214300046,42.12471084057832,113.72460235670651,183.36807791651665
1105099,5498,0.308571648282868,0.8041903194361868,4.249343895730101,2.0434016316286785,1.4932256411809677,0.27552086143132165,46.076711228971,117.07828934246943,149.32208504343058
1105100,5498,0.4528894770049542,0.8720798452657025,4.218256719030148,2.102105189406763,1.1032822789194057,0.2855249530372888,49.96649453214664,120.44175544555605,110.32798671896133
1105163,5498,0.363553402579327,0.5218769638953361,3.4979708793130517,1.599070017511762,0.8224746741932881,0.2619231721717598,29.901347456304002,91.61996314933461,82.2472434501177
1105164,5498,0.24495177144512015,0.4536614267006131,3.4884736483616687,1.5894972709152664,1.061142928803407,0.2610639898418442,25.992885077828685,91.07148517100718,106.11386400930024
1105165,5498,0.16799249598161292,0.3835299854844402,3.533917694201795,1.5769078520057649,1.3080731998472188,0.25566572898272377,21.974649484972147,90.35016460097056,130.80654912602864
1105299,5499,0.3603963382398221,0.5838620845131655,4.740065487640587,1.6554425225776885,0.9282234246739405,0.2001024454565121,33.45283326031497,94.84986977019204,92.82208748737813
1105363,5499,0.38686035222461146,0.4694056665233691,5.561693394435898,1.6308731426609837,0.6952111458681614,0.16801024652165067,26.894963571314406,93.44214799571138,69.52093667836638
1105364,5499,0.28243995331418986,0.39953125823622665,5.67901964112826,1.59590940758103,0.810489231476866,0.1610117223691068,22.8914548804872,91.43887353961652,81.04863905845319
1109070,5517,0.3606377068994102,0.5033010596713748,4.8673951253537195,1.0926056052936919,0.7996120536575786,0.1286143576077595,28.837026543631783,62.60168985566522,79.96098586188377
1109071,5517,0.26682870062842445,0.49666951766432266,4.946209867194224,1.140654299543856,1.0664919493836706,0.1321308211134524,28.457067174963978,65.35467724731413,106.64879924514875
1109072,5517,0.21539353472506995,0.48931073969201944,5.0412890582979655,1.1819216075067844,1.3015914794736223,0.13432897599803734,28.035440254777164,67.71911982545654,130.15854970768714
1109073,5517,0.1809351369123064,0.4822361544222791,5.153442098504724,1.2063615462566322,1.5270718181916896,0.1341228322974916,27.630096377015622,69.11942516738105,152.70634627513348
1109074,5517,0.1721290842261094,0.4781797494808476,5.326806083128807,1.2301103570545306,1.591693816612193,0.13231217837170683,27.397681493875588,70.48013179455536,159.16846620423482
1109075,5517,0.14481046779337092,0.4739111416313569,5.463752061153637,1.242791188813173,1.875078978639097,0.1303256242372033,27.153108279703353,71.20668993504103,187.5066159708268
1109922,5522,0.38902862910883135,0.450164794118429,3.5646440726075057,1.7715791448299791,0.6629985609143317,0.2847521539875704,25.792542788361608,101.50400807215343,66.29968737200252
1110726,5526,0.13886332653765426,0.5735448760409041,3.671754360938695,1.9097133396177273,2.366477831935644,0.2980006378039831,32.861700758497776,109.4185144399294,236.64609606979977
1110727,5526,0.2952935561443446,0.6438617764277375,3.78783475486571,1.9720233641636784,1.2492843261296251,0.29829341267945925,36.89056237910515,112.98861586776897,124.92801377981539
1110728,5526,0.4728590721874227,0.708682917696552,3.833713383081191,2.0220794663763315,0.8587027663547229,0.3022046965548314,40.60454019702951,115.85661926342945,85.8700968538014
1110790,5526,0.4047329292658742,0.38423403483709934,5.341090065829928,1.1290708324322347,0.5439386421421586,0.1211194579219629,22.014988541448435,64.69099346968964,54.393731164027386
1112799,5536,0.4225727643461808,0.5154028738771108,4.067470811145713,1.8958099043321122,0.6988242313471896,0.2670502409326051,29.53040942207192,108.6219062773304,69.88225941513971
1112800,5536,0.2883375613780531,0.4459017124139793,4.120181138185178,1.8963349576833735,0.8860547058392064,0.2637068267404577,25.548286198977202,108.65198961837686,88.6051663602488
1112801,5536,0.2030380354588279,0.3798020799438608,4.258520650614097,1.9128116674928939,1.0717723460102075,0.2573570596107428,21.761056231073514,109.59603555072418,107.17671201450425
1114143,5543,0.4016071078556577,0.5601141480681248,3.212472053260714,1.8028151066388074,0.7990938233670333,0.3215395957342154,32.09217672986922,103.2936968528311,79.90918535291001
1114947,5547,0.3990595861005549,0.4949486368973091,4.01409306680663,1.7104686992394647,0.7106324029562519,0.24414640014679995,28.358467969968864,98.00263745565309,71.06306400006922
1116355,5554,0.39346571492799387,0.41068309301859723,4.131406678941673,2.054806293755888,0.5980294205206923,0.28496765681349595,23.530407947344226,117.73172834913123,59.80279158213013
1116417,5554,0.4807090023536599,0.6252397735482378,4.606582828360298,1.8207167603296726,0.7452242268691598,0.22645720204340167,35.823600208029355,104.31938605562247,74.52226921143576
1116418,5554,0.3966448016254699,0.5584300384159289,4.718616603830514,1.8255813743362501,0.8066583355380668,0.22167113047620146,31.995684354561153,104.59810790715959,80.66563221756438
1116419,5554,0.317147883971359,0.49676967861869364,4.8477024121889825,1.8430012413532575,0.8974616106860182,0.21782729955447894,28.462805974921437,105.59619276691326,89.74588092036878
1116420,5554,0.23051353114195056,0.42936464953458386,4.923878078024778,1.8429198371135134,1.0672163625865339,0.21444789403772518,24.60078229044538,105.59152864754145,106.72117791696286
1116421,5554,0.15402123434674744,0.3587812619172991,4.961560469100298,1.8249281328618738,1.3346634201941583,0.21074152047146946,20.556652076239008,104.56067992767493,133.46548414536173
1117360,5559,0.3103911654072512,0.4172401001330626,4.053786262748364,1.8507386091733515,0.7701925401027965,0.26158140600652063,23.906096781240347,106.03951128754498,77.01900835632969
1117361,5559,0.4431935921465926,0.48587220478804216,3.996658833823521,1.8939604052622991,0.6281324139661857,0.2715166393401789,27.838426717070845,108.51593778641673,62.813101085545085
1117422,5559,0.4713318056706177,0.41199526607393316,4.580798441592521,1.4204351122392849,0.5008274243447662,0.1776653958115289,23.60558992540576,81.3849370035024,50.08263723934823
1118228,5563,0.39498394010414906,0.36588651396313077,5.556526351506871,1.697843275731025,0.5307494905885202,0.17507206417297216,20.963753030841858,97.27925397405424,53.07481603049009
1118364,5564,0.1987907953532631,0.5747313398362546,3.241656905253004,1.7915441304738629,1.6564991558839164,0.31665262602157823,32.92968012651643,102.64791748758724,165.64909063776358
1118365,5564,0.33249296766142644,0.6467789326747924,3.3429603846051643,1.8561903986889527,1.114540925973391,0.31813681068196975,37.05770312024162,106.35187581758261,111.45376074304276
1118427,5564,0.36103172024239916,0.3644999316271358,4.9250939452613105,1.934785448431045,0.5784618349478614,0.2250820826270788,20.884307715041952,110.85504045842526,57.8460248728152
1119721,5570,0.45066365716024837,1.2273356410392426,4.842972302235883,1.3488576889411479,1.5603909833833352,0.15957938174628486,70.321152277532,77.28385274009779,156.03875555860827
1119722,5570,0.39372319883439905,1.2082394761323334,5.007984540005545,1.430010030842729,1.7582662406014609,0.1636058150949574,69.22702262348027,81.93353942866105,175.82618195280716
1119723,5570,0.35455078289795944,1.1946201175509743,5.199144640565698,1.4851011819497546,1.930518623231291,0.16366159357838372,68.44669085709312,85.0900298756111,193.05132327255055
1119724,5570,0.3281864900024592,1.1838397420508413,5.375484228534707,1.5325621842619994,2.066782784753821,0.16335150677234456,67.82902083936925,87.80934499956336,206.67765501622563
1119725,5570,0.26246325181954944,1.1018249157850903,5.529832683122114,1.570520497733725,2.405285867408238,0.16272498853509296,63.12991743684304,89.98419615892782,240.52767948088564
1119726,5570,0.22038102853908817,0.7497303620116572,5.664129010965008,1.5905109080164426,1.9491869990649981,0.16088892389555162,42.9563855160833,91.12956229886245,194.91782429284754
1119727,5570,0.11087392553268566,0.5034635216859623,5.79651398424125,1.5991235953572835,2.601723731804842,0.158065749560485,28.846334931398836,91.6230329337584,260.1700501065501
1134105,5642,0.40645183096066373,0.47620088857930626,3.5125528508184907,1.7276210722980028,0.6712800476308921,0.28180471572312726,27.284301115973815,98.98539604054122,67.12784125893904
1134106,5642,0.26713491543896467,0.4066524593552792,3.443638894429356,1.6866013210824269,0.8721985570170696,0.280619252195449,23.299469649672748,96.6351374192121,87.21953246678365
1135110,5647,0.47971041192855945,0.42489610912296333,4.726734924617079,1.7193767569683693,0.5074885320690699,0.20841666166998407,24.344753784275873,98.51303156717822,50.74874847442944
1135111,5647,0.32283899476637146,0.3614695010493647,4.7558419832960315,1.7256301704301036,0.6415171812283325,0.20789447148466597,20.71067683282828,98.87132576608589,64.1515213993728
1135449,5649,0.38830369949845067,0.5261213698042312,4.361101352818377,1.7212470817339027,0.7763133151717768,0.22613598051944483,30.144534001424077,98.62019328256208,77.63113359266556
1135511,5649,0.41894913755078944,0.5002148308819361,4.301396601424466,1.7267775929925149,0.6840973141235639,0.2300114989941971,28.660198659385173,98.93706823623015,68.40956975676059
1135512,5649,0.2941283631886563,0.4266752211569026,4.423105151194635,1.6927269337685473,0.8311571280959428,0.21927154258946818,24.44668939510153,96.9861091730586,83.11543305324902
1135513,5649,0.1874711223359196,0.35914820569630473,4.568396357058075,1.6819108844256645,1.0976450693871398,0.2109414058061769,20.577676406094614,96.36639519470616,109.76392729593556
1137118,5657,0.48978079925010665,0.517259358503658,3.691622509284459,2.0432286194517366,0.6051028867643928,0.31711903333393215,29.636778155903993,117.06837647492628,60.51016636649252
1137119,5657,0.3702615970327615,0.45317825736717043,3.696206192995983,1.9784001352965657,0.7012663754774558,0.30667655351242173,25.965201514232273,113.35397794060427,70.12645004468227
1137120,5657,0.26394580018618685,0.38799637264873976,3.7532519037991454,1.9192044559409194,0.8422393446395882,0.2929787764680286,22.230554619157918,109.96231534811604,84.22361856054549
1138263,5663,0.48521744338181383,0.4906435208911609,3.484202410123243,1.9232351281445963,0.5793650413144021,0.3162653674125215,28.111802992502355,110.19325585398741,57.936385922538896
1138325,5663,0.381991384437012,0.5423366985784055,5.181406922759672,1.1975753065189898,0.8134634537879663,0.13242737272534277,31.07360390360131,68.61601071262402,81.34613455553101
1138326,5663,0.29260429929016285,0.4743905567930301,5.362160711311224,1.1653881461476492,0.928919222380557,0.12452409716750817,27.18057674510181,66.77182226883546,92.89160794777035
1138327,5663,0.22730865524619387,0.40748799834385746,5.55381556482183,1.134020487595,1.0271206547295428,0.11699089922093002,23.34734250733691,64.97458782056123,102.71161813188243
1138866,5666,0.3418259017129784,0.7079464820933966,3.058282711015605,1.945897721592595,1.18663752966582,0.3645566384207737,40.562345545085535,111.49172681137857,118.66340929229877
1138867,5666,0.46119131347837106,0.7728750736988477,3.138612207635662,2.008622688875386,0.9601759087708247,0.3666767180096987,44.282479813806425,115.08560270677867,96.01738476476838
1138929,5666,0.3878713320901737,0.3948647833229204,5.106179327476669,1.2045618698480003,0.5832884028202152,0.135162333210927,22.624085562751073,69.01631130467719,58.32869140429269
1143353,5688,0.4124085399183608,0.4171033620456574,5.336255815163559,1.9230144153533653,0.5794802816446015,0.2064755018359492,23.898262265933337,110.18060994256533,57.947889058687046
1143354,5688,0.28789296154776806,0.3498943525003341,5.370595339935195,1.8765517094393145,0.6963514797166735,0.2001984621504394,20.04746967373185,107.51849298893269,69.63490851268003
1146454,5703,0.48483230033352653,0.4488795600252741,4.254645411763991,1.9137996092006944,0.5304700976188019,0.2577245094974888,25.71890429913751,109.6526404409861,53.0469014431248
1146455,5703,0.41178067373010824,0.37939688971689683,4.338574983313524,1.847561465458909,0.5278985003438402,0.24399134398954755,21.73784054116853,105.85747436180091,52.78972311773166
1148176,5712,0.37540120554469847,0.39248810876486173,3.5848024734902064,1.8027220076399075,0.5990367428264385,0.28812846216440485,22.487912141298192,103.28836267311725,59.90351630638089
1149873,5720,0.45779265665607394,0.41603399761704946,2.846022446219984,1.737099601355054,0.5206940594205871,0.349710788591927,23.83699219741268,99.52847575150237,52.069293339555095
1151793,5730,0.40957601429017676,0.48468782878337396,5.8864636674607445,1.7755700505298262,0.6780320459132119,0.17282476491738752,27.77056697064679,101.73267012518936,67.80304070230837
1151794,5730,0.2658064462429033,0.4154707465174025,6.066277813126543,1.7288384749636085,0.8955659175126738,0.16328818257815245,23.804720286596808,99.05514807524841,89.55625819768534
1155147,5747,0.3713070027492208,0.4833726780355818,3.8818931128968943,1.802832180718073,0.7458844953752614,0.2660935575898277,27.695214383374825,103.29467512551209,74.58825066606498
1155211,5747,0.4546120534220812,0.40684375670810063,5.051189957661796,1.7305508996165822,0.5127543251965807,0.196296839785054,23.31043018062144,99.15326278059796,51.27532085837204
1157560,5759,0.3735337500084317,0.38322650985422174,3.6378606866382266,2.0151212031023222,0.5878253577850613,0.31737867327295777,21.957261612175557,115.45794014508783,58.78237998387011
1157623,5759,0.44433084411586937,0.663569573156402,5.371827944565695,1.869713349513039,0.8556627477695898,0.199423147450795,38.019735955159355,107.1266838263657,85.56608412978132
1157624,5759,0.30841922165832136,0.5937743600133197,5.482848609741418,1.8567477452955838,1.1030688530322985,0.19403017811366416,34.020764811844735,106.3838094258685,110.30653122846829
1157625,5759,0.1811824546302485,0.5263690136288766,5.567961847897167,1.845436189612749,1.6645497680443695,0.18990019638074118,30.158722947398736,105.73570502551485,166.45406728194567
1157824,5760,0.4285720406682587,0.5204262496540186,4.949150743660491,1.5526315723543345,0.695757635303151,0.17974646694459295,29.81822765299699,88.95923623466427,69.5756028109059
1157825,5760,0.30078405444915357,0.4516965783404955,5.019581186381873,1.5180014237257113,0.8604281482400712,0.17327157679414623,25.880307559410745,86.97507487433342,86.04253162381013
1157826,5760,0.20202632078297342,0.38052066172520244,5.08988494892019,1.4851450373580941,1.0791775433371802,0.1671796971683816,21.80222793437938,85.09254260541778,107.91722550139784
1159168,5767,0.3763178514529243,0.3868905057933419,3.1789822885024823,1.8720641942182183,0.5890550352846655,0.3374079099364302,22.167193115640217,107.26137730626316,58.905348562941256
1159230,5767,0.48498440522975134,0.40681936946240954,5.146744390977741,1.2172027596707506,0.4806140602131972,0.13550426348656805,23.30903289436939,69.74058094081066,48.061307913641734
1159716,5769,0.4179330193043804,0.526404036111048,3.432302350788795,0.5301513008031482,0.7216641775840404,0.08849870683423773,30.160729587815233,30.37543203939096,72.16624681095712
1159717,5769,0.32910090853235907,0.5185683183065539,3.4870930362563586,0.5242867155991768,0.9028165634013804,0.08614457847879331,29.711776028162205,30.039416058608534,90.28138475605584
1159718,5769,0.268766183381986,0.5088606902040161,3.529791784612412,0.5279892901049945,1.0847930516084894,0.08570351938972194,29.1555699088042,30.251557951124624,108.47890557891058
1159719,5769,0.1801187581303228,0.4989639927033643,3.5549527682898745,0.5265124366514193,1.587204443360077,0.08485890632782858,28.588530910899177,30.166940481275446,158.71957195397962
1159720,5769,0.13152912007046308,0.4524538993667664,3.588458075717438,0.5089866779385459,1.9709473364618686,0.08126829902329116,25.923698857952584,29.16278847426317,197.09325015490586
1159721,5769,0.12237631775241439,0.4414082922970477,3.6632513434918854,0.5024950274799616,2.0666441504818622,0.07859369047517885,25.290832190697838,28.79084430091212,206.66274318795382
1159722,5769,0.11263327079587938,0.4023056742206481,3.8123718671753055,0.5063974650635807,2.0465014464757973,0.07610600025138248,23.05041720700818,29.01443750426673,204.6483458731768
1159723,5769,0.10338148426284487,0.3614315100355392,3.865389143806738,0.5141906639964917,2.003114798807784,0.07621730630411289,20.708500108076656,29.460954912028388,200.3095616799681
1159971,5771,0.31051771284455354,0.756235422775667,2.942480216246033,1.996628698984579,1.3953824485898325,0.3887822140183434,43.32909804333721,114.39839770651285,139.5377999812458
1159972,5771,0.461796514716227,0.8234874854311706,3.0715663116526413,2.0454744476323885,1.0217131327707676,0.38155468799427356,47.18235739704694,117.19705295118919,102.17109424254988
1161843,5780,0.4084358666672764,0.3777431050184035,4.648163177400606,1.7711393349515863,0.529901678430483,0.21832023690003746,21.64308565772155,101.47880882233335,52.99003940149357
1164044,5791,0.23612576345929548,0.6580617205897821,3.9218193295025974,0.3384787122185937,1.5967828795873216,0.049450012829015844,37.704159248911736,19.393401665148588,159.67761848144477
1167609,5809,0.34215169989227234,0.3983995671232927,3.367566764831676,2.0660874645893834,0.6671489019648816,0.35152411144623436,22.82661375600362,118.3780918258566,66.71469716062636
1167610,5809,0.49986135025714684,0.46545143842270287,3.4839291856080337,2.1252251718690447,0.5335159928383943,0.34950891945956997,26.6684029899142,121.76643286306127,53.35149361858326
1167673,5809,0.3852030544912417,0.3869537979927996,5.002423563600916,1.3168471867578204,0.5755618668513822,0.15082646432234742,22.170819491545245,75.44978606489882,57.556038761916355
1169217,5817,0.29009863000366987,0.422838542810434,3.992541040456176,2.0831269905956584,0.8351250429230955,0.2989434128354986,24.226863918499646,119.35438475091956,83.5122192958094
1169218,5817,0.40658522691848686,0.49353199806149456,4.098207025525756,2.1501046876341823,0.6954827174222132,0.3005995623081757,28.277300543582363,123.19192411273285,69.54810239858776
1169280,5817,0.44818482492136946,0.4238953875552335,3.5927476569121684,1.770621547517932,0.541906257632262,0.28237202050677773,24.28741666197724,101.44914178770006,54.19050606127106
1169281,5817,0.3524773460154258,0.3577246250425176,3.6264351634975056,1.7356138468461593,0.5814873180658773,0.2742179124433164,20.496111242836136,99.44334828875017,58.14856848522306
1170624,5824,0.4255859150336312,0.7252823748683326,4.7397501485414475,1.9482270002638282,0.9764331146970344,0.23550858360623006,41.555619035180705,111.62518464855007,97.64308433189694
1174104,5841,0.4912514770227988,0.5527462120397468,4.906945352716305,1.7985404208732079,0.6446804931554536,0.21000595641984807,31.670025091720785,103.0487753997176,64.4679193958568
1174105,5841,0.34662271573881415,0.48624039678407743,4.983565187035967,1.7481644277183448,0.8037419504192224,0.20098551868597364,27.859522564494164,100.16244360316402,80.37396548332748
1174106,5841,0.24049699592713544,0.41787582483873326,5.009519181249748,1.7058597073033672,0.9955434177447287,0.1951056736954462,23.94252112380747,97.73856166990488,99.55393196316456
1174305,5842,0.35183790716200175,0.39555951970485387,4.906241709236856,1.721299973506488,0.6441571507733372,0.20101582718847896,22.66389102531005,98.62322375790218,64.41553382518501
1175511,5848,0.4582971709457383,0.4023168797746937,4.113799751136561,1.760863159395139,0.5029718749391852,0.2452477835370857,23.0510592379621,100.89002733341341,50.29707884365811
1185699,5899,0.37098136208575405,0.5310810575713987,4.082147196861832,1.9472704391754632,0.8202218620063679,0.27331297006584565,30.428703178185437,111.57037773534032,82.02196731701149
1185900,5900,0.48665030848025503,0.7797453196953337,3.703382226845159,1.8735540469102414,0.9180332205091197,0.2898613556807977,44.67611591362173,107.34673957761228,91.80313529442483
1185963,5900,0.460032424076109,0.531723838443251,3.3707242875519987,1.8360156070459506,0.662247475452003,0.3120870653238585,30.465531809294315,105.19594540388277,66.22460502838165
1185964,5900,0.35797458806319343,0.46093472878863156,3.339801071558488,1.8165347919033388,0.7377510788051429,0.31163465839159704,26.409614590595833,104.07977691473658,73.77490385163847
1185965,5900,0.26699469469402215,0.39491519629858257,3.325320821913451,1.7896000971346706,0.8474690177627262,0.3083507961035368,22.62697401348921,102.5365325820188,84.74658754112043
1187369,5907,0.42122605499864685,0.48762160935733984,2.712892030036508,1.8681242669815363,0.6632699763164527,0.39454439957209736,27.938660215552503,107.03563610401264,66.32684174486906
1187370,5907,0.318617376593177,0.4174162825728704,2.6663063558342928,1.8168936380010279,0.7506241748822943,0.3904290167685051,23.916191291465648,104.10033728162891,75.06218425688193
1188714,5914,0.1875698226357689,0.5930188009675341,4.343216251029328,1.9897613015568076,1.8114573111192775,0.262489634330674,33.97747446734829,114.00492481766256,181.14477502360185
1188715,5914,0.23927162843824498,0.66489422268911,4.3817165859064096,2.0575345576011013,1.5921499527220329,0.2690453473485625,38.09563278271751,117.88804635286007,159.21433651383904
1188716,5914,0.36118547359413244,0.7290874127231481,4.315544831930648,2.118696728457491,1.1565700600550872,0.28129097264687875,41.773631645149145,121.39238060878927,115.65668899353757
1188717,5914,0.4783626977409496,0.7944013424411265,4.144496351991951,2.165162094433609,0.9514923179599493,0.29932382402461016,45.515844161403386,124.05464997275159,95.14903487942303
1188779,5914,0.40271747455180984,0.4912662120178629,5.682279104701744,1.9334183095947894,0.6989386268472642,0.19495119288752844,28.147480566002628,110.77670917309939,69.89369086513425
1188780,5914,0.2944858496196033,0.42657289178119157,5.754664395624657,1.8754864776886606,0.8299490639490829,0.18673106219780095,24.440826353753078,107.4574597054169,82.99462738429224
1188781,5914,0.22728765804374304,0.3606678981283101,5.8405782319569735,1.8157892461835718,0.9091891586757544,0.17812801401099065,20.664748368606492,104.0370602915599,90.91851985253676
1190523,5923,0.21676494621090553,0.469005717510532,4.719011824344131,2.2719246072468207,1.2396860013992645,0.2758452318762871,26.872048180858414,130.17169136715998,123.96803395821625
1190524,5923,0.38123523844098606,0.532381408178524,4.8512841968388285,2.327305477849478,0.800115097032608,0.2748649137695891,30.503207779860993,133.3447815184524,80.01130192816856
1190925,5925,0.2233120178771541,0.3931224467561277,4.79304467364735,1.7270279352725506,1.0086450445639823,0.20644792261150188,22.524257030982536,98.95141179230987,100.86405729993436
1190926,5925,0.332241217385443,0.46003745826659204,4.864610441574857,1.7860552371161842,0.7933453949717845,0.21036304567997977,26.358204776601468,102.33342706399486,79.33430309978523
1190927,5925,0.49531168455511715,0.528095858986869,4.840093765330662,1.8279905071931561,0.6108812739715447,0.21639279301978256,30.257663898283457,104.7361410521466,61.08800529802798
1190987,5925,0.4839646027250202,0.4108440092327057,4.575630690619187,1.9474571733952333,0.4863915077328732,0.24385944609324425,23.539627767267863,111.58107681802382,48.63905127704421
1191528,5928,0.31988452887879804,0.4571967140732041,3.411047122539625,2.072514847625083,0.8189030396861198,0.34812287585925555,26.195442123644046,118.74635374711616,81.89005052982338
1191529,5928,0.49417379247957005,0.9862701508753866,3.5391891964978837,2.1376560422583566,1.1435069366556874,0.3460642031999151,56.509117104890585,122.47866927204299,114.35046458227988
1191591,5928,0.43349449411143737,0.7171087893028225,4.171898699382906,1.8722504710589947,0.9478161012215673,0.2571300447486847,41.08730707878792,107.27205018306067,94.78139366363456
1191592,5928,0.3173609119615453,0.6498228404365092,4.187686889880631,1.8649908823996886,1.1731786622653726,0.2551673726966725,37.232106188215106,106.8561063918814,117.3175002573293
1191593,5928,0.22249114701986525,0.5811802823641471,4.208796107466304,1.8416882843278701,1.4966517214306168,0.2507153184084388,33.299177315687096,105.52096587067652,149.66450619362297
1191594,5928,0.16635606382707804,0.5024458771155735,4.237894957011474,1.7972330655766249,1.7305065892812193,0.2429835337130018,28.788028192471156,102.97386945889932,173.04962909417083
1191595,5928,0.12367474202766343,0.42332733401902134,4.325742976230916,1.7494966277587167,1.9611819869579765,0.2317261412941318,24.2548695918148,100.23877304294449,196.11662880817437
1192737,5934,0.48112367741096845,0.38887102310240085,3.1430942549957632,1.7629370255461536,0.46309647564016315,0.3213675524659384,22.280668398701902,101.0088511111416,46.309552273640996
1193189,5936,0.3005278582293726,0.9311576699688718,4.703877255861237,0.4841098215433064,1.7752564800324089,0.05896720519595538,53.35140455045196,27.737449595262913,177.52506319953
1193190,5936,0.26418860268605865,0.9121173048144712,4.747470287200177,0.54079396545696,1.9781500593600205,0.0652667839230105,52.260471986716844,30.98521180682744,197.8142646621068
1193191,5936,0.25086394327686995,0.8953329364358762,4.792583500337075,0.5970944717217352,2.0448851995971613,0.07138319682162983,51.298798516830516,34.21099320024891,204.48771297715368
1193192,5936,0.24427265988713717,0.8720382215453932,4.839907916203543,0.6695656358997035,2.0454236526636613,0.07926449351721158,49.964109668645285,38.36328504404617,204.5415362906112
1193193,5936,0.23126107662286352,0.8259457074909371,4.9548986335057394,0.7581850716203866,2.0463106801600115,0.0876724385686657,47.32320314617752,43.4408046936722,204.63019201955464
1193194,5936,0.20288174846629428,0.7254490647391142,5.141030493142052,0.8560795031123347,2.048738633550906,0.09540838636537088,41.56516966126407,49.0497424559934,204.87286363911548
1193195,5936,0.13999973895687756,0.5029778696408634,5.221910304988294,0.8665118464799297,2.0584686282387117,0.09507530521710844,28.818509118902774,49.64747170138789,205.84540720016722
1206869,6004,0.4129859936663105,0.401744953464608,4.71927363045143,1.7740761835360335,0.5573624788698722,0.21538712436596053,23.018290274201696,101.64707785129114,55.736114277730145
1207269,6006,0.4237842272557735,0.46907260934029593,4.955636180604413,1.8001492049228869,0.6341878351687477,0.20812857919526292,26.875880800387794,103.14095193591217,63.41863536495336
1207270,6006,0.32980074655257086,0.40118016713976096,5.0738421463465375,1.7433720266017034,0.6969641501655336,0.19686828278744048,22.985930401461257,99.88785924544669,69.69620580161867
1208814,6014,0.43976115663035853,0.4743660775147952,4.109979116433073,1.7593121017032591,0.618043980418555,0.24525953824337227,27.179174185773423,100.8011582738874,61.80425890675
1210623,6023,0.33046932868451917,0.5447398856821092,3.646310922099535,1.9025368906231424,0.9444536218175296,0.29895238291673243,31.211296382023797,109.00733420064878,94.44507924891317
1210624,6023,0.4714260262913953,0.6244874431438793,3.770120777355795,1.9664681662362198,0.7589842752966617,0.2988507075158937,35.78049485106024,112.67032647216577,75.89826814244596
1210688,6023,0.4440521450511701,0.6423842419040205,5.051542545361017,1.7518985171184114,0.8288644806277317,0.19870443545919766,36.8059058868113,100.37639116611237,82.88626327051463
1210689,6023,0.3283779442757664,0.5704134874204007,5.021873508010564,1.7254458892546771,0.9952642977695632,0.19686032887513732,32.68228540652763,98.86076723249025,99.52612972371844
1210690,6023,0.21265611713064203,0.5018249342053905,4.995872021974009,1.6905391320205392,1.3520631252131978,0.19388158212734283,28.752450784399098,96.86075736648638,135.20568308435946
1210691,6023,0.15755724676712546,0.4331712001369128,5.012779946390551,1.6461235490046913,1.5752293536783832,0.18815095163877388,24.81888157446181,94.31593191506535,157.52194558971362
1210692,6023,0.12133104782069809,0.3655945638801882,5.078551141995313,1.6022440038541643,1.7264355804278961,0.18076379743643692,20.947025523260752,91.80181917098642,172.64214937026216
1212494,6032,0.4327423930116697,0.47349408975934115,4.2120221273662075,1.8029059768425162,0.6269136737882197,0.24524776927354963,27.12921296759882,103.2989033319871,62.69122395790624
1212495,6032,0.3610329571765796,0.4057482681447335,4.332207067269358,1.7975470676585399,0.6439207890415538,0.2377353127770346,23.247663309435655,102.99186045295137,64.3919023330688
1218122,6060,0.47264317191874966,0.44277734294433546,3.9780593062162772,1.8751353144714704,0.5367531784069662,0.27007475503743983,25.36927301472708,107.43733953515165,53.67520541243067
1218123,6060,0.34535262038175496,0.37664545797797133,4.029461489734389,1.8299273948849022,0.6248742073009514,0.26020131114091977,21.58019511490976,104.84711654227449,62.48724160197003
1218209,6060,0.3966972936061582,0.3958920508920749,4.553089056828837,0.6793784083244749,0.5717947526412722,0.08549254125709209,22.68294365889429,38.92551548930793,57.17933256706645
1218210,6060,0.29680146409685004,0.38189128157258834,4.626628755255464,0.7007602330757221,0.7372186655586318,0.08678155487071113,21.88075866695146,40.15060380584275,73.72162065275685
1218211,6060,0.21705507831713075,0.37589829163104926,4.726557095429465,0.7417246250019254,0.9922543536583431,0.08991257193257281,21.537385636636916,42.49769057353399,99.22498279531995
1218212,6060,0.13605516132714482,0.3634002928521531,4.789607822897228,0.7625453103342563,1.5303573433590159,0.09121963528946811,20.82130305424651,43.690627969646485,153.03462078561827
1218213,6060,0.10142784447453158,0.35778053025179674,4.928740927669999,0.8040598641772418,2.0210734498507983,0.09347059883207583,20.499314375380624,46.069236693218166,202.1053723088399
1218325,6061,0.48331733490025147,0.4009430323413621,3.842925169306347,1.81910916909627,0.4753055900172261,0.2712185978119393,22.972343578337316,104.22727786276627,47.530461643004735
1218864,6064,0.21211443187102505,0.4160422235540847,4.320850845379618,1.6482914188744013,1.1238020051167272,0.2185683905093643,23.837463508887343,94.44014170913331,112.37967600292988
1218865,6064,0.2943273463628139,0.4852998519352824,4.3672054493670105,1.714045313846817,0.9447179378032315,0.22487506780098587,27.805633314215438,98.20756237759922,94.47147601590463
1218866,6064,0.3850021837942163,0.5561703821279997,4.324464989333863,1.7638626077954105,0.8276891950165123,0.2336980021417302,31.866215586112613,101.06188306761624,82.76870666904684
1219869,6069,0.37651917316913497,0.47032641962536287,3.098746227933735,1.9834202941296746,0.7157063980436591,0.3667341664285608,26.947718838032227,113.64161185422672,71.5704516207347
1219932,6069,0.4374441703104518,0.5123127798088617,3.6354449253331933,1.6804407499711154,0.6710195584915751,0.26484285804845875,29.353360073662834,96.28216269514373,67.10180398798542
1219933,6069,0.3190712285790932,0.4462722349600674,3.602250537861019,1.619222694994205,0.8013732510316555,0.2575462902491765,25.56951557708249,92.77462651496691,80.13707645742097
1219934,6069,0.20343755222422635,0.3846732011139072,3.55043880900134,1.5587747272285366,1.0833865031926413,0.2515497876033604,22.040150915614,89.31121308185128,108.33812310717654
1220132,6070,0.4087277567666373,0.4664647914024387,4.672670202888406,1.7313457523217886,0.6538940099479348,0.21229575374766543,26.726463838810066,99.19880448594084,65.38924261223312
1220133,6070,0.2597558631278941,0.4043964799311406,4.683076448412336,1.715785877284611,0.8919995252077747,0.20992031667552122,23.17021155000125,98.3072893165596,89.19961255688997
1220735,6073,0.49553937540253445,0.4626414957374253,3.5956682426455884,1.777493586335824,0.5349202488081095,0.28323770006780324,26.507405133374135,101.84288060861533,53.49191801342483
1220736,6073,0.358391537448237,0.39716094194670154,3.5511459950158324,1.7283693090339929,0.6349381262757859,0.2788628423267226,22.7556457609863,99.0282668475901,63.49363723644197
1221138,6075,0.40930395059367813,0.44319584038626114,5.977329069332513,1.676831838486419,0.6204008169150039,0.160732972910307,25.393251151886446,96.07538729843432,62.03993163301518
1221139,6075,0.2514516499174718,0.3776758880550632,6.0992412648537355,1.650708314725641,0.860572342871493,0.15506620476036193,21.639234409410463,94.57861964093203,86.05689546923679
1224152,6090,0.4506303485360801,0.4532666600791121,4.105710844046591,1.9543047347944649,0.576309743109434,0.2727260081547034,25.97026661652404,111.97341318615648,57.63084770043404
1224153,6090,0.35299460138467437,0.38355563887796545,4.172959063111887,1.8914868491644299,0.6225624586717261,0.25970591027340806,21.976119316151333,108.37421346161997,62.25607126532724
1225899,6099,0.38340617229642115,0.6942465131464811,3.6559659774449305,2.0835752440621675,1.0374740153306674,0.32653495189142767,39.77739514496699,119.38006778270264,103.74713364572676
1225962,6099,0.45259329621423916,0.37016397860752925,4.296234033902516,1.4971467019946556,0.46860687974786186,0.19966367395176893,21.208833701982318,85.78018733622416,46.860585472210516
1225984,6099,0.055164572353947255,0.3638313037252799,3.8389667082541505,1.7297879272020396,3.7788735577564476,0.25816724904151256,20.845998158200924,99.10954768135976,377.8805742184842
1225985,6099,0.07726164328741587,0.4306039137264203,3.6336695182279666,1.7688106256236957,3.193277110775697,0.27890644104764156,24.671786898339302,101.34538360613247,319.323619392112
1225986,6099,0.09632729553551166,0.49498426157369996,3.387712804946728,1.8041829888896173,2.9441817100466188,0.3051382344943513,28.36050911357258,103.37207073267336,294.41514516487433
1225987,6099,0.18027634988829738,0.5616190978882628,3.223605984514412,1.8330040756790518,1.7849486212657302,0.3257947700351898,32.1784040029421,105.02339736668822,178.49388191517312
1225988,6099,0.3324280638720286,0.6270167046656525,3.127795137763488,1.8791605215102547,1.0806972601048284,0.3442295988825474,35.92541086154268,107.66796691014035,108.06940417030586
1225989,6099,0.4898571941374681,0.6915621463261625,3.1679481379478154,1.9411244548932909,0.8088804639561504,0.3510734190743143,39.62359225549778,111.21823877501811,80.88788292143641
1226049,6099,0.475686791442227,0.46020947609668234,4.186801154878489,1.1254810536006117,0.5543155831173316,0.15402048426420498,26.36806067226664,64.48531429325223,55.43144294774083
1226050,6099,0.41600154622457636,0.3976122748764188,4.263997356075799,1.1139748833713914,0.547630288688533,0.149685972624084,22.781505233014375,63.826059300758835,54.76289854417363
1227909,6109,0.2517293294371753,0.5390674438317897,4.718071770710231,2.010011317044547,1.2269642256847648,0.2440937115688568,30.886289404467114,115.16516524018458,122.69594003044219
1227910,6109,0.40771692047868674,0.6127567862441283,4.818694138173339,2.0738475901637106,0.8610968810779804,0.24658696031745478,35.10837771978849,118.82271426975707,86.1094790206156
1227971,6109,0.4965833841602989,0.45587852756926966,5.271122811132527,1.678163519044035,0.5259925303085324,0.1824121543678747,26.119915600357494,96.15168697404535,52.59914816798973
1227972,6109,0.34112632678426913,0.39132868005609167,5.358573699243165,1.6271724240304213,0.6572779452035942,0.1739830736604393,22.421481769639364,93.23011243701471,65.72760376895528
1229115,6115,0.10910973442761002,0.44760061334367796,2.82170975626037,1.8253212302981807,2.350443233699868,0.3706377034315528,25.645626052059786,104.58320275171272,235.04219073032164
1229116,6115,0.16361743196263376,0.5153845583611926,2.8518942132417564,1.8848539885053368,1.8047806924553913,0.3786752596209486,29.529360020310197,107.99417853975558,180.47697723355486
1229117,6115,0.2743734432041532,0.5902412899292065,2.886535034920176,1.938399865731279,1.2325658482031745,0.3847593380533478,33.81833480730111,111.06213131512774,123.25614008494946
1229118,6115,0.3738626026515123,0.6592086606103024,2.838647453300214,1.9923476941891205,1.0102607961670815,0.40213910207413817,37.7698740714422,114.15311419965782,101.02581209716865
1229119,6115,0.48595505994039834,0.7281079359802115,2.759320165005641,2.042318293140408,0.8584643795724624,0.4240762622593017,41.71751176164766,117.01621861930744,85.84626306906068
1229177,6115,0.417791158806582,0.48569651552684134,4.395538762407856,1.781517923582859,0.666083022850622,0.2322205841726482,27.828360463898267,102.07345814820773,66.60814445007686
1229178,6115,0.29345222899059215,0.4171794589439885,4.4332590541208825,1.7186652496343382,0.8145319449345909,0.22212161251030507,23.902622297041745,98.47226519984564,81.45291970124495
1229179,6115,0.2073818876852825,0.35027945900044627,4.550368482154835,1.6679571993233564,0.9677573054765051,0.2100201513228074,20.069534650851327,95.56690792968934,96.77526856173493
1231125,6125,0.36003414708638376,0.76584213068361,3.368285752269937,1.890270493871692,1.2187599703477354,0.3215419625322101,43.87952186147729,108.3045214369577,121.87566190850033
1231187,6125,0.4100117221140932,0.42367806667299795,4.692538914545607,2.1454998999502286,0.5920553777195365,0.2619649856709329,24.274965092625084,122.92808921288848,59.20539481667633
1231188,6125,0.3262369415052839,0.35595402506497426,4.885510285225513,2.10206787737661,0.6251487835088669,0.24652413022526196,20.394663336916942,120.43961762370321,62.51468864355443
1231790,6128,0.499071255795043,0.49799259046829614,4.472741048453552,1.9198293359347542,0.5717194240218588,0.2459299943746279,28.532873662620197,109.99811833446493,57.17182899130735
1231791,6128,0.3851794137419145,0.4307766065164607,4.569698842333932,1.9370250791108496,0.640784007270821,0.24286799946863533,24.681681466360956,110.98336184404609,64.07823603122931
1231792,6128,0.24858960131624216,0.36045146489687857,4.647397596413269,1.9450156105229754,0.8307808016814627,0.23979266464363222,20.65234765789909,111.4411855700276,83.07774931372566
1233738,6138,0.2282275165783038,0.453815540910579,4.70776781311154,1.7835373747260492,1.1392891804705976,0.217065004085322,26.001715171622727,102.1891641756454,113.92842385102081
1233739,6138,0.4018779684730084,0.5295607462568568,4.864123546705373,1.8438421376278726,0.7549952319259529,0.21719097252129282,30.341595756316202,105.64437257445698,75.49933720493775
1233801,6138,0.47106582992119755,0.5214270348580542,4.676718226536993,1.6742835855449498,0.6342121607965696,0.2051211518588085,29.875568421387364,95.92938315975636,63.421082792828145
1233802,6138,0.3333440416114597,0.45703434589955516,4.730242902190532,1.650324633045265,0.7855589138602314,0.19989805609408268,26.186139112566714,94.55663629997,78.55565808322044
1233803,6138,0.21614467014290417,0.3883495688215762,4.79961281792893,1.6349561384215856,1.0294396907890813,0.1951742562972223,22.250791269201617,93.67608642056368,102.943497570368
1235346,6146,0.34973378377906206,0.4628185511002445,4.529476978894798,1.97222689069147,0.7582209706379078,0.24947753870011974,26.517549658403833,113.00027707883038,75.82188243293457
1235347,6146,0.46059606148661514,0.5326010758621627,4.59246937473998,2.041133297922039,0.6625283127695041,0.2546523745659617,30.515793811028903,116.94832339455171,66.25268887416836
1235408,6146,0.44242121217110586,0.460706105316018,5.713874863322491,1.9347713837100105,0.5966376409563064,0.1940088592538791,26.396515430517454,110.85423460926995,59.663630587129425
1235409,6146,0.3027064368431544,0.3956293756039013,5.855571472383021,1.910733356466792,0.7488407898112853,0.1869620368050901,22.66789347349956,109.47695710041305,74.88383407390404
1236955,6154,0.4561895709748692,0.36222644583595076,4.028590596017014,1.740052756735718,0.45494345859616203,0.2474753303106911,20.75404657442409,99.69767909106078,45.49424713025776
1237017,6154,0.4696160373006535,0.4091511930298761,4.898400890945388,1.8220943425729965,0.4991872973273021,0.2131273405652614,23.442636543354368,104.3983157040971,49.91862449902166
1237508,6156,0.43281652472209475,0.41795955857517597,5.127221433209616,1.8794423556200028,0.5532902925920963,0.2100243104533086,23.947318713508498,107.68411481515174,55.32890270301483
1237509,6156,0.3078655352238943,0.3492304993894505,5.121462448565275,1.8450942992280228,0.6499406641204291,0.20641782890082772,20.009433692261588,105.71611614941393,64.99385741197833
1237758,6158,0.18327274052614617,0.36326849283054874,3.098738905973804,1.7914360984776283,1.135670819012426,0.33123709513260047,20.813751469268848,102.64172771015062,113.5664684395936
1237759,6158,0.3319447293751483,0.44053483205685984,3.1906853319655033,1.8492962469354222,0.7603912221316044,0.33208185283952757,25.24078660536259,105.9568700187826,76.03889543292401
1237760,6158,0.48411014823689547,0.5123207707662706,3.2430697235424906,1.9005615871752868,0.6063458372512104,0.33577494965204174,29.35381792179663,108.89415764982903,60.634459728311406
1237821,6158,0.3522123924511329,0.3503748908730539,2.9438309345798253,1.96329830574372,0.5699686426337031,0.38211673483293673,20.075002494382776,112.48870684430027,56.99670405681136
1238423,6161,0.49713162876994216,0.447934685465933,5.225475150444734,1.788807852370688,0.5162569624057839,0.19613745574092126,25.664766974717978,102.49114030070126,51.62559343211981
1238424,6161,0.36951618955273496,0.38076796943251284,5.349048524818121,1.7530541557602977,0.5904043624787235,0.18777658069305583,21.816397622249326,100.44260438293469,59.04027806840591
1240974,6174,0.20412283162213357,0.5552971058299709,3.2089590328852027,1.8889889603085628,1.5586781120157032,0.3372778945635109,31.816180539886755,108.23109497248603,155.86705524313143
1240975,6174,0.35458955105944445,0.6268804626955291,3.3268755084756525,1.9536680591606839,1.0129346353103927,0.3364626471227592,35.91760477166206,111.93693435942201,101.29318072449355
1241036,6174,0.4224226786222723,0.35612188367833225,3.151586365077232,1.3588230214373924,0.48302994788385184,0.24703376321605428,20.404280927017275,77.85482423357718,48.302881584587055
1248814,6213,0.4354166742366693,0.3859549402564293,3.7122045568149047,2.1996362368523656,0.5078718836345156,0.33950142177593867,22.113589158917232,126.02987283567927,50.78707288969049
1248875,6213,0.4145516095493776,0.43356491831768257,3.377451134749906,1.823282944917751,0.5992363506272252,0.3093054884431391,24.84143996453749,104.46641760197089,59.92349195809034
1248876,6213,0.33058787690779523,0.3648013545197205,3.3928915156597146,1.7835903794062258,0.6322548043166922,0.3011950141855587,20.901577974635686,102.19220112011396,63.22529109309797
1250685,6222,0.4844577771277277,0.5569658548604426,4.652894843641894,1.970451285258406,0.658711525840037,0.2426415079916707,31.91179281639933,112.8985423814353,65.87101797514916
1250686,6222,0.349544337713258,0.4913087828446996,4.738667588692385,1.9171755646986952,0.8053318521346253,0.23180792101382483,28.14991969471075,109.84606844284554,80.53295712329864
1250687,6222,0.2613834157322758,0.4253001381877653,4.865389903356901,1.8614061316749084,0.9322665687857604,0.2192028125268193,24.367902944489643,106.65071530474503,93.22630378028575
1250688,6222,0.20698454266429134,0.35931287042541943,4.994311236339247,1.8053901338723426,0.994620648503071,0.20711811888228784,20.58711100010755,103.44123504544392,99.46158912894543
1250823,6223,0.2781121195527684,0.6165281908065354,4.257805010315792,1.7242010752430796,1.2701518391468938,0.23201965372294092,35.3244632840508,98.78944464334695,127.0147317784066
1250824,6223,0.38689335703481076,0.6826413431484653,4.345592404643705,1.789240464658981,1.0109366356758887,0.23590782884637196,39.11246788354884,102.51592715898595,101.09340488527648
1251289,6225,0.3725025296356068,0.5261018494594141,5.661906021235036,1.896747079158172,0.8092136928123661,0.1919417274677447,30.143415568051417,108.67560243952953,80.92115421708496
1251290,6225,0.24449369985327538,0.4601669426956833,5.77268815522569,1.8602233466444456,1.0783763600185665,0.18463312700047999,26.36562368790106,106.58294671442826,107.83719934920238
1251291,6225,0.15508521350339668,0.3932168891282364,5.9544801777107645,1.8172594883448943,1.4527282271878161,0.17486211336660087,22.529668180311567,104.12129896226585,145.2718953630145
1251489,6226,0.48244685965290995,0.40429207423230706,4.064743809286307,1.7945745613450308,0.4801405294797783,0.2529594802475518,23.164229544100976,102.82154838661131,48.01395442145011
1253034,6234,0.33492578268271606,0.3634622748117787,3.8958188894481105,1.8398026865409243,0.6217751756929313,0.27057964396280926,20.824854358939007,105.41292907562531,62.177333780639685
1253035,6234,0.4680795445491294,0.4308897165653373,3.9781934135298394,1.8987106171950021,0.5274351753851458,0.2734610746639512,24.6881621947821,108.7881048819533,52.74340598488782
1253099,6234,0.4228848509079319,0.38069713992826243,4.071774123525123,1.7210878741548616,0.515798540145414,0.24218207623133645,21.812339390590772,98.61107136021653,51.57973326314865
1254843,6243,0.26394120271090565,0.6004184177693037,3.3169706800114085,1.8646091097024078,1.3033751314079023,0.3220837396884759,34.401441280103775,106.83423242759389,130.3370242680875
1254844,6243,0.3764382365448666,0.6683708812302841,3.368600890159127,1.9319645717341283,1.0172938322666063,0.3286035342564213,38.29483064393489,110.69341612916513,101.7291156878931
1254906,6243,0.3927588407298939,0.4194534345497242,4.904943369664826,1.7018152365113415,0.6118999344586099,0.19879297886986189,24.032911501966105,97.50683056315786,61.189839208876386
1254907,6243,0.27820999665880036,0.35399072429891176,5.039503003270634,1.6835563718202242,0.7290239029389417,0.19140910209527487,20.28217448910676,96.46067467765641,72.90213087436275
1261160,6274,0.2477885540375817,0.35209492367266737,3.485240166236832,1.9072963216216565,0.8141438323749681,0.3135509290144298,20.1735531144247,109.28002950974738,81.41405796051039
1261161,6274,0.3500471936619232,0.4169595807857704,3.3769024634881175,1.9547870330054882,0.682480075734066,0.33166799372332817,23.890024206568736,112.00104683811483,68.24781455562012
1261162,6274,0.4612728490595265,0.479160684641256,3.2761998721607974,1.991688385478732,0.5951766812059518,0.3483161671988471,27.453884938542974,114.11533859315634,59.517540381961055
1264955,6293,0.4877072474865327,0.46360567753838033,4.682302111920789,1.9139303754985248,0.5446432931538991,0.23420131794692736,26.56264868125218,109.66013279795433,54.46421875813299
1264956,6293,0.3360585644128753,0.3986047634875895,4.7658599449748875,1.896211309997148,0.6795949391129197,0.22796495523205543,22.838370641649256,108.6449051278096,67.95929370898828
1269516,6316,0.25347917399315234,0.3971581416867696,4.474467871944883,1.7061742888087985,0.8977259970398749,0.21847645003094276,22.75548531791066,97.75658586247896,89.77224908534816
1269517,6316,0.39640841220005957,0.4611112144851739,4.598776878899918,1.76938037164643,0.6664774257197446,0.22044563173596432,26.419726476152135,101.37802764862951,66.64757612470274
1269579,6316,0.4561034613391033,0.46174320025491383,3.6433104351937553,1.8812055461546575,0.5800424301923617,0.29584395788575935,26.45593659347056,107.78513819126486,58.00411711781345
1269580,6316,0.3445995313407975,0.3997719032103034,3.681690876657508,1.8623947866399897,0.664691622418914,0.28983248280931895,22.90524282186283,106.70736106163885,66.46897128318811
1271727,6327,0.18387524087824414,0.5234237568907508,4.457069755010827,1.6949372014279116,1.63099558116062,0.21788473885667017,29.989972166721664,97.11274818153443,163.098679978888
1271728,6327,0.32986544003955454,0.5912328982515511,4.581271743459553,1.7562308284226984,1.0269384009461888,0.21964340849982986,33.875149779101505,100.62461431938483,102.69353188835916
1271790,6327,0.43246068762061735,0.5695755086779379,5.145201178084179,1.8518537734215759,0.7546182333057178,0.20621818586639146,32.63427276126284,106.10340549243212,75.46165058184688
1271791,6327,0.29587310867359856,0.5002174435480528,5.202979841168828,1.8409972901258524,0.968670235491872,0.20273262214447538,28.660348354126935,105.48137481923288,96.86669943041339
1271792,6327,0.18286321278820086,0.4324563752244556,5.31196173973991,1.8524500326315487,1.3549977270490272,0.19980860862534672,24.777925123887208,106.13756862865937,135.49903912902732
1271793,6327,0.12413454331087345,0.3700547889136536,5.483057231354473,1.8726830729941462,1.7080318918342374,0.1956879742908696,21.202577593356917,107.29683644815405,170.8018270017892
1278424,6360,0.47948865706446225,0.45242547310354414,3.674245704671559,1.8267217649897467,0.5406190371869137,0.28485696277924893,25.922070153042622,104.66344747860111,54.06179209733752
1278425,6360,0.38734823090976744,0.3892282463390841,3.6686048265679285,1.823890241711934,0.5757386616789333,0.2848527377588939,22.301135782507853,104.5012131451894,57.57371901869834
1282528,6380,0.47117636659795287,0.5717711166431736,3.618381600005056,0.5636118303482078,0.6952825620773808,0.08924591887518064,32.76007183113615,32.29257916259568,69.52811012055622
1282529,6380,0.3472357774017272,0.5643453626363262,3.7174090686056167,0.5904879417458071,0.9312003151746738,0.09101087935173378,32.33460746684143,33.83246691540156,93.11976602476268
1282530,6380,0.25542384283793307,0.5566145669755515,3.854890763473595,0.609546052650968,1.2485782024216945,0.09059768042218629,31.89166550320099,34.92441623575953,124.85733630630533
1282531,6380,0.16878302837133288,0.5443265628374968,4.000872095450582,0.6245555665476452,1.8477931804282686,0.0894414944827436,31.187614727451166,35.7843980345821,184.77823422271288
1282532,6380,0.15217829744382244,0.44973685182073836,4.126865671126734,0.6482240144505953,1.6932783610003828,0.08999687190426355,25.7680235008288,37.1405002070464,169.32673454049268
1282533,6380,0.10007864320951869,0.39825695457699545,4.279103075144543,0.6671434922166202,2.2800509326623177,0.08932831407201315,22.818442658995174,38.22450643363122,228.00283781212448
1284591,6391,0.25710260090156084,0.7100136857391968,4.2746413783674635,2.2875975621429014,1.582278275849939,0.306621476814132,40.68078758938394,131.06968553520431,158.2272183148446
1284592,6391,0.3709812054676338,0.7812884361125317,4.359448729811316,2.35207832906357,1.2066521997669717,0.30913119842156517,44.764529971624526,134.7641613395254,120.66489797050386
1284654,6391,0.37736913838552166,0.8342171407642648,4.748535458506766,1.8194308610228918,1.2665879436024685,0.21953233822058074,47.79712136326327,104.24570945246514,126.65846208115623
1284655,6391,0.2769643074393614,0.7602083176101908,4.837146724492078,1.7929345638533944,1.5726476447400506,0.21237227045318355,43.55672814980475,102.72758345192851,157.2642023381973
1284656,6391,0.21484551266052443,0.6861758904841614,5.015833065435819,1.7658076557233553,1.8299186337010476,0.20170792086426706,39.314982528373434,101.17332610483814,182.9910201544412
1284657,6391,0.16797360572507047,0.617204721511223,5.157373798263006,1.745343109888438,2.105284540401922,0.19389867346560527,35.363225638140406,100.00079399884535,210.52721323853294
1284658,6391,0.15384496535879721,0.5369573424927051,5.328333644363514,1.7219637435608472,1.9997656362608938,0.18516343266114316,30.76538950339266,98.66125498058413,199.97527677532582
1288472,6410,0.41393232885611186,0.4676943632234845,4.983889363437919,2.1073193234032805,0.6473742348524055,0.24226160388083534,26.796913114764205,120.74050331737219,64.73726865342397
1288473,6410,0.3211319662407464,0.39599362167728225,5.155665388307813,2.04994742669567,0.7065245729126388,0.22781411650941502,22.6887632362085,117.4533357733656,70.65223948138426
1290018,6418,0.3249055597324413,0.3825085207811402,3.834233555784519,1.951791242772603,0.6745382631205534,0.291660376924854,21.916123868551477,111.829400701464,67.45362077823016
1290019,6418,0.47711124010306327,0.44901759912211076,3.9703848085103783,2.0092810536776384,0.5392204302714863,0.2899550786478174,25.726813356794043,115.1233242313277,53.92193113980198
1290079,6418,0.48144996528444456,0.5623477500825499,4.452780100300786,1.978304330769272,0.6692315786156552,0.25455667232100393,32.2201526984077,113.3484887455321,66.92302024853521
1290080,6418,0.3580057752262928,0.4960304630650904,4.549927963540863,1.9195758386333397,0.7938545469477594,0.24172601115569758,28.420452043549545,109.98359400897593,79.38523516932115
1290081,6418,0.23165679600184652,0.4303762101834614,4.651140968702974,1.8614914150223534,1.0644513697625195,0.22931061898355654,24.65874044634758,106.65560168061639,106.44468207817633
1290082,6418,0.1218600402926864,0.3655789356116634,4.744955904864712,1.8135831475154807,1.7188676714907194,0.21899183472530015,20.946130089433183,103.91066014868883,171.88537073969394
1290621,6421,0.4211649977739711,0.565078657220357,4.055790135361693,1.941170706029387,0.7687396045262606,0.27422742494975777,32.376622151646195,111.2208887699141,76.87377975137939
1291487,6425,0.40567943852993166,0.8150484329068252,3.492599589617817,1.8703708240556418,1.1511264737106153,0.30683263651098386,46.69883530431272,107.16435434279414,115.11236645655327
1291488,6425,0.30660839396425027,0.751040650617144,3.4769115777244872,1.8720812152877166,1.403466407533276,0.3084989360109313,43.031459523121775,107.26235254170821,140.3461875931274
1291489,6425,0.206936774257873,0.6843711126726402,3.4902946273877835,1.8753359575731743,1.8948577227309742,0.3078503298463217,39.21157637681441,107.4488355380677,189.48486576429195
1291490,6425,0.14280903284830787,0.6221751045675715,3.5000905480738145,1.869484120265728,2.4962010037206066,0.30603079600574973,35.64800760983252,107.11354995795382,249.61836993411842
1291491,6425,0.13817171748138687,0.5881819242657051,3.5846144722525093,1.8545806490473047,2.439018637213471,0.29643255776356675,33.700341846308326,106.25964395704348,243.9001161777691
1291492,6425,0.13158899554391662,0.5492160857869145,3.699248665622616,1.8312164005853018,2.391367244262902,0.28362778588010595,31.46776375628516,104.92097112867569,239.1349253126402
1291493,6425,0.11846316566671737,0.4728424091775851,3.8132355979437698,1.7933179721502124,2.286944805269569,0.26945502899196055,27.09187442067357,102.74955112916648,228.6925693368983
1291494,6425,0.11054606554776458,0.4328718350236018,3.9159411724433615,1.7511150972235128,2.243564875011718,0.2562130017743168,24.801729216935637,100.33150451254811,224.3544782852643
1291495,6425,0.09939412913334032,0.39764667914463225,4.062597817972332,1.6985764131029302,2.2922354025135734,0.23955425511523343,22.783476452380242,97.32125965126772,229.22125712836296
1291496,6425,0.09103856341615083,0.38287789806593825,4.214093436142856,1.6395909697772288,2.4096695285129095,0.22292254288281474,21.937287628018407,93.94164269599693,240.96433248192218
1291497,6425,0.09057319935514993,0.38224714744095,4.389836510475513,1.5792803214868836,2.4180603111240044,0.20612634813895225,21.90114827928134,90.48609708926224,241.80338810840473
1291498,6425,0.09054049549875105,0.3822032903931913,4.531254009634178,1.5185085595474583,2.418656195358324,0.19200894772079788,21.898635455542863,87.0041316165594,241.86297492562332
1291499,6425,0.0905382343276948,0.3822003250008023,4.645339743585083,1.455608808247547,2.4186978346757977,0.17953528860894855,21.898465551074374,83.40024133465198,241.86713874579246
1291500,6425,0.08476382018123388,0.3631972722914902,4.688354569017623,1.4043884829184532,2.4550177579839074,0.17162851382471217,20.809670832966145,80.46553286800787,245.4989084914405
1292430,6430,0.33327030056245754,0.38981801645396114,4.147819385262405,1.7225151644777883,0.6701745223953128,0.23793911852716154,22.334927120973255,98.6928490718601,67.01725316064989
1292431,6430,0.4678049658115193,0.45821745533434555,4.25944183625507,1.7896797011980525,0.5612151996532019,0.24073833441120338,26.25392628988231,102.54109355888266,56.12140119747876
1292492,6430,0.46414112592062395,0.5313964544896814,3.9724609719258104,1.6115434001518736,0.6559809448926197,0.23243685904273328,30.44677409047447,92.33463533086474,65.59795457066825
1292493,6430,0.3522730350097482,0.466584242518271,4.022356156860021,1.5773369615654276,0.7588803135041348,0.22468112474047106,26.733307883605388,90.37475076768794,75.88781808135708
1292494,6430,0.24175616757475696,0.39587328087977247,4.057596220481492,1.5435857771082357,0.9382125596105672,0.21796390109084,22.681868216407953,88.4409503447233,93.82087176130648
1292893,6432,0.4621576657673945,0.6076368834999698,3.546591615564534,1.857021033834613,0.7533149556203256,0.3000048467345261,34.81502890103076,106.39946770574417,75.33133419281863
1292894,6432,0.3838749219248043,0.5395122478202117,3.5550676110977486,1.811523680532059,0.8052564057964968,0.29195692584447297,30.911774795714276,103.79266138249223,80.5254329073795
1292895,6432,0.2922512515658932,0.47183481727316134,3.5966485973593962,1.7730263415775034,0.9250308625608178,0.28244885010464,27.034143657078538,101.58692633791162,92.50277290330212
1292896,6432,0.20262761934505036,0.40521721075044886,3.599294857093729,1.7367291205033495,1.1458080044221306,0.2764631752514819,23.21723596206393,99.50724876230929,114.58024062498288
1294038,6438,0.4707606456503248,0.5933431664855395,4.403008495466133,1.8493268276641643,0.7221516674027539,0.2406505052941215,33.99605924254957,105.95862216547395,72.21501487358078
1294440,6440,0.28744944798179906,0.6805535939361013,3.313748428838676,1.8376922983614095,1.356511469486493,0.3177429267283339,38.99284866499862,105.29201273980482,135.65067975635088
1294441,6440,0.3910358635794858,0.7514422181796389,3.3831996328313805,1.9036974330774767,1.1010362618531064,0.3223984390526378,43.05446764964209,109.0738283852279,110.10334743258916
1294503,6440,0.4232209680313528,0.406304190291849,3.6518658967186806,1.324516254965567,0.550055798521373,0.20780935895367952,23.279515302203222,75.88919130600065,55.00545118319248
1294906,6442,0.37157838241750274,0.3745940800197038,3.90841043058383,1.7903241757027182,0.5776078548614737,0.2624545727410372,21.462659815714865,102.5780192280038,57.760631593923165
1297455,6455,0.30995678763036577,0.37637987140364354,3.8827173485212962,1.8303282907703422,0.6957414158995933,0.27009456651378133,21.564978125105437,104.87008618453436,69.5739193713124
1297456,6455,0.4756030008566419,0.4453581514575448,4.029287718338722,1.8957698737897002,0.5365218862745359,0.2695752202858506,25.51714245026541,108.61961269619856,53.652076947008
1297519,6455,0.45302944836428394,0.38534222145755587,4.860327247655498,1.8763072986140537,0.4873520374906837,0.22118775872724966,22.07848295771346,107.50448928017794,48.735097248827856
1298323,6459,0.4885556592454059,0.40661010618150567,3.7406154978310293,1.807894690559067,0.4768554426468896,0.27691895987782883,23.297042991566542,103.5847355731445,47.685447635796635
1299063,6463,0.4151472985551741,0.6278461384960121,3.2913679321938862,1.8891277111436646,0.8665101080530494,0.3288573222767483,35.97293391940766,108.23904480974127,86.65080416950518
1299126,6463,0.3944348078199621,0.3832351548608119,4.205208194364397,1.873775715957922,0.5566891142097287,0.25530112912618574,21.957756934567037,107.35944027849307,55.668771696786536
1299327,6464,0.40743135290879035,0.37913402781671374,5.463429766688908,2.1204338997640173,0.5331641508549312,0.22237297477734616,21.72277966369325,121.49191319294444,53.316285534536846
1302279,6479,0.4211314776086217,0.7508102389122987,3.8776774598574812,1.8753071568618398,1.0214923170233883,0.2770915998405879,43.018257904883725,107.44718537886126,102.14899156949521
1302345,6479,0.43339436239072404,0.6871566509051475,3.5963227004966045,1.801307751430849,0.9084376371577473,0.28698017410939314,39.37117596120942,103.20733176118803,90.84355620241884
1302346,6479,0.35722401653017166,0.6187165015691863,3.6396827484085517,1.814682507856539,0.9923700989362094,0.28566678954694924,35.44984425501375,103.97364885639554,99.23673487189724
1302347,6479,0.3054521130672321,0.5507635306233996,3.661561357282311,1.8077817560571128,1.0331054666625865,0.2828800462784517,31.556425814445063,103.5782649028211,103.31021182782742
1302348,6479,0.21118010488065797,0.48461953947224556,3.659188808580399,1.7884107632988662,1.314832805021664,0.28003033965475504,27.766654281333278,102.4683887727951,131.482664119144
1302349,6479,0.11362798706708986,0.386143939765151,3.73735117868014,1.7599368726679736,1.947092143147962,0.2698086155744406,22.124418033097033,100.83695501332785,194.7075178980002
1304088,6488,0.3714486912164636,0.6388955692191766,3.700453455755304,1.7741773744360554,0.9854932739294954,0.27470383455298775,36.606019665867166,101.65287566278752,98.54906473602338
1304089,6488,0.4779595737618981,0.7150341171296166,3.7863395494939147,1.8397749329758604,0.8571527491286579,0.2783990639433566,40.968437119389996,105.4113389134807,85.71509737076958
1304152,6488,0.4529106472815284,0.5184794469304005,4.659593837093777,1.6385120262487782,0.6559060511336893,0.20147640946010195,29.706684073389095,93.87982378548375,65.5904617416993
1304153,6488,0.3229084075025437,0.4410001219561143,4.6602525545115645,1.623372840934365,0.7824957289210617,0.19958663414511732,25.26744575283994,93.01241236170144,78.24933298866773
1304154,6488,0.24720236140367943,0.3715735356249789,4.711445442141377,1.619379333276585,0.8612213244224707,0.19693234734424617,21.289595370065232,92.78360122745747,86.12178754033864
1306160,6498,0.4513408189118263,0.49407629615554893,4.813491047817026,1.9381285033876416,0.6272086351110732,0.23069863860613354,28.308486527168697,111.04658339811854,62.720725935433464
1306161,6498,0.3445983562419249,0.4273253437913101,4.942863972895426,1.8979218090748917,0.7105065222807841,0.21999980149590526,24.483938678219005,108.74290950582532,71.0504481065546
1306162,6498,0.27492825408608007,0.3621565458192592,5.087792530809086,1.8672782277336704,0.7547438480891485,0.21028208357095055,20.750041598479772,106.9871616258075,75.4741130312126
1306965,6502,0.49239949035674063,0.3765519016586718,5.5636184253547425,1.6653120363340435,0.43815712073298757,0.17149873299712315,21.574834732667117,95.4153512542775,43.81562397924564
1307706,6506,0.1841715522979428,0.3556158936402087,3.7876452918775247,2.1312736503465226,1.106321170278997,0.32239815352236234,20.37528983335713,122.11298515229647,110.63152233670121
1307707,6506,0.2880377496931814,0.41826505160691424,3.866391488238248,2.192627318530449,0.8320027971480249,0.32492387657619526,23.96482217489776,125.62829139688152,83.19999375231654
1307708,6506,0.4065977641956666,0.4851784134499293,3.85519635295016,2.2338138685147078,0.6836898076120977,0.3319885547561116,27.798675401534243,127.98810688368417,68.36881429417417
1307768,6506,0.46619419121371064,0.42569226781197866,3.89832449149391,1.8738659429776519,0.5231804740059003,0.2754121927632693,24.39037031697912,107.36460990592164,52.31793629934338
1307769,6506,0.3557442140823624,0.3648769805985309,3.921219858227729,1.8213531779470524,0.5876669138817129,0.26613108574876154,20.905911029772643,104.3558500991061,58.76652784690026
1308713,6511,0.3490556146774966,0.36476982694391735,4.485362149872881,2.2950517782950404,0.5987518922496619,0.29316870293485253,20.899771577603882,131.49678066030012,59.875019405988866
1308775,6511,0.37842459449117255,0.4363748636758417,6.260239331177142,1.70963346488709,0.6606980010678881,0.15647130519124652,25.002437974222385,97.95478205235767,66.0696272614447
1308776,6511,0.240904113073676,0.373881996956208,6.401535224068759,1.6833787930664634,0.8892276391202458,0.1506677642750888,21.42186046151381,96.45050016453472,88.9223984837647
1309467,6514,0.36373730933693854,0.7065347780256132,5.573807026922424,0.3059195036447533,1.1129311925945424,0.03144690211460817,40.48146086008009,17.527896429581368,111.29281634885825
1309468,6514,0.24879114505930033,0.6912629893798311,5.723614511496265,0.3139518561432917,1.5919557837826115,0.03142789623541337,39.60645182506097,17.98811632730898,159.19494490318678
1309469,6514,0.19720417701933832,0.6627161937631667,5.909746004768547,0.3184497029131186,1.9254581503322759,0.030874125416760743,37.97084091760354,18.24582396411661,192.54484842393384
1309470,6514,0.1680640331693014,0.6272788496184091,6.128291787700528,0.32736382074715253,2.1384961341642392,0.030606514691625716,35.94043066095629,18.756565294089057,213.84835371883372
1309471,6514,0.15440378691568032,0.5804000997808118,6.36348407967649,0.33321751663777777,2.1537343517901046,0.03000236520453933,33.25447614641237,19.091957363174956,215.37205426521183
1309472,6514,0.1000662470011957,0.3944339396327687,6.536936036467354,0.329174558331768,2.258443626746776,0.028851915915080115,22.599400037675537,18.860312915493235,225.84212831802498
1311187,6523,0.45765384756819566,0.5701942104802125,5.146287940931561,1.8921800415515628,0.7138522099847513,0.21066433027745488,32.66972176331031,108.41393045979329,71.38506657780383
1311188,6523,0.32477240503351096,0.5050228925990623,5.1347534784945355,1.8744411515533614,0.8909525244140349,0.2091581751106372,28.935680303414927,107.39756692964953,89.09498085420286
1311189,6523,0.23390828634327845,0.4362405402734406,5.17811569771596,1.8503340692937482,1.0685701277347277,0.2047392117982668,24.99474181017496,106.016332859799,106.85656051078453
1311190,6523,0.1845491462015496,0.3688090097471835,5.282188319274095,1.8144902673535523,1.1450174110704183,0.19681735638004033,21.131199704912856,103.96263428692293,114.50112687440084
1316613,6550,0.43654475691436595,0.40746415613349996,3.879536109330774,1.7504474902484235,0.5347899738742897,0.25851867430944997,23.345976449309163,100.293253450502,53.478876107570954
1318359,6559,0.3982397376309975,0.7140884425956902,3.6669563908694456,1.8598843332333637,1.0273774580058617,0.2906048259845916,40.914253959803006,106.56352267677494,102.73749040137977
1318423,6559,0.38976721512869855,0.3527305054812265,5.035578772189252,1.8205332887412347,0.5185138197014187,0.20714376324898928,20.209969269590427,104.30887390794442,51.85125026913046
1319224,6563,0.45787550053307524,0.5342403009240172,3.8800758094997536,1.724250421702736,0.668516087552014,0.2546142822537838,30.60971448874524,98.79227198721917,66.85146421165616
1319225,6563,0.3792143898423182,0.5216313200506523,3.9790942394412157,1.7687494397726655,0.7881365558155949,0.25468579420890564,29.887273100740252,101.34187791510253,78.81344982641053
1319226,6563,0.28413315519126675,0.45811359602909923,4.067518205853065,1.7624550235765537,0.9237913346848995,0.24826252538708818,26.247975590028535,100.98123443256652,92.3788115946833
1319227,6563,0.20980155669061923,0.3901604351343842,4.146509262419238,1.7343667185005596,1.0655090244942134,0.23965192543765534,22.354546266187935,99.37189309803618,106.55039966530332
1320230,6568,0.44669901831730174,0.47097633516548504,4.429892708712695,1.4110017404978534,0.6040970439799813,0.1824975225125393,26.98495625552119,80.84444461614041,60.409570514844106
1320231,6568,0.35720082158704775,0.4069175604200336,4.508652627553084,1.3525151528163528,0.6527044945063616,0.17187709103694773,23.3146588218276,77.49340998386859,65.27026855081692
1320972,6572,0.3194813023955203,0.7839752025581123,4.698785040121669,1.890479918222407,1.4059811515324014,0.2305202715446118,44.91847034949365,108.31652056838094,140.5976794729757
1320973,6572,0.4881219404683684,0.8428005475771922,4.8423235280785875,1.9547397482190765,0.989279713832847,0.23129048841676264,48.288914347487854,111.99833761941827,98.92777073979194
1321036,6572,0.4768948616852746,0.4284994522746779,4.5880450087956275,1.5023829132758961,0.5148138844992443,0.18761847320729708,24.551210139006486,86.08020014327802,51.481281578427605
1321037,6572,0.36942141746966284,0.3596068088323646,4.642085029921724,1.4868090344305998,0.5577357158567723,0.18351211122196703,20.603952430262307,85.18788261479446,55.77342212036798
1321324,6573,0.36216476088543736,0.48376452507586626,4.016260769263519,1.8193470144679873,0.765333013954736,0.25954715375294324,27.717665564997816,104.2409053987424,76.5330921874905
1321325,6573,0.2211601822465993,0.41950608699048814,4.02203102421064,1.809593719934886,1.0868107872596828,0.2577853872925081,24.03592826460294,103.68208278564767,108.68059222889477
1321437,6574,0.48405496939025194,0.4620660177238146,4.7843790164317355,1.7404451088850803,0.546930282699305,0.20842863548725774,26.47443267199167,99.72015921330211,54.69291641076252
1321438,6574,0.3525893200067962,0.39871646585188536,4.893942168340168,1.7273802890046084,0.647914408392469,0.20223287600757828,22.84477071568504,98.97160017405247,64.79125891840907
1321977,6577,0.16194245016792108,0.661386310529535,3.1259847608787785,1.9039853555510615,2.3400067024903524,0.3489790677934869,37.89464422107123,109.09032512779127,233.99923974558914
1321978,6577,0.23380426003452942,0.7302622896690361,3.1625633297958995,1.9636424520738234,1.7895715561318217,0.3557507404225175,41.84094713559575,112.5084249765501,178.95639785613244
1321979,6577,0.36142281929238507,0.7962355632112577,3.1928460490064325,2.0163237409298804,1.2622594250492285,0.36183028668554734,45.62093727022714,115.52684048731176,126.22559675105603
1322039,6577,0.47277909821277836,0.47933570172556184,3.9534570295299423,1.958733158909769,0.5809036863459713,0.2838709060847691,27.463912678816385,112.22714319785736,58.090246993552675
1322040,6577,0.36247787569579737,0.40943860786567093,4.050668979680162,1.9302426566794262,0.647187183719739,0.27302837616603953,23.459104200414856,110.59475766385066,64.71854161262189
1325796,6596,0.24904878802091288,0.3971106164658108,4.213461381722711,1.7611381435954607,0.9135865141344196,0.23948429423312792,22.752762323329293,100.90578276752463,91.35828825286424
1325797,6596,0.4032927250854331,0.4662291162681715,4.3137977943681545,1.8229344413566433,0.6623714816638473,0.24212180207661005,26.712960648280376,104.44644981877413,66.23698556832628
1325859,6596,0.4712713999663261,0.5183034649964284,4.1045101883661586,1.828519240301047,0.6301379719474997,0.2552471066326523,29.696601051301943,104.76643522771758,63.01366482192435
1325860,6596,0.3749465355221099,0.4498581132927584,4.1266284364454435,1.821704763605168,0.68743055721454,0.25293286233065126,25.774971271393092,104.37599447345346,68.74287421439311
1325861,6596,0.29279154769962923,0.38236195991261157,4.130184018467377,1.8143360811156026,0.7482362784454955,0.2516929012114854,21.907726549343014,103.95380006622942,74.82337484838504
1327267,6603,0.45260756383526984,0.3943545006761067,4.216482745575163,1.8695499120952026,0.4992149894723914,0.2540442491089887,22.594848520729883,107.11731955210917,49.921389752920014
1331085,6622,0.43574077521659044,0.4702865258557833,3.3965204894590966,1.729088948599177,0.6183821668199566,0.29167937945089045,26.945433093406447,99.06949915744578,61.83807618632139
1331086,6622,0.3122663556729861,0.40856013664746865,3.350510618072257,1.7128893505272424,0.7496411423221435,0.2929145478179906,23.40877150718815,98.14133055811567,74.96387656896925
1336248,6648,0.46038786694154205,0.475915208899335,3.5946663776528873,1.9064637592030294,0.5922817311603792,0.30387333737610445,27.26793287601881,109.23232719697884,59.22804575437564
1336650,6650,0.24454642514566477,0.5849009719611507,4.280330412143638,1.6861027781571365,1.3703882907355367,0.22569886781148357,33.51235712647363,96.60657301368686,137.0382743000135
1336651,6650,0.365071988961603,0.6596584161266128,4.365418589248363,1.7503496750608525,1.0352928537889519,0.22973203319001162,37.795643164339516,100.28764905308189,103.52900462957759
1336713,6650,0.47011872540158695,0.4271164918817182,4.829441396318815,1.4505970756132505,0.5205487572060191,0.1720966944498262,24.47197234525614,83.11309020665881,52.05476610102166
1336714,6650,0.3385334762578867,0.35755345709111364,4.928505895489009,1.420166099607591,0.6051485266076991,0.16509977927478434,20.48630404163279,81.36952371507064,60.51467569296209
1337254,6653,0.33915292004030445,0.398209793977249,3.296211413812927,1.8068126643641964,0.672727213442001,0.3140658371940984,22.815740555670395,103.52274003885582,67.272524973201
1337316,6653,0.41600026552898434,0.4012270994060272,3.8496732030908025,1.0558798164966001,0.5526106777936398,0.15714959117200283,22.988619422241296,60.49745715830302,55.26093626904987
1337517,6654,0.47555113822314543,0.4614843394289212,5.627263095619457,1.7144428904683586,0.5560096965269614,0.17456148752304212,26.441104960659914,98.23034184004662,55.6008539031168
1337518,6654,0.3607087994470345,0.3934312258442656,5.801489335418515,1.6837313731377481,0.6249348000147675,0.16628609615691786,22.541948769534738,96.47070151455976,62.49330848258457
1344690,6690,0.2378929049574729,0.4703856384774017,3.5398806578306057,2.012183441709038,1.1329093946803586,0.3256878681356531,26.95111182832166,115.28961881603618,113.29046800564133
1344691,6690,0.3768561294239968,0.5457133270475059,3.651569369187607,2.0751024666078117,0.829681865118462,0.3255986701812738,31.267070463864478,118.89461339381445,82.96796855523019
1348710,6710,0.3636395420092927,0.3923860559859217,3.9091016382680825,0.6552636240926577,0.6182513652201074,0.09604211787531768,22.482064947777346,37.54384012895618,61.82496820501061
1349314,6713,0.3316547998469627,0.40038617101094603,4.284329579004858,2.2737372018585247,0.6916962182733298,0.30407451780253564,22.940437774330437,130.2755453883788,69.16941535446067
1349315,6713,0.46988603213116686,0.4645022687893692,4.2595612877652895,2.3161524554564656,0.5663930653307849,0.3115479532508191,26.614019575882196,132.70576040651787,56.639187200324805
1349377,6713,0.41129667850227425,0.46185491614783647,4.841440398271462,1.7140306629857518,0.6433880500959404,0.2028460843539674,26.462337442639562,98.20672294509394,64.3386501450755
1349378,6713,0.29508493828674937,0.3958372189518148,4.854478513061863,1.6738529990741333,0.7685855260260761,0.19755924743853479,22.679802020134872,95.90471237226313,76.85829474563376
1349715,6715,0.2208054028312556,0.4438211897390221,3.9724386357659585,1.8003912606595702,1.151651162191135,0.25967630945786685,25.429081030520887,103.15482070803105,115.16459986875593
1349716,6715,0.40190841693366763,0.5208874429039821,4.117605280125679,1.86560281532146,0.7425734341391524,0.25959546880799117,29.84465207975982,106.89116756564403,74.25716050013696
1349980,6716,0.4410921662546062,0.42198920583124877,6.298116144971471,1.7240014988431485,0.5481439435065351,0.15683738966924138,24.178200494207942,98.77800975794048,54.814271323922284
1349981,6716,0.3599884632928018,0.3575374076055969,6.555902801613678,1.7302768259016261,0.5690566780227777,0.15121877544895096,20.485384473849322,99.1375595134555,56.90551130711091
1351185,6722,0.47072871046027,0.4128541115138431,4.876454685402914,1.8634843112987158,0.5025144444391969,0.21894961174746955,23.654798144366655,106.76978622625928,50.251338759215926
1352730,6730,0.15234214679205296,0.405416807784978,3.2205626584743396,1.8798161370763116,1.5247698023241796,0.33443078741914767,23.228672029745777,107.70553091505849,152.47598936270305
1352731,6730,0.24495313058220497,0.4773025345243027,3.2791860202098184,1.945619610211196,1.1164347888800454,0.3399495825366672,27.34742077913981,111.47579220298987,111.64302767273483
1352732,6730,0.36946480028910733,0.5507700270976204,3.2553232501595266,1.9823380539006394,0.8541218853916382,0.3489042254166727,31.55679803499963,113.57960405668373,85.41195967341608
1352733,6730,0.48985866939057965,0.6200228513980682,3.1852509970502356,2.005728354594248,0.7252028815937622,0.3607871697194538,35.524692586776325,114.91976956796944,72.52014159682012
1352794,6730,0.45993370294302627,0.7929795123038106,4.867582607605029,1.8645609560990288,0.9878462486392862,0.2194754189542974,45.43437929535068,106.83147342935193,98.78441223205286
1352795,6730,0.36063180136391304,0.723666696203288,4.989631023093369,1.8529444256284346,1.1497334999319853,0.2127730378391991,41.46304746662432,106.16589526080176,114.97303437128042
1352796,6730,0.30023782265046006,0.6577186310469079,5.168531249442321,1.8602287543055653,1.2551549994028453,0.20621575298760542,37.68450166610997,106.58325655058746,125.51508606860783
1352797,6730,0.24938355410933088,0.5883854159575977,5.33878642456042,1.8618785375542735,1.3518132673186214,0.19981653785076597,33.71200106141975,106.67778216784981,135.18079009271887
1352798,6730,0.2184966455906783,0.5253026547181582,5.443098206420781,1.8501499350421367,1.3774867629439569,0.19475265470044023,30.097625082368406,106.00578274431784,137.74805216323324
1352799,6730,0.16588105723262883,0.45238930015304407,5.49319806174976,1.8104373635184419,1.562565157559341,0.18883429770329987,25.919997595646432,103.73042000239872,156.25558320208725
1352800,6730,0.12305279279589211,0.3850686799934739,5.588460824176197,1.7659967196997601,1.7929547060293585,0.1810590816955413,22.062810186299735,101.1841586727441,179.29402812390398
1352801,6730,0.1066296364436857,0.36247009882951936,5.660986740977697,1.720087140165258,1.9476766129567449,0.1740928531747154,20.7680068626213,98.55373352619695,194.7658529975051
1352802,6730,0.10534643497212104,0.3599312906840713,5.717847828187344,1.6728438717966023,1.9575927670223003,0.16762756958683633,20.62254387089369,95.84689363826908,195.7574370591102
1352803,6730,0.10524790565479925,0.3596611949466933,5.761420763868553,1.6220875344606287,1.9579550242748953,0.1613122411522306,20.60706852507746,92.93876972537551,195.79366072142903
1352804,6730,0.10524105883548848,0.35964277144307666,5.8215142461199045,1.5546964208623222,1.95798210376288,0.15301438667072317,20.60601293607638,89.07754333950585,195.79636852493675
1352805,6730,0.1052405876186007,0.3596415247359832,5.842707617051109,1.5085486368312595,1.957984083262147,0.14793392994793553,20.605941505021637,86.43347008064474,195.7965664647545
1352806,6730,0.10524055517780419,0.359641440360728,5.777799620878274,1.4571715212607907,1.9579842274565744,0.14450099264208974,20.605936670675618,83.48977819490102,195.79658088349385
1352993,6731,0.4959869932146923,0.48152679650206653,2.9339563815155203,1.8279544091994118,0.5562535506617081,0.35697215232076546,27.589453162023265,104.73407278945616,55.62524403706877
1352994,6731,0.38416974562075756,0.4164147183037555,2.8757795914314968,1.8223984298605234,0.6210485218281226,0.36308672114615537,23.85880588593426,104.41573862227597,62.10469213990332
1355544,6744,0.3452888043461757,0.49144158724754144,3.0287751840494512,2.048659094046853,0.8154775844625101,0.38754781134166605,28.157528826494342,117.37951974997948,81.54752463604333
1355545,6744,0.46228696284446563,0.555495316388818,3.1271380660028236,2.109211073455086,0.6884800792141692,0.38645205192124427,31.82753716836362,120.8488926112343,68.84786048186989
1355605,6744,0.47720134587444174,0.5683466838497353,3.585117999567436,1.9674646880571243,0.6823925767179494,0.31443155473785217,32.56386628484594,112.72742296669628,68.23911610320107
1355606,6744,0.3922852385217819,0.49927654062720794,3.6615489969230293,1.9440887056780745,0.7292254474422993,0.3042102608043724,28.606438587830993,111.38807783440456,72.92236071197948
1355607,6744,0.2896125592294715,0.4346025468967072,3.7121553556265523,1.927099014076867,0.8598001036028168,0.2974407839521832,24.900891702817756,110.4146402104265,85.97971645066474
1355608,6744,0.1905307982539536,0.36764528333608776,3.795717956030853,1.9101684512287433,1.1055704474298351,0.28833699287961906,21.064523093049164,109.44459041444803,110.55647029044962
1355809,6745,0.393522975516142,0.43178391405857075,4.983605616752584,1.7712529827931922,0.6286645722802581,0.20363834533620184,24.739395937195557,101.48532036400813,62.86629907300469
1355810,6745,0.27368029689535134,0.36461964106332284,5.0540032489094955,1.7568890391223118,0.7633419736149167,0.1991734509411911,20.89116656050336,100.66232701450303,76.33392123427275
1360971,6771,0.19660368344723772,0.38807584812625195,3.3391927430669757,1.9568874815022879,1.1309608603340588,0.33577394886559037,22.235108228594154,112.12139367206605,113.09551653972338
1360972,6771,0.3304004356712148,0.45542132027711746,3.4297010493966242,2.0139233207339853,0.7897604223609531,0.3364412948612176,26.09371955215457,115.389306541029,78.97580559583479
1361034,6771,0.45591923167902165,0.5099495735947318,4.9367959018569385,2.0818840361296442,0.6408581972516146,0.24162061959944897,29.2179583314741,119.28316870589,64.08568056713092
1361035,6771,0.3014062746631535,0.445614818703314,5.031066711400146,2.037040930158147,0.8470907774441792,0.23198628532794305,25.53184840018723,116.71384799346532,84.70879950963723
1361036,6771,0.18862697945592813,0.37544981470469,5.153653180115531,1.9850380986929905,1.1404354097786014,0.22068676535300996,21.511689801547533,113.73430522778173,114.04294242876952
1361437,6773,0.49406617607549147,0.49813313642134777,3.57602152299395,1.7977419755012116,0.5776741488679161,0.2880380526218289,28.540926352557697,103.00302784973046,57.76729913382621
1361438,6773,0.37974935553999234,0.4275111707772113,3.531498798286093,1.772387824016615,0.645019794711183,0.2875559287695531,24.494585780230782,101.55034197652773,64.50181131601654
1361439,6773,0.2845886436667449,0.35701971420846,3.54920480295263,1.7402760665824348,0.7187820935076832,0.28093750306804893,20.45572282711159,99.71047380280136,71.87795930854493
1363044,6781,0.4908651476467247,0.4120592412748031,4.966576569957047,0.9580686298250103,0.4809723213518584,0.11052540535543182,23.609255434409107,54.89328897285468,48.097135130615364
1363849,6785,0.40351264559762207,0.4103490367574299,4.495169061763134,1.8229423391151047,0.5826649451338293,0.23235366825932205,23.51126793345942,104.44690232700158,58.26635155953193
1365256,6792,0.41045836184929463,0.38992456132270237,4.713244039588959,1.850148696513363,0.5442947013511937,0.22491029674368557,22.341031692280904,106.0057117818463,54.42933885494784
1367204,6802,0.3887140860759612,0.34984624980870915,4.142342533218206,1.879615950948759,0.5156672679192331,0.25998347546401757,20.04471359251852,107.69406109483266,51.566595459074776
1367264,6802,0.48174248470038294,0.3886066068642508,4.876287682224931,1.7597539353388485,0.4621871375094093,0.20676891898158067,22.265518464221177,100.82647347645359,46.21861876983986
1367604,6804,0.35392050355303184,0.4474787536433543,3.4113469940292314,1.8688092587900509,0.7244181397724151,0.3138786031358657,25.638644005538513,107.07488324364157,72.44161134079496
1367605,6804,0.4900663099715577,0.5165485145528015,3.510597319734005,1.9255042637862494,0.6039192776876647,0.3142578239178344,29.596049797627508,110.32326774939685,60.39180576918136
1367668,6804,0.39963716972398594,0.4216052393669757,4.278093666014164,1.72391654502383,0.6044532906826712,0.23088120490775574,24.156200836330534,98.77314226264002,60.44517933062864
1367669,6804,0.31841368550553933,0.3541137239996946,4.293093667708669,1.718906161525675,0.6371968963404724,0.22940582206679971,20.28922185284299,98.48606843445376,63.719491519777996
1371287,6822,0.4384801742460908,0.43154599156630036,4.1542674870887355,1.8397984966139056,0.5638969529501073,0.2537455498095939,24.725763982537227,105.41268901049067,56.38956797871617
1371288,6822,0.3102450996683844,0.359273302406228,4.140756653464304,1.8227576071569667,0.6635026073934563,0.252215540427541,20.58484391960419,104.43631796545908,66.35004901465933
1376449,6848,0.3901929828823554,0.37811770328650945,3.693439914111093,1.7957216235859188,0.5552264892678088,0.2785676018180127,21.66454855749693,102.88727021185301,55.5225080547407
1379263,6862,0.49195808845740746,0.3532565010177432,4.595982447224628,1.8508681877199025,0.41141931919284985,0.23073833849099645,20.240106593875556,106.04693559137779,41.14184912680578
1379325,6862,0.4857611069624944,0.6751211491277384,3.8112509785104183,1.8976328729917937,0.7963089501053718,0.2852773407353294,38.681592505041664,108.72635468771476,79.63073272001486
1379326,6862,0.3590454200093416,0.6104736775688286,3.8047438892207857,1.9059255632142946,0.9741821592775621,0.2870140375562151,34.977565228524114,109.20149083827347,97.41794731615505
1379327,6862,0.22282533300924806,0.544980009157216,3.7898871103497167,1.9129127521489173,1.4013241950855417,0.2891954926213586,31.225054443709432,109.60182727488785,140.1317969111554
1379328,6862,0.12925442786789923,0.48004059020744455,3.80109143163901,1.9130468797384594,2.1279191854105335,0.2883632606649996,27.50429981385565,109.60951221968489,212.7902887139518
1379329,6862,0.09357237525614744,0.42218708509950875,3.860673669148508,1.8964796801140307,2.5851150502271922,0.28145419849838227,24.189538141132378,108.6602816028544,258.5087699884291
1379330,6862,0.0905723139902169,0.3894520364557113,3.9470443761835674,1.8664483978709367,2.4636618592339046,0.27093593436976726,22.313958011687333,106.93961587695894,246.36349304937139
1383345,6882,0.45987035622475747,0.47321434544374946,5.042544959135278,1.9711315612801554,0.5895832127987417,0.2239692853859717,27.113184798972643,112.9375193263855,58.95819435581752
1383346,6882,0.3528572296451066,0.4050574305921375,5.114643171174103,1.9195961414769536,0.6577187209389487,0.21503896436227896,23.208081233342757,109.98475727622711,65.77168756042532
1385756,6894,0.4308276194788774,0.3679793566649276,3.8985190461434804,1.8132647363878278,0.4893758580512131,0.26649200642281196,21.083664084839572,103.89241653492432,48.9374733515661
1387855,6904,0.4787897983321763,0.44625996046056715,4.53052470596128,0.26137553360438215,0.5340300034608565,0.03305514456361021,25.568812300065492,14.97571494351092,53.40288992422599
1387856,6904,0.3658094538229059,0.44430369914250273,4.589080888013919,0.2760897017657342,0.6959012628289928,0.03447046375898118,25.4567267829157,15.818774678202162,69.58993794977677
1387857,6904,0.25772285518769167,0.4417202837345118,4.642267997799755,0.28261072984625635,0.9820125181705237,0.03488036890178797,25.30870798330875,16.192402065302378,98.20087459454332
1387858,6904,0.14160352092209028,0.3812955604397791,4.648800358034193,0.28465728259532863,1.5428023735011713,0.03508359062377177,21.846626360274737,16.309660900375114,154.27915873035286
1392190,6926,0.4155319979777018,0.35789926199432665,6.165802049466214,1.6848366066303617,0.49349067723856843,0.15656361621414128,20.506117203121825,96.53402672906302,49.34895015057798
1392390,6927,0.4026665794425891,0.42169665876879847,5.853121902327115,1.7574942986480169,0.6000358464224023,0.1720398230878475,24.16143878222059,100.69700583083603,60.00343711720512
1392391,6927,0.2751703673881207,0.3588746513531717,5.99916665067805,1.719014236431308,0.7472462367474768,0.16417657024931825,20.562002896765616,98.49226067041778,74.7243548336319
1394136,6936,0.4441594802404081,0.7713277939309778,3.590946331340113,1.9935248919317812,0.9949990529181516,0.3180792799575456,44.1938272133815,114.22056266196459,99.49968351407801
1394201,6936,0.4083293141250407,0.4350736255968861,5.914041704669467,1.75462402275914,0.610484749719395,0.16998958747111906,24.927882524156516,100.53255113636523,61.048326959440466
1394202,6936,0.2873109324015657,0.3692846897390129,5.907459140105382,1.7101780563231697,0.736430502228174,0.16586823937911793,21.158454160843498,97.98598484320401,73.64279646858202
1394538,6938,0.3134131949972905,0.378511818237938,4.891238696737147,1.801253789960998,0.6919660478582668,0.2109981666904882,21.68712968085679,103.20423999670923,69.19638621040849
1394539,6938,0.4987522193968048,0.4429827231578195,5.063842197784891,1.8592156785530394,0.5088907665606079,0.21036439765416523,25.381040434155214,106.52521158564068,50.88897564380878
1394601,6938,0.37853103000992216,0.41410025517953414,3.946376814004464,1.8567945356225577,0.6267966007875021,0.2695801619019588,23.726196917077715,106.38649031412615,62.67949614846543
1394602,6938,0.26997124301385966,0.35085779061388966,3.959064690478889,1.8509415420806818,0.7446226361896615,0.26786917241799907,20.102670611460628,106.05113848665933,74.46199056259503
1395543,6943,0.4028541674139803,0.4065780451566673,3.448235254478838,1.822233030084579,0.5782540516197219,0.30278172428864647,23.295206030156436,104.40626191318195,57.82526305841801
1395606,6943,0.4342325875451428,0.4008364761438034,4.792821425349266,1.7718090212744593,0.5288925448658578,0.21181089341967893,22.96623835793624,101.5171790222316,52.8891339054897
1397299,6951,0.4754207819456706,0.471248793589481,4.546164313303036,2.2214399258396513,0.5679298724569555,0.27997037313422796,27.000566973308946,127.2791321924666,56.79286898216723
1397300,6951,0.3732764519647206,0.40257903457629673,4.723007276447171,2.1892941245197304,0.6179355505103636,0.2655878042104989,23.066079601673042,125.43731344776907,61.79339116323875
1398760,6959,0.33248606038750966,0.4103917701997368,3.2431347742519594,1.959449031735009,0.7072090674939446,0.3461717355521713,23.51371637934767,112.26815968941173,70.72069617368784
1398822,6959,0.4557108564969627,0.5530867512461578,5.2509629802513835,1.8961654036547753,0.6953868972799242,0.20689971551853886,31.689536551006867,108.64227488813874,69.53853866037844
1398823,6959,0.350636213439828,0.48376846773333004,5.427382444082305,1.8647533066258846,0.7905027949112388,0.19685823729330948,27.717891462630558,106.84249430272787,79.05005629810927
1398824,6959,0.29301898180470914,0.41559389810670255,5.681876792862477,1.8297224544387722,0.8126359389282884,0.18450835517384787,23.81177635290403,104.8353743196597,81.26331933490466
1398825,6959,0.20572081239902704,0.3500266398679295,5.821043373548239,1.7925158060201407,0.9748672471607233,0.17643501968343286,20.055049181577957,102.70359039544502,97.48625557837447
1401573,6973,0.35647658777793473,0.47826899440131027,4.207034353583082,1.8455077525946226,0.7687123088015867,0.251340483922951,27.402794851161076,105.73980528234559,76.87101739543711
1401636,6973,0.46107836382048883,0.4673639318910737,3.7181654096436794,1.7706718952240874,0.5807685268800664,0.2728550643895056,26.777980793998186,101.45202649877092,58.076727989118176
1401637,6973,0.3242053931551268,0.39736645254136754,3.653758485465832,1.7618969873207866,0.7022529676907346,0.27628881721539555,22.767420650705887,100.9492613102958,70.22508232837993
1405191,6991,0.25455341460974024,0.764784209610896,3.998190377543766,2.143801942878624,1.7214031795538507,0.3072159940696335,43.81890744895283,122.83080343889114,172.13964847607144
1405192,6991,0.40654635978586884,0.8332370222475752,4.116881219771686,2.209345362910463,1.174305522245344,0.30748073047662083,47.74096470883434,126.58616478156873,117.4302662646237
1405254,6991,0.4296846044218716,0.38705118542402644,5.290255627854538,1.7551937930733845,0.51610876061201,0.19009515504518693,22.17639938033216,100.56519657066328,51.61075714921799
1406599,6998,0.360190089623733,0.3547124200242336,3.4356876599262804,1.8295474632513113,0.5642443984299123,0.3051073267827499,20.323524608260335,104.82534806316622,56.42428475810141
1406664,6998,0.4174509676505847,0.6476357439570868,4.8389265115783004,1.62763890116178,0.8888898763489171,0.1927221651166209,37.10679479055628,93.25683960788093,88.88877683196209
1406665,6998,0.3000316591571947,0.5764454064496674,4.856484737942797,1.5928859195442624,1.1008134241977323,0.18792531053322364,33.027888909269265,91.26564043570144,110.08097919088576
1406666,6998,0.23983715809441736,0.506622029545863,4.920010702101237,1.5535474137623706,1.2102921466243624,0.18091771601861606,29.027304101330046,89.01171008204805,121.02871508003673
1406667,6998,0.2141455923225215,0.4354287543438313,5.038739145622345,1.514978914217898,1.1650124789845595,0.17226908390195572,24.948229902540245,86.80189783599754,116.50070931302172
1406668,6998,0.12214418923861346,0.36787966128056765,5.122005522468921,1.4714383779450873,1.7256613160075012,0.16459804335508255,21.077951960078813,84.30720886982921,172.56473293354637
1406669,6998,0.10957797999940765,0.3580172046714969,5.260241971682406,1.4268652954469392,1.8719886010739057,0.1554174877267706,20.512874820748152,81.7533593627969,187.1971688444174
1406670,6998,0.10854877932964993,0.3575998813499035,5.392006497715433,1.3766176462743616,1.8875350045135826,0.14628020389421392,20.48896395572847,78.87438113475417,188.75177897420184
1406671,6998,0.10847906796912092,0.3575732485413329,5.508433499242842,1.3254596067576365,1.8886073141249082,0.13786721988175737,20.487438008200794,75.94324138228234,188.85900785047983
1406672,6998,0.10847424477228276,0.35757145168641635,5.591312943882754,1.2869615970280606,1.8886817981839303,0.1318786276377516,20.48733505599768,73.73746790512406,188.86645611176843
1406673,6998,0.10847391062804884,0.3575713301006432,5.60959062848474,1.235190735218556,1.8886869738852676,0.12616110618867035,20.487328089646027,70.77121602168444,188.86697367186886
1407201,7001,0.3134529007062551,0.7185728821522696,4.421868591673475,1.9361306992652527,1.313472997494642,0.2508715831393748,41.17119341987652,110.93211765361181,131.34688490751628
1407202,7001,0.473878239859433,0.7826784647683132,4.558106712925545,1.9906668172404638,0.9463226632643558,0.2502284697963665,44.84417274700304,114.05680704461896,94.63206862639771
1407266,7001,0.36756497558176426,0.44612406815472877,4.173235347723072,1.532623625846223,0.6954151577853881,0.21041915400366226,25.56102624447265,87.81286534302596,69.54132847583618
1407267,7001,0.25730704102627505,0.3778710214100185,4.187021782286076,1.47065996061602,0.8414232972139105,0.20124712271002346,21.65041472709163,84.26260884217382,84.14200598138632
1412025,7025,0.38218412274501434,0.5127196118290003,3.0685086943930613,1.8506917251878194,0.7686522624681305,0.3455646871108385,29.376669831387556,106.03682503304725,76.8650271376132
1413432,7032,0.30270109747565604,0.5811976650644382,3.530271780716353,1.8496294777098048,1.10010080731959,0.30019207873582515,33.30017327105032,105.97596273575859,110.00972093934168
1413433,7032,0.4384437735340581,0.6471686432427679,3.6494292696523667,1.9066799083780799,0.8457191841593965,0.29934738629285285,37.080031891018265,109.24471163245447,84.5717274541486
1413495,7032,0.49395070531172314,0.48381348468397867,5.003649791288974,1.7697186067476047,0.5611991213822901,0.20264689000874792,27.720470743909274,101.39740709241,56.11979966020248
1413496,7032,0.3445603279710035,0.41469253777527915,5.02429931701354,1.7563735580279434,0.6895782709643294,0.20029219115651975,23.760132210092955,100.63279212337694,68.95762896552479
1414499,7037,0.48635247341705246,0.4496973487372801,5.153132550582347,2.046257261488999,0.5297754410513512,0.22751579452492876,25.765760140868892,117.24190488131734,52.97743626634804
1414500,7037,0.3431181950442679,0.38247754137124274,5.26431209052555,1.989846267541683,0.6386821963085648,0.21657111286888975,21.914348879112545,114.00979300999809,63.86803535221993
1415242,7041,0.38173788184780477,0.3579779054164303,3.791559418824678,1.8093496691531157,0.5372959713276831,0.27341810580033765,20.51062313929483,103.66809970586536,53.729457790658586
1419060,7060,0.14638052813795072,0.42371480670536776,3.567677331057998,1.9684350156814139,1.658490291826913,0.3161244918265706,24.277070141419046,112.78301864431303,165.84790752109248
1419061,7060,0.2951168073919236,0.49274004482513484,3.663509833378466,2.032177214873925,0.9566355863777978,0.3178241157052558,28.231924965567227,116.43517763492613,95.66323772551803
1419062,7060,0.47815901560560914,0.5553261752619515,3.7456900981906385,2.076949974240883,0.6654239362177343,0.3176997144627402,31.817846095652083,119.00046778380764,66.5422558499658
1419124,7060,0.43909350034913497,0.5731765045345809,3.6289838242990005,1.7945011512960263,0.7479180140872532,0.28332267928245103,32.84059462589258,102.8173423006295,74.79163278014232
1419125,7060,0.31123010834678877,0.5112068438521842,3.6054557242478746,1.773730565138433,0.9411041182812845,0.28187081707990175,29.289994610933448,101.62727537578655,94.11011247081741
1419126,7060,0.20857595799490836,0.4457191170888023,3.5862984714299504,1.7666297025314632,1.2243895834686551,0.28224205665431873,25.537824257485738,101.22042591750493,122.4383771965317
1419127,7060,0.15192241195632988,0.38235531624658536,3.646557007877587,1.740008245082906,1.442008731378472,0.2733952280807644,21.907345895319217,99.69512876121549,144.1999334613183
1421134,7070,0.41968793804162785,0.4301344584179234,5.020773641648155,1.7051088774030836,0.5872193663290028,0.19458264614939602,24.644889090492416,97.6955422854864,58.72179811431665
1421135,7070,0.3415525580656192,0.3634996385655954,5.1546728451991735,1.6833775794745818,0.6097742219387495,0.1871126128471155,20.82699514433947,96.45043063084185,60.97724544956488
1423142,7080,0.4116828481999279,0.42853966698052637,3.93491753617878,1.7805822677082177,0.5964181841159366,0.2592680731381175,24.553514271925962,102.01984901551417,59.64167498745768
1423143,7080,0.2943917795566502,0.36175601396871276,4.000486103748809,1.752812237117305,0.7040649076897694,0.2510413500013254,20.727092813882894,100.42874346570568,70.4062540022126
1423281,7081,0.24597773555726127,0.40765032655210887,3.2992645839163264,2.0666658633719863,0.9495429424174648,0.35890189545063905,23.356643228565638,118.41123163497525,94.95391207557637
1423282,7081,0.34453099621599403,0.4716184357802843,3.3426356442438374,2.1259773893617315,0.7843051981751512,0.364411633065715,27.021745910771944,121.80953175066814,78.43029445030548
1423283,7081,0.4767931739580401,0.5343075271671629,3.3236629839703244,2.1239425738714877,0.6420722296114899,0.3661410486916408,30.61356626875001,121.69294541098932,64.20708964334814
1423345,7081,0.43862273057062195,0.4068011151104706,4.95893397532785,2.1004827093355605,0.5313903006196908,0.2426908576343459,23.307986997045546,120.34879418513206,53.13891012399926
1423346,7081,0.2982728626650992,0.3490721063079962,4.929149854063227,2.0571273360509132,0.6705389685117823,0.2391177333357614,20.000358437190183,117.86471427670753,67.053674292764
1425291,7091,0.16513393128799772,0.5957632570861535,4.600526377277789,1.7786888774296123,2.0670929279446084,0.22152109816259896,34.134720220004034,101.91136574357898,206.7080535521136
1425292,7091,0.26372294815351155,0.6639929921212008,4.658857486306207,1.842015242237435,1.442574296192406,0.2265355814438423,38.04399607480813,105.539699178973,144.25688808762652
1425293,7091,0.4010545162918546,0.7336800306851694,4.6000240515128334,1.8785718300381493,1.0481559617331941,0.23398624862400205,42.03676927128894,107.63423737335336,104.81533743746864
1425355,7091,0.41048285001223717,0.5014983692950785,5.146874420780867,1.8062349305120495,0.6999985332504396,0.20107278644399498,28.733739993301153,103.48963832744596,69.99968450024174
1425356,7091,0.307809898183354,0.4300671521253845,5.232119723171479,1.7466168856984559,0.800527600603333,0.19126813047174848,24.641032723995263,100.07377597680524,80.05250258981187
1425357,7091,0.24200361007131227,0.3624769505167554,5.308200917240158,1.6808968487715914,0.8581854862031629,0.1814330251464777,20.768399435382467,96.30829523145198,85.8181975511234
1427100,7100,0.34291233404806737,0.676344089575361,3.295296772202947,1.915783219805078,1.130074857435121,0.33309986994080254,38.751661831286285,109.76629295681467,113.00715948786737
1427161,7100,0.4671993291431394,0.4468426971370554,3.174591210563684,1.949155102030943,0.5479930836193202,0.35178816169892463,25.602200652195748,111.67836096276439,54.799192241904066
1427162,7100,0.3525178879147258,0.3819194380751229,3.145267301269002,1.9545346598425386,0.6207449904006261,0.3560479152909674,21.88237191571254,111.98658692101544,62.07432471251265
1429713,7113,0.19255840131777158,0.35830241696580056,3.97445056762745,1.8026719829059994,1.0661292924565333,0.25987364655732964,20.529216281476995,103.28549646699305,106.6123811197284
1429714,7113,0.3121188838693941,0.42924578372514444,4.046484252143459,1.865423793117392,0.7879680552606155,0.264132771623078,24.593971781236096,106.88091034891178,78.79655559377112
1429715,7113,0.4415305592807537,0.4971161856033834,4.044728276366912,1.9282623489152648,0.6450891816870974,0.27314886579455405,28.482659362715964,110.48129438682723,64.50877352711471
1429776,7113,0.3788563594091808,0.4598616613935844,4.4993462997907425,1.8533860705223226,0.6954649435831299,0.23601472822438474,26.348132357726534,106.19119964926504,69.5463126249305
1429777,7113,0.2476819305093076,0.39346344105920206,4.559806437519208,1.84127121625052,0.9101912928746428,0.23136304324380055,22.543794565386705,105.49706963007472,91.01876547984213
1429978,7114,0.4789819733580003,0.41437093398421837,5.098794988204728,2.018421405810278,0.49567011902501484,0.22681246818613093,23.741705670189766,115.64702783179133,49.56690945346986
1429979,7114,0.3309310600111682,0.3497558930372811,5.196769936791043,1.9632464038830326,0.6055501688067239,0.21645317040865528,20.039536530865263,112.485733086734,60.554835727275794
1432527,7127,0.1456381348021839,0.5827963908393266,2.9026925677753916,1.841305390027522,2.2927903644958736,0.3634522940907537,33.3917735105502,105.49902764326696,229.27747789702937
1432528,7127,0.2351871191968416,0.6549946523784945,2.972671247593538,1.9074439670504102,1.5956837992404136,0.3676440463791866,37.528429184926225,109.28848896967936,159.56770823749247
1432529,7127,0.30645385940710773,0.727154915395002,2.9857978577678956,1.9719001260501683,1.3595164513644662,0.37839652865869233,41.66290770432607,112.98155484398968,135.95120594573206
1432530,7127,0.4233112437948432,0.7944822746343301,2.983193937363651,2.021537575420958,1.075343044306639,0.3882602782198898,45.52048123450069,115.82557119873023,107.53405294027365
1432590,7127,0.3852627313614124,0.35145472810590905,5.543139813587594,1.6903169530922928,0.5226789525306367,0.17471691231652856,20.13687261038646,96.84802745160113,52.267760941909806
1434801,7138,0.42227651295564855,0.3860733894793528,4.563892931498504,1.7687798114255848,0.5238362683449642,0.2220552045845242,22.120375799477355,101.34361808263164,52.38350402475881
1439763,7163,0.17261664651760839,0.6719161676619525,3.290304900776034,1.9018096476280828,2.230257575966162,0.3311719405988163,38.49796059363449,108.96566624635142,223.02447849506154
1439764,7163,0.2858349615659979,0.738272131507621,3.3760011617472068,1.966773126028186,1.4798706063070777,0.3337907590916104,42.29987726751397,112.68779938116661,147.986548073823
1439765,7163,0.4098482947021161,0.7975373985976908,3.3907849420864298,2.006559288509154,1.1149375615132224,0.33905830124557357,45.69552694349054,114.96737857434783,111.49348683569814
1439825,7163,0.46521922079862166,0.574304857800013,4.754258273293313,1.943107901520872,0.7073061973236712,0.2341729777006298,32.90524450580164,111.33188189566796,70.73046921587965
1439826,7163,0.31337796184737315,0.5085201288231528,4.802847558679424,1.9016447918829478,0.9297417111757279,0.2268575447167168,29.13605717901558,108.95622070792669,92.97387740152733
1439827,7163,0.18899098156077002,0.4427337657825693,4.868052166368787,1.8608414143487289,1.3422214475824916,0.21901646802986113,25.36677622727472,106.61835938533703,134.2214416600425
1439828,7163,0.11068121906498782,0.3745241635064317,4.982783908141433,1.8061168267803316,1.9387798704319048,0.20768083300845336,21.458653894586103,103.48287148207378,193.87625289647028
1444185,7185,0.2217015373158694,0.45120088847355144,4.461529079343503,1.6934061195236096,1.1660679384097816,0.2174703374277583,25.85190662208745,97.02502365032908,116.60627314000966
1444186,7185,0.3027060989886641,0.5189301988658134,4.468636293827214,1.7566669839309994,0.9822236609704181,0.22523561405751322,29.732510256895605,100.64960418922188,98.222044861951
1444187,7185,0.39859974151252625,0.5899726817926703,4.387794618219065,1.7906995323450183,0.8480422922108228,0.23382937049873573,33.80294469473471,102.5995255794198,84.80401859380996
1445592,7192,0.31115742627068893,0.5522478304648681,3.222483375810137,1.9139185186414918,1.0168958296521926,0.3402948605816303,31.64146993089315,109.65945345008805,101.68925942364484
1445593,7192,0.4370800842302097,0.6216899171363135,3.3256979472512227,1.972798569621181,0.8149583769190711,0.3398776236497561,35.620208417748636,113.03303186873937,81.49565310171955
1445654,7192,0.4689421508054858,0.39952464845246144,3.867401778806122,1.9565670997996758,0.4881428474772826,0.2898665390214853,22.891076167773956,112.10303715267317,48.81418169442251
1447866,7203,0.4186009418718415,0.40418245162822597,3.7184610297235032,1.9288301117715565,0.5532225506892282,0.2972031268357046,23.157948631547896,110.51382480225703,55.32212423094277
1448154,7204,0.39522208410231685,0.40146261973508496,4.296793363092908,0.6262106787394481,0.5820047534369612,0.08350233735341699,23.00211374308584,35.87922897779305,58.20032955648655
1448155,7204,0.23923026141015943,0.3899323976904772,4.245274104980275,0.6165242367857156,0.933890203417306,0.08320837660564079,22.341480683081112,35.324236735345714,93.38863387413605
1450417,7216,0.2993277779651736,0.41151743936907975,4.180627399072314,1.3753839768532012,0.7877054326350184,0.18849729806726298,23.578212471879016,78.80369708360733,78.77028273780712
1450418,7216,0.47599818392407506,0.47672808948720524,4.240636921351446,1.417995658508434,0.5738363685327079,0.19158717880267864,27.31450750295189,81.2451666004072,57.38351750474583
1454499,7236,0.4462275925828802,0.4258693483328892,4.070464293946142,1.8525246971726097,0.5468177258023664,0.26076103035430487,24.400516283461272,106.14184659174144,54.681651263593665
1454500,7236,0.34930830161034976,0.36240573322794994,4.171795264695367,1.8345786853921666,0.5944410223043293,0.2519625459456555,20.76431898530555,105.11361585763,59.44393375607242
1455039,7239,0.2122993807914189,0.495513836487178,3.2041452579502545,1.8109905651576432,1.3373025431309162,0.323837115499832,28.390851521050877,103.76211612154468,133.7296307016253
1455040,7239,0.2963311153418794,0.5651334730484895,3.2661513570579768,1.8785971539755475,1.0926885533840542,0.32954898971825974,32.37976286724871,107.63568832808693,109.26849028797322
1455041,7239,0.4102431230221599,0.6354880129919045,3.300366355312202,1.9286082454530988,0.8875415124529135,0.334814685908788,36.410781075590954,110.5011127985933,88.75393706401537
1455102,7239,0.43780464032282485,0.5987468801043633,4.865668013126551,1.7863457925905637,0.7835839386655556,0.21035153689055783,34.30566922660554,102.35007466639122,78.35821667649041
1455103,7239,0.31093484301437035,0.529253323534032,4.945449986238387,1.7476797579647672,0.9752519358249764,0.2024783875036466,30.32398173177192,100.13467407182638,97.52488306846777
1455104,7239,0.21815593593054758,0.46079614053726303,5.072634455882539,1.7028417455151752,1.2102202374583726,0.1923372280279912,26.401674068702317,97.56564519670972,121.02147454577172
1455105,7239,0.15231843769311915,0.39463413226105404,5.209934590490936,1.6618715071536383,1.4844472598565843,0.1827627998324129,22.61087023036592,95.21822345294868,148.44376116934245
1455441,7241,0.10704679189863311,0.594839234073505,3.5002360483578836,2.0664559585716726,3.183820254011858,0.33826062871703594,34.08177760120631,118.39920497581774,318.37908093872136
1455442,7241,0.19701404907096337,0.6638074614893144,3.5542173619163675,2.131315669832399,1.9304899422904247,0.3435788527071775,38.03336595263064,122.1153926914945,193.04802415845552
1455443,7241,0.3005723884932521,0.7289836609192896,3.505146764076372,2.1875689278135577,1.3896048776950114,0.3575840757501602,41.76768710467118,125.33846695767551,138.96003007468133
1455444,7241,0.4638165512914656,0.7915598239821322,3.4684542900926707,2.237798429963928,0.9778227198272537,0.3696643932558354,45.3530371462945,128.21640543793504,97.78206327037933
1456106,7244,0.4800405706060922,0.372999361257578,3.9247342087305603,1.7782765714726056,0.4451975525517375,0.25960418380975,21.37128916113473,101.88774235237439,44.519663441130135
1458319,7255,0.44213939404118907,0.40566212096984505,4.857505337921252,1.9072344883222172,0.5256877633492335,0.22496421289463026,23.24272743989757,109.27648672265614,52.568658627766816
1459409,7260,0.4970236069339969,0.45267837882673906,6.348544836510617,1.2564450951398873,0.5218375887969261,0.11339449099268224,25.936560583596396,71.98900114142873,52.18365493731115
1459410,7260,0.378618788447973,0.38813148604469644,6.547217109366581,1.241177345904021,0.5873531937046106,0.10861748167354122,22.238296046501915,71.1142235475495,58.735165791678455
1459863,7263,0.17563441366126487,0.3714809015867322,3.6184795420985094,1.8778498685425884,1.2118517194376492,0.2973427664232318,21.28428783063444,107.59287202668676,121.18448886216014
1459864,7263,0.29143664596716573,0.43871385437648475,3.695107400784678,1.9343018961233818,0.8625013962732793,0.2999299414911663,25.136452269689578,110.82733495202235,86.24984663965317
1459865,7263,0.44606933764244516,0.502227201069668,3.742410280075153,1.9712541681068871,0.6450902562582193,0.3017962634391662,28.77549897796016,112.94454418009673,64.50888245572075
1459925,7263,0.4002314736922587,0.4165490339549458,5.695459948855851,1.7293247988648361,0.5963174457365071,0.17396841185443018,23.866501605870017,99.08301238226508,59.631597070809214
1459926,7263,0.2561691208023418,0.3517855000270549,5.903892992645986,1.6978836630096432,0.7868170681736684,0.16477528971318717,20.155824445449554,97.28156799466508,78.68140274252195
1460329,7265,0.40708039766974746,0.4056415614379787,4.009898051131165,1.802884885844768,0.5709326469071452,0.257606785339802,23.241549465492863,103.29769490683042,57.093125842974565
1460871,7268,0.4443184186920438,0.34995451237534986,3.303208397890906,1.9484466820820296,0.4512735751179822,0.3379676899068241,20.050916580666286,111.63777148956878,45.127256962324005
1461734,7272,0.47431476925589766,0.3993948967833602,4.7582087227721335,1.7893837609667012,0.4824568608351064,0.2154679275133597,22.88364194474968,102.52413743263811,48.245585384288056
1462276,7275,0.48891252439988653,0.36283112033870557,4.742559217884261,1.756989423100198,0.4252026775490242,0.21226530604168428,20.788691871411114,100.66807859276665,42.52018165569883
1462338,7275,0.4486210990269389,0.4642940926376136,5.627968824314108,2.099986452037694,0.5929745931637362,0.21379002670165895,26.602091960991327,120.32036073641173,59.297328461284565
1462339,7275,0.3258076005729315,0.3985545604628281,5.785694357535599,2.047229823288654,0.7008889135540912,0.202737339922288,22.835494220211636,117.2976285677532,70.08867838373703
1472526,7326,0.20304756239421243,0.6661093483652565,4.235935363641377,1.7186018582263336,1.8796213077318487,0.2324601875478144,38.16525435553868,98.46863313970958,187.96121432981155
1472527,7326,0.3533571392233188,0.7387908464812677,4.341697761010799,1.7809020034750986,1.1979267304854277,0.23501904993667974,42.329597446274164,102.03816852551581,119.79233742659677
1472590,7326,0.4318391648359142,0.45736609217063817,4.966516251254687,1.7096980313548045,0.6068265294302244,0.19723781476899588,26.205146773768973,97.95848143845579,60.68251382713813
1472591,7326,0.30722209270485223,0.39422983530352934,5.011302951878129,1.6956917748736826,0.7352239803764947,0.1938736947145135,22.587705721029774,97.15598205530975,73.52216111804356
1472928,7328,0.43077190070699145,0.6706932450466889,3.9775698997056343,1.895662650979463,0.8920705211730301,0.27306489074315865,38.42789228910878,108.61346928170444,89.20684710212808
1472990,7328,0.4399333245056395,0.39379045066425383,4.191285114867052,1.8185580088686084,0.5128624967910265,0.24860083626782822,22.56253083561641,104.1956987078858,51.2861342678143
1476145,7344,0.34293301960820755,0.4024302048926886,3.973950616620997,2.1206257657828025,0.6723631233561466,0.3057484043513779,23.05755228893603,121.50290630605281,67.23611823428494
1477350,7350,0.23953405113511875,0.47186089836874245,3.3633673659768037,1.8555536074006311,1.1286761417421085,0.3160980603061671,27.035637993780416,106.31539036433108,112.8671476915917
1477351,7350,0.32084509345799656,0.5371878403450925,3.40165567158987,1.9175781135416523,0.9592976712375064,0.32298722468361085,30.778596057521288,109.86913279259485,95.92947112367025
1477352,7350,0.4510789528080468,0.6050383403052212,3.424922900680302,1.9483869343168463,0.7685160737110487,0.3259470391192373,34.666143343089225,111.63434819478843,76.85143870235596
1477414,7350,0.37368772328441957,0.48162773267531733,6.104234885863155,1.5418428607221903,0.7384571105990139,0.14472098485532978,27.595236378750737,88.34108859175872,73.84551542313368
1477415,7350,0.2562417521359296,0.4160624755856098,6.256158844911763,1.5149861680144845,0.9303176682095453,0.13874697791565532,23.8386238648203,86.80231344792739,93.03140739049891
1478820,7357,0.4298940171262188,0.5183600460561854,4.605248912574085,1.995092308232889,0.6908642835948589,0.24821756852366794,29.699842907226394,114.31036900075809,69.0862692611913
1478821,7357,0.36567076669624,0.4504709009290614,4.758560913044124,2.000317984313611,0.7058283861204281,0.24084966030437685,25.81008141669105,114.60977818528592,70.58264751987603
1478822,7357,0.3017343287017129,0.38259964215903997,4.8933177228265405,1.9817757390639987,0.7265114349679453,0.23204580611649336,21.92134473892855,113.54738578978663,72.650905126855
1479159,7359,0.3095992870810738,0.35637604787443533,3.5356605788386712,1.9136033068522593,0.659524865051948,0.31010157901193014,20.418843462757316,109.64139314491227,65.95227561081141
1479160,7359,0.48031015215527795,0.42149291579418746,3.697944857367342,1.9670683189059264,0.5027952159351281,0.30477661709283604,24.149765169669937,112.70471268720347,50.27941795917879
1479223,7359,0.3910446926113272,0.8555490623514919,3.3426812010557705,1.5794325305617098,1.2535485102284436,0.2707252421425823,49.0193504391154,90.49481802685338,125.35453366529548
1479224,7359,0.3011326165290316,0.7880288550056334,3.3296889285714975,1.5420602075042082,1.4993635212090373,0.26535073778682916,45.150727526349485,88.3535416450591,149.935859193577
1479225,7359,0.20868373544112387,0.7205693165784791,3.292818350346602,1.5091631999658723,1.9783802806156214,0.2625977885564289,41.285580686572956,86.46868195450239,197.83708951832196
1479226,7359,0.16027734212153916,0.5695752078095058,3.279216053226758,1.4831392058278419,2.036111471196801,0.2591400361728584,32.63425552277149,84.97761692432005,203.60988946357404
1479227,7359,0.13864149700535766,0.4670111960111296,3.3172653923312403,1.4635133607923252,1.9299970906808255,0.2527779018690472,26.757770516794555,83.85313883440716,192.99833092129418
1479228,7359,0.11582030457426658,0.3788564156591693,3.389661584429285,1.4283766558177131,1.8741853480984547,0.24143989496728777,21.706873658724433,81.83995393336556,187.4169328217644
1479229,7359,0.11052825686229281,0.361590830177551,3.4945529209584993,1.3867475582862347,1.874419012252988,0.22736751713209916,20.717628479805356,79.45478233987339,187.44022232608714
1479230,7359,0.11026653267048635,0.36106142772511357,3.6133319591262416,1.332935860959053,1.8761172203827448,0.21136059417496106,20.687295953616815,76.37159919459044,187.6100376294524
1479231,7359,0.11024849099525133,0.3610260692465963,3.697807091531684,1.2742516627599767,1.8762404817566398,0.19743929390863224,20.685270062027772,73.00924231367416,187.6223633805142
1479232,7359,0.11024724576036621,0.361023677912941,3.810302639334098,1.2215314723413764,1.876249245937077,0.18368251645258094,20.685133048701914,69.98859790756232,187.62323977165843
1480429,7365,0.47190583780184026,0.37922926737505436,5.258628172461246,1.6645469626456868,0.46043583883607314,0.1813619682772105,21.72823648842886,95.37151576091814,46.04348729007573
1481169,7369,0.23427682014868667,0.3648959699820777,3.3496287117228847,1.842278130303077,0.8924057504123026,0.31512376542235543,20.90699904130543,105.55476155561865,89.24019793267925
1481170,7369,0.3292443018432594,0.4391544548238573,3.4363897407916433,1.9106413842603716,0.764225710534192,0.3185659818009106,25.1616968157756,109.47168748115264,76.42234126017713
1481171,7369,0.4279038654776651,0.5044007826688726,3.430503781631028,1.9205291017169355,0.6753861716667333,0.3207640004039001,28.900036030021877,110.03821196043158,67.53846090943863
1481230,7369,0.4341334665850257,0.42201737793110966,3.2747176450170516,1.9412133060609778,0.5569672909546827,0.3396425013971235,24.17981463662999,111.22332957193137,55.69660208467772
1481231,7369,0.3231390879445354,0.3527420909866378,3.2564010574032167,1.926906511151027,0.6254468493200732,0.33903566643058547,20.21063307015402,110.40361060523195,62.544493314685944
1483581,7381,0.2658547884790959,0.38384427393630305,3.8268254996499342,2.0887257490380433,0.8272431798346069,0.31272701009858417,21.99265688681359,119.67516998018145,82.72400993271157
1483582,7381,0.3960750556691029,0.44587684398275057,3.9055892621529344,2.1445687960515754,0.6450004950366546,0.31461255223459134,25.546861342824684,122.87474088920747,64.49988828450542
1483644,7381,0.42513989190208146,0.3962452777987723,3.513682636424395,1.7400680466521785,0.5340167311580066,0.28374376735530915,22.70318206985851,99.69855513874306,53.40154876253944
1488067,7403,0.39465736335861656,0.39209112396759155,6.431212998969435,1.7608200906262463,0.5692321518460558,0.15687174337721665,22.465166587883754,100.88755967472704,56.92307239279305
1493694,7431,0.40076931292436635,0.4230089166462636,4.883305665766482,1.8165979847152638,0.6047525155713105,0.21314127049771167,24.23662562023214,104.08339759615545,60.47510216857329
1493695,7431,0.27701219942502436,0.3544578410230203,4.952472141409109,1.80879366272667,0.7331423531147617,0.20926163684688392,20.308938305938156,103.63624288424788,73.31397329835512
1495641,7441,0.30128133003929936,0.6823837553242212,3.0239325580890486,1.9539413290614718,1.2977142621333855,0.3702218520109154,39.0977091883657,111.95259157140512,129.77099979034875
1495642,7441,0.44451542926181953,0.7519447870362242,3.155206838335676,2.0174125727873573,0.9692185899231076,0.3663443682569215,43.083262724039145,115.58922595734457,96.92164313383155
1495704,7441,0.4564851488765376,0.3662997192394589,4.875763819828471,1.7687275320943074,0.4597614520678059,0.207845634519092,20.987427949247998,101.34062269759367,45.976045496452315
1495903,7442,0.46685735636829995,0.48741541036925484,3.848312719903286,1.7734122120040872,0.5981879669381527,0.2640352856337312,27.926845883795366,101.60903508479379,59.8186698446159
1495904,7442,0.4079964104331268,0.42243305604724746,3.92260638178093,1.7600211839951219,0.5932314605266927,0.2570785228613129,24.203631238320636,100.8417856965386,59.323002105886545
1495905,7442,0.33360982115871046,0.3542147750606033,3.9806782828498823,1.7464082004596104,0.6083457307495622,0.2513687664062286,20.29501165214838,100.06181919337271,60.83439254655749
1497312,7449,0.4881990551610853,0.47165453409884506,3.667159227322393,1.7766403696596558,0.553540883638445,0.2775826963226894,27.023814192072994,101.79399489406072,55.35397611365751
1497313,7449,0.33492314391633105,0.4002323324231821,3.589661957897192,1.7584662877629498,0.6846831341572159,0.2806746083778881,22.931623472525313,100.75269670485434,68.46811103069945
1505893,7492,0.2928938447575934,0.41798773149319857,3.713824793108159,1.8786602620006687,0.8176659398548504,0.2898340925007952,23.948932902807762,107.63930415157978,81.76631761009129
1505894,7492,0.43711268930759317,0.485369865149463,3.759195453161375,1.9309092724750938,0.6362122358821856,0.29429954632489386,27.809644775898132,110.63295193549918,63.62107949524483
1505955,7492,0.4644505368159503,0.42807667153035023,6.3656410047098175,1.9282080791734364,0.5280860740684309,0.17355390400490786,24.526986586697113,110.4781849596652,52.80849484284623
1505956,7492,0.2932507501850644,0.3618362093662226,6.559279013026056,1.8730922884649868,0.7069610888174083,0.1636159742416836,20.731687671696584,107.32028276754467,70.6958702159946
1510778,7516,0.4534692307162639,0.40006283650157426,3.7810201811837363,1.1168672576787002,0.5054788729521517,0.16924474587718505,22.9219120715725,63.99178014133971,50.54777694087428
1511520,7520,0.3645933289306327,0.48503319144867657,4.694150444856927,1.7219478128162176,0.7622288129366345,0.210177204938267,27.790354793770017,98.66034221615236,76.22267432211592
1511584,7520,0.456345253357381,0.38340493183722935,4.390022129706295,1.777247788475409,0.4813786008680601,0.23195508858051647,21.96748443877425,101.8287974286002,48.137755656275175
1511923,7522,0.3703512299519691,0.4127370160393428,4.617742942683451,1.75195559195136,0.6385313863386722,0.21737819177402323,23.64808906787771,100.37966131315675,63.85296794606752
1511987,7522,0.4176912486472738,0.41062876362951056,4.621100449006535,1.676042866621767,0.5632699898686184,0.20780803921557725,23.527295102646036,96.0301825404352,56.3268654825194
1516205,7543,0.4039557115457709,0.36332975479653146,4.44970291786739,1.7609663925604155,0.5153352313393486,0.22674759145425905,20.81726152136433,100.89594215808954,51.533396837758936
1518418,7554,0.49055396042159205,0.47280224000460114,4.511069144763884,1.7543756475179295,0.5522241084566848,0.22282593512705656,27.089572896595058,100.51832028330833,55.222299400078995
1518419,7554,0.36392861264689014,0.40936986647986995,4.571729436664657,1.712895848727785,0.6444990624408368,0.21467084617000087,23.455165609130578,98.14170287758118,64.44973092060089
1519825,7561,0.48430253402001733,0.42677562149624276,4.248953095034892,1.8100160931611353,0.5049001334545277,0.24407490604215423,24.4524419108074,103.70628298889108,50.48991013515241
1519826,7561,0.3420825354638514,0.3601531121994444,4.255182137479879,1.77393137466871,0.6032243849083009,0.2388588252903645,20.635253307529766,101.63878091435744,60.32226391588593
1521570,7570,0.3784113586012573,0.5932970186577905,3.8624790206515596,2.127915443186739,0.8983190777919167,0.31565368533468396,33.99341516678585,121.92057405531025,89.83167276152727
1521571,7570,0.4661206664649344,0.6621633971993587,3.927564759154772,2.1914170298076256,0.8139344578167864,0.3196865089206212,37.93916800756801,125.55894696107147,81.39327290940705
1521632,7570,0.4972161130063644,0.40439219940411775,3.9784410816620643,1.6752323960484934,0.46599386507770535,0.2412596888724276,23.16996629386875,95.98374599716708,46.59929372457495
1521834,7571,0.4875593449070951,0.5252652808167052,5.0091735717340145,1.750825068878715,0.6172681010558383,0.20026234961841,30.09548371555121,100.31488711245203,61.72668476819197
1521835,7571,0.36194651289042745,0.4604716577367372,5.09588205579763,1.7421192529259293,0.7289221170856389,0.19587596281138836,26.383082573707604,99.81608060113975,72.89201233355227
1521836,7571,0.2576854610764529,0.3929424310981635,5.202379902091524,1.7400652662743248,0.8736985752237169,0.19163997539492392,22.51394289353492,99.6983958348266,87.36952185801981
1525992,7592,0.47071493527344865,0.46476325097836996,3.307813052252776,1.8974669537863846,0.5657133477750674,0.3286668447444348,26.628972753840028,108.71684821750466,56.57121579784782
1526057,7592,0.3703709822178513,0.6225325601752334,5.480116907818323,1.5717418159861039,0.9630475673574003,0.16432892562460633,35.66848830751483,90.05417254023142,96.30449931424556
1526058,7592,0.25701927951410064,0.5517816813524843,5.666988961464557,1.5457304889542027,1.230054040453463,0.1562802287559081,31.61476155412979,88.56383328176894,123.00493024868625
1526059,7592,0.17661199248274495,0.48244983898627997,5.763655740913249,1.5217114082871115,1.565145019143341,0.15127142407480787,27.642339600679964,87.18764133176033,156.51362457595306
1526060,7592,0.13507367250773852,0.4196487129939459,5.841040098140106,1.49585297498153,1.7800728969740183,0.1467308230242924,24.044100132649888,85.70606223852998,178.00598503225973
1527461,7599,0.43410064794948106,0.5511604040586665,3.6737122290213584,1.796971379875627,0.7274618088913789,0.28025841240113153,31.57916498728672,102.95887597267323,72.74601498624529
1527462,7599,0.3474925181562977,0.4863029451919088,3.762238468831669,1.7967551358270533,0.801833250116552,0.27363094253747117,27.863106324278164,102.94648610134513,80.18309657144664
1527463,7599,0.2681302089007526,0.42106804165979206,3.7961973935994715,1.7919839816602745,0.8997651131547668,0.2704630665592628,24.125421674944807,102.67311910418245,89.97617910220481
1527464,7599,0.1714535540286875,0.3547292103573863,3.7817438842041318,1.790171185186844,1.1854222301314143,0.27122210384033524,20.324486623486603,102.56925351713868,118.54153853554652
1530414,7614,0.2707336129911355,0.6882855070138357,3.4716021654483282,1.8667010696978577,1.4566293693490016,0.3080828029854289,39.43585465191481,106.95409290624337,145.66240428668806
1530415,7614,0.4148183323755673,0.7457519967107671,3.566308093324316,1.928025552600214,1.0300518952533595,0.30975373904009756,42.728441974981,110.46772695737056,103.0049436950921
1530477,7614,0.45917193149544244,0.38328741411157075,4.7620978957062645,1.8547223124387426,0.4782685783794568,0.22315324627019373,21.960751169076037,106.26776067148438,47.8267547208279
1537313,7648,0.4333122032340079,0.5510766010736882,4.4324973342688265,1.7799637904911694,0.7286746707249008,0.23008341564629947,31.574363429936863,101.9844128812523,72.86730059061999
1537314,7648,0.31123019056605966,0.4826422659629931,4.498110918039895,1.7804488568759784,0.8885180424012408,0.22678899380175702,27.653364854310087,102.01220513788553,88.8515216100765
1537315,7648,0.21387655184324553,0.41467697676524407,4.570224344401583,1.770602650289764,1.1108856634466853,0.22197610267989773,23.759240629892986,101.44805905628152,111.08805213604901
1541733,7670,0.2344354826556874,1.1071051390678404,4.631054593574373,1.0992447050759484,2.705752922787754,0.135999437804822,63.432451945831325,62.98208225295475,270.5741496684772
1541734,7670,0.12131620069525105,0.523044426778404,4.664103750819808,1.164917629935037,2.4702583422690996,0.14310329936555397,29.968238152241966,66.74486367566031,247.02381839094866
1545087,7687,0.38622950316721055,0.6390203966759022,3.3857810017076218,1.8731553793772275,0.9479641121172928,0.3169841677280032,36.61317175230489,107.3238976105417,94.7961682261382
1545150,7687,0.4207902384767549,0.4544003357102349,3.743379307707379,1.9516105479512658,0.6187220720957947,0.298711506797833,26.035221445524208,111.8190476508215,61.87206164218277
1545151,7687,0.30902622466789187,0.383585766643693,3.7522407583216446,1.9436461080344807,0.7111967543335957,0.2967899069739495,21.97784550997368,111.36271885740419,71.11944759427921
1546295,7693,0.4827890449337132,0.3878886846153617,4.354862956934259,1.979244113074825,0.460333230884712,0.2604039097586909,22.22438454934129,113.40233430530135,46.03322869342239
1546558,7694,0.4687167573087024,0.36908254117250955,5.229323416176687,1.9260975194218193,0.4511652532204093,0.21103544340184904,21.146871901148234,110.35725879348736,45.116430029384794
1547761,7700,0.46063599841543396,0.44181932200083884,2.8501658906932774,1.9223466818429458,0.549552835547092,0.3864418966060456,25.314382457979583,110.14235163057883,54.9551654449375
1547762,7700,0.34220943635447043,0.37687131918697425,2.8487060431013087,1.8570801105201031,0.6309918162391857,0.3735129232960083,21.593136008941347,106.40285255049038,63.098999080713654
1548705,7705,0.2694562361068994,0.6385957172103239,4.135992584803365,1.714613297175429,1.3578768330634936,0.23752485811651475,36.58883941128139,98.24010542516248,135.78718441528818
1548706,7705,0.42835352680968153,0.7130809841846508,4.281969453947613,1.776760751558165,0.9538039804482379,0.23774315329872356,40.856530844815495,101.80089226877506,95.38017760453856
1548767,7705,0.38722936210213477,0.42441743024618406,4.295327552068978,1.5372745297730694,0.6279825151920675,0.20505849958164526,24.317327504894358,88.0793425089551,62.79809096808501
1548768,7705,0.2546630659609396,0.3607037692912818,4.293191338461228,1.5057621392719365,0.8115351452843083,0.20095497388392533,20.666803634850996,86.27381553087203,81.15319904623243
1549572,7709,0.4399300705059175,0.38473262156147264,5.863469814004721,1.7801015904453594,0.5010695206639723,0.17394531105028227,22.04355545647628,101.99230823704448,50.1068393080906
1550313,7713,0.46211553958555196,0.4316314495553916,4.676460774564964,2.3212014910878693,0.5351618309926492,0.2843925245300236,24.730660364637835,132.9950488388085,53.51606845064984
1550375,7713,0.48429980011349305,0.5826254784200892,5.073666983819242,1.2910379764446622,0.6892833788730712,0.14579401314966292,33.38198095026153,73.97102724138934,68.92819698509409
1550376,7713,0.3676883147619873,0.5231200156406871,5.175860989297542,1.2456128927033547,0.8151623822820832,0.1378869364317745,29.972569075028986,71.36836165898409,81.51601874650841
1550377,7713,0.2664508407510263,0.4594416917192604,5.308076786201011,1.1939936291162718,0.9879521793106112,0.1288805688772862,26.324069867864285,68.4107957138709,98.79485085810161
1550378,7713,0.20285886172770204,0.3912598289817505,5.488018150226168,1.1423744932117383,1.105080428710842,0.11926570789942778,22.41753689366467,65.45323708442892,110.5075035679342
1551984,7721,0.48707437304747436,0.4313324476467009,3.9833368829650455,1.8519688077331362,0.507387160510856,0.26638469033433787,24.7135288172035,106.10999647298372,50.73861292263429
1551985,7721,0.3786717494237062,0.36236934251298447,3.98204772947456,1.8140964180986323,0.548291057736184,0.26102165314714876,20.762233950924568,103.94006838685164,54.828962428699086
1554132,7732,0.2520641241080909,0.6943573160687448,3.5265510975804886,1.8209279092363664,1.578318304805325,0.29584566000634266,39.78374368477042,104.33148399682483,157.83121058711123
1554133,7732,0.43473285369591474,0.7602486798983837,3.6928615710474464,1.8780062112485778,1.0019725761758425,0.2913779123380448,43.5590407385697,107.60182980389762,100.19702944284192
1554197,7732,0.34955266434972454,0.5983852954539072,4.8828738566403755,1.5898572633515315,0.9808236202448815,0.18655429918147168,34.28495195219769,91.0921112182618,98.08208423727459
1554198,7732,0.2431116009664058,0.5279216017255958,4.926535711672516,1.533555881374836,1.2441890197026726,0.17835307529326794,30.247679692662995,87.86627965024323,124.41839531321838
1554199,7732,0.17478926091784658,0.4609641461365901,4.9807980354272186,1.4671023422304108,1.5110366867364533,0.16876567079593424,26.411300080478323,84.05877232356026,151.1028128328725
1554200,7732,0.12185133948538363,0.3947634704831649,5.030798740598657,1.4064737208979565,1.8562191440756852,0.16018332713850722,22.618280764622597,80.58500820351381,185.6204063060742
1554201,7732,0.11900559341831363,0.3801492934615827,5.106350020506739,1.3457926015073163,1.8302457594090926,0.15100460349493247,21.78095010022887,77.10823616630066,183.02305338383928
1554202,7732,0.11866981940049225,0.3794762184609182,5.196159345185826,1.2933343637565389,1.8321746861215966,0.14261033097172438,21.74238574339503,74.10260054248727,183.21594013789073
1554203,7732,0.11560136480682856,0.37304050295115165,5.337652884158591,1.2371649727614376,1.8489093613509502,0.1328005640423379,21.37364640653852,70.88433150064782,184.8893527589497
1554204,7732,0.11386863650112045,0.36963800309339817,5.467709299380576,1.1709751514891558,1.8599235325667098,0.12270574439631565,21.178697524895384,67.09193409502085,185.99073621076317
1554205,7732,0.11374004807724947,0.3694946736036783,5.5657495615078245,1.1149301086874823,1.861304250053767,0.11477481848424034,21.170485350054673,63.8807896798549,186.1288049295653
1554206,7732,0.11373107806012545,0.3694849789360365,5.654838127097367,1.055499382984142,1.8614022117965892,0.10694498844611675,21.169929886515014,60.47565992365383,186.13860089080012
1554207,7732,0.11373045723766743,0.36948432302106765,5.66038861386111,0.9974108796215626,1.8614090682592508,0.10096026552283734,21.169892305355578,57.147433842746544,186.13928652225331
1554886,7735,0.47825380502586007,0.9337194926811272,4.736933246684778,0.8735049355506912,1.1186149383216568,0.10565516438356708,53.49818617972495,50.04814619090159,111.86126227593722
1554887,7735,0.39032216818451837,0.9217823547709257,4.896686952973931,0.9283198184169712,1.3530934574011761,0.10862202962090099,52.81423855800479,53.1888076336434,135.30900254693003
1554888,7735,0.28790199380079545,0.918017000117095,5.045176658177009,0.9875143323231854,1.8269584418858085,0.11214751667208182,52.59849962797034,56.58040345079794,182.6952159600121
1554889,7735,0.27803439463752727,0.9095088429205589,5.229553220686204,1.0559872024118637,1.8742651002890078,0.11569556183690992,52.111018129174965,60.503609918026775,187.42584265975103
1554890,7735,0.2702269844835822,0.8907804818244661,5.419594937718079,1.116904644660894,1.8887070175467868,0.1180787916347379,51.03796208117185,63.993922257628135,188.87000981303876
1554891,7735,0.22676047077614095,0.8649888776742686,5.594068898389887,1.1476365941162565,2.1855753633464694,0.11754365978404731,49.56021201649343,65.75473325762978,218.5565821515565
1554892,7735,0.20086868788272533,0.7697187833418068,5.721306540675316,1.1792706825472195,2.195545555991921,0.11809755763828503,44.10163769743014,67.56723301346759,219.55347350954318
1554893,7735,0.12845199771886232,0.4792696661672122,5.824627845818027,1.202091832525964,2.1377734461049474,0.11824753494266245,27.46012912002516,68.87478859088472,213.7756970072864
1556807,7745,0.489674043828196,0.42194480435096876,4.224252544409572,2.0471340051623765,0.4937091579139679,0.2776636507471099,24.175656476783765,117.29213859351665,49.370815975800205
1556808,7745,0.31707262029290495,0.35362174401014057,4.260685543159392,2.0005439665652696,0.6390029141625988,0.26902413845010353,20.261033475836655,114.62272601455082,63.90009190017133
1561632,7769,0.4299865083584613,0.36815128361630484,4.0965521671084755,1.824605218709737,0.4905622356269618,0.2551955248947979,21.09351477353804,104.54217830961244,49.0561106160166
1564182,7782,0.20374797656083657,0.4623963997464216,4.805369486178331,2.120119429438493,1.300300563196165,0.25278783549759687,26.493362167514046,121.4738953705098,130.0294245139607
1564183,7782,0.3632094231131582,0.5288337172744211,4.925798142845613,2.1826680305912274,0.834227784348293,0.2538830507270447,30.299940064038946,125.05766623100858,83.42255104997085
1564247,7782,0.4173859771392899,0.4344819879962341,5.3176551193228345,2.063211437020665,0.5964259690953712,0.22230344900057367,24.89398418663791,118.21330758440575,59.642455443285954
1564248,7782,0.29530045804690414,0.36763578341600855,5.351879630079461,2.0281130274937076,0.7133066509185895,0.21712430896365234,21.063978787722913,116.20231685088933,71.33042595535449
1576845,7845,0.18691701340126404,0.6724635883163602,4.219864668556574,1.9694578479707707,2.0613063906992313,0.2674057848135569,38.52932548675034,112.84162261764288,206.12954731140846
1576846,7845,0.2622295942768318,0.7407506843294883,4.237057568633787,2.0347868734775445,1.618501007945005,0.27515486371199027,42.441887883507206,116.58470005888353,161.84948976129812
1576847,7845,0.37509488999838075,0.806621544868795,4.208112042637942,2.0977158057008407,1.2321151310109477,0.28561564136392104,46.21601018530432,120.19026228454321,123.21118790585477
1576909,7845,0.420828697410887,0.5169772236104487,3.6111115559964917,1.8515972401248826,0.7038638879820733,0.29378407528639083,29.620613017269726,106.08870721722701,70.3862232145393
1576910,7845,0.29778373649045786,0.4459282705936118,3.5723817689745103,1.78776389685413,0.8579987380674722,0.2867311849435283,25.54980787058169,102.43132605560308,85.79958856084757
1576911,7845,0.19414578939848162,0.37226499535084456,3.586367028978909,1.7216308001167682,1.0986183146967132,0.2750476391688752,21.329213094060606,98.64217872642185,109.86127125843379
1577649,7849,0.49888563996227464,0.4679111541706124,4.765967091492152,1.8481692511936245,0.537384354973902,0.2221842821493566,26.80933432107128,105.89229791924836,53.73832885783147
1577711,7849,0.4732606091238276,0.5309914004851223,4.517379842633266,1.2029471582171372,0.6428501543581445,0.15257471674187653,30.42356620553836,68.92379514309805,64.28488096015859
1577712,7849,0.399560022067433,0.4648500562793405,4.645372278177791,1.1491404037862947,0.6665818448710616,0.1417343780443072,26.633946331225,65.84089520491393,66.65801932684528
1577713,7849,0.29634382267005704,0.39898507224693497,4.743549148846998,1.0969471412880374,0.7714066637561384,0.13249665902065247,22.860160728471605,62.85044154474535,77.1404086715682
1579799,7859,0.2698929285050232,0.8542199855567378,4.308150325486116,0.1401071133994325,1.81343017787834,0.018633394037867314,48.943199948127216,8.027546277548305,181.34235260211236
1579800,7859,0.2316056610741354,0.8119572101866738,4.415433415804788,0.16073650352580993,2.008660715135158,0.020857574732971982,46.5217212889131,9.209523265718586,200.86521291381112
1579801,7859,0.2177664305746008,0.7631167714685809,4.483194088063084,0.18837844545777926,2.007810301965266,0.024075000189327626,43.723370280799045,10.793289875966124,200.78011741898516
1579802,7859,0.1910737963501816,0.6685417328838739,4.568426881489839,0.2105783443562954,2.0047028137602183,0.02641007654285467,38.304619722608415,12.065250388468225,200.4692426959743
1579803,7859,0.13330199350465757,0.46411064890534354,4.6697538559713445,0.2397690745682759,1.9948373400423058,0.02941858698512405,26.591581409354124,13.73775603051973,199.4822525003913
1590174,7911,0.47983028363065816,0.5889468663986605,4.6906621987773445,1.8275655789272989,0.703252175821822,0.22323456645412773,33.744169802098405,104.71179445591717,70.32507248542052
1590175,7911,0.3768279228690411,0.5200559546411996,4.7449707934400625,1.8161477387136138,0.790732552248006,0.21930082335823312,29.797011311587713,104.05760040051825,79.07304748458237
1590176,7911,0.2799169607401283,0.4546895367669353,4.793929330208325,1.8085737960985049,0.9306971055245538,0.2161559716478741,26.051791445503863,103.62364545439824,93.06938138810594
1590177,7911,0.19168404348706888,0.38359532545873626,4.831638602435328,1.8010035867133398,1.1465947630962154,0.21357123883606507,21.978393189732806,103.18990440659796,114.65888412527852
1592988,7925,0.42389153159576565,0.395323504872523,4.760705582396627,1.6702366309862828,0.5343434852756511,0.20101539128255067,22.650368371515004,95.6975097436635,53.434223731771134
1593126,7926,0.39403150829556993,0.5109219961891707,3.4063044660033444,1.9312868530877858,0.7429272198494516,0.3248523039868258,29.27367404203861,110.65458571103238,74.2925353257401
1597410,7947,0.4404368306737761,0.4243470135974495,4.708776538580966,1.8751019449632302,0.5520267762097324,0.22815996149900497,24.31329292811441,107.43542760316507,55.20255353841937
1597411,7947,0.3048275111700893,0.3591911340203242,4.76113572586808,1.8601721696406925,0.6751403527767128,0.22385418186081762,20.5801360178825,106.58001448810509,67.51381601046866
1600022,7960,0.3704910910495177,0.43136450708664487,4.117210326881951,1.762241767410325,0.6670974179350809,0.24523647686834585,24.715365687805843,100.96901575428649,66.70956353695156
1600023,7960,0.24384079772097253,0.3667602387287465,4.150113410475372,1.7486292358568192,0.8617841274711426,0.24141286031721476,21.013813772367698,100.18907514778194,86.17806286194521
1600713,7963,0.4686950509553921,0.4723573978627525,4.607006451536265,0.8726521066014925,0.5774348307436802,0.10852878785586297,27.06408531931757,49.99928269146593,57.743361106094284
1600714,7963,0.3434002162257333,0.4629368801634882,4.707922952400846,0.9189785775918269,0.7724027938434069,0.11184038986928573,26.524329414321436,52.653593958947326,77.2400567063973
1600715,7963,0.25892061450300186,0.4466694657778446,4.775801859858434,0.9541114571544247,0.988421655306835,0.11446571941152586,25.592275226433657,54.66655968002561,98.84178760262192
1600716,7963,0.19237618793819866,0.4341590068041331,4.826851973631903,0.9721305966463794,1.2930642664774843,0.11539400941286404,24.87547872746842,55.69898032337212,129.30576121873497
1600717,7963,0.15126318361852026,0.42441333533361786,4.8983287656894925,0.9920120304844793,1.6076014463249784,0.11603570355475629,24.31709288368684,56.83810257296383,160.7590924829448
1600718,7963,0.10799780594969607,0.3777198816093612,4.966255281944852,1.0124912059887992,2.0039067331211546,0.11681129842713137,21.641755054397517,58.01147289726905,200.3888363773009
1602573,7973,0.4536332361271303,0.6459931948110621,3.2365099152424266,1.8982716826420747,0.8159164693690347,0.33605012280764546,37.01268365684625,108.76295578458809,81.59146887333588
1602637,7973,0.3953135405862959,0.45317395611495054,6.0751642818890765,1.8550557337425104,0.6568192522650541,0.17495306990609805,25.96495507063345,106.28686430499002,65.68176073696785
1602638,7973,0.2528230734871898,0.38250639479603665,6.174185935177019,1.8426706617019053,0.8668513078904913,0.1709978495716829,21.916002058577735,105.57725194809787,86.68479135033076
1603578,7978,0.2816906819728409,0.49451546801332286,4.219404414038811,1.8035432984637838,1.0058425794144392,0.24490522544450857,28.33364922110006,103.33541917107819,100.58390444000341
1603579,7978,0.4590362571136732,0.5638858566154896,4.349543301098529,1.8691849809138148,0.7038284777439167,0.24622449502302912,32.30827971118665,107.09641053560293,70.38269598057055
1603640,7978,0.4777075781755682,0.3625969329424863,5.218284318830644,1.6575663704532086,0.4348952044353378,0.1819976668673958,20.77527392199259,94.97155728978717,43.489430316148166
1604245,7981,0.3469489573074507,0.40158209856860155,4.494862740565965,1.7940481358939318,0.6631799354974871,0.22868637405467432,23.008959375987487,102.79138643003506,66.31780431550258
1604446,7982,0.44783942299257096,0.3913375791120254,4.167266544543745,1.8743401134570647,0.5006703295008407,0.25770316457455295,22.421991647986015,107.39177787316169,50.06692227145821
1605449,7987,0.44386399656636943,0.4019519766314827,4.279660418915679,1.7750475032051565,0.518856034443546,0.23764205608868355,23.03015182792505,101.70273036888993,51.88548771829418
1606857,7994,0.4275072108321066,0.42921513850392584,4.461766737701667,1.8321545184158317,0.5752467968033701,0.2352761299660618,24.592215939398027,104.97472132105102,57.52454646784789
1606858,7994,0.27699854456667244,0.36490548552425806,4.503818392646984,1.8149506937587017,0.754788929293123,0.23089078084408984,20.90754424171214,103.98901477671437,75.47862316676047
1610477,8012,0.3718437188600339,0.5241726757599791,5.791036860906529,1.8604491294303775,0.8076748302088715,0.18407046180395384,30.03288205712615,106.59588311514887,80.76726798540557
1610478,8012,0.27878006514996884,0.4562835705907742,5.988013374920432,1.8120703466054535,0.9377686996442383,0.17338635765704843,26.14312285601093,103.82398304130072,93.77653694646504
1610479,8012,0.22642727257219886,0.390004419341154,6.234623195260068,1.7610525119615486,0.9868778605587563,0.16183957412403036,22.345607219698458,100.90087643630865,98.68735456864532
1611819,8019,0.32825906995481935,0.4931899803832345,3.3912417294975516,1.8378364276129284,0.8608354223739527,0.3105065307235295,28.2577043740992,105.30027073762123,86.08328261792091
1611820,8019,0.460715420173076,0.5704703233118635,3.4928651050355035,1.9046061169630857,0.7094518594906711,0.3124251539718436,32.68554186323332,109.12589213678484,70.94503350011802
1611882,8019,0.40514510970620954,0.352324911205675,4.451292351423966,1.7287245775270992,0.4982592519945704,0.22251655067912335,20.186730429406662,99.04862223283907,49.8258034466751
1612282,8021,0.3869065012322718,0.47270946180968654,3.3565542622004836,1.937958725573404,0.7000207107224438,0.33080607921502325,27.084257097595607,111.03685584590778,70.001891954367
1612283,8021,0.31897886141298276,0.40690486145849164,3.379158446062128,1.8755359066010135,0.7308926488344878,0.31800903441121414,23.313931224927046,107.46029177348063,73.08903804037502
1614231,8031,0.30972289569666567,0.6585574138985484,4.139742394128239,1.880839137818895,1.2182683195020514,0.2603160632231188,37.732560383436926,107.76414454004725,121.82644254349387
1614232,8031,0.4129273719494914,0.7276694617093206,4.221307882127465,1.9405686216379525,1.0096784775973098,0.26339322957875555,41.69238903650053,111.1863918753742,100.96760568828209
1614295,8031,0.45889781640026334,0.521600053175936,3.6467086193164833,1.763781731676024,0.6512447852545178,0.27711906675212916,29.885481640780448,101.057249207312,65.12433802991892
1614296,8031,0.3400634226288213,0.46262680724490235,3.6161619416029236,1.763068541958038,0.7794593890863013,0.2793469645398544,26.50656354474516,101.01638644647927,77.94571199139214
1614297,8031,0.2586330322974915,0.3996944602948866,3.6233760653053975,1.755300774469068,0.8854555267271188,0.27756248333854133,22.900805669656258,100.57132615312237,88.54521373782245
1615638,8038,0.15286769590680105,0.47991967025687593,2.9280666835217626,1.995539437083647,1.798769167622197,0.39048286656096026,27.497371611029134,114.33598759680505,179.87575185303712
1615639,8038,0.2978245544075353,0.572906659599059,3.0300716579768903,2.063787310028487,1.1021634066774673,0.3902425936883527,32.82513364996419,118.24630267728946,110.21597429832126
1615640,8038,0.45997410447574205,0.6414786964864037,3.1098330854518457,2.1219215287967685,0.7990454418965519,0.39094428648215784,36.75402195622444,121.57714805800221,79.90437221187209
1615700,8038,0.4112917572019025,0.4465791855871787,4.34519672115296,1.2822803617190743,0.6221156024252291,0.1690815339896408,25.587102552534862,73.46925287901153,62.211410496524316
1615701,8038,0.3277351925641574,0.38359980545381883,4.468808077406228,1.2326367306976262,0.6706221883577107,0.15803964045985627,21.97864987454328,70.62488234177782,67.06201625943633
1618251,8051,0.24356728815595602,0.39339410334622027,3.758383005980607,0.6628305043162261,0.9254042713336468,0.10104715317296872,22.539821807071757,37.97739042984765,92.5400509964564
1618252,8051,0.38168431230276434,0.46607195012855035,3.8764312999389112,0.7295757870817341,0.6996345967444605,0.10783530028648253,26.70395569179772,41.80161343471853,69.96327820604041
1622333,8071,0.4387797372350206,0.4108384542752368,4.3644919962049435,1.7758766697419612,0.536472105651707,0.23313191539199815,23.539309491649522,101.75023811196232,53.647089523534284
1624344,8081,0.39399542598256154,0.4073413365748861,4.6145068200333,1.8361948953343004,0.5923657300434294,0.2279901661026735,23.33893940695893,105.20621786612135,59.23642415982708
1624829,8083,0.48821847057856327,0.5793701223064677,3.7382067326273427,1.8158632276681117,0.679930484089841,0.27831874019161995,33.19546278413891,104.04129911838614,67.99291053427409
1624830,8083,0.41190166106074966,0.513202112174552,3.877192252193963,1.7883427235372422,0.7138673409378947,0.26427497903762454,29.404315064801274,102.46449038161497,71.38656251716851
1624831,8083,0.32219071395419774,0.4443701097041812,3.980229877773633,1.767568106122476,0.790231683747494,0.2544430732351448,25.46053182781497,101.27419248274988,79.022925559887
1624832,8083,0.2181355904862965,0.38019874793609554,4.050626223163833,1.7481991611523138,0.998634958453972,0.24728135334299348,21.783783632896494,100.16443368233844,99.86304262083425
1625487,8087,0.42019252157206255,0.7097533711078591,4.258270111207132,1.7887448081365922,0.9677914195076226,0.24067878555133043,40.66587265966279,102.48752813216493,96.77891393356158
1625552,8087,0.38323928882281544,0.3688721647125099,4.6751091780301675,1.6869141541332962,0.551478365679108,0.2067396878776287,21.134818217881353,96.6530614327191,55.14769410804999
1628504,8102,0.4956301471920981,0.3923384565288239,3.1219388421758887,1.8046342197736367,0.4535506440352843,0.3311977884699718,22.479337699778526,103.39792435791364,45.35497380891182
1631718,8118,0.28613010883237744,0.3560267796070995,4.114493291588443,1.7494157679126983,0.7129215179570557,0.243612354591364,20.398831865121128,100.23414011503556,71.29190512825805
1631719,8118,0.40703153337182724,0.4192348580219638,4.17922187787051,1.8013900737757758,0.5901357862941339,0.24696474906888194,24.020387989424812,103.21204848411195,59.013435094344196
1631781,8118,0.4644983212614048,0.40525830989291595,4.932796157346296,1.71415343957851,0.49988534310582183,0.1991036203276127,23.2195907694689,98.213757525682,49.988427768663385
1633991,8129,0.47254025821319956,0.49475743820676366,3.4202136860840557,1.8812872587898024,0.599896241629135,0.315155219990507,28.347513091952184,107.78981998039156,59.989498481342025
1633992,8129,0.3924570080833738,0.42970427773412756,3.4862870967650386,1.8411782570789774,0.6273359990635338,0.3025905217535717,24.620241552882863,105.49174346187829,62.73344165690343
1633993,8129,0.30057482605076696,0.36567759584764997,3.51270512586756,1.8250557724108774,0.6970571182819254,0.29768508625278,20.951782904560982,104.56799313513179,69.70548224001969
1635601,8137,0.4560430471318725,0.39691364780477917,3.8217275970012765,1.8125034156336333,0.49866951145754995,0.2717325951713716,22.741476850355838,103.84879606885326,49.86684289243617
1637951,8149,0.36691444889945357,0.4004909597256661,3.076000516931178,1.8793866446736582,0.6253894107703335,0.35006795958023823,22.9464417254245,107.68092281305351,62.538772336382465
1638013,8149,0.4609543756890959,0.37059356035365404,5.1415468093861945,1.884325416354098,0.4606409567239186,0.2099832937030618,21.233446922991128,107.96389358632145,46.063996739920036
1638615,8152,0.3352353061144819,0.46636808307218697,4.71423979243634,1.8155110242867436,0.7970795908184617,0.2206530081421504,26.720922859642886,104.02111935110351,79.70772369302327
1638616,8152,0.2056998953339381,0.4007207581378852,4.840228997833251,1.7866286560495266,1.1161700909541155,0.21149057489449855,22.95960820458346,102.36628154876827,111.6164719035883
1641027,8164,0.3867181447643852,0.6650309685653742,5.589212362594359,0.3223587256027298,0.9853033087497138,0.0330454333007909,38.10346774429326,18.469794466252214,98.53007863758182
1641028,8164,0.29322131012781977,0.6003186413253807,5.73331349967131,0.3232063872205915,1.173029454201302,0.03229958010873292,34.395724510972165,18.518361899410916,117.30254937279017
1641029,8164,0.25525792989631174,0.544201362064624,5.956548635902746,0.32668839530126537,1.221526792241588,0.0314240130978183,31.18044125157378,18.71786626666398,122.15220546540539
1641030,8164,0.20517482677359394,0.45473261593754793,6.14276298633405,0.3179908596596599,1.2698564848337233,0.02966016138520832,26.05425970016489,18.21953418223538,126.98503576113318
1641226,8165,0.4824522214163864,0.44720449923922323,4.914963234305976,1.9965665663510324,0.5310977692121968,0.23274810427395962,25.622930385668926,114.3948377688406,53.10966793929807
1641227,8165,0.35103792933796735,0.3785208857015579,5.00732840094306,1.932202244796437,0.6178149646489626,0.2210900198808595,21.687649208253095,110.70703379253938,61.781322228717904
1643577,8177,0.3407385367314475,0.5882463330583119,3.6278347580522126,1.8043087723967082,0.9891464444394665,0.2849613728473815,33.704032198288225,103.37927759676202,98.91435705288266
1643578,8177,0.43742416479093527,0.6580163578984262,3.6791809507248985,1.8602262800365597,0.861899326349966,0.2896925047264223,37.70156015814969,106.58311478541606,86.189737566125
1643639,8177,0.4368581077593664,0.48418835716918773,3.1847760602024002,1.9217603411723498,0.6350333947656748,0.34573469015609354,27.741949355167332,110.10875678479681,63.50319556676917
1643640,8177,0.36057782759915136,0.4170451303738152,3.2083363872461503,1.9112788921355763,0.6626842624605896,0.3413239773915345,23.894925836902786,109.50821399180823,66.26824430042888
1643641,8177,0.26870688044376057,0.3501597791749632,3.1933088369425655,1.9044296484736107,0.7466379990786778,0.34170130879007776,20.062677501958287,109.11578123712087,74.66352482415313
1643979,8179,0.27802082304230485,0.5496499276362043,3.5188013334061723,1.7673184137618128,1.1327432091548897,0.2877681240916216,31.49262106322562,101.25988616430722,113.27391756018227
1643980,8179,0.39980211560500967,0.6170253728230976,3.5994309915746943,1.8286808432661852,0.8842611744935313,0.2910896037449783,35.352949715249615,104.77569439557679,88.42589848693673
1644043,8179,0.4314939626839436,0.361783978517451,5.1078788861086055,1.7873497896190553,0.4803936179123581,0.20048948211514145,20.728695064501583,102.40759945876746,48.03925157217814
1646339,8190,0.4915864935798356,0.6364783867897965,4.465004721830422,0.6047787965984961,0.7418333304268196,0.07760635131486066,36.46752531435051,34.65127258409469,74.18318364608284
1646340,8190,0.3648811024997257,0.6337338877815222,4.528970647187974,0.6398751202442119,0.9951262441496159,0.08095027894966057,36.31027710429855,36.662143805419404,99.51235441679644
1646341,8190,0.2715005908161186,0.6258676439218448,4.590605399563586,0.6714983333925759,1.320791719161065,0.08381034094829962,35.85957453051834,38.474020453463275,132.07869030426843
1646342,8190,0.20558473466255445,0.6179287115930576,4.6734521261298765,0.7023936429967916,1.7221466151271065,0.08611234292828635,35.40470721423887,40.24419130053483,172.213832211421
1646343,8190,0.16492656837269495,0.6089489919041257,4.804405731846047,0.7272610188813289,2.1154993645723335,0.08673078258846911,34.890207174852534,41.66898698628422,211.5486666001733
1646344,8190,0.14599807086294653,0.5365232100573447,4.922793333186937,0.7566616012567993,2.1055424403800185,0.08806690277101703,30.740515547096773,43.35351627162539,210.55281629808294
1646345,8190,0.10540106812454036,0.37798618623992897,5.0447899763803425,0.7702639786636838,2.0547240665037823,0.08748208588966357,21.65701318579384,44.132875088383976,205.47047672920868
1646656,8192,0.4737541337764526,0.3649728088228004,5.839975092308298,1.7661240103302585,0.4413977557196598,0.17327377277455594,20.91140158258152,101.19145188864321,44.139683333645586
1649873,8208,0.37042665201461566,0.41555956703292873,5.044216958976873,1.7542519030981278,0.6427671593015946,0.19926032299657853,23.80980932727064,100.51123025031539,64.27654414506614
1650210,8210,0.24576584970840043,0.4012119010416849,2.9824536741078504,1.850745116012103,0.9353515841209107,0.3555457865682277,22.987748620108984,106.03988410194341,93.53478163301392
1650211,8210,0.37707245658704946,0.4681476940818672,3.0857298143846186,1.9164588231790036,0.7113456811750627,0.35584775216237097,26.822887059672578,109.80500217876542,71.13438135489754
1650275,8210,0.4477359019384634,0.5115552147819019,5.182363648709423,1.741692148697875,0.65462595278575,0.19256002840277597,29.309954794911324,99.79160933146004,65.46245053292405
1650276,8210,0.3328674315082319,0.4443653334853395,5.253479584443323,1.7250534628966303,0.7648767946565201,0.18813870137222402,25.46025817063331,98.83828285840447,76.48745197996847
1650277,8210,0.2331066887524971,0.3781055035363451,5.2873963413851035,1.7170472235761483,0.929353368188838,0.18606427927385719,21.663849563301397,98.37955913556915,92.93494212583896
1650359,8210,0.4338083265564087,0.37412589706515853,4.524760275770412,1.639455007115453,0.49413146548861037,0.20759962224896533,21.435834908379455,93.9338526093058,49.413033782693766
1650413,8211,0.3466105520689187,0.3965816817143053,4.242259022832213,1.9287100998274775,0.6555615748925787,0.26049080871564223,22.722456594430227,110.50694862437015,65.55597024623171
1650414,8211,0.46676748720221733,0.46332490510545987,4.106646954539488,1.9492128025018642,0.5687320082259599,0.2719534158172953,26.546561605842218,111.68166695622409,56.87308019648185
1653288,8225,0.3962057784334265,0.4334999087151802,4.068539048393984,1.8825612543672756,0.6268892558812199,0.2651143641537926,24.83771518868628,107.86281455009912,62.68876894760065
1653289,8225,0.2741148827837483,0.3656737284119738,4.112297335839266,1.8729290730947064,0.7643350240494986,0.26095129362241,20.9515613168192,107.31093121567594,76.43322635685439
1654833,8233,0.36762458481566,0.7446340590690388,4.489776236029233,2.0063466712655686,1.1605422887373629,0.25603769587695,42.66438886635117,114.95519650363869,116.05391634465416
1654834,8233,0.49154635088903187,0.8145178375728997,4.580966107066881,2.0726309807227814,0.9494208104123267,0.2592313600422605,46.66843443104946,118.75300768347606,94.9418898233163
1654895,8233,0.3999824726297187,0.5837335983642828,3.043405405531675,1.7512522064668858,0.8361734075544514,0.32969436073634834,33.445471546258105,100.33936029352562,83.61713379397546
1654896,8233,0.2738952679877918,0.5118775326142991,3.009401988891851,1.710702582336928,1.0707896266717212,0.3256993848150879,29.328422246369488,98.01603797003719,107.07857562950339
1654897,8233,0.1639708795419269,0.4448976368635384,2.9662874481444566,1.6744398726370031,1.554590389723216,0.3234289970350245,25.49075690762466,95.93833775052337,155.45810036962334
1654898,8233,0.08891609995142236,0.37273722484040384,2.932542839526916,1.6457974514900884,2.4018448245702118,0.3215545441014822,21.35626985077397,94.2972479037689,240.18180825107248
1655700,8237,0.44992236306633454,0.4287166693646044,5.351292921722354,1.7501438065988082,0.5459531961944875,0.18738621663680324,24.56365576149739,100.2758536590719,54.5951994892869
1655701,8237,0.29402844957080865,0.359886263775444,5.465905502236425,1.7292048817421102,0.7012914344809903,0.18126208258712403,20.619964019064827,99.07614163724153,70.1289073225949
1660122,8259,0.49125479594472043,0.4706256368055755,5.025639802003187,1.9032723284451767,0.548897687988227,0.21698624605665728,26.964862719616214,109.04947168394564,54.88965818257845
1660123,8259,0.33163260203483796,0.4077217428337918,5.052232584781486,1.8754901597926188,0.7044160987894806,0.21269343534465887,23.36073508009459,107.45767067443342,70.44139959508854
1665031,8283,0.49561621309802706,0.5311952395554802,2.8498084261618826,1.8526943347141271,0.6140889645162,0.37248667229676014,30.43524532396974,106.15156610691737,61.408773786777296
1665032,8283,0.40919152739977205,0.46440378304924373,2.820765978028904,1.8218843330881285,0.6502670345460964,0.37006360502772345,26.608376758630786,104.38628304695644,65.026546129067
1665033,8283,0.32955041174340344,0.3946679686142568,2.7914802420554747,1.7817006266362285,0.6861714450544832,0.36569818535130827,22.612808910598552,102.08392626206997,68.61693837380804
1669707,8307,0.22962898515987468,0.5475473120211982,3.847507422595951,1.7541923438851588,1.3662103098393656,0.26122839141851256,31.372150062547462,100.50781775878114,136.6204419719198
1669708,8307,0.3414471020460604,0.6180331564156076,3.927602251891571,1.8167894329134482,1.0370769062760783,0.2650328618554516,35.41069146176297,104.0943667699068,103.70738993589771
1669709,8307,0.4605563529786928,0.682433137329418,3.946329136245106,1.8546205775812612,0.8489848737722534,0.2692677872412861,39.10053856884736,106.26193169352133,84.89830488203347
1669770,8307,0.4489418632404377,0.43825353856743143,3.675207878166284,1.7548841428067652,0.5593169096779614,0.2735830406791716,25.110078116587673,100.5474549172609,55.93156762832783
1669771,8307,0.3601999851342738,0.37254748341395616,3.6932642352632667,1.7273623581738038,0.5925985218262616,0.26797587781610055,21.345398467839725,98.97057281312419,59.25968930896372
1670109,8309,0.4439143903885677,0.7565548973476287,4.240873274773803,1.8046613768429784,0.9764811087459532,0.2438164816539335,43.34740258797236,103.39948034337087,97.64789310420065
1670171,8309,0.41944462763809254,0.37199259561193143,4.912791999660752,1.7298393617018748,0.5081387107175355,0.20174372223823456,21.31360573868042,99.11249466112169,50.81375113789551
1670511,8311,0.25611723644901596,0.6035127165433141,3.2196433618857245,1.8647278429300531,1.3501133570593222,0.3318412103445166,34.57873154040707,106.84103534042593,135.01081383281533
1670512,8311,0.40495117693170557,0.6722919755869541,3.349949189175257,1.9291195910907684,0.951213233711077,0.329946528062922,38.519492801644645,110.5304107455042,95.12109082485779
1670571,8311,0.4640704053420975,0.6449856802710127,3.4552936749898677,1.8173132530016387,0.796322198187561,0.30134740760969386,36.95495732590335,104.12437945018428,79.63204993994712
1670572,8311,0.39436698111047835,0.5777081003313767,3.5197488063290763,1.8075364990947613,0.8393257216153638,0.2942375098857041,33.100235939508195,103.56421271398217,83.93236146175744
1670573,8311,0.290293444558919,0.5129472283374685,3.537052591350207,1.7989966869655705,1.0124138465790053,0.2914147148442121,29.38971129667029,103.07491752114491,101.24103939131798
1670574,8311,0.1812650246821798,0.44876853859864646,3.5300571624258295,1.793375634366345,1.41850541032578,0.2910798605003251,25.712543239956222,102.75285493078825,141.84976630363545
1670575,8311,0.11555013765014158,0.38356722902426704,3.583821571351384,1.7836002540911045,1.9019260320773315,0.28515026370075813,21.976783382618354,102.19276689788153,190.19097370688178
1671579,8316,0.3965752725405645,0.3849539810928852,4.536065861033096,1.8568057166739398,0.5561677541293851,0.23453612439924956,22.056238423381213,106.38713094118086,55.616636573044474
1676403,8340,0.47386264974085135,0.4060447844961462,3.764193060559496,1.8845247686329718,0.4909577061347548,0.28684850539424683,23.26465244492822,107.97531563053722,49.095668042170566
1678013,8348,0.4101988543149503,0.53169687669586,5.002467873363235,1.7228320448638468,0.7426638556358922,0.19732461513421415,30.463987014960512,98.71100498059172,74.26620632480856
1678014,8348,0.28506756466593336,0.46532116380465033,5.02762103475746,1.696796499880219,0.935249785436512,0.19337033811862572,26.660938804122107,97.21927813570684,93.52465374554917
1678015,8348,0.19412298049181853,0.39200947185001067,5.048654408927268,1.6552049785802887,1.1570236070057183,0.18784462478983274,22.460488266158062,94.83625950169237,115.7017706377841
1680021,8358,0.4332719303132707,0.4532931507080755,4.396622159833685,1.7353023265972283,0.5994337966816358,0.22614064991855926,25.97178441776029,99.42549949325357,59.943242701504175
1680022,8358,0.35958313377386264,0.3834848348788225,4.489223501596147,1.7161861201890716,0.6110426177164121,0.21903614576500305,21.972062545827796,98.33022154576524,61.10409354058351
1683639,8376,0.4944114661576236,0.5414294305121098,5.017668899881684,1.648706631855267,0.6274454127481772,0.1882625843935235,31.02162127251557,94.46393166053596,62.744415636610526
1683640,8376,0.38902510228596787,0.4761994422210644,5.090587324028129,1.6251170151355416,0.7013485089799185,0.18291081180309626,27.284218245750893,93.11234618216446,70.134672417674
1683641,8376,0.31307113058756,0.40742314502252863,5.131555490822495,1.5842832602522843,0.7456332973370504,0.17689128442853805,23.343626685737362,90.7727443656821,74.56309394875575
1684380,8380,0.22214544312035733,0.4547056807851601,4.6793201379763305,1.6600878072089587,1.1727773881330485,0.20326889797300088,26.052716429612527,95.11602497420081,117.2772161627515
1684381,8380,0.3653487677459373,0.5269722857844163,4.765447167499789,1.7085390192201126,0.8264236733482457,0.20542054352618586,30.193287895808925,97.8920749347335,82.64214339614749
1684444,8380,0.4011587587521135,0.3787013657368388,3.9808486137957892,1.4289831201772358,0.5408828534412224,0.20567147741358416,21.697989952561066,81.87470178159133,54.08815186263184
1687057,8393,0.4771065990752518,0.3559706467731449,5.687362314005947,1.8839159054101837,0.42748549910417427,0.18978996622381866,20.395615690643417,107.94043033757075,42.74846120702119
1689405,8405,0.4594172516664782,0.4340937546816323,4.2358478460355515,1.9908618784539929,0.5413758282835467,0.2692919743714787,24.871740056244853,114.06798322890087,54.13746616732345
1689667,8406,0.4654559471289532,0.4791069011812732,3.7457586779042207,1.8718242337965711,0.5897615650383262,0.28631750607207007,27.45080337327835,107.2476285868526,58.97603106495949
1689668,8406,0.35857582761569073,0.4077162226905571,3.810674837500989,1.8542053878264064,0.6514777725827089,0.2787908896046096,23.36041879918493,106.23814307287108,65.14759739082125
1690471,8410,0.4842112703021581,0.5326867687427427,2.7985027449574185,1.999096055811489,0.6303178982607529,0.40928945535731803,30.520703651420458,114.53976683924759,63.031660953934384
1690472,8410,0.3914049909221456,0.4689938470352289,2.775710414988468,1.9444965048799174,0.6865361451543569,0.4013799206306682,26.871368052722733,111.41144300755896,68.65344086689697
1690473,8410,0.302313364252593,0.40026872972979327,2.8014996178175093,1.8925189364958843,0.7586071552831101,0.38705465684561075,22.933708884579776,108.43334770980124,75.86046710442761
1693690,8426,0.37654016715837557,0.4074348253063663,5.111087768857473,1.8136450872930219,0.6199682618964191,0.20331133710201077,23.34429591670478,103.91420903652592,61.996663187921826
1700925,8462,0.4691409944514097,0.4774595128480975,3.8529470936786985,1.7671940276420726,0.5831171164958717,0.26279301698157875,27.356414974568292,101.2527593646161,58.31158859815452
1700926,8462,0.3353633043256363,0.40834149921190227,3.8468684485200515,1.7545445839878266,0.697638754910711,0.261324245198428,23.39624450488663,100.52799963003926,69.76366954715922
1700950,8462,0.4564306587581727,0.36749334613794377,3.651676246314752,1.8840489485180578,0.4613147006561104,0.29561233134912596,21.05581773284447,107.94805314614523,46.13137000647954
1701012,8462,0.47036270339355074,0.5073539935618113,4.694054644507737,1.7173525341187061,0.6180175792522313,0.20962059324683643,29.06924255019933,98.39705214109857,61.801627847710975
1701013,8462,0.3958817450841853,0.4369101982711522,4.894982595115263,1.6984997190809996,0.6323380672554022,0.19880942029457055,25.033110387161017,97.31686540749722,63.233648594200986
1701014,8462,0.32543581474197564,0.37426449697951475,5.090223140083957,1.6941213641321577,0.6589248776011309,0.1906910586937969,21.44377609851294,97.06600414771836,65.89228731087096
1702269,8469,0.4611084890806455,0.5799477300768043,3.4224002914558818,1.895862922722682,0.720623396398982,0.3173940347104861,33.22855727159316,108.62494400734661,72.06218492237898
1702330,8469,0.4855171118943481,0.5147708607139532,3.8480598131852095,1.3581707340148679,0.6074800744440979,0.20222515889273288,29.494197735226273,77.81745091723705,60.747883575647954
1702331,8469,0.39339569020141696,0.45150869351469364,3.882848691804962,1.323425840134628,0.657595966061974,0.19528629869873876,25.869542551857748,75.82671513826938,65.75943111929256
1702332,8469,0.2751758299358624,0.38775659275503843,3.8791845630838138,1.3055301659230691,0.8073679814483349,0.1928275572485625,22.216816243236735,74.80136853440595,80.73650767913483
1703274,8474,0.4128178726730769,0.788048266831454,3.8023913292812073,1.8736298500613233,1.0937471857971515,0.2823251822326536,45.15183974204165,107.35108277824307,109.37445628315227
1703336,8474,0.4766974025764706,0.5241131027296995,4.008568173733433,1.1393444367463523,0.6299482225341653,0.16285023640654886,30.029468773918325,65.27962763727598,62.994691426726746
1703337,8474,0.40832445798214495,0.4553707389142606,4.092247969331923,1.1103284245713518,0.6389727655184686,0.15545766757696342,26.09082145354085,63.61713260134823,63.897121630563966
1703338,8474,0.313133938754549,0.39213832267688037,4.184270493349642,1.0842743126546788,0.7175162886070835,0.1484711418629098,22.46787087472447,62.12434194956136,71.75140201245932
1703475,8475,0.12538852541785317,0.4968416939799465,3.6170636099324573,1.9391826339665124,2.270297843125468,0.3071745269258445,28.466932151181336,111.10698063134352,227.02799182241873
1703476,8475,0.21958188577270576,0.5658952900055646,3.68304714576095,2.0007010312727425,1.4765976789458461,0.3112415353686004,32.423411763650606,114.63172515939948,147.65910216342027
1703477,8475,0.38895518625295855,0.6457997767210615,3.73236451355095,2.0622882760293986,0.9513075534937343,0.3165832640681569,37.00160161660773,118.16041435579508,95.13051321555189
1703562,8475,0.24707912223285539,0.37975422410741677,4.078284970141088,1.9410539891738265,0.8806212850510766,0.2726984551796696,21.758314293620202,111.21420138669245,88.06177565799706
1703563,8475,0.3442511648479557,0.44850667039970615,3.916042773137603,2.0064382894066197,0.746476444378672,0.29356279336749075,25.697539297368248,114.96044583644775,74.64742976625278
1703564,8475,0.48203520877307604,0.5162155409655664,3.8601993384900597,2.071926315003725,0.6135852872259387,0.3075297998748219,29.57697181638961,118.71263331180657,61.35840270520695
1703625,8475,0.38556731948371764,0.43209243734444625,5.31675433414004,1.678208197035652,0.6420946777961698,0.1808514003291883,24.75707301935773,96.15424683440213,64.20930291292568
1703626,8475,0.262985039123637,0.3678274770806788,5.513633861905162,1.6461520471911246,0.8013749106991992,0.17106243710063687,21.074962025667915,94.31756474087176,80.13718939566976
1705145,8483,0.4910244042589274,0.5015523228702123,4.1901889536304955,2.049938099449282,0.5852424130237328,0.28030430699179915,28.736831305445964,117.4528013615131,58.52412330644397
1705146,8483,0.407266192726795,0.4384178184531926,4.29887220573681,1.9874025056518785,0.6167830891077279,0.26488290428995814,25.119490660700677,113.86977576757738,61.678158980881776
1705147,8483,0.32783556846018647,0.36886046083746116,4.396697583072931,1.9226930136888765,0.64465692633186,0.2505566795342577,21.134147635237113,110.16219498366164,64.46549795985835
1705486,8485,0.27443980229068965,0.3881162710717932,3.8418053853485534,1.863799041674962,0.810284197003277,0.2779625929980617,22.237424292769155,106.78781894850275,81.02812740364722
1705487,8485,0.46043639164555755,0.4509278686119637,3.920416357350481,1.8951544315358464,0.5611255679168455,0.276971475164774,25.836263736295226,108.58435045251872,56.11243614242315
1705546,8485,0.46284217789287607,0.5587027348726947,4.143040718731334,1.900904823773252,0.6916246951548627,0.2628837870286108,32.01130871062201,108.91382365826685,69.1623215801853
1705547,8485,0.3580210567061902,0.48950996301987704,4.218198096069573,1.8901815440907308,0.7833856026595383,0.2567433351081538,28.046854910643955,108.29942498992,78.33834364473395
1705548,8485,0.2582793329576256,0.4226745498699534,4.321479225190037,1.8907883529607812,0.9376463304350818,0.2506877545424119,24.217467815140168,108.33419257714499,93.76427363950074
1705549,8485,0.18701662895746918,0.35624245516793135,4.42118252404287,1.89338762861086,1.091410330026451,0.2453712762736471,20.411189164500907,108.48312010168563,109.1404552516423
1706089,8488,0.2681321069876878,0.38843204364309836,3.6079589457602204,1.855451583033625,0.8300205502577995,0.2946528663497338,22.255516728390933,106.30954479869413,83.0017485659198
1706090,8488,0.44514455797069863,0.4728987054693138,3.6663532311393774,1.896368687230206,0.6086809075108242,0.29635421093601266,27.09509996059186,108.65392217905526,60.86795538095738
1706152,8488,0.37827528614455314,0.35825421391014356,4.316399134379071,1.6985632353957918,0.5426326979064552,0.22546687961190606,20.526454449828215,97.32050462426504,54.263127776358445
1707295,8494,0.26406252402476504,0.4179565890541259,3.6897951966363154,1.9350992587533482,0.9068741486150881,0.300485566966018,23.947148572485155,110.87302046546088,90.68707486551338
1707296,8494,0.358363755927826,0.4892175198521167,3.640066733575811,1.987279156356728,0.782168896981317,0.31280390277049314,28.03009915138385,113.86270837355934,78.21667362018452
1707297,8494,0.43299676073539073,0.5539065264776608,3.5144778501307816,2.0047081853644912,0.7329501824695106,0.32682328000905664,31.73650621192135,114.86131817671526,73.29485066625055
1707356,8494,0.428685457865342,0.5332216116625754,3.3735622932862657,1.7904657288237336,0.71267514724866,0.3040884394649636,30.551347893429327,102.58612962441488,71.26735014108154
1707357,8494,0.3638864091243137,0.4681129668860859,3.4288169168873046,1.7556252994941541,0.7370678301889916,0.2933662607607404,26.820897337919984,100.58992006740617,73.70658249062211
1707358,8494,0.29292494686809467,0.40202878996571967,3.4247154375873436,1.7189911299845577,0.7863636186574472,0.28758867203967187,23.034552907787155,98.49093676853946,78.63609609892181
1708563,8500,0.4004946288924519,0.35226313595359743,4.988511979246749,1.743659187935196,0.5039565828895957,0.20026876269566793,20.18319096818426,99.90431237789515,50.395533714062594
1711979,8517,0.43896790588515033,0.49575905981419505,4.382767410006692,1.7483688213501352,0.6470837789010268,0.22856370164281273,28.404901782727112,100.17415449562496,64.708231954267
1711980,8517,0.34082091454075203,0.4315529361897742,4.431209982090576,1.7170551190238883,0.7254883752654123,0.22201613484128266,24.72616188015259,98.38001151140203,72.54862679082828
1711981,8517,0.23937109525021083,0.3646147436400638,4.503661827252265,1.690556398452379,0.8727405062939079,0.21507331180809638,20.89088595882013,96.86174666015806,87.27368967958988
1713526,8525,0.2565529509075246,0.3726534546678245,3.754026541379334,2.038683480964008,0.8322441533283376,0.31115379079926453,21.35147017343609,116.80795922227696,83.22409418334108
1713527,8525,0.41196751450591296,0.4348550017138679,3.808399226688765,2.0889190715394133,0.6047893296502114,0.3142691695518161,24.91535629835881,119.68624654359486,60.47878762832299
1713588,8525,0.3995899140872923,0.4183424163246869,4.97717803535768,2.1655185838532947,0.5998463274933118,0.24928799850282254,23.96925484670935,124.07507531194065,59.98448413537544
1713589,8525,0.271236934088533,0.35389023963251975,5.075335998284736,2.18564623050031,0.7475536641940046,0.24673894361265652,20.27641714181672,125.22830451634528,74.75509356740059
1715598,8535,0.45503852661148847,0.5726910807661805,4.295470579203405,1.741295037761716,0.7210989675079634,0.2322652535477417,32.812781892687894,99.76885655081963,72.10973986596852
1715599,8535,0.3466232057369709,0.5050467633558231,4.353897042180933,1.7360145048239102,0.8348271749630725,0.22845350523407382,28.937047997031105,99.46630429990354,83.4824790597268
1715600,8535,0.2734673025200392,0.4401249503266651,4.456258081809415,1.7433758718699646,0.922132224130993,0.2241523661896582,25.217302112122912,99.88807956308915,92.21288858614626
1715601,8535,0.20230444561193417,0.38188159612541817,4.531177462825854,1.7634110967693295,1.0815482864933585,0.2229795985642721,21.88020373170591,101.03601339141818,108.15429938389745
1718009,8547,0.47487707402215096,0.5692090659069826,4.523576005564777,2.1071853391403237,0.6867730247335488,0.26689686692378894,32.61327713705402,120.73282658458359,68.67715929864717
1718010,8547,0.3643926792261438,0.5008481345177201,4.637243155298418,2.0437776678422517,0.787515368264063,0.25252036707226583,28.69648428486589,117.09983463045126,78.75132287093477
1718011,8547,0.269548237419442,0.43562865180389443,4.748574993604608,1.9888019430871942,0.9259820244535915,0.23996663744347518,24.959683183337248,113.94995762631358,92.59786235083209
1718012,8547,0.1910433332921126,0.3717114193192374,4.873264033516778,1.9417222568059858,1.1147991422682144,0.22829152967733576,21.297495523809914,111.25249030160037,111.47933653308311
1719154,8553,0.3389240098008851,0.3952618286783042,4.309876161450213,1.7592586110023833,0.668197981340911,0.23387700591074492,22.646834585889835,100.79809348248402,66.81960295345161
1719217,8553,0.39080858226236925,0.39838343350710903,4.344775590105372,1.8404256537026527,0.5840631403662688,0.24270211437895706,22.82568936788801,105.44862246476758,58.40616608157788
1720421,8559,0.438220013890628,0.5076801393735699,4.358623991549145,1.842302670377221,0.6637745366007922,0.24217773214844684,29.087929328718968,105.55616759829603,66.37730370451561
1720422,8559,0.3559723390600168,0.44264865457619673,4.487588764019043,1.8260237428171835,0.7124682515743463,0.2331395745524314,25.361899714360305,104.62345375410669,71.24662701237946
1720423,8559,0.2317363713752272,0.3770460447000193,4.540838031451777,1.8010741606481564,0.9322294115067026,0.22725749531955086,21.603147043412086,103.19394799520659,93.22254289504498
1721024,8562,0.4741886914778263,0.4721151309643003,4.798854629693557,1.9966652956325546,0.5704523191762603,0.23839124776509485,27.050204448520535,114.40049453998618,57.045112820183355
1721025,8562,0.33241515302963626,0.40501010288225664,4.875854579429973,1.940959324231836,0.6980839665621302,0.2280805865829763,23.205369555312565,111.20877748504853,69.80818875322137
1724442,8579,0.4886115106358166,0.3765094449710802,3.867467340501862,1.7409929985254489,0.44150416501814055,0.25792473972505525,21.572402143656014,99.75155097733418,44.15032704664992
1724781,8581,0.1774575199149701,0.42196084791635585,3.4237073544058014,2.1142438300137356,1.3623865787466525,0.3538189320172391,24.176575705368787,121.1372483213617,136.23789783073295
1724782,8581,0.3257149577413738,0.48666513132971867,3.5569710548337445,2.1718321326104038,0.8560815689475261,0.3498392670093012,27.883858061372813,124.43681500947307,85.6078966923483
1724783,8581,0.49553873445130897,0.5481177694601554,3.619330724221679,2.2323969070333303,0.6337513507841839,0.3533993723250452,31.404834866191553,127.90692097106863,63.37500846620272
1724843,8581,0.4436732524111494,0.6666206508186391,3.808950270817574,1.8017680427754992,0.860871119900336,0.2710292781517333,38.194549828172185,103.23370451258288,86.0869198981094
1724844,8581,0.36455425753858783,0.5983573069403224,3.9004961890110037,1.7509421849307985,0.9404182417056897,0.25720214108499023,34.283348328494434,100.32159736794964,94.04156878704616
1724845,8581,0.27611593944796875,0.5309664331421372,3.9515053395250685,1.7001430860285525,1.101788424137824,0.24651623819639046,30.42213568215966,97.4110233977833,110.17844737444072
1724846,8581,0.16840360967514426,0.46443843862312295,3.9770062854799435,1.6643303812815677,1.5801538249642657,0.2397761016149587,26.61036237675067,95.35910656283293,158.01445357156535
1724847,8581,0.11292031839889258,0.40622703334426913,4.0430401380650896,1.6215654293884034,2.0611961428705023,0.2297994872812202,23.275094534746785,92.90885530827462,206.11780720207253
1727281,8593,0.3560958877651945,0.4013427655376891,3.1727719352110078,1.7028242750421225,0.6457599412892122,0.30750601019276563,22.99524660341813,97.5646442123377,64.5758145984721
1727282,8593,0.46503080778429706,0.46509692618219234,3.0915266507233445,1.7368164576734313,0.5730392463388919,0.32188709247704195,26.648090934747216,99.5122528135496,57.30380264032996
1727658,8595,0.49785549360647036,0.5159724984310371,4.808379518973584,1.8385613160978975,0.5938077673293537,0.2190796361927659,29.563046504918916,105.34180378842758,59.38065865278633
1727659,8595,0.37330332793539855,0.4478965716546307,4.882182725417557,1.8387170049185246,0.6874458545192597,0.21578611414215448,25.662583214189198,105.3507241007669,68.7444031418521
1727660,8595,0.24763719372670953,0.3798128396323615,4.906680524235742,1.8103809813659049,0.8787723487553788,0.21139992469302854,21.76167271581348,103.72718954301848,87.87688356275686
1728600,8600,0.2701256884509555,0.39506662447621943,3.734901076836068,1.7861737627364578,0.837967299622806,0.27401051782202823,22.63565020896716,102.3402180818007,83.79642285170543
1728601,8600,0.3877901491394707,0.46301991645399054,3.8192588004295818,1.845377682630442,0.6841093415620257,0.2768399788294632,26.52908704331364,105.73235282235662,68.4107595085218
1728665,8600,0.40928211825953925,0.356791608834564,5.916449873611232,1.7469298309258363,0.49947583684718666,0.16917527974809748,20.442653351903093,100.0917064175529,49.94746286833108
1729871,8606,0.4381183227364357,0.4474010195962455,6.328562362891822,1.8513031552778143,0.5850974099304762,0.16760814091210727,25.634190172714707,106.07185739667125,58.509608781020944
1729872,8606,0.3002358869640235,0.37440139200794487,6.381315420730036,1.8371882136599238,0.7144921650874013,0.16495522272255117,21.45161960587831,105.26313081389257,71.44898091235804
1730610,8610,0.3572730014835689,0.42385427290065825,4.367113700438586,2.104867360829498,0.6797339901200687,0.27615497146800566,24.28506096579394,120.6000162103704,67.97321065890885
1730675,8610,0.4822744963796164,0.48845500826875154,5.086867646118046,1.0326644202056294,0.5803004323392129,0.11631384366751785,27.98641045582719,59.167312931106736,58.02992411167015
1730676,8610,0.34955933208176654,0.424524102909443,5.1244888746910595,1.0395110401259573,0.695831478953835,0.11622543573935842,24.323439398288514,59.55959535647172,69.58295082692322
1730677,8610,0.23905848914375932,0.35728839914504484,5.177715986726062,1.031357982484523,0.8563225073912223,0.11412842960265798,20.47111733999664,59.09245956349064,85.63189611639409
1731213,8613,0.2526746830549365,0.3622610484598591,4.379389616363598,2.0939824280634,0.8214526317529293,0.2739567970393423,20.75602915873412,119.97635550258933,82.14494132473114
1731214,8613,0.3811132998073523,0.429537628909521,4.463277606220892,2.15243513262343,0.6457579057265795,0.27631140022928985,24.610693278572093,123.32544877500416,64.57562282762005
1731278,8613,0.35749971254476004,0.39725056368714307,5.565542226024272,1.8414060405426405,0.6366656887577445,0.18956786242692514,22.760780708466218,105.50479449298905,63.666392568704346
1731880,8616,0.34471874833146976,0.6442769173698407,4.631158446099729,1.8486874005888612,1.0708540603263366,0.22871596102103167,36.91434820299075,105.92198569275268,107.08509849425651
1731881,8616,0.22879402340840463,0.5751772538143912,4.653076723401801,1.8297263398879986,1.440388484985682,0.22530382141980715,32.95522911548955,104.8355969395019,144.0382252399943
1731882,8616,0.1553368709907005,0.5105657336642264,4.750873318372376,1.8202101074272266,1.8832141804567277,0.21951828595346615,29.25326170296063,104.29035698263426,188.32021783478615
1731883,8616,0.11483198658779072,0.4408341710259262,4.83737100516019,1.8046920104602426,2.199555717523716,0.21375502353715406,25.257937464933892,103.40123552035132,219.9536754678413
1731884,8616,0.10298687792897361,0.37581592915096473,4.943507599910504,1.7775039582302803,2.090816321101785,0.20601460119171738,21.53266661413784,101.84347487439324,209.07962225406771
1733085,8622,0.3651170108637792,0.37756104340419416,3.3469036166654944,1.7561435921273625,0.5924855062751758,0.30063493685980025,21.632654295616014,100.61961604784173,59.24838997791013
1734028,8627,0.49509218573836583,0.3807399435264611,3.8148278768316493,1.8750119648443033,0.44062079838648227,0.28161236970335546,21.81479185611553,107.43027212211047,44.06199173107515
1734091,8627,0.39206889959608304,0.4919358833249111,3.453885480929845,1.8480333289201334,0.7189004079562213,0.3065663596106355,28.185849905557497,105.8845101466355,71.88985926895953
1734092,8627,0.26028669608095345,0.4225446820526221,3.3989042372206577,1.8420825482305805,0.9301292141206317,0.31052229733927034,24.21002693731251,105.54355552831618,93.01256763893605
1734093,8627,0.16823785508265215,0.3510134685163182,3.390642980275339,1.829275710641185,1.1954259101155842,0.3091147551840106,20.11159029823323,104.80977778553431,119.5418875642778
1738650,8650,0.08853238282627791,0.4492410618287722,3.1498009061294607,1.2481996950693426,2.907367123497013,0.22705109440653365,25.739616826764316,71.51657451698964,290.733461267047
1738651,8650,0.21573084003708232,0.5214862143729603,3.2529378475787594,1.3104871303540317,1.3850109593824513,0.2308232894783439,29.878959157825115,75.08538167549658,138.50046035248758
1738652,8650,0.38761370623442776,0.591697168435334,3.3284659249706903,1.3506571368077487,0.8746272147057444,0.23250036208944797,33.90175050118603,77.38695350830784,87.46249808355412
1739454,8654,0.2178438748314392,0.6277082878202218,3.307312842530231,1.8376010629645512,1.650954567088742,0.3183454061688597,35.96503565748185,105.28678533662263,165.0947064295653
1739455,8654,0.3958158418131962,0.6928081737198736,3.430423918414817,1.9003398005677323,1.0028649480427836,0.3173994016056705,39.69498436631511,108.88145021326362,100.28624397202626
1739518,8654,0.47218401654806674,0.509994988105224,4.971682348291575,1.657517109150056,0.6188383924139247,0.19101931294270666,29.220560391253958,94.96873482502322,61.88370949352098
1739519,8654,0.37420407714497395,0.44421325498631803,5.060267083648646,1.6608301864614976,0.6801514357758544,0.18805046929559685,25.451544714484694,95.15856017216937,68.01496363616761
1739520,8654,0.2684168967770353,0.37415263648533725,5.060583576408494,1.6312142709393624,0.7986593401178567,0.18468560317302257,21.437366964302324,93.46169320633504,79.86563944396579
1743020,8671,0.35253788498169697,0.3864669801277772,5.915610752020773,2.1878639203573647,0.6281006154994345,0.21190604627036358,22.142926882487888,125.35536878542347,62.8098851666746
1743474,8674,0.16387524906923107,0.3702553498959251,4.028083793314371,2.272781587312676,1.2945254220598321,0.32328223310774373,21.214068891176073,130.22079270806034,129.45176016454946
1743475,8674,0.26827246796034965,0.43464817174858134,4.114541634850613,2.3322975612598924,0.9282914894442419,0.32477689707208723,24.903505814271053,133.6308068288464,92.82880638033035
1743476,8674,0.39697893310331467,0.49541924869201764,4.088539818344183,2.319789650530065,0.7150362137018277,0.32508954764745385,28.38543203959474,132.9141563335009,71.50344305239074
1743537,8674,0.4303120771123232,0.4475324871703733,4.633389585582218,1.4986556879826263,0.595886647803176,0.1853214457652131,25.641722709855053,85.86664586467926,59.58852768762563
1743538,8674,0.31374271659732633,0.3770611741202244,4.654877707501344,1.4487809332503976,0.6885901110645993,0.1783269893474886,21.60401389533632,83.00903291427242,68.8587938258663
1745283,8683,0.22584930219563876,0.6196655831302599,3.9660889254837843,1.760708337852166,1.5720314699086584,0.2543592903574611,35.50422262287695,100.88115671242336,157.20245790117232
1745284,8683,0.3605914848430677,0.6944856693195867,4.048950181875412,1.8227505418605703,1.1034951837022071,0.2579333116108831,39.79109778433044,104.43591315379457,110.34921540765832
1745347,8683,0.3906565638232783,0.3947371393490541,4.519890129552017,1.7606123068504083,0.5789425704634227,0.22318165138261167,22.616772101768255,100.87565454132023,57.89411033136786
1746489,8689,0.28187789762646537,0.46193454416074803,4.81852563779473,1.7941901819997832,0.9389490653798738,0.2133422805779696,26.466899791710407,102.79952507239662,93.89457676531461
1746490,8689,0.4527969613162271,0.5358322282926327,4.962788359429146,1.8594116261979745,0.6780285018032326,0.21467052517283858,30.700925208258273,106.536438558701,67.80270193579167
1746550,8689,0.487280026197499,0.6088530814866167,3.3182706921533067,1.8476902891210196,0.7159068568649269,0.3190362237331722,34.88471191271793,105.86485541394127,71.59054023699842
1746551,8689,0.3944923397479259,0.5463583193215324,3.3427938499223235,1.8317157543047848,0.7935268153865976,0.31395768446135935,31.30402579898475,104.94958198928623,79.35248239929084
1746552,8689,0.2968153883587628,0.4805927408521534,3.385761158649352,1.8168033377565718,0.9277125064168679,0.30744981194364107,27.535935715452894,104.09516345873257,92.77094121288927
1746553,8689,0.19258835704062044,0.41557721753738414,3.4403238224722394,1.803363371592916,1.236358197152171,0.3003354194320316,23.81082062668221,103.32511012075646,123.63518416887437
1746554,8689,0.11903579468701102,0.35003413845589265,3.459213208833202,1.8003603688333203,1.684827424131235,0.2981980127017414,20.055478819020557,103.1530507367655,168.48134118323128
1747357,8693,0.4204391470502762,0.4170903608313263,3.4330656870177654,1.821369801678229,0.5683941885642672,0.303975547742634,23.89751735122362,104.35680256874228,56.83928501805504
1747358,8693,0.3286906629582793,0.35146653880768103,3.4192699508958646,1.7882664107944937,0.612659590626934,0.2996549531195466,20.137549313751084,102.46011798353241,61.26577453322002
1751175,8712,0.4463657719766222,0.4747211496692841,4.311712971084829,1.6817645741934921,0.6093549151819346,0.2234796533503475,27.199518321648252,96.3580122359031,60.935356368938656
1751176,8712,0.3452675959555161,0.40747711452194163,4.341072103246084,1.6475676863754978,0.6761919886942458,0.21745474949242904,23.346718910276163,94.39867489144969,67.61900498267187
1751716,8715,0.33166371195619637,0.3782455540437284,3.5096483229286672,1.7933962526724554,0.653429134138324,0.2927758753167294,21.671873866293126,102.75403627270907,65.3427183690117
1751717,8715,0.49249481492702546,0.4487630744840914,3.5807200400478023,1.8578036780236742,0.5220812253826892,0.2972706841832463,25.71223016925344,106.44430991463781,52.208017591100344
1752721,8720,0.4770446169344708,0.3511672024672605,3.705469237532477,0.9824485512800756,0.42177183158073667,0.15191100456325402,20.120398604790097,56.29015557709036,42.17709562889439
1752782,8720,0.40489904893886813,0.3873289247135622,4.833645573023886,1.1006116715843,0.5480949431591079,0.1304613724392449,22.192312669427523,63.060403664619024,54.80936030407376
1753725,8725,0.17694113765038727,0.40412758025910483,3.2979459642181337,1.9643471241868302,1.3086161721654501,0.3412693858371912,23.15480473368115,112.54879971456596,130.8608850393329
1753726,8725,0.296757275927576,0.46501799753988116,3.3774654856783055,2.025829327866681,0.8978235723305034,0.3436644153703609,26.64356865666009,116.07147050058511,89.78205771475255
1753727,8725,0.4538096779707752,0.5304850194543734,3.4640593008433993,2.069592020808381,0.6697642980157873,0.342311945223019,30.394552709650966,118.57888810627148,66.97628369072518
1753790,8725,0.3963002698173222,0.4544625752993805,5.333117020320913,1.790706844969563,0.6570469120865539,0.19238269848312245,26.038787511300878,102.59994456194336,65.70452707179979
1753791,8725,0.263726769716538,0.3827971982574464,5.312078597338649,1.7649250195765154,0.8316434111529454,0.19036381472043204,21.93266386958431,101.12275477877853,83.1640289270946
1756137,8737,0.14054300095462469,0.35095106002270327,4.363010035728377,1.937741723109204,1.4307374246760192,0.2544674922975804,20.108014554943328,111.02442252056517,143.07273464795767
1756138,8737,0.21225807975242447,0.4161536090952471,4.420342140595521,1.9957752659386538,1.123342128354492,0.25868925006060645,23.843845430294728,114.34949959488435,112.33368889616312
1756139,8737,0.3171664945797287,0.48355940665752906,4.350213126418337,2.059259648728063,0.8735447389704432,0.2712209335353455,27.705913145326697,117.98688679371047,87.35420123061212
1756140,8737,0.4240405722457067,0.5474912823932494,4.187737946784991,2.1019085802095128,0.7397626810907887,0.28757885954449025,31.368939801338307,120.43049056834015,73.97609539840563
1756200,8737,0.41168883426294905,0.5856560100095117,5.016984048062893,1.9184058018583765,0.8150723073415191,0.21908890793313643,33.55561762001652,109.91655583989544,81.50703473184214
1756201,8737,0.26201261268371717,0.5161235981091425,5.050141400146421,1.8533568578619324,1.1286366120786853,0.21027040089168025,29.571703878760143,106.18952588711633,112.86323476046586
1756202,8737,0.17322271278349488,0.44837393917587665,5.171813061446193,1.7912219049606293,1.4830579929483139,0.1984399936885756,25.689934358433213,102.62945532562752,148.3049517045163
1756740,8740,0.1533957299802418,0.4351909434660182,3.599473622609464,2.1253137200732857,1.6255082667961291,0.3383036486175581,24.934604342919254,121.77150630144774,162.54977760041524
1756741,8740,0.23373238799766727,0.501588220741998,3.6279257389674417,2.191179081783292,1.2295637381977147,0.34605259928284265,28.738888101992785,125.54531354353368,122.9558530263533
1756742,8740,0.3575545405611014,0.564681295570035,3.641554381172405,2.244024376383996,0.904864864826089,0.3530721007571856,32.353855006142396,128.5731258912795,90.48623594356961
1756743,8740,0.4915883516918571,0.6307028427205981,3.5743771706087877,2.2292787030337657,0.7350989940124982,0.3573441038488224,36.13661101479362,127.72826104223277,73.50975136142723
1758750,8750,0.15311037812689005,0.572903004901741,3.5773566657647122,1.8566653350741977,2.143873100499808,0.29736785372471775,32.824924251232474,106.37908766799434,214.3859238470771
1758751,8750,0.2887127203712588,0.6473226693510611,3.6606605144859423,1.9103947489455564,1.2846283878533977,0.29901039876923774,37.08885693695829,109.45755631853486,128.4623982859751
1758752,8750,0.464350646662132,0.7192101580883957,3.7533913673997668,1.9750937251771545,0.8874264750181047,0.30149942603059837,41.2077066414018,113.16453459542267,88.74245830204849
1758813,8750,0.42671484889854905,0.37151819515605794,4.066751056521301,1.6347899133167911,0.49884423171260156,0.2303228323825884,21.286424594759787,93.66656242360983,49.884307437150284
1760018,8756,0.45659449323411105,0.5771157986125817,4.500712745834435,1.779463282544616,0.7241939908739707,0.22653242146176325,33.0662995508229,101.95573588830203,72.41924206612515
1760019,8756,0.3377472612824939,0.50988942193091,4.577344387271215,1.7728548464434666,0.8649814337233009,0.22191273274320256,29.214511895006424,101.57710039052428,86.49788983094513
1760020,8756,0.22814805598892973,0.44130310235845227,4.6425535921825745,1.7536369269841168,1.108262966927625,0.2164239841350352,25.284805251169082,100.4759947144812,110.8258157877101
1760021,8756,0.15776492511186763,0.3750450710827565,4.786201771255289,1.7390384065292572,1.3620580317792976,0.20818086169185626,21.4884997002259,99.63956110528234,136.2049484702668
1760622,8759,0.4569163984682485,0.4792128745745539,4.682279420023393,1.675795342620173,0.60091681306652,0.20506251686763594,27.456875201454015,96.01600045981569,60.09155110639109
1760623,8759,0.3212837339800634,0.41095834483667326,4.742567328092363,1.643739360595093,0.7328779982184345,0.19858300635012974,23.546178714823284,94.17932798163136,73.2875739943635
1764580,8779,0.34404679413610073,0.3768292902431091,3.606839585888082,1.8033105801732745,0.6275520559493253,0.2864615479795862,21.590727927840483,103.3220853952165,62.75502501637746
1764641,8779,0.44180569142495074,0.4640836018040044,4.01592885720057,1.805148599008319,0.6018489946788557,0.2575428986351231,26.590031724599328,103.4273961171301,60.184764605621986
1764642,8779,0.33564090143813674,0.3975776274253319,4.125431431306909,1.784008713832062,0.6786872310259112,0.24777086074846513,22.77952008029621,102.2161699171394,67.86852291889657
1765645,8784,0.444466180587417,0.4172554161742384,5.518453082841326,1.9179647801953617,0.5378806044653823,0.19913422350637455,23.906974325758565,109.89128715993084,53.78794063976246
1766388,8788,0.3641249018405528,0.5013133745408829,3.299851434669249,2.089950095314515,0.7888265713396535,0.362880941346401,28.723140574653684,119.74531985448583,78.88244266465634
1766452,8788,0.39593575487860566,0.4545583155076872,4.363906660764932,1.3161870993070037,0.6577903622612057,0.17280838370138382,26.044273021166557,75.41196583985747,65.7788717522619
1766453,8788,0.25299940240449714,0.38746184042589904,4.370477175315632,1.271774881316753,0.8774695548811,0.16672626374764773,22.199928178775398,72.86733319020112,87.74661213100423
1766790,8790,0.4962581220585849,0.6205616421545681,3.6348850755458795,1.8115201334864253,0.716473156332418,0.28554536308308176,35.555563023164424,103.79245815174768,71.64717270218155
1766854,8790,0.4519258029040885,0.42923776668320185,5.272200992332926,1.8226410802234367,0.544193576386575,0.19807598651447197,24.593512438568606,104.42964146396822,54.41923842651138
1766855,8790,0.3155419752068914,0.365345171747204,5.377898292099956,1.7780122081482954,0.6633898938321005,0.18942826681912944,20.932736406596995,101.87259544963337,66.33878124801248
1767996,8796,0.4233161482236723,0.5908784652615642,4.29853541638387,1.910579012106874,0.799753130301414,0.25466374697785804,33.854842264655055,109.4681138199981,79.97512599410888
1768059,8796,0.43850846090439954,0.3934351489363057,5.390190990442829,1.6783712642592516,0.5140647226189107,0.178404791017964,22.54217354615128,96.1635898980913,51.406356204172646
1770270,8807,0.45413240245438197,0.47439393029789123,4.710397739543545,1.8303504444253882,0.5985208121523996,0.2226380044140258,27.18077003269252,104.87135549546929,59.851950739128576
1770271,8807,0.3493537493740916,0.4078338685484566,4.897901488475312,1.8016737643363747,0.6688681253118555,0.2107602670001762,23.36715941031977,103.22830275592197,66.88662298762124
1771477,8813,0.4139608561467564,0.3942028078592468,6.267592699835105,1.9317340685005657,0.5456109262882394,0.17659125981980053,22.586157162541358,110.68020926671788,54.56096214462376
1772279,8817,0.46626298691008855,0.48366082329005616,4.729289556178755,1.8581034645410472,0.5943367600257308,0.22511094938696816,27.71172389034293,106.46148641683823,59.43354980938446
1772280,8817,0.37864179613197213,0.4174921088862635,4.794658049081917,1.8487988086891431,0.6317457668914094,0.22092997582185375,23.92053581919911,105.92836890670242,63.17441151280176
1772281,8817,0.28238079368049274,0.3524971683359957,4.838834520545868,1.8285944073016163,0.7152256730176692,0.216520613214252,20.196600035965073,104.77074197960886,71.52231655138849
1772683,8819,0.43041957626083416,0.3553759125231421,6.201757492378667,1.6638231719964263,0.47306257842660754,0.15371456490341795,20.36153992818638,95.33004561146448,47.306149034676544
1773624,8824,0.4012115534970915,0.373871514745341,3.9930208565657965,1.7818269495959402,0.5339143191277052,0.2556740058368908,21.421259875071165,102.09116403451704,53.39130016834445
1774026,8826,0.13484826546472062,0.3612197342212782,3.2472917049574366,1.7825795660032293,1.534789093623314,0.31452143738058264,20.69636624771655,102.134285778247,153.47778259223185
1774027,8826,0.2362083589533755,0.4330452622088846,3.3218893938421794,1.8455978342088266,1.050414342753566,0.3183277759227744,24.811665862705173,105.74496657865119,105.04099402599309
1774028,8826,0.3525195654764024,0.5021509720681009,3.3460613310038902,1.906804138017244,0.8161569847294851,0.3265087466498481,28.77113137789387,109.251829466469,81.61546926776333
1774029,8826,0.47232475578415223,0.5714723569329653,3.3109097741846822,1.9704827182002824,0.6932296701887503,0.34099492500712886,32.74295416065266,112.9003433563425,69.32282171717063
1774089,8826,0.4950401535515063,0.460973721145021,4.248874973005559,1.8785665192182228,0.5335294109990371,0.2533233703422547,26.411848688050217,107.63393308578583,53.35283440289214
1774090,8826,0.3726395395195323,0.39195849748226713,4.2340413988037815,1.8551129554380732,0.6026619471545349,0.25103708869175156,22.45756765002301,106.29014286664236,60.266034605303254
1779654,8854,0.23372479469966184,0.3924378793139535,3.3146218011167425,1.836458669880284,0.9620302917633125,0.31744596225564164,22.48503420575389,105.22133103434919,96.2026216860112
1779655,8854,0.3839118280340059,0.4652411877257905,3.4199871154958976,1.9019624096007832,0.6943353622239772,0.3186398511569133,26.656356512341432,108.97441886265725,69.43335717341617
1779717,8854,0.4686844112943503,0.4061727304404799,4.730382762712699,1.8625305412178332,0.4965384414373086,0.22559514600295588,23.27198320754436,106.71513922599885,49.653739260360226
1784139,8876,0.45030400490484707,0.40231514707804117,3.740687663743541,1.8843364723268703,0.5118977224004452,0.2886221370597691,23.050959961756732,107.9645270468997,51.189659698824755
1789503,8903,0.30156865841267055,0.517316818732434,3.3401837475302973,2.15427853288354,0.9828630587028638,0.3695337645768496,29.64007038450271,123.43106782986177,98.28598321367922
1789504,8903,0.40324389937603955,0.5826443860417484,3.4035000110327993,2.2175868964418446,0.8278628269634278,0.37331678884807623,33.38306427718324,127.05836986963244,82.78607944908535
1789505,8903,0.47458443769336295,0.6513874091819477,3.383823248539886,2.217481664360026,0.7864090270021034,0.37546978907609296,37.321749374086814,127.05234051547487,78.64073865283869
1789567,8903,0.36815865046497664,0.3722208703850787,6.407114368193211,1.553023032825409,0.5792797293649404,0.1388794705622153,21.326684919751063,88.98166526750305,57.92781716523248
1791575,8913,0.4619262589005869,0.4021710367456776,4.215297312978855,1.7696667428890298,0.4988394165755312,0.24053922592713162,23.04270304792807,101.3944355122044,49.88383474655948
1794930,8930,0.23175099773198993,0.6237656490627762,3.663426747660996,1.8844603498173038,1.542135218581931,0.2947284928748387,35.73913909653551,107.97162470427823,154.21286308766196
1794931,8930,0.37730053410020015,0.6891939232034906,3.776888090307871,1.9479441614051,1.046590143669036,0.2955051254141337,39.487903065623385,111.60897917566265,104.65873975253058
1794991,8930,0.49900093894085384,0.5484951195409989,3.4095816265625145,1.8372124901869538,0.6297874883790603,0.30873148959870234,31.426455433222806,105.26452175643263,62.9786238905732
1794992,8930,0.40212149732379004,0.480675597029475,3.4294204698281536,1.8143735323010022,0.6848846063472086,0.3031297750525469,27.540683024720007,103.95594586109057,68.48829202048893
1794993,8930,0.3149309681850727,0.41250313931563504,3.4436070219519035,1.7847768320497117,0.7504720258034989,0.2969565891239767,23.634688918682905,102.26017984917785,75.04696666676202
1796740,8939,0.28495768768426355,0.3542559237826761,3.1343508746637947,1.922782407020021,0.7122941217311921,0.35148367524292007,20.297369300255507,110.16731684425284,71.22916470876352
1796741,8939,0.4133954023972848,0.4168819418776468,3.187431376479687,1.967595075333921,0.5777900554409765,0.3536857109632323,23.88557582480725,112.73489360735894,57.7788671751734
1796803,8939,0.46038847832580876,0.4371129434856604,4.707939398482175,1.642305172168232,0.5439911611027316,0.1998690868200497,25.04472683226881,94.09715503774572,54.39899913295834
1796804,8939,0.3454839380035163,0.3704328564983265,4.7829850648116885,1.6260553455201006,0.6143335860603679,0.19478653413246672,21.22423927032938,93.16610855298858,61.43318256645205
1800759,8959,0.3661273707195932,0.4017830838972175,3.958229344286351,2.039529891694031,0.6287558975189559,0.2952240623911762,23.02047498706123,116.85645498484187,62.8754197382096
1800822,8959,0.4817517110021866,0.4769268329401195,3.7208377033705284,1.3823972459727165,0.5672194508649343,0.212870148891811,27.325894664009734,79.20552780474499,56.7218285231107
1800823,8959,0.36036450488589716,0.4117737539171887,3.704219656724781,1.3369399957182928,0.6546953775730033,0.20679394341811827,23.59289821371346,76.60101921689653,65.4693578986804
1801967,8965,0.25776916896427093,0.4136431624370028,3.3123972085278077,1.8448375365282623,0.9194275098098379,0.3191084817338429,23.700007432084607,105.70140473038127,91.94239786284047
1801968,8965,0.3865085412724949,0.48363464601309275,3.300945492426474,1.8822832137878551,0.7169368944522425,0.32671513031368854,27.71022404285378,107.84688399836494,71.69350581003553
1802027,8965,0.45492460678631574,0.5046091896819811,4.130475485061829,1.9652302102884889,0.6355333566368485,0.27260637898894535,28.911976872293923,112.59939682113766,63.55319736018782
1802028,8965,0.3406814808466751,0.440862271239677,4.176125768422681,1.9211950336257928,0.741441732740138,0.2635848939631985,25.259547488585227,110.07636704825221,74.14395781611483
1802029,8965,0.23027059583200524,0.37432813849447927,4.228517977652604,1.885490371635945,0.9314007930464766,0.25548109508519384,21.44742248872223,108.03064060729275,93.13967887020337
1803372,8972,0.23721258979535167,0.5519245471548133,3.2009039615648542,1.8387643201071397,1.3331057114555371,0.32913650642845227,31.622947161639992,105.3534350613814,133.31001478002025
1803373,8972,0.37162762349860445,0.6213524289480673,3.3116866932362603,1.905220163095513,0.9579715973693951,0.3296237964839018,35.600871768926616,109.16107438859926,95.79690453811426
1803374,8972,0.4988315904601267,0.6883389545693614,3.355871244250657,1.9609668537924727,0.7906258732384419,0.33480165350516217,39.43891697127172,112.35512448735625,79.06243041356417
1803435,8972,0.46779993564226924,0.5071526729124807,3.9650505200362307,1.8155227742459887,0.6211567144747926,0.2623467009718719,29.05770772666385,104.02179257417771,62.115539993029195
1803436,8972,0.3900240792306819,0.44030886317136947,4.004199567142209,1.8121653521207879,0.6468277277868746,0.259301327159279,25.22783954192272,103.82942645635985,64.68260859451455
1803437,8972,0.2718281665097851,0.37088798354294256,3.98137343400261,1.794898610141204,0.7817554604521723,0.258303111881913,21.25031612912814,102.84011501498834,78.17526133040323
1808799,8999,0.11682016320307734,0.5891727860955039,3.449143443542118,2.1052570878068604,2.8896647832009172,0.3497168138874069,33.757114047236406,120.62234592133566,288.96402947601507
1808800,8999,0.18951841963158966,0.6641696938977073,3.4825106317170693,2.1651173939110375,2.007937719556294,0.35621452906832096,38.054120340834416,124.05208882146621,200.7927230613545
1808801,8999,0.33016088105863767,0.7408054693087918,3.523393728747376,2.1649070978127147,1.285586148483699,0.3520470572973275,42.44502683160201,124.04003974258426,128.55822936162537
1808802,8999,0.48434511923385537,0.8106489264807835,3.506614775644547,2.1550415746365146,0.9589600338838973,0.35211962091582777,46.44676215415985,123.47478690189948,95.89580737764537
1808861,8999,0.45173281319485675,0.4823668890395291,5.3966140993359195,1.6947155155136011,0.6118126799676614,0.17992771865286397,27.637586918820308,97.10004651426694,61.18113391458424
1808862,8999,0.3547209329045635,0.41438271664098386,5.564140087294534,1.687671475819287,0.6693255992241115,0.17378507923637124,23.74238076669388,96.69645276906012,66.93237311909233
1809062,9000,0.4903102007006916,0.4357169171008688,3.7656525609471556,1.9667451032778747,0.5091621562735719,0.2992474522616409,24.96474041233135,112.68619379584342,50.9161128211121
1809063,9000,0.33654656288746726,0.3723661170839245,3.74263934654366,1.970809340467604,0.6339392126187845,0.30170969381895285,21.335006942583135,112.91905743375503,63.39373478011786
1811878,9014,0.456553700824299,0.48115340952091423,4.227761032405663,1.9269350797008147,0.6038294949810944,0.26114353757264214,27.568059663878106,110.40524746256159,60.38281856282415
1811879,9014,0.3643128474459315,0.40969167689223485,4.2918017082386015,1.8814030927973424,0.6443254336980468,0.25116830612665964,23.473603987562452,107.7964567801477,64.43236827841471
1813423,9022,0.3272973226725084,0.3522358300801751,4.677363315539574,1.932614446733159,0.6166144493782004,0.23673733152009724,20.181626456881244,110.73065122382066,61.66125842653582
1813485,9022,0.39354122704668704,0.4432399139947858,4.658707323674378,1.1002177162195101,0.6453142388387125,0.13531185191489878,25.39577638364282,63.03783168490003,64.53126154777298
1813486,9022,0.25453839022019936,0.37025247359844554,4.687080092693455,1.0511088196747833,0.8334264721204295,0.1284895880950157,21.21390409146987,60.22409917634259,83.34232306095315
1814488,9027,0.37277485703586155,0.5056941258893821,3.847383148044246,0.8311705039351689,0.7772557031113253,0.1237790986106388,28.974139138018934,47.62256193124696,77.72536389134123
1814489,9027,0.24354013857825776,0.4995985754122038,3.875908108689743,0.909427441517852,1.1753663611102505,0.1344365051408083,28.62488982186766,52.10635417235342,117.53615832205509
1814490,9027,0.15334884027750884,0.4765253416581484,3.9484817090377677,0.9874197009782768,1.7804431437622537,0.14328287554516567,27.302890908041494,56.574981474125025,178.04316495297903
1814983,9029,0.4287256054540389,0.8474736891890216,3.0022097940963564,1.0121575230418536,1.1325813967865912,0.19316556155930906,48.556665638912634,57.992354272713584,113.25787814705167
1814984,9029,0.3590066300745238,0.8384046150097605,2.993367309441142,1.0672428666186815,1.3380545260772396,0.20428001460278605,48.03704596434991,61.1485119726939,133.8050836255994
1814985,9029,0.30401153101895906,0.8344060222994893,2.98034789025425,1.1300354450519068,1.5725700188164284,0.21724397241053128,47.80794347805959,64.74626170166191,157.25648978291017
1814986,9029,0.28745989152600415,0.8185894651020235,3.020986147716245,1.184836914606589,1.6315917891586251,0.2247152124310934,46.901721504217534,67.88615461825987,163.15861700434036
1814987,9029,0.2524289232355622,0.8034013426812112,3.059156460016581,1.2226069597970652,1.8235431889981164,0.22898540655330676,46.03150619077697,70.05021879969256,182.3536037279596
1814988,9029,0.21689513385698106,0.7676841605751117,3.1418159635693734,1.2288338127079768,2.0279413184557367,0.2240964836369717,43.98506239999728,70.40699119113654,202.79320621270526
1814989,9029,0.1991629976015617,0.7048453694931429,3.216516666834462,1.2376971416554454,2.0277191717293332,0.22047086851125397,40.38466488129616,70.91482253226262,202.77090923876642
1814990,9029,0.157709781548619,0.5579332412091048,3.3143649666670503,1.2596552080774859,2.026964823010456,0.21775793424262854,31.967219971336245,72.17292706451346,202.69520991170413
1815231,9031,0.3080023310187875,0.3622883288730797,3.009917519394612,1.6597255688754586,0.6739426766242943,0.31593978678093554,20.757592211275032,95.09527024651341,67.39405104034043
1815232,9031,0.4721562911683598,0.42621188590201603,3.1537175337969736,1.7194095953399522,0.5172046244023177,0.3123770968679308,24.42014224049691,98.514913067276,51.72035399489211
1816236,9036,0.2982659053369028,0.39393176202826025,3.326383454825983,1.8741178504690574,0.7567283494286239,0.32281017590864064,22.570627380371214,107.3790431420069,75.67258377149457
1816237,9036,0.4054125527518847,0.46542946939172614,3.4291988699226716,1.938954366307553,0.6577779454130956,0.3239645927459039,26.66714425715924,111.09390185788581,65.77763391516336
1816298,9036,0.4302909532774717,0.4774306981544766,4.408720442901468,1.8534674257678025,0.6357271323078245,0.24087683058149595,27.35476401423585,106.19586096147229,63.57256696500728
1816299,9036,0.3397701762305867,0.4104107826647108,4.5087848063958935,1.8338479872268683,0.6920797252467108,0.23303784548460615,23.51480571334882,105.07174993666045,69.20777087162459
1817908,9044,0.3736147608439527,0.36021714865255505,4.673792611322503,1.759859286099828,0.5524118406616272,0.21574023025842876,20.638922326027995,100.8325096304262,55.24103768911455
1819513,9052,0.4230298374827496,0.4565868428868163,2.960531765613609,1.8563858900586818,0.6184078791197863,0.35927017410902196,26.160499078617384,106.36307664799932,61.84064318877028
1819514,9052,0.31041565269700067,0.3912957425886625,2.9223231978092814,1.8358856275114874,0.722244309355349,0.3599482009520415,22.419594591767822,105.18849812513497,72.22420059290991
1820320,9056,0.4288499421107137,0.3816176627321255,4.410353096601002,1.7201421327916222,0.5098538860639279,0.2234671056702496,21.865081462197676,98.55688437159196,50.98527090690851
1820658,9058,0.20396207635567637,0.4192698022492685,3.4124258766238826,1.9759777936951441,1.177787037551509,0.3317733241741242,24.022390146167716,113.21518799030385,117.77813207855728
1820659,9058,0.3080375170040184,0.48716846921668877,3.4752444879986095,2.0404842607117923,0.906145996867489,0.33641125500374625,27.912697197965233,116.91113630165763,90.61430846195482
1820660,9058,0.4177982812730239,0.5552804529970227,3.4547575453498727,2.0518016392491667,0.7614972839142415,0.3402831383781301,31.815226402841883,117.55957432700113,76.14954795015849
1820722,9058,0.38893501171985356,0.45847678732521663,4.428301754466344,1.6253389954912643,0.6754029195491972,0.2102952094794848,26.26878491845195,93.12506471968219,67.54012003746539
1820723,9058,0.2834816842089689,0.39460937525689066,4.506378523010567,1.5626371170543338,0.7975630250695265,0.19867951851326154,22.60945175851397,89.53251171770373,79.7560239758681
1823158,9070,0.2675804889144099,0.40879341473806896,3.982488071128827,2.036887692907621,0.8753305062311129,0.2930456181369568,23.422137357232415,116.705068145746,87.53272676767395
1823159,9070,0.40298846026333346,0.474214004573697,3.862324587226443,2.016575844354743,0.6742242781863158,0.29914959771254857,27.170461048070354,115.54128494955717,67.42226218600312
1823874,9074,0.4026379762638244,0.4040488845731482,4.7262005085375085,2.1824235903172724,0.5749655172336611,0.26457544563441815,23.15029580300995,125.04366083496794,57.4964103520892
1823937,9074,0.44459044906509915,0.7921856457593293,4.96581680795199,1.5589545809492207,1.0209147130215226,0.17987276054579537,45.38889409285527,89.3215179409762,102.09124396859288
1823938,9074,0.2658892497840847,0.4310882725321902,5.0285029999506765,1.5171255873626466,0.9289408167045622,0.172864355405921,24.699538613679913,86.92489314718571,92.89373579413723
1824879,9079,0.2415667783932386,0.7500113064528537,4.347489110444588,2.0241673394775157,1.778906890830044,0.26676603981570424,42.972482446841525,115.97624558028619,177.88996004627873
1824880,9079,0.36127109158392695,0.8148372213724349,4.429176360153029,2.0838877992979774,1.292290846683232,0.26957150923853146,46.68673377480768,119.39797587857926,129.22873053968496
1824881,9079,0.48700254183317415,0.8830589731701893,4.381841908142807,2.150991944631001,1.0389175997816924,0.28125788765613213,50.59555222380805,123.242760193994,103.89154878290361
1824942,9079,0.4352155433338585,0.4543940568101864,4.456583011919088,1.9857216884178177,0.5982061415686545,0.2552930607919873,26.034861691051443,113.77347203393283,59.82047808113735
1824943,9079,0.26411082629390137,0.3896713128316459,4.506227441791745,1.9210461848955216,0.8453466709609164,0.24425717481361733,22.32652162257531,110.06783864422178,84.53435022531157
1825886,9084,0.3355537364441346,0.41472729240358214,4.289562128416641,2.1961597368044954,0.7081465713144511,0.29334155793790595,23.762123503613264,125.83068405545927,70.81444820424802
1825887,9084,0.4797482366635016,0.4795931756503835,4.204358245092575,2.2587643715213908,0.572772595609235,0.3078178821843667,27.478664848043334,129.41766540269558,57.27714136482723
1825949,9084,0.3716682641771377,0.35424533391236107,5.1023528123990705,1.5471783463360458,0.5460988724506358,0.17373708264534446,20.296762545380865,88.64678939908539,54.609741782972456
1826350,9086,0.3927314397902815,1.1334004983764758,4.258097776971274,1.1777127131839893,1.6535234214034455,0.1584697471035299,64.93906505499618,67.47796794434382,165.3519253201328
1826351,9086,0.306712755338491,1.0780246920470344,4.236779889478056,1.1999833794736836,2.0138146189324577,0.16227886451726609,61.76626506518536,68.75398312968757,201.38081188116186
1826352,9086,0.26515808323742834,1.0516075458504945,4.274292839934138,1.2066088074511332,2.2723301916110845,0.16174275983763864,60.25267408134354,69.13359219026333,227.23217076215408
1826353,9086,0.2525919102198693,1.0139051400394266,4.387277599656811,1.214353084030963,2.2998552487471917,0.15858879410895582,58.09248535087984,69.57730655366959,229.98462348097294
1826354,9086,0.22830492291170262,0.8942178230820792,4.478447075350255,1.2111653759551806,2.244143679882487,0.15495251593260745,51.234907227979264,69.39466433460748,224.41339486314763
1826355,9086,0.11509635643117898,0.4489267329903918,4.568416516293627,1.2122073839598522,2.2347888042430872,0.15203159912356456,25.721607110945868,69.45436699549401,223.4769581899631
1826950,9089,0.4788458127317425,0.5135998075159193,4.208654540057561,1.9649130279787568,0.6145423000981088,0.2674993213969392,29.427101329393633,112.5812236134538,61.4541029552162
1826951,9089,0.3968859270159186,0.4495575979085882,4.2732808024878,1.9203078364098287,0.6489963640905794,0.2574732137206015,25.757753008201387,110.02553439218171,64.89947452254651
1826952,9089,0.30952847388382604,0.38535357771652,4.354469430841791,1.8734862617089512,0.7133150831995813,0.24651190513559737,22.079133623423164,107.34285577166492,71.33128017304745
1833321,9121,0.3638812445971744,0.45654058470778236,4.622404868271321,1.9959831398891281,0.7188567245418611,0.24740673503634306,26.15784868019078,114.36140989491723,71.88547687768633
1833322,9121,0.46954970615584124,0.5263341513587657,4.696125281410477,2.0557323565545094,0.6422477630983866,0.250812703090551,30.156725486457137,117.7847878390563,64.22464089841725
1833382,9121,0.46406868541917334,0.6988667511879884,4.028657403023224,1.917152368639583,0.8628488773396538,0.2726584272255762,40.04211528509114,109.84473940655707,86.28470366238832
1833383,9121,0.3514284626462626,0.6297177565601737,4.072091592375593,1.8762208356099328,1.026671785119181,0.2639909555380441,36.08016973534456,107.49953531495778,102.66688929169744
1833384,9121,0.2752279332386382,0.5611892871162314,4.206779248681847,1.835867615115863,1.168259925985651,0.2500427515273198,32.153777659715445,105.18746609088677,116.82557237482152
1833385,9121,0.19763878573769955,0.49076080017191953,4.331389345378838,1.8132278639160893,1.4227228260200613,0.23985445632796704,28.118522600314154,103.89030389791348,142.27156994408026
1833386,9121,0.13655625977825367,0.4232616655018372,4.406398491444534,1.790283997263507,1.775905793436898,0.23278810833696165,24.251107062933265,102.57571717300956,177.5892918641824
1833387,9121,0.09455696617802467,0.3580815971881841,4.483185418020705,1.772452869229971,2.1697568037242996,0.22652212455456247,20.516564240186554,101.55406879273056,216.97340868732238
1838208,9145,0.4814645311206632,0.5775480462470206,4.966851970193103,1.8996509715271346,0.6873001579505226,0.21913675634078336,33.091065515980766,108.84198321643133,68.7298744708842
1838209,9145,0.39493414136380617,0.5133855220099167,5.034576105301322,1.8686442973946407,0.7448032430903263,0.21266027010000632,29.41482367428886,107.06543165190196,74.48013760617096
1838210,9145,0.29691769824829906,0.4445018432049469,5.066977382364079,1.827966152016491,0.8577487598055791,0.20670063726976437,25.468079601429327,104.7347456033144,85.77458998601557
1838211,9145,0.22482059707798221,0.37355985880292897,5.128425014104837,1.783327047991015,0.9520214175690179,0.1992368278002546,21.403403304910782,102.17711334140918,95.20172253507629
1840155,9155,0.18702045466962877,0.536102860474265,3.643680241027421,1.879536350702915,1.6424101685517,0.29555145599379096,30.716431290066225,107.68950033669759,164.24014744365263
1840156,9155,0.3206425025145229,0.6060006901484716,3.762314713508723,1.942443135801411,1.082865826344531,0.29581202478931806,34.72128192752255,111.29379362557786,108.2862482951761
1840157,9155,0.481065520775105,0.6734543145686781,3.81560334184789,2.001897336389823,0.802096335139416,0.30060846953095627,38.586089919660964,114.7002683936181,80.20946844833476
1840218,9155,0.460215596407543,0.4459862869693569,3.266000522652454,1.5244331707234542,0.5552426212470946,0.26743286156559404,25.553131964054533,87.34358683220002,55.524142683081465
1840219,9155,0.32234965443637636,0.381163939850555,3.146038975767573,1.5257036636700576,0.6774967516780417,0.27786172107658613,21.839085056015172,87.41638071594153,67.74946709570165
1850808,9208,0.3423317260682795,0.5200038846902656,3.965857743467158,1.7915308612520886,0.8703262007007495,0.2588271279458843,29.794027923159742,102.64715721718214,87.03236837840977
1850872,9208,0.4993122257666267,0.6738782559266325,5.926624414504042,1.657122570241099,0.7732712560298419,0.16020271002516184,38.6103799702328,94.94612941068628,77.32697228468538
1850873,9208,0.3441634248050445,0.607505493630183,6.001149341154446,1.6316149372132434,1.0113654530365297,0.1557779089014639,34.807500816021204,93.48464969282165,101.13625438113853
1850874,9208,0.23901904521349784,0.5388282221671985,6.116255504349869,1.5910079749791004,1.2916368941857699,0.14904223985424492,30.872583012717943,91.15804213795813,129.16315443393833
1850875,9208,0.16897845377643037,0.47463342808124104,6.176454551765823,1.54664167348895,1.6093466372650485,0.14347396135402407,27.194492244881204,88.61604030996754,160.93372085851985
1850876,9208,0.12256303670171485,0.40564956218484677,6.2743523880480705,1.4891257538303853,1.8963307864797199,0.1359831508432029,23.242007874521356,85.32062085871826,189.63154690380858
1852075,9214,0.47730371189958365,0.5109494703874455,4.349945612138331,1.8919172793759795,0.613346321313712,0.24919593188576541,29.275248197645265,108.3988752961167,61.33450491434548
1852076,9214,0.3812215449473631,0.44563360551215225,4.483738845339097,1.870093651122795,0.6697660316864723,0.23897126251221715,25.532924805044182,107.14847350354675,66.976429236549
1852077,9214,0.2850395185304926,0.3784004631789778,4.628824155077914,1.8542425717931899,0.7606225570791878,0.22951892266455332,21.68074950595094,106.24027355723332,76.06199152922048
1853220,9220,0.418251488563405,0.6105797886801285,4.177750936848437,1.8992755539897779,0.8364260514910669,0.26047621019169737,34.98364494736104,108.8204733759856,83.6424071677883
1853283,9220,0.4232500841418182,0.4448231668754029,5.043590986611273,1.9156546844192874,0.6021614748433906,0.21762059710122506,25.48649009160411,109.7589284216908,60.216006636534416
1853284,9220,0.28882759454646073,0.376854237926154,5.076826356875373,1.9164048072614341,0.7475794205575761,0.21628060398339322,21.592157324787586,109.80190729466216,74.75768581255998
1854024,9224,0.15561459780271927,0.5615798405984586,2.867113589196553,1.8895488444388615,2.067682152739323,0.37760336388661725,32.1761547259212,108.2631739701685,206.76689984966882
1854025,9224,0.33823170020307525,0.6306490286029501,3.022554169515591,1.9508766737917487,1.068306921053603,0.3698097473862367,36.13352769297418,111.77699975878745,106.83037941417129
1854085,9224,0.4800420595232079,0.4586551399591475,4.337099184236479,1.7107996660910492,0.5474312657168219,0.22600728290851033,26.27900377164123,98.02160045940761,54.743013674111374
1854086,9224,0.38585625662710993,0.39267693273047183,4.436656735912551,1.690554050783256,0.5830857991310341,0.21832117672358423,22.498730957598575,96.86161214862561,58.3084303098677
1854627,9227,0.30913439811935217,0.38902526458138514,3.7652883242220216,2.1500998768011477,0.7210295974516014,0.32717719743435714,22.28950578447356,123.19164847230402,72.10272883685725
1854628,9227,0.435217464000327,0.4549171958268571,3.8794261739013804,2.2140837288961963,0.5988922069058678,0.3270010747485445,26.064835348805296,126.8576531543396,59.88908445939856
1855896,9233,0.4554875959581709,0.4655236658142437,4.8064469914329715,1.964520567895133,0.5855821534047222,0.23418283250283853,26.672541314614726,112.5587373070348,58.55808806476499
1855897,9233,0.3599182491121587,0.3991698166844134,4.921896208040477,1.9517436953746925,0.6354427769639939,0.22720242663051873,22.870745805027642,111.8266764362369,63.544102910429835
1856298,9235,0.45338837425048006,0.5104759087673737,5.034927862000666,1.89286736064533,0.645100671553978,0.21540191577749487,29.24811511547577,108.4533109430449,64.50992629420848
1856299,9235,0.3374810768668668,0.44669136652605923,5.036030833421744,1.8858267588259956,0.7583693143957114,0.21455371806291423,25.59353004687453,108.04991417356491,75.83670897275803
1856300,9235,0.23852541857612547,0.38173550449262283,5.032857646933521,1.8501149087066437,0.9169602347342249,0.21062343326377628,21.871833297724564,106.00377588312229,91.69564289057645
1861462,9261,0.35175006349048177,0.3827290417424586,3.1411058738280637,1.7998787294262906,0.62341874079303,0.32830938734805265,21.928758788929187,103.1254548314955,62.341698618695354
1861463,9261,0.4595076455451029,0.4496419365761606,3.159266023902549,1.8611389784604784,0.5606562795421005,0.33753222238568886,25.762585257903044,106.63540855307484,56.065507162202735
1861726,9262,0.42891775247850505,0.3999701622537899,5.079602379785329,1.7552013157711315,0.5342889531056285,0.1979793296257284,22.916602228304907,100.56562758949474,53.42877198975663
1862127,9264,0.44722400212751573,0.43682858300188016,5.879597131959318,1.961046971343535,0.5596397666042945,0.19110104344233061,25.028434176687906,112.35971488489704,55.96385277572571
1862128,9264,0.32185661619897965,0.37230245409498575,6.046511784129102,1.926050824099586,0.6627596757575589,0.18250949821308518,21.331359322005756,110.35458334860039,66.27576371788645
1863672,9272,0.28538781911949396,0.6342227805156359,3.352654087417518,2.034281841181836,1.273294965195687,0.347652219564202,36.33828859459788,116.55576383982164,127.32905481970836
1863673,9272,0.40719841206395335,0.7031427595570559,3.435034386748379,2.0958677784508866,0.9893730018303941,0.3495871198156506,40.28711251780133,120.08437812269567,98.9370596425959
1863736,9272,0.4788524019980763,0.46361814438178717,3.161921386174524,1.8875808911145828,0.5547296476574907,0.3420401869611789,26.563362978763244,108.15041855040859,55.47285007880127
1863737,9272,0.3705000631954496,0.3985747098847264,3.137771434351062,1.8799411213820485,0.6163736622259461,0.3432776857670689,22.836648697046037,107.71269198828259,61.637201524031994
1866349,9285,0.3893550329243306,0.40554951489548735,3.565013819293505,1.806623845113537,0.596788869422842,0.29035489467712844,23.236275587089338,103.5119214927022,59.67873519916717
1869163,9299,0.3123769382055172,0.35660777544177097,5.353828567413162,1.8261823914543989,0.654085411607258,0.19543499037841905,20.43212047436248,104.63254365144464,65.40833386549835
1873722,9322,0.22759534373223345,0.35029022311945446,4.383010498745277,1.7500540233235071,0.8818348468156015,0.2287713188372682,20.070151389440674,100.27070945632629,88.18310110048674
1873723,9322,0.4010789849701255,0.4195681888039331,4.532627588240302,1.8153054505082808,0.5993703668825647,0.2294680923744948,24.039486436413444,104.00934084121903,59.93688874353585
1873785,9322,0.47731245828283553,0.4218298429131315,4.176393623681926,1.6915991503271957,0.5063573922244023,0.23206982014340927,24.169069671588936,96.9214919416644,50.63563419841261
1873786,9322,0.37188822206313754,0.3561875632321264,4.193593565000535,1.6666721873637909,0.5487682139074839,0.22771229605332036,20.408044088249984,95.4932821677824,54.87667530409151
1874326,9325,0.4916324131670196,0.39203563868057095,4.5470882743171055,1.7752615929568845,0.45688580444747257,0.2236925928157491,22.4619875151124,101.71499680810095,45.68848844185765
1874387,9325,0.44723995637394337,0.4315652937172205,3.6174294901729294,1.7212218863905528,0.5528770184560386,0.27262106888609805,24.726869914320478,98.61874969572474,55.28757946230232
1874388,9325,0.32717797603971815,0.36149640242131736,3.639709221735774,1.6819653229380354,0.6330565946264458,0.2647725632900336,20.71221816790428,96.36951429170799,63.305467908151606
1874613,9326,0.22368548469373573,0.39507157402911763,4.075362704699464,1.8943573215437666,1.0119535836890643,0.2663288816543265,22.635933797458705,108.53867941416485,101.1949104947091
1874614,9326,0.3626460910395165,0.46004945395949204,3.909562448131089,1.8660472901094676,0.726848903203973,0.2734746796862962,26.35889207917697,106.91663409509682,72.68469189596982
1879011,9348,0.4032409928877301,0.436966336715283,4.539308831641126,1.8632258296217499,0.620877507589394,0.23517892269804636,25.036326883078143,106.75497631708767,62.087598327212696
1879012,9348,0.2886494723191373,0.36922942259103364,4.627316974764658,1.8445570801323443,0.7329057865112956,0.22839441540427083,21.15528758651856,105.68533576255773,73.29032728250272
1879551,9351,0.18067951842113172,0.38172908428257135,3.818412765940355,1.8529798462926217,1.2105115415071566,0.27804203197812055,21.871465446785027,106.16792471536722,121.05049087697891
1879552,9351,0.31116297469091503,0.45122368576245747,3.899756890388847,1.9120437516383748,0.8308575917603652,0.28092017018372495,25.853212810526106,109.55203721323906,83.08549483019873
1879553,9351,0.4866305191105249,0.5227050617973373,3.9970316418598317,1.9516861973816648,0.6154318765379032,0.2797660658800992,29.94879397111231,111.82338204390594,61.543062450729316
1879613,9351,0.4303545392067604,0.3957901713155454,3.661427653461023,1.9492479611470266,0.5269400876774637,0.30502768773160605,22.67710638914057,111.6836813982053,52.69388754920977
1880418,9355,0.4731775788584673,0.44428948549159947,4.675435122698475,1.7646337622826356,0.5379779812082693,0.21624953420481405,25.455912400707472,101.10606696508681,53.79768556327992
1880419,9355,0.3525718697519878,0.37985358190697927,4.732694170914174,1.7639181156922539,0.6172927657051509,0.21354657531730298,21.76400707619684,101.06506343583501,61.7291032390167
1880821,9357,0.3545769552983994,0.4338634946812536,5.627511893145753,1.9800565759020556,0.7010761996090864,0.2015968814439922,24.858547130032473,113.44888499631293,70.10742421680575
1880822,9357,0.23162569770478975,0.3657752292856562,5.76517112083814,1.9407523505226312,0.9047949425030387,0.19287704777789508,20.95737688849809,111.19691876504093,90.47910753020557
1885581,9381,0.24180761599866785,0.4212438895520185,4.5513068309523685,2.2887203998353294,0.9981280332795881,0.2881238817302387,24.135497017005655,131.13401939605865,99.81239467967767
1885582,9381,0.41307905318516686,0.4913403222946595,4.699857305017893,2.3505173944999305,0.6815094077876884,0.2865506702652313,28.15172677208162,134.67472637693277,68.15077744618755
1885643,9381,0.4531450891134112,0.5461872559514339,4.60105304212988,1.5592276558715183,0.6906005306264305,0.1941667765386003,31.294224589848817,89.33716398151472,69.05990218535605
1885644,9381,0.3447223235694595,0.48203676600151174,4.664336932349389,1.4995024368097218,0.8011860437367596,0.1841958719120851,27.618672262021875,85.91516099877948,80.11837428359237
1885645,9381,0.24354925976030922,0.41920470655148173,4.748550860178587,1.447870197884558,0.9861930795792658,0.17469930066988335,24.018660437420074,82.95685162155651,98.61890708331872
1885646,9381,0.16851463257527255,0.35336372496414337,4.807950345995864,1.4035255348924118,1.201453462088517,0.16725648901073165,20.24625007346702,80.41608958817656,120.14464037586202
1890204,9404,0.33330306779658037,0.5751583558118384,3.9282638536947725,1.8965098695201457,0.9887141324213763,0.27661586670048055,32.95414633970204,108.66201132841078,98.87111956825673
1890205,9404,0.4661081689539299,0.6439003696813717,4.016970537887125,1.9468469156106765,0.7915066775368159,0.2776871532733182,36.89277360965607,111.54611162255371,79.15049964035902
1891876,9412,0.4586566252095132,0.41294730761711906,3.8772268571588264,1.7920993963613543,0.5158573117980413,0.2648277632376211,23.660137887751436,102.67973187944808,51.58561983340747
1892616,9416,0.31678225053417153,0.5391123013135654,3.37884848744432,0.7733763182046527,0.9750817326944492,0.1311428998429764,30.88885954885244,44.311199008493176,97.5078685402922
1892617,9416,0.4428967231743778,0.6047710435499123,3.4791607549976975,0.8397292119092672,0.7823681181565574,0.13828892375509297,34.65082836713248,48.11293977624776,78.23663693454968
1892679,9416,0.4866484416423398,0.43913071453564834,5.031402849560075,2.0088862184595224,0.5170125685707162,0.2287646309637596,25.1603365974568,115.10070183972653,51.701151680244294
1892680,9416,0.3288141646073592,0.37257978604799086,5.1102841436440185,1.9539382109885008,0.6492192527261961,0.21907277472849165,21.347249272437068,111.95241291898367,64.92172980503497
1895028,9428,0.27251979222850126,0.6583616428546999,3.593354897540446,1.8019088124612601,1.384168901504086,0.28731303385817397,37.72134352887353,103.24177002146037,138.41638731640415
1895029,9428,0.4476074604188671,0.7285958281725623,3.726155998518594,1.863414415767707,0.9326355944430889,0.28653062637002275,41.745465925126744,106.76578150732566,93.26335316821714
1895092,9428,0.4520334820944553,0.4568532271676704,4.621703388169236,1.7567112376240428,0.5790668663146172,0.21778147809946388,26.175761773638953,100.65213973906113,57.90655981011947
1895093,9428,0.37736514989749365,0.38830691612000506,4.705744674199816,1.7071127778921098,0.5895707874955981,0.20785308997847568,22.248347449416762,97.8103573260718,58.956924078803105
1896234,9434,0.4028633174244237,0.4688185285778662,4.698856514581474,2.05097824381412,0.6667601942518393,0.2500872214951688,26.861323045045108,117.51239724370262,66.67585557533083
1896298,9434,0.437864672952104,0.48328341218273246,3.7893061538397914,1.8876142335927764,0.6323894322799452,0.28541459638641165,27.690099826751922,108.15232893368758,63.238800246807216
1896299,9434,0.2893954532968974,0.41258563663976405,3.7236864418967994,1.8843957130209956,0.816855088116029,0.28994901338605183,23.63941566717662,107.96792128864851,81.6852293726091
1896499,9435,0.400014729416333,0.3753934210923974,4.258371828289344,1.784556528078113,0.5376916539864246,0.24010950955957322,21.508458685571668,102.24755736139527,53.76903232519101
1897706,9441,0.42948927072720433,0.41307440662998407,4.497659351042054,1.8830055498576375,0.5510596232971307,0.23987648273469317,23.667420124768878,107.88827080655354,55.105835307271754
1897906,9442,0.4635016489602836,0.4193903916627428,4.5871993390943535,1.831187089373865,0.5184296311800853,0.22872189267440943,24.02929941061375,104.91929171996794,51.84285238609879
1897907,9442,0.3594450672624335,0.3513401776471348,4.6908078425857305,1.8089857534514953,0.5600385323363358,0.2209582061966792,20.13030935255741,103.64724887206397,56.00369898569558
1899249,9449,0.2199887757915874,0.36962488881923844,4.596755958706595,1.5895927180783174,0.9626829865954248,0.198133106283306,21.177946132334654,91.0769538906165,96.26786543206485
1899250,9449,0.3432499701018715,0.43152691023971307,4.709425375970189,1.6524073216402728,0.7203109143871865,0.20103506862759177,24.724670703056265,94.67596556650398,72.03088368757814
1899313,9449,0.389259718937404,0.36350488268791814,5.260603011304392,0.8941083627189705,0.5350488134816793,0.09738167925555954,20.827295610415813,51.22863561114917,53.50474527013602
1901259,9459,0.12994079244944706,0.5808759831786419,3.0988919793346477,0.8807702441333363,2.5613003482563923,0.16284664932895054,33.28174225664838,50.46441770954733,256.12808342317123
1901260,9459,0.236571583809345,0.6513018974607289,3.1500005161031406,0.9437041668088799,1.5774019742808185,0.17165160900448756,37.31684991336207,54.070265867058644,157.73953732287043
1901261,9459,0.38769659857261657,0.7241313441088748,3.182630320783474,0.9880812769423168,1.0701581833105698,0.17788081272623113,41.48966983057404,56.61288698469182,107.01554506225021
1902326,9464,0.46986545003859537,0.4428215559027191,3.5374588531719784,1.3500053719241358,0.5399802366523851,0.2186586844486551,25.371806230642253,77.34961013124199,53.99790989239216
1902327,9464,0.3615059290089766,0.37898810186713827,3.529026826347614,1.304655434734622,0.6006656151262274,0.21181831024686593,21.714418722661136,74.75125012909946,60.06639701813833
1903421,9469,0.456093935332079,0.44059679135084634,5.633813062696581,1.0372721675226186,0.5534898428223903,0.10549039635954163,25.24433661140963,59.43131740543295,55.3488641416933
1903422,9469,0.3048081995088878,0.437602093329495,5.624282398502288,1.0586369307240187,0.8225747296723952,0.1078456303607303,25.07275305387002,60.655428167169575,82.2572058004402
1903423,9469,0.20742816325016517,0.42881427353679724,5.626758589536772,1.0711845123681143,1.1844701557968014,0.10907585700144444,24.569248068626905,61.37435163847208,118.44645026599143
1903424,9469,0.15991984472712772,0.4169062077157602,5.697764106094122,1.0783176302196251,1.4936835826718318,0.10843384865936853,23.8869661549175,61.78304918613308,149.36743359301116
1903425,9469,0.12135319454187392,0.4120331553507054,5.770543447840864,1.0857067825464846,1.945375971749272,0.10779992713531503,23.607760821053613,62.2064164286414,194.53601014926292
1910858,9506,0.4109197865898727,0.8965176195329425,5.821920551739031,0.8523388226407813,1.2500414018655934,0.08388197113750905,51.3666758583529,48.835417252466385,125.00383902365199
1910859,9506,0.3022613987348678,0.8274748933054363,6.0053067367458555,0.876101192020903,1.5685369573932797,0.08358757153642295,47.4108190394396,50.19690072917825,156.85318199643626
1910860,9506,0.2605482587972006,0.7946703302079144,6.168903496498137,0.8786006925386949,1.7475171197786972,0.08160301341512594,45.53125602518099,50.340111559738496,174.7510479798386
1910861,9506,0.21266028334192957,0.7021957462541044,6.285633475290257,0.876872516011789,1.8918836243543768,0.07993004119006977,40.232852652399465,50.241094338493205,189.18748170869762
1910862,9506,0.18860346593726962,0.6397275641675272,6.393285960694699,0.883108290954481,1.9434259778528709,0.07914299181459084,36.65368946498386,50.598377924702895,194.34157766537186
1910863,9506,0.1744279857850065,0.6022113175460407,6.488102426263224,0.8975746814979209,1.9781323929748817,0.07926391661172524,34.50416687040075,51.42724104762996,197.8121165763646
1910864,9506,0.13928558626381624,0.47424325694445535,6.5684959845697595,0.9041432331263293,1.9508217514458364,0.07886674723753823,27.17213708545556,51.80359133345155,195.08078856918843
1912315,9514,0.2799119674483874,0.4080262783870272,3.3080834234755048,1.9101976904217248,0.8351976894706954,0.33084493755291083,23.378183682006657,109.44626569680223,83.51947355321191
1912316,9514,0.4391957312412109,0.4831954114658446,3.3742803853603385,1.9579096503263838,0.6303580649220184,0.3324559505661856,27.685057757080124,112.17995963163659,63.03566440223626
1912377,9514,0.4412989261260055,0.40386141537696035,3.586219051163299,1.8441884455169042,0.5243510173038932,0.29463959884434715,23.139554609279674,105.66421455491057,52.43498409893814
1913183,9518,0.45479979443208113,0.4613692420956936,4.863371379409264,1.920303786505734,0.5812339871658945,0.22623257312687778,26.434510369232758,110.02530234976965,58.12327219490032
1913184,9518,0.331647241955332,0.3981408965103826,4.908617656640308,1.884207511776097,0.6878330179763473,0.21993389072713773,22.811793021599808,107.95713815161672,68.78309647325739
1914728,9526,0.4914632580245067,0.395246507253345,3.5584634847046637,1.9846517101745618,0.4607863538598029,0.31955411925860167,22.645956732903546,113.71216679642345,46.078542565702335
1916134,9533,0.4838404539276596,0.3828611312817396,4.810057848896889,1.934940859093226,0.4533793388005593,0.23048359933633827,21.93632696204782,110.86394483345957,45.33784111298487
1916396,9534,0.4254106239734434,0.4903892315306642,4.155075909006989,1.824344120067813,0.6604732237869919,0.25156512298907474,28.097233285370816,104.5272184593936,66.04716867615447
1916397,9534,0.35238615040178184,0.4227002888643054,4.228852351158789,1.7682231124251215,0.6872841579042611,0.23957261433379654,24.218942550885448,101.31172157944594,68.72822270412442
1916398,9534,0.2634197625646257,0.3590534844893466,4.285660041511946,1.7229727085803868,0.7809683031921404,0.2303473986067859,20.572249280705527,98.71906441788008,78.09653681212197
1917942,9542,0.1961063291893757,0.3579353080248666,3.225810186774607,1.9291464211198042,1.0457684628305486,0.34264864096297365,20.508182488539962,110.53194799293216,104.57631835236381
1917943,9542,0.33797010403050687,0.42369473926184775,3.3300505388921673,1.9895714020766953,0.7182860067742106,0.34231926124017437,24.275920361599734,113.99404437892039,71.82839027388708
1917944,9542,0.4865052631153166,0.4923237865397111,3.3815460944060907,2.043023907095245,0.5798102647890296,0.34616309731327494,28.208075122625093,117.05664732088513,57.980908492310476
1918004,9542,0.4500020231920992,0.41442791754163333,4.220862734312099,1.704136762544401,0.5276636289639809,0.23132674555328364,23.744970587531284,97.63984420688193,52.766246811179606
1918005,9542,0.3361827887272245,0.34935042370533104,4.297060231961856,1.6539772386971618,0.5953994352240364,0.22053662236949048,20.016304849422536,94.76591518804932,59.53976818811905
1922967,9567,0.17797739542133256,0.5493729796163078,4.442372396179764,1.7396757415220545,1.7685814126812864,0.22437578076940753,31.476753110541043,99.67607771050562,176.85715749951203
1922968,9567,0.3117798670447087,0.6208371686371018,4.561043038618664,1.7975360332560264,1.1409122957174307,0.22580630599276924,35.57134952775769,102.9912282282579,114.09086729705206
1922969,9567,0.48168356902069853,0.6888376488603946,4.579637890145335,1.8332336894774461,0.8193654873943549,0.229355585656501,39.46749004941519,105.03655326825418,81.93638033631763
1923032,9567,0.37997586238434333,0.3606771228770939,3.6661870051668144,1.8745980175667993,0.5438576080661267,0.2929652913117458,20.665276907778875,107.40655469016856,54.38561910876596
1923633,9570,0.3426119851196475,0.4146750796868669,4.604676685166909,1.742823537591668,0.6934705227413701,0.21685872809457424,23.759131935308567,99.85643314006235,69.34685189182596
1925580,9580,0.30083429431225234,0.36261005503557325,3.8731659279063075,1.746470834701117,0.6906135857757857,0.25835559197640723,20.77602576254485,100.06540787106405,69.06113130788555
1925581,9580,0.4369271110850932,0.4342274107008607,3.9615259621867476,1.8086254863032436,0.5694175706068794,0.26158255130098373,24.879397982053156,103.62660708497194,56.94162804097495
1927050,9587,0.4832491587832476,0.46640524579589027,3.843139945807201,1.7683324855073663,0.552987027254514,0.2636333554346719,26.723052126866296,101.31798819545091,55.298589438958466
1927051,9587,0.3605554944033019,0.3962026313197556,3.8314184298214427,1.751588192997473,0.629604549906072,0.2619359187204271,22.70073860659976,100.3586109037015,62.9602821165877
1927590,9590,0.1357301734070279,0.4790940930149902,3.972426557805671,1.7164161528723354,2.02239979571012,0.24756505820569583,27.45006951940703,98.34340144766634,202.23850446713755
1927591,9590,0.1875803524514255,0.5487669652829904,3.9696458655360756,1.7820497179910455,1.6761899079419642,0.25721167813130685,31.44203104691752,102.10392772336547,167.6181061497543
1927592,9590,0.2869721008082481,0.618143325566467,3.940889125267857,1.814911470064747,1.2341618699248806,0.26386625925097484,35.417003689139754,103.98676742459385,123.41576123124155
1927593,9590,0.42909414060085144,0.6901765201601433,3.8840631262696483,1.838752816080092,0.9215740104783319,0.2712437265640527,39.54420172420199,105.35277592918416,92.15718842406189
1927652,9590,0.42319072967029064,0.41060811579267836,3.569280696120947,1.7826571719109525,0.555922185042819,0.2861605479615752,23.526112068739476,102.13873226922483,55.592088453781244
1930558,9604,0.43699131404537117,0.3854251652101643,6.3203585463055045,1.044768293288704,0.5053472247513564,0.0947111041901393,22.0832352846749,59.86081377452891,50.534607989425844
1930559,9604,0.3134121318054678,0.3760894506330801,6.331961944155965,1.1041943437887367,0.6875399949898585,0.09991480700509871,21.548338240669214,63.26567566131208,68.7537823209145
1930560,9604,0.22578513892318883,0.3618398314243313,6.387047802419144,1.1666966207846787,0.918213412140418,0.1046599216200613,20.731895200339363,66.84679234313717,91.82093860683023
1933282,9618,0.44132787881912927,0.422369641634828,4.498983345719237,1.2691996436491482,0.5483450847595689,0.1616360346124881,24.1999978601287,72.71978294060425,54.834385469813405
1933283,9618,0.341626025163381,0.3513990613555905,4.600332467789457,1.2171370504604337,0.5893486171481388,0.15159081743999117,20.133683140534,69.73681608038437,58.934690927643075
1933483,9619,0.3936057091391169,0.4138373246989678,4.071050873939119,1.8817168868644045,0.6024082211532957,0.2648319535409642,23.711132110235916,107.8144358558266,60.240670597551784
1938243,9643,0.39217355145597976,0.45839219275637233,3.436814557838506,1.8308271372717448,0.6697019021165067,0.30522062192509514,26.26393800668744,104.89866798368959,66.97002115303108
1938305,9643,0.4358685075958765,0.42217875430017,4.851211100894316,1.8907736477824733,0.5549623302667074,0.2233119679933282,24.189060821490294,108.33335003249097,55.49610697685597
1938306,9643,0.3238933402311117,0.35505716702328805,4.935402312028016,1.8380564768612913,0.6280856689953702,0.21338256085182358,20.343277156305955,105.31287863083745,62.808374921865585
1941007,9656,0.48200205580170263,0.5120644087319468,5.4694888762120994,0.42299258121949324,0.6086930231388824,0.04431070283425716,29.33912945920249,24.23568966922165,60.86917729266988
1941008,9656,0.31787757665447564,0.49946875731848495,5.537755277979452,0.41738666674909153,0.9002664231278292,0.0431844550474565,28.617451792993137,23.914494429756317,90.02636193410241
1941009,9656,0.14952791133610055,0.48917831352236535,5.576936899933999,0.42649129746367187,1.8744226859918325,0.043816438554647626,28.027852794158903,24.436151343726948,187.44102758268514
1941010,9656,0.10214964634316374,0.4175886632785312,5.658145808137846,0.43970266355282384,2.3422563359382984,0.04452537575379937,23.926067978369502,25.193106862237613,234.22336358002607
1941011,9656,0.08165064666308339,0.35673904619746893,5.753104823763482,0.450814976119954,2.5033040235031963,0.044897140273502376,20.43964173463747,25.82979547296436,250.32736717456436
1942062,9662,0.2525743958276163,0.4902721568230076,4.4589441551556295,2.0394236359242806,1.112168325475794,0.26205837671351023,28.090525398734364,116.85036697768625,111.21639661967019
1942063,9662,0.3465655497912529,0.55862432472406,4.505824977463409,2.1031975140256907,0.9235428978953633,0.26744123744565973,32.006816140034246,120.50434103607884,92.3540259708067
1942064,9662,0.45270547310594533,0.6248277878769155,4.46804804299,2.159744814729658,0.7908010064783015,0.2769537418615365,35.799995167842724,123.7442627092733,79.07992771171305
1942126,9662,0.4379982760148539,0.5904888478828816,4.8169446145725905,1.7139058602068529,0.7724349595305089,0.20386278009435252,33.83251883323159,98.19957227259154,77.24332136129884
1942127,9662,0.3359843504630141,0.5270766289700887,4.881071473930593,1.718267389640598,0.8988295252300382,0.2016964304363938,30.1992663199689,98.44946950136722,89.88268767775722
1942128,9662,0.24261982294413667,0.4613879743867073,4.9440641285969225,1.7177777791319069,1.0895887335202008,0.199069862620239,26.435583650448457,98.42141688561397,108.95842875174502
1942129,9662,0.16509660349171768,0.39017350785111937,5.033184978719862,1.691132129382758,1.3540735212479156,0.19251176706153228,22.35529527768363,96.8947336126039,135.4065401609849
1946283,9683,0.20009178137929112,0.6232789518985993,3.7299705856316927,2.0252443163070475,1.7847435497957758,0.3110961570130019,35.71125340312719,116.03795180725174,178.47347194116804
1946284,9683,0.3275598100855631,0.7002700542882135,3.828148663157739,2.0922445954321898,1.2248913380044941,0.31314558357640193,40.12251863011167,119.87678502732088,122.48876359669264
1946685,9685,0.3478844204065229,0.8845990224109327,4.423444145349969,1.5334563503494323,1.4569145990902224,0.19862481328331755,50.683790545544966,87.86057694255699,145.69104530542907
1946686,9685,0.48722276056419234,1.043912436723212,4.5223867904878565,1.599170743774744,1.2276063521455913,0.20260481551291765,59.811776805457654,91.6257343390896,122.76038577469454
1946749,9685,0.42622286101004186,0.618359265041128,4.2730912602259705,1.0367320267675493,0.8312406142286388,0.1390102992503674,35.429376109668105,59.40036961982447,83.12386834868775
1946750,9685,0.2918395717582537,0.5474408304534408,4.2295830961158405,1.001993871136774,1.0747702189383344,0.1357344647776264,31.36604911811903,57.410019914112425,107.47665730349897
1946751,9685,0.18617926276226518,0.4820868470247205,4.24253758867626,0.963641194054742,1.4835991828454367,0.1301404456651394,27.621541693285433,55.21257338428388,148.3591293914735
1946752,9685,0.11439841671488447,0.4175162075707492,4.29713610220059,0.9208308186747414,2.09110538134695,0.12277879540711241,23.921916572111957,52.75971955563907,209.1087285150422
1946753,9685,0.09756461013811303,0.3500117132355241,4.39414130999409,0.8604022172502108,2.0554780944311526,0.11218896285338754,20.054193948538785,49.297415732135235,205.54572374579774
1951308,9708,0.33938455888082386,0.5522426048131996,3.2301714600620297,1.9195747765013547,0.9323102292908979,0.3404882191940847,31.64117052310734,109.9835331532959,93.23075097081023
1951309,9708,0.4595147134279276,0.6211571795541656,3.341706220686009,1.9858584458308655,0.7745058642998109,0.34048865998959993,35.58968480270356,113.7813076565176,77.45041956717678
1951371,9708,0.3951837873504237,0.3699421242403479,4.613197454856624,1.692545954100272,0.5363611191852817,0.21021371953108603,21.19612238307628,96.97573980188875,53.6359775516383
1951457,9708,0.41414103957281356,0.4554832395628185,3.3848023354706616,1.916639214664924,0.6301540813888175,0.32443648591923546,26.097267265895702,109.81533784956875,63.01525750154456
1951458,9708,0.30273994032896906,0.389063709833085,3.3836364337007048,1.8636588007362231,0.7363319083231413,0.315576999808562,22.29170853513828,106.77978373459807,73.63295004275048
1952514,9714,0.3331625591907366,0.3782259271392275,3.235639136146847,2.0073017707010368,0.650455703356452,0.35544729951504517,21.670749327500317,115.00991967030633,65.04537705185753
1952579,9714,0.44923186537119547,0.8595676824140888,4.044596055771189,1.7375332106815464,1.0963068986917812,0.24613909057167102,49.2496004081688,99.5533197358679,109.6304482697954
1952580,9714,0.31072081429399956,0.788040103814144,4.042893317721346,1.7147766742495003,1.4531170267777138,0.24301770607771955,45.1513720356017,98.24946624197597,145.3112396958402
1952581,9714,0.10917358081935245,0.3590147284523777,4.0417493699290326,1.6755081403422105,1.8841579331574252,0.23751978650172392,20.570028723356554,95.99954498142189,188.41408475287022
1953519,9719,0.2985036861978757,0.6606901962625689,3.520078587414082,1.884174889849481,1.2681504548748237,0.3066842573691624,37.85475981151523,107.95526905290204,126.81462490147206
1953520,9719,0.4576653271500908,0.727074205423149,3.6350569781080364,1.942425937067675,0.9102346186622495,0.3061652364043051,41.65828336357427,111.29280821072183,91.02326496900551
1953583,9719,0.40531201112128223,0.4023858252449305,5.028110260222358,1.9183474533890257,0.5688212616700166,0.21859745871086453,23.055009522423212,109.91321271886058,56.8819872291848
1953984,9721,0.4233958471852139,0.36571280349758517,4.2923519656901155,1.714627613914713,0.494898563571505,0.22887434737479764,20.95380015430884,98.24092571389984,49.489740638391325
1954788,9725,0.41804511757807333,0.4015257037557135,4.923061463052902,1.7464146378092513,0.5503168599166621,0.20325195729129816,23.005728191222573,100.06218802633839,55.03155566784107
1955590,9729,0.4866429950403638,0.42857510805570814,4.135852910405723,2.0386327834245197,0.5045905240930889,0.282420716391854,24.555544895955286,116.8050544672326,50.458949758372285
1955591,9729,0.3891339594298741,0.36266484928370823,4.216498975106057,2.005313079846529,0.5339848708697531,0.2724914116745526,20.77916524170458,114.89597607758678,53.39835123564421
1955794,9730,0.3844326820148056,0.37676421880482147,4.5274336239907855,1.7108463661098408,0.5615287164034525,0.2165117903384535,21.586999609059756,98.02427617338755,56.15272703453799
1959008,9746,0.46430665664711246,0.6384148018806742,5.971055714407022,1.7174263088671617,0.7878084971423428,0.16479712075135897,36.57847372644324,98.40127912281972,78.78068173716112
1959009,9746,0.39567380749543046,0.5713257648931312,6.19690504926765,1.6884353343631813,0.8273116291258772,0.15611053859069937,32.73455505545996,96.74021863977026,82.73095591469517
1959010,9746,0.31761977805441477,0.5024109650563191,6.336852462717969,1.6494648887167789,0.906304612037904,0.14913930375587842,28.786027878821766,94.50737657848744,90.63017871548111
1959011,9746,0.22763317090600718,0.4380547136093115,6.413079688189877,1.6094579968816722,1.1025934877213317,0.14379230395488082,25.098686285625533,92.21515052489943,110.25886924502682
1959012,9746,0.15353353977217396,0.3683467847976004,6.470189911290106,1.5470110228100724,1.3745996361989323,0.1369932004245716,21.1047161661161,88.63720246723388,137.45907726973263
1959549,9749,0.3420737723517294,0.41616967074573774,4.667838357535919,1.746074282338077,0.6970649878850415,0.2143233745840196,23.844765695079857,100.04268709430592,69.70629705064044
1959610,9749,0.44815387611463575,0.4543539466445492,4.170404093379488,1.8592342382633515,0.5808844763913494,0.25543393958486416,26.032563547844862,106.52627497871056,58.0883193183998
1959611,9749,0.368453914470505,0.388612188620716,4.247930916045869,1.8339108548355028,0.6043045492677688,0.24735654560916157,22.265838275308905,105.07535198530329,60.43029255643514
1960956,9756,0.32068047780150344,0.7054019087585535,3.255875186289807,1.9170683666050832,1.2603371196489745,0.3373591425423077,40.416552232337494,109.83992644450971,126.03332287671033
1960957,9756,0.43809133891954005,0.7847404458868315,3.3322855830119797,1.9839726197466376,1.0263228359432315,0.3411269970958549,44.9623155625298,113.67325778099567,102.63205166613875
1962564,9764,0.4478764933799435,0.5776865734571657,4.196784278306115,1.839105235353001,0.7390207410008107,0.25108025771005504,33.0990025404698,105.37296806614093,73.90191074502431
1964373,9773,0.3484799915226726,0.39198505419298074,4.055879986130904,2.2503384077849247,0.6444871768632447,0.3178962231753969,22.45908923746465,128.9348932422658,64.44853459389745
1964374,9773,0.4676915737298122,0.45513864249448044,4.1452609662253765,2.315043534873907,0.5575794864701364,0.3199852185376865,26.07752330824735,132.6422239373221,55.75783061997567
1964436,9773,0.48169192031748936,0.37393900365278493,4.2060099480243025,1.202834297712589,0.44478898972856107,0.16385441166403325,21.42512670463165,68.91732871251372,44.47880755754123
1966045,9781,0.4021190734321559,0.4102382677969602,4.450827959692671,1.7763150490481832,0.5845263830531215,0.228666118055024,23.504921339523452,101.77535539603471,58.45249439776875
1966987,9786,0.4627652992768878,0.3989167138202023,3.3151429106537633,2.0594054219232207,0.4939057362540981,0.3559280604387634,22.85624407912567,117.99523898255913,49.39046796372277
1967050,9786,0.3899713672177389,0.4282644381303077,5.092349574248762,1.0638988259143152,0.62921912360526,0.11970292208995369,24.537744820408193,60.95691255381376,62.92175262435372
1967051,9786,0.2505126653936591,0.3614778532287126,5.160761895260088,1.0544680016561996,0.8267507959391218,0.11706908250294354,20.711155377454652,60.41656612649414,82.67475287190017
1970001,9801,0.26113699266375345,0.3551501654450344,4.385427159019262,2.1138091786145385,0.7792310306775933,0.27617000570941713,20.3486055733734,121.11234463062824,77.92280765355609
1970002,9801,0.3804839029450273,0.4225414127689126,4.4855477466857145,2.170987685355574,0.6362907549432133,0.27730934657946466,24.209839621153925,124.3884317457499,63.62890993509873
1970064,9801,0.39893698794990134,0.555856568275795,4.778499977530821,1.6813835236646089,0.7983274436939553,0.20160338997635188,31.84823537682854,96.33617964881687,79.8325462573598
1970065,9801,0.2849551003490242,0.49011336349875606,4.836735911721511,1.6671986096309843,0.9854684542082668,0.19749567784534988,28.081427211439898,95.52344394193429,98.54650304746866
1970066,9801,0.19687775119453213,0.4203365593045444,4.935526493690442,1.645689848272124,1.2232722821042368,0.19104564147920844,24.08351082320083,94.29108269351752,122.32661309093926
1970067,9801,0.14457748887413846,0.35713392142798206,5.094310036180374,1.6216887653333942,1.4153147327990157,0.1823915723524751,20.462266418780125,92.91592193738485,141.5305041443155
1971208,9807,0.4953404693204376,0.38596980851799395,4.3086388158971465,1.9713837244729513,0.4464493004466867,0.2621523218288373,22.114441047553584,112.95196721308125,44.644840816361565
1972815,9815,0.10320239292773063,0.598741711194408,3.437614556817149,1.9704787001363457,3.3240866585154403,0.3284257468188766,34.30537306988042,112.90011313823712,332.4054771523176
1972816,9815,0.1778788241082814,0.6708867799381815,3.4582860388101566,2.029536278315554,2.1609642998998186,0.33624709314077067,38.43898102157983,116.28386311616966,216.09522729334796
1972817,9815,0.3540669297078899,0.740145723069728,3.4847371204505575,2.0865835478197146,1.1977177590073949,0.34307445989777124,42.407226156554024,119.55243089150343,119.77144101003577
1972878,9815,0.45053296850965674,0.4576707584408889,4.323615517216654,1.8935226231673017,0.5820351476146662,0.25092623069070263,26.22260286521433,108.49085472002699,58.203386865495084
1972879,9815,0.3068131210787057,0.3871976114564023,4.320734452884631,1.8843978490938098,0.7230716917493065,0.24988354318937553,22.184788973998145,107.9680436766055,72.30693586071021
1973821,9820,0.40462883988738285,0.38052141940517226,3.3288646123138563,0.8561011737007687,0.5388214743538907,0.1473504922983484,21.802271346243874,49.050984089250235,53.88201560298152
1975629,9829,0.1678599920205005,0.35981593356181985,3.219332361017035,1.8385647717842981,1.2281624059634,0.3272169184301854,20.61593439465191,105.34200178467367,122.81551625844156
1975630,9829,0.3078548250862225,0.4275344731411874,3.3420917586076535,1.8990239319943343,0.7956971311000715,0.3255627434280287,24.49592090733929,108.80605649761402,79.56945723043769
1975631,9829,0.4577672193581631,0.49823150581747533,3.4178855921861584,1.9592937301270341,0.6236043271121501,0.32844651526932195,28.54656250378906,112.25926156272317,62.36029784639528
1975691,9829,0.4077781768950265,0.52264426627822,3.3773267405613114,1.8619822836606548,0.7343529302650597,0.3158821584679527,29.94531064445358,106.68372638188639,73.43511474143351
1975692,9829,0.31161779197819817,0.45541363649112476,3.3817260157136806,1.8075870828512417,0.8373488015768779,0.30625517904834876,26.093279303646508,103.56711094974041,83.73461413544045
1975693,9829,0.22424944229920676,0.39061420494961485,3.3489886336323043,1.7668070181735143,0.9980200679201502,0.30227210697747153,22.380545361471082,101.2305853554361,99.80156619539585
1976899,9835,0.42034889762081545,0.37504651747251083,4.216364711956947,1.831295490942693,0.5112082411223627,0.24885300393001858,21.48858257225436,104.92550267235438,51.120703713453835
1981056,9856,0.20333818552596733,0.43411165390498596,4.507434043010834,1.9038550805163972,1.2232215173279237,0.2420065599079923,24.87276560619958,109.08286091812909,122.32155618142384
1981057,9856,0.33702097192137304,0.4999560173448916,4.62139312867114,1.967259802119508,0.8499580522471636,0.24389979489950983,28.64536973603167,112.7156838671893,84.99555555005362
1981058,9856,0.4939136342772825,0.5679856692452564,4.593904472077849,1.99073790317181,0.6588840387125855,0.24828744353186347,32.543181671666716,114.06087996846784,65.88827180487438
1981194,9856,0.48909670299882324,1.763814774939466,3.304817161829903,0.1987962631581679,2.066240474756405,0.034465406918798604,101.05914244684855,11.390186861935078,206.6236292405808
1981195,9856,0.31134946291574167,1.1022723151420473,3.328861069247548,0.22627933132726508,2.028445750696513,0.03894680603200552,63.15555153175353,12.964850676094681,202.8439300854511
1981196,9856,0.18361364695886043,0.6451268467273327,3.363469163072332,0.25661254851138127,2.0130880338787143,0.043713247374192764,36.96304556805931,14.702815999798242,201.30771798581526
1982928,9865,0.48629884589893757,0.5487575181303067,4.545914406537396,1.804462840289609,0.6465466530210074,0.2274308215321264,31.44148976494033,103.38810503678371,64.65453367935979
1982929,9865,0.3785455555109987,0.48364159352697983,4.663280019157315,1.7883250705767226,0.7320287075261613,0.21972405324326424,27.71062210607762,102.46347894148128,73.20267930762478
1982930,9865,0.2681377515367788,0.4225520198878961,4.751495238412676,1.7814087573066208,0.9029107733855558,0.21481070283172765,24.21044736430447,102.06720338131413,90.29074397321376
1982931,9865,0.207919526083663,0.35237092782912566,4.864345379528343,1.7587846471663005,0.9710182779358453,0.20716238113347785,20.18936698771783,100.77093735503463,97.10136544957585
1983530,9868,0.44837159764572376,0.5025625041443634,3.7801696462243233,1.8892267248577546,0.6422063738645516,0.2863488354271078,28.79471042899797,108.24471787767254,64.22049558824682
1983531,9868,0.3660168491797129,0.4369565740763186,3.866050303635475,1.8510951646231946,0.6840058564836793,0.27433667905436276,25.035767525068575,106.05994040998338,68.40040063941292
1983532,9868,0.24891548211788572,0.364337072162397,3.911494915988019,1.808604194770373,0.8386370963673216,0.2649252757085553,20.874976555058662,103.62538716999909,83.8633760908302
1983932,9870,0.49868541485056644,0.4291829716900306,3.150202883399447,1.808209093841656,0.49310390260734155,0.32887643450324594,24.590372916721446,103.60274955430191,49.31029236898314
1983933,9870,0.38145905313814826,0.3600924464676186,3.112554497076571,1.7647223593574197,0.5408647850021884,0.3248493897011833,20.631777417135076,101.11114320354915,54.086338130045675
1986546,9883,0.3919900985492111,0.5502735475826825,5.166321962264265,1.8728582667400895,0.8043149856731876,0.20770458149236073,31.528351854178993,107.30687431039368,80.43129543213564
1986547,9883,0.2547364388182526,0.47859894308871775,5.2302575751872284,1.842362549202702,1.076473337271418,0.20182485600945707,27.421699518405408,105.5595984022783,107.64691537143842
1986548,9883,0.1736323980683441,0.41204472591643826,5.2921944534870615,1.805990212479521,1.359678416505292,0.1955249712211644,23.608423765636683,103.47561701701133,135.96706640702922
1988695,9894,0.3230464872605776,0.3992066109015484,3.593861150569971,1.8784495351418307,0.7080359685785459,0.2994752039193108,22.872853958379963,107.62723039193831,70.80337987563479
1988696,9894,0.44294826232149265,0.46747784495796524,3.6223682471158445,1.9322675834786072,0.6046870301939504,0.3056309286218607,26.784507531962458,110.71077742326666,60.46856787069725
1988757,9894,0.4929171245074032,0.3718066025543192,4.211569639086953,1.8344700238724325,0.43218114425560816,0.24956821035582424,21.302949121460504,105.10739001115375,43.21802762426228
1990364,9902,0.4385186328436429,0.39242871391288703,4.791658584305859,1.77253226416008,0.5127378147745535,0.21194877679271049,22.484509066955237,101.55861778714053,51.27366572199115
1992111,9911,0.30929795246084324,0.682735463268069,3.0813105782144117,1.8897820354566686,1.2647306260260822,0.3513976658031554,39.117860569169395,108.2765348313092,126.47265778930065
1992112,9911,0.44197088563839354,0.7500170137171063,3.197459965086322,1.951397614493077,0.9722995308757785,0.34967395474381724,42.97280944899576,111.80684746235015,97.22973529622801
1992173,9911,0.43905665191630516,0.5065876590089445,3.480839985068999,1.886581823795987,0.6610840315676146,0.3105376183988053,29.02533481462502,108.0931762096036,66.10825409360578
1992174,9911,0.3397220099037658,0.43894613402131794,3.5100868385092543,1.87425620523724,0.7403041145266231,0.30593821441172286,25.149760913005316,107.38697028629927,74.03019571776889
1992175,9911,0.23849357661422102,0.37758131710124865,3.5114885553427873,1.862622578174396,0.9071026269518297,0.3039178700693027,21.63381589289236,106.72041255516913,90.70988615345468
1993518,9918,0.16993731568124154,0.5764934001518515,2.9858627960515944,1.8569823328512478,1.9436953367034002,0.3563367013618101,33.03063874584762,106.39725030273435,194.36840134278012
1993519,9918,0.3233881025420076,0.644329337628998,3.1116595834337857,1.9208812794761503,1.1415803559509612,0.35369675555744545,36.91735166260145,110.05839025967298,114.15768611994574
1993582,9918,0.41900522486261704,0.4384701363521107,4.196098920947942,1.6766263735882698,0.5995745676957666,0.22893553418968254,25.122488255501676,96.0636150269323,59.9573151060913
1993583,9918,0.2766361839362222,0.37431883605918737,4.19982019411001,1.6825296199234927,0.7752741676089332,0.22953803125435296,21.446889498440807,96.40184612736664,77.52713931394457
1996798,9934,0.39094162888676603,0.6869286903159747,3.8627697982921307,1.7332756731813928,1.006751669984029,0.25709370667857284,39.3581147815545,99.30938080599041,100.67491205456216
1996799,9934,0.27302951530348174,0.6190955833729023,3.875170611866707,1.67936737069263,1.2991841817484395,0.24830045430701397,35.47156404245688,96.22066259266971,129.91794709477497
1996800,9934,0.1973232929928333,0.5508955960884242,3.9823146242105056,1.6265808186032422,1.599607959601041,0.23402524537435623,31.56399260821041,93.19621594290032,159.95999341731732
1996801,9934,0.15373795017740396,0.48237432490008075,4.111694810355126,1.578005101526875,1.7977351156704844,0.2198923711944992,27.638012962246965,90.41303236760291,179.77235391782392
1996802,9934,0.1293438663081161,0.4007205328249668,4.2415085667866945,1.5273129722059133,1.7750817395027687,0.20631477154591935,22.959595295104165,87.50858730298044,177.50681531040792
1996803,9934,0.11345581483857602,0.3689525769984589,4.355918488261986,1.4751420785202045,1.8632296343148733,0.19403350938518912,21.13942550248723,84.5194152813636,186.32133761699518
1996804,9934,0.11335583483929228,0.3675537059016964,4.468438674694851,1.4238388720638606,1.857802402903549,0.1825692682219223,21.0592760925599,81.57995807592678,185.77861778176816
1996805,9934,0.11331376296067704,0.36738227662329637,4.543536755500008,1.3659369608390182,1.8576253679000998,0.17225000473477958,21.049453918422607,78.26242293700214,185.7609138336836
1996806,9934,0.1133108622279299,0.3673705075791155,4.639155296362417,1.307472529251796,1.8576134123759613,0.16147909006771824,21.04877960186214,74.91265775542297,185.75971825016825
1996807,9934,0.11331066426522744,0.36736971091542336,4.715988256356283,1.249387024590154,1.8576126294267659,0.15179130957153944,21.04873395639489,71.58460348742342,185.7596399530973
1996808,9934,0.11331065075375835,0.36736965699726154,4.778226740522216,1.1933740928173155,1.8576125782951651,0.1430976436838473,21.04873086711178,68.37529889868556,185.75963483978836
1996809,9934,0.11331064983133451,0.36736965334810245,4.817325781376163,1.1392776692153963,1.85761257496531,0.13550215402993615,21.04873065803036,65.27580213954369,185.75963450679257
1996810,9934,0.11331064976834557,0.3673696531011289,4.808441961018899,1.0764753860894434,1.8576125747491228,0.1282691914436717,21.04873064387982,61.67749637264092,185.7596344851731
1999548,9948,0.2546324880679598,0.47858048344480014,4.149521523160795,1.695237361087785,1.076871258255465,0.2340750500678543,27.420641858717612,97.12994606322526,107.68670714434563
1999549,9948,0.380386800097731,0.5493422782573962,4.212478322828975,1.7593222709312606,0.8274470411885041,0.2392931974086555,31.474994052250093,100.8017409277328,82.74448876689365
2001559,9958,0.23863400261894674,0.374430254259424,4.179103710900435,2.246659813808561,0.8990031662138674,0.3080184985338025,21.453273291075313,128.72412533287792,89.89994366137469
2001560,9958,0.4170117472337833,0.4400338279042375,4.253243083800727,2.309105030086746,0.6045892170796642,0.31106139423169815,25.212081181898803,132.30197267639954,60.45877817678449
2001622,9958,0.3967344826349569,0.5598394225802539,4.5726921546163855,1.3711186603671082,0.8085114028238451,0.1718010082956397,32.076436118889546,78.55931245066664,80.85093852924575
2001623,9958,0.27728111774620506,0.49082713174013104,4.601801126927885,1.362665470108774,1.0142169915350847,0.16966178677065788,28.122323119221157,78.07498032544298,101.42133704042675
2001624,9958,0.18434900007372299,0.42476561510053135,4.625598218996184,1.3601871564647614,1.3201740013578656,0.16848195531725604,24.337277027538835,77.93298341333137,132.01669117334512
2001625,9958,0.1179608542361163,0.3588910140472611,4.668496293451331,1.3458249680436314,1.7432002167192167,0.1651711506662711,20.5629404100784,77.11009063222896,174.31855868354654
2005779,9979,0.30513975165856344,0.4532437963834089,3.15804295809394,1.8932683818836469,0.8510512193528609,0.3434921211124851,25.968956623256176,108.47628776749558,85.10484581985327
2005780,9979,0.45437661224269255,0.5180040197230387,3.2789030588385164,1.9546143332154262,0.6531903854219226,0.34155066349275165,29.67944410094157,111.99115186902148,65.31889622477519
2005843,9979,0.44240490108098113,0.4167513848927631,5.186576790366476,1.8592093311163795,0.5397339600558059,0.20538565609745232,23.87809546058746,106.52484790430935,53.973275225857904
2009598,9998,0.19198514791600177,0.6317703833402045,3.9145102803027205,1.7333927392707924,1.88544661366965,0.2537126762570261,36.19777658675586,99.31608819883712,188.54368911341038
2009599,9998,0.31965760946560534,0.7108857681615903,3.9958450397761216,1.7920899356064552,1.2741993855696971,0.25696489363088354,40.730754231574636,102.67918981812136,127.4195439305294
2009600,9998,0.4522307346939365,0.7773962905741266,4.030110918871903,1.8332537153399358,0.9849291977963226,0.2606322816405895,44.54152645902324,105.03770066565595,98.49270416453251
2009662,9998,0.3958082342686832,0.37919833661881625,4.6545049226895765,1.6904782746639033,0.5489138895219897,0.20809360371830232,21.726464286639267,96.85727049679882,54.891251657587425
