start,episode,block_translation,block_rotation,ee_translation,ee_rotation,block_score,ee_score,block_rotation_deg,ee_rotation_deg,rot_per_meter
8794,43,0.4917410713713365,0.6867094519757442,4.516300946049698,0.6436026232856786,0.8001274418689495,0.08165025837886575,39.345553349951835,36.87571399781763,80.01258310119299
8795,43,0.3739747196166219,0.6832077065583914,4.592425063302219,0.6496633392467812,1.046726289681055,0.08105296624132163,39.14491811660824,37.222967443216376,104.67235187551034
8796,43,0.27328553869367767,0.6753941915875659,4.68435886959076,0.6482643343735282,1.4160001094310661,0.07929112888913765,38.69723668561765,37.142810368460744,141.59949798695627
8797,43,0.24184880575973788,0.6495868803287361,4.751098366937535,0.6557089573371848,1.5389195333865378,0.07907509561728106,37.21858666990626,37.56935584434444,153.89132338969299
8798,43,0.19884342423248458,0.596672001319081,4.8736664125499765,0.6733120513156692,1.7192816831576638,0.07915588694619602,34.186787429207634,38.57793883568375,171.92731232552532
8799,43,0.1621107046082624,0.5624026609534452,4.9906705630808155,0.6782061298711559,1.9877340580125376,0.07786197929215509,32.223298859559385,38.85834888151862,198.77219191190375
11256,56,0.25169764982907594,0.6526258240676925,4.3693604048071535,1.69439514796507,1.485619903884644,0.2221874178125632,37.392705320326165,97.08169080584315,148.56140605330575
11257,56,0.36359554629987545,0.7178213821520398,4.434335835137711,1.751556566924974,1.1311506680691898,0.22631754194546824,41.12813564155928,100.35679886322472,113.11475881742547
17085,85,0.30256893835959403,0.5466116278563294,3.1940851366254144,1.8105312185355267,1.0350876875746722,0.32477467799617615,31.318539308943258,103.7357974987638,103.50843007979942
17086,85,0.43302125650239476,0.6102744468446275,3.303039764172287,1.8665603346482165,0.8074926765446677,0.32378062843239336,34.96615014887806,106.94602938186937,80.74908304091913
17147,85,0.49627706977956765,0.5762155536393162,3.334272337140313,1.8281218266147827,0.6652477146031233,0.3141425000588474,33.01471931332692,104.7436651007739,66.5246387534132
21306,106,0.38127038782830763,0.6368001802588681,4.000227795624777,1.835647785317894,0.9569576586544603,0.2629222031389413,36.48596272200319,105.17487077125193,95.69551738415099
28404,141,0.4508895053503278,0.524514607656402,4.6959516596529,1.7650989837686089,0.666515239067429,0.21536150562692458,30.05247331167209,101.1327221927719,66.65137756299008
30552,152,0.3765696565410125,0.6306048056619322,4.795758824352469,1.9483211781965948,0.9594770135624067,0.23276937915851936,36.1309939050962,111.63058064662087,95.94744911081821
44771,222,0.4700713897922377,0.7741487306463404,4.2797393804673876,0.8468153938768586,0.9435897397937741,0.11336893130437489,44.35545498144528,48.51894809585245,94.3587752538486
44772,222,0.3685311926076481,0.7710888710232431,4.317871880920404,0.8846208346681426,1.1988167521916755,0.11738430777069823,44.18013793913931,50.68504029582475,119.88135317712933
44773,222,0.29356339368336115,0.761797816627057,4.406613170039844,0.9198886356348548,1.486827008658412,0.11960599737381127,43.647799735011375,52.70573644392476,148.68219945668866
44774,222,0.25644174816260623,0.7533352185941812,4.489434142100117,0.9706262769534217,1.683147428611952,0.12387482981103994,43.16292858401188,55.61278915392723,168.3140930803119
44775,222,0.23715677616253117,0.7463377061045288,4.596377894897027,1.0122280787650713,1.8031109859094876,0.12617847796214604,42.762000651264714,57.99639681787445,180.31034589377606
44776,222,0.21888763421665441,0.7369412949610448,4.6992321762335,1.0376763431476852,1.9290091088184287,0.1265195517197564,42.223625950173385,59.45447496293132,192.90003842036285
44777,222,0.18084208469043944,0.6303701124743498,4.8230330710846365,1.0422341529093053,1.9971869402304967,0.12381341206282258,36.11754697596725,59.715618226095685,199.71760069118454
48102,239,0.4958734509515779,0.5476877048778948,4.205168668954825,1.5676011928203,0.6328266473565972,0.21358699059510816,31.380193980709958,89.81693230827676,63.28253839352218
48844,243,0.2707635744875625,0.558286466387579,4.413044759774378,2.0457138336221603,1.1813796284245126,0.2656006790614776,31.987458283280567,117.21076875807768,118.1375308930966
48845,243,0.3906456788431801,0.626888769171778,4.351289588207588,2.105051256897454,0.9194541684066204,0.27718346471036087,35.91808069769375,120.61055267893333,91.94518382712936
57486,286,0.3470711924183683,0.5976501847373551,3.54905840905406,1.7580301331286536,0.9866227152256571,0.2838152968807465,34.242833210664415,100.72770688509411,98.66199009509631
57487,286,0.4508043722350029,0.6682307587038516,3.6171050943831626,1.824241163569773,0.8492996901391436,0.28896400980973663,38.2868022145556,104.52131948658246,84.92978250178628
63114,314,0.17365717960949517,0.7135547114259431,4.4292001651504815,1.938424219260344,2.3542747356626856,0.2507530079418595,40.88367341638192,111.06352666955942,235.4261314285164
63115,314,0.27469261821314606,0.7775688823887883,4.499744958503911,1.9977620672990017,1.621864246280845,0.25437738300448676,44.55141524158186,114.46333492756314,162.18584010573042
63116,314,0.41990645976655194,0.8444927485646998,4.52441082162461,2.0582784716566476,1.1523011386097517,0.2606542020106897,48.38587032215991,117.93066948856334,115.22984218727645
66129,329,0.2651003002695318,0.5949043200339277,2.9820808905859875,1.847738889634611,1.2857588403947469,0.35501263563120944,34.08550675204408,105.86764001825222,128.57540388292674
66130,329,0.3686994507567253,0.6643676781811351,3.0617179944244444,1.9139709252147474,1.032425269257474,0.35817294723773624,38.06546400468475,109.66245612555434,103.24224970856079
70955,353,0.34916246794985917,0.5582024076113375,3.683776597238023,1.9374032419752387,0.9159816443611021,0.3013348550018948,31.9826420701709,111.00502898014416,91.59790472342226
71017,353,0.48767880954304227,0.5673705359422774,3.9071062627896884,1.806015941928297,0.666584970001941,0.26484329829081504,32.50793712956808,103.47709120583539,66.65836168208016
75576,376,0.2646128704275628,0.7956493854560449,3.1485636847173084,2.066664470313533,1.722794131757635,0.3760798995976377,45.587351758809,118.41115181860525,172.2787686267126
75577,376,0.44534677041796994,0.86394325835571,3.271225204847448,2.133444719039824,1.1115001751243225,0.3736746026248642,49.50030244256268,122.23737822545561,111.14977042796333
75639,376,0.44465175754301645,0.5927172755043776,5.246582536303076,1.7295453810308756,0.7637481915015286,0.18887656857556018,33.96019833089369,99.095650809415,76.37464910494415
81204,404,0.1911920262252194,0.5876124996211545,3.0636567829522527,1.8322693032971933,1.7609371646507865,0.34266664024445476,33.66771621742484,104.98129801030495,176.09280464950285
81205,404,0.2906301308257828,0.6591490963092077,3.1419324163411715,1.8906551908233693,1.2994681549914948,0.34477687056697237,37.76646128837983,108.32656294868035,129.94637285094805
81206,404,0.4327108764695955,0.7486135162643408,3.201241256317928,1.9513430223286963,0.9912483440928815,0.34925115060238315,42.89239496839494,111.80371956173666,99.12460762192363
90852,452,0.37181093603037374,0.5470260126907315,4.477760315504036,1.7994434108159245,0.842962859100128,0.23025018182672066,31.342281811048725,103.10051291237802,84.29606145965239
94269,469,0.40974701576158795,0.6363714056189028,3.4088035712602904,1.9281601446067556,0.8898513827403854,0.32408860140441714,36.46139574477093,110.47543851130159,88.98492327534787
99294,494,0.23963704053961107,0.5240991817845566,3.4252009775043373,1.9189904210894473,1.2530896660135276,0.3210032125284699,30.028671162514808,109.95005205445797,125.30844892111863
99295,494,0.35779022087670154,0.5999238421749628,3.502615481263877,1.98661516543702,0.9607054977904977,0.32497048214433844,34.373104185897866,113.82466449622507,96.07028395406937
99296,494,0.46819903554386544,0.6703399547819873,3.50055700874667,2.052187726291826,0.8203273930937546,0.33589424441704663,38.40765024799832,117.58169548507021,82.03256585272072
103314,514,0.23382248373242875,0.628745302732802,3.321150159818286,1.8655975625108865,1.54067522162726,0.3218489412889632,36.024452235264825,106.89086660176757,154.0668698465236
103315,514,0.32130727939626663,0.6958079172387052,3.371938279838913,1.9293744424501642,1.2407703878886573,0.32783818430461786,39.866857009565884,110.54501265280075,124.07665648851348
103316,514,0.4607407794136712,0.767188200255464,3.387708496998409,1.9906208830175216,0.9540428583024697,0.33667056941851203,43.95664596687551,114.05417520750916,95.40408083420105
103376,514,0.473915411266593,0.5403214495626497,4.7291037621964005,1.88224842549619,0.6532418497290393,0.22804509262436468,30.95813864033061,107.84489077607606,65.32404851225057
104382,519,0.3768643669753253,0.6989267036542076,3.8712305074977764,1.7619983566109556,1.0625984506622348,0.26078289289796264,40.04555030837691,100.95506934279472,106.25956592874938
104383,519,0.2374584505567276,0.6312317026276089,3.8342634821634025,1.7459321584874319,1.5230837583392374,0.26089637345464073,36.16691245541902,100.0345439974958,152.30774084006808
104384,519,0.13996576496727534,0.5622280647912784,3.838967105363591,1.7218984057783726,2.301512297837073,0.2569897278009418,32.21329523634805,98.6575114014056,230.14960189927675
106933,532,0.3752400563544069,0.5558828186889282,4.605567905946879,1.7437679996035196,0.8487830130759569,0.21693426011873462,31.849739414711546,99.91054682725188,84.87807737282931
106995,532,0.4730298379837401,0.5566152490900228,4.753361399213732,2.0303450136810826,0.6742006814457423,0.24473249606871353,31.891704585481342,116.33020023935742,67.4199270420031
112761,561,0.38514695364846663,0.6263673011779542,4.854198590349223,1.6194349602539098,0.9318054189634629,0.19114749118795826,35.8882027824965,92.78678841848524,93.18030238128303
120399,599,0.22175038266095903,0.6068656059655718,4.0379016276713955,1.750571081281234,1.5680169733290483,0.24839717183628468,34.7708379534765,100.3003346950677,156.8009972981249
120400,599,0.3895106529347322,0.6746924081614643,4.1859027994401,1.808792575827952,0.9924510709389056,0.24758381961429435,38.657027457169804,103.63618060953857,99.24485484814828
121607,605,0.4830304470251593,0.5424684044636291,3.882320689168786,2.102793596929362,0.6434614969495134,0.3103329364752926,31.081150094961654,120.48119829118603,64.3460178139142
121668,605,0.48655015360577863,0.5356044460894532,4.67587206736793,1.91384216797813,0.630723747412659,0.23451257233931802,30.6878742493679,109.65507887931439,63.072246406042495
123213,613,0.3742803786385156,0.6708426296044174,3.857554830042705,1.9282320863280633,1.0269427028652958,0.2863978998340834,38.43645139379105,110.47956046830343,102.6939986531185
123615,615,0.2599387867058157,0.673862656766042,3.435186885277832,1.9025037637542161,1.4853298812436637,0.31732024921472185,38.60948620416701,109.00543617087082,148.5324224254401
123616,615,0.3957150928344637,0.7454880242474957,3.5460628924631292,1.96962476028266,1.0793956854559528,0.3182436101465526,42.71331746692788,112.8511859886629,107.93929850307038
130248,648,0.3053014596508862,0.7928716181666811,4.29468230019316,1.9906629672765828,1.4879783405106544,0.2655763062781876,45.42819741665895,114.0565864579373,148.79735154641784
130249,648,0.4246283342508399,0.8637437228442961,4.392566799800413,2.0525227701324704,1.16546317668001,0.267727042467988,49.488869899895676,117.60089208309098,116.54604594665446
132661,660,0.18153528439490632,0.5296129986173953,4.054530715466278,1.741550761648874,1.6715531653053626,0.24610371756104818,30.344589596044653,99.78350845027447,167.1544049565007
132662,660,0.27753564723349555,0.6017574159979691,4.045172245197225,1.792051102153505,1.2422965960865604,0.25382593953383403,34.47816022738179,102.6769648251634,124.2292164694734
132663,660,0.4411170233191431,0.6725563437481008,3.9794067293370867,1.824094862813888,0.8735695307788448,0.26263446768987747,38.53463998151599,104.51293707073067,87.35675702290833
139294,693,0.47874891667789127,0.5789858937339892,4.261697873966022,2.2277906581104507,0.6929195296324311,0.2995120860834316,33.17344810856756,127.64300234840096,69.29180967541987
141505,704,0.3988909280148073,0.5823846145962364,3.4012261537170643,2.026171041735972,0.8365239038967267,0.3413211697049434,33.36818046971738,116.09104926309658,83.65218277487611
144721,720,0.20332064352521545,0.5614601921246696,3.2640418666093116,1.87613705991896,1.5821953557393191,0.32933013541206413,32.16929937334791,107.49473532143925,158.2187651820666
144722,720,0.3333404032282022,0.6307722858853055,3.312446512517179,1.9232581863988103,1.0841946664986533,0.33266824459070293,36.14058981504739,110.19457699463682,108.41914465184485
144723,720,0.46763152626104104,0.6972924156905899,3.312715474443886,1.9439207366047349,0.8543459841264994,0.33621497058359917,39.951912505552585,111.37845391541346,85.4344175435964
144921,721,0.24793230069191752,0.7370354389915899,3.4773203364637966,1.8326307481725652,1.7032479505369535,0.3019624216761348,42.22902000578997,105.0020072761904,170.3241149451878
144922,721,0.42531297458914447,0.8074810559546923,3.6094746118255134,1.886951158415905,1.087793183357981,0.2995292912459196,46.26525654297094,108.11433752455297,108.77906513103272
157785,785,0.3021541162385865,0.58508115644799,3.8530574941222153,1.7615516915418032,1.109456334567251,0.2619464599516005,33.52268093710326,100.92947731947636,110.9452699474836
157786,785,0.4410280813260674,0.6495515334884495,3.9414143205858787,1.822333446804803,0.843859204823831,0.26491002114949636,37.216561445138716,104.41201536744332,84.3857310570939
163013,811,0.46020031845853804,0.5487804497904643,4.4745286342983235,1.7793181613392308,0.6832416603787245,0.22783946457829093,31.442803652284585,101.94742105571561,68.3240190567108
163074,811,0.4459591266553961,0.6183504031011963,5.010840123239058,1.6053968671249939,0.7944420339410717,0.18356695181637808,35.42886835791172,91.98246492978677,79.44402703358375
163075,811,0.31180813492210235,0.5489482042890783,5.050948406376947,1.5692407395197994,1.0087105096278715,0.1780078987204662,31.452415277049504,89.91087141447268,100.87073069526042
170448,848,0.2081738300340206,0.6122016235913443,4.817747590652162,1.7718810668624894,1.6849652788798213,0.2107235898298526,35.076569242840684,101.52130693035826,168.49572658283597
170449,848,0.3483777905499781,0.6865390657654027,4.892863811734418,1.8378878797252711,1.1291130168774617,0.21521796347313363,39.33579093921204,105.30321872650549,112.91098082381386
170511,848,0.472749805501767,0.5765511528822702,4.128493355412432,1.801754911997186,0.6987617266120858,0.25004994083135934,33.03394773355597,103.23295217440382,69.87602633166217
173664,864,0.3134497057158091,0.6558295052539699,4.483520694732002,1.9550170843536518,1.1987971546056226,0.24983541994400454,37.576262731205325,112.0142278094359,119.879336833505
173665,864,0.44615924230363924,0.724898572541547,4.60505964469826,2.019721070510766,0.9309148822363178,0.2512920609309543,41.53362878168859,115.72149313391145,93.09128165979081
175938,875,0.4315086529998649,0.5284596369498612,3.436950873786396,1.9002295436426122,0.7016894314414323,0.3167782625885167,30.27850684024278,108.87513295679216,70.16878215758538
180096,896,0.2705562016348571,0.5306554866631908,3.3643787613959133,1.892206965495915,1.1237709006029133,0.3222451467412806,30.40431976126158,108.41547308817252,112.37667885956009
180097,896,0.353124626230217,0.5999352427277463,3.4454317979077995,1.9572297812158217,0.9734171412228163,0.32547736322512344,34.37375738945648,112.14100600098007,97.34144122139362
180098,896,0.48617172669867936,0.6687918582546868,3.4900376886793567,2.0122775604469787,0.7881772624403823,0.3303546304560588,38.31895085070514,115.29501142249327,78.8175657464523
181705,904,0.43649787150350594,0.5993575106722135,3.940492520450797,1.9109304774925393,0.7867313276000221,0.27785422877255417,34.34065578098503,109.48825130324165,78.67295432563154
188538,938,0.4187334409867356,0.5561572563735495,3.3357726636386396,1.893846942826595,0.7609963679923225,0.32529026250867454,31.865463535779693,108.50943686771761,76.09945687937599
195975,975,0.1163740679689418,0.5267439612093231,3.1739007027512134,1.855525586472782,2.5933787307300116,0.33496254138105014,30.180205861296965,106.31378488342729,259.3356668917389
195976,975,0.23276922318697194,0.5987994610223198,3.267912361016359,1.9178277961860442,1.4739354261535464,0.33624964833485155,34.30868189128737,109.88343855433617,147.39291573273542
195977,975,0.3379383613116166,0.6673772093294308,3.272162231959055,1.9791665537924055,1.131505051923674,0.34655338611164016,38.237897437795255,113.39789048575665,113.15017371573886
195978,975,0.4130032218870977,0.7353639287245715,3.166930379289164,2.0289475378011654,1.0201675500107215,0.36707510579529934,42.13324952207703,116.25013076946684,102.01651045977668
199393,992,0.3492610100145327,0.5906179852895245,3.885452561572147,1.9282095480413397,0.9689005048488212,0.2843382259454388,33.83991786160949,110.47826911959672,96.88977584536443
199456,992,0.4523473731368656,0.7189309676259129,6.203807503596904,1.7559512293439736,0.9106211673110963,0.1621723340895313,41.19171020622123,100.60859447221816,91.06191743450348
199457,992,0.338727188743045,0.6497062248609139,6.428365787827923,1.7196439060194186,1.0989794957725505,0.15327120636724803,37.22542460790801,98.52833808030427,109.89762837880244
199458,992,0.24351790775292678,0.5821772912013038,6.562110036381254,1.6842497625229291,1.3697678602868442,0.1470569715478807,33.35630171419342,96.50040303847501,136.97622916425274
200397,997,0.3114086606252252,0.526680593252763,3.0553251416671188,1.8994463393588799,0.9690345193100506,0.35619861472830544,30.176575144829698,108.83025865683773,96.90314386600407
200398,997,0.41976252051716206,0.5957781042022889,3.1289130726833982,1.9645640465471041,0.8132114806683751,0.3597454626440363,34.135570897096535,112.56122845029168,81.32095627328555
200459,997,0.4956310937259166,0.5282392127086288,4.180919944873345,1.029283738657854,0.6106533111823181,0.14105415741767763,30.265877461517793,58.97361414654145,61.065209143326285
212056,1055,0.4906469194425229,0.542685892154696,4.158398073245114,1.919117775527432,0.633726807525009,0.2644223730510396,31.093611221755832,109.95734892625676,63.37255288289937
212118,1055,0.4360845156214239,0.5238600964979103,2.462110360227178,1.6863710795220572,0.6882833675850966,0.3924354761586871,30.014972584646298,96.6219455495344,68.82818050463067
218889,1089,0.19238035486097615,0.6035911491644105,3.152802854038573,1.9355746219139571,1.7976483942924033,0.35175131954251787,34.58322539857205,110.90025676829977,179.76391435419256
218890,1089,0.32861800858577495,0.6710804875709175,3.2512753139656994,1.997645134741735,1.1700539068693503,0.35203612053973066,38.45007965139507,114.45663518554407,117.00503819564952
218891,1089,0.46733705325272823,0.7436175693058144,3.2782287670498764,2.0053638089669055,0.9116792063624418,0.3504907389211617,42.60614829300015,114.89888264208275,91.16772750786356
223777,1113,0.4070729559978879,0.8449518820175468,5.347177449812244,1.60853019970172,1.189275161335388,0.17235633631931138,48.41217673124131,92.16199166224403,118.92722690294758
223778,1113,0.29846982481715384,0.7829397871180465,5.444208061980463,1.588270339374759,1.502970825920028,0.16715229463829204,44.8591454147352,91.00118717198463,150.29658407054143
223779,1113,0.20194363125066792,0.7235700760713425,5.59421161389959,1.5831225368671453,2.052924830120677,0.1621430255284164,41.45751154084784,90.7062398145315,205.29147659978074
223780,1113,0.18550154082474135,0.6684979191400097,5.768389574158974,1.5583023631357138,2.0647864780487737,0.1547817589472965,38.30210938000033,89.284148612939,206.47754585845433
223781,1113,0.17808761753980157,0.6222343860331729,5.890809533531026,1.5156859788117956,2.0019023600978088,0.14742016188324528,35.65140418761483,86.842409653071,200.18912314621673
223782,1113,0.1532398191901239,0.5396569740259897,6.003443083671131,1.4663599456113339,2.0177565558447554,0.13994675192163117,30.9200669964903,84.01623613056238,201.77435202906463
245622,1222,0.31888551554252753,0.5818662596660293,3.1727472093729356,1.8461110435236425,1.045468616463766,0.3333841746374685,33.338480919926724,105.77437130639694,104.54653707513268
245623,1222,0.44303426017110525,0.6652789114564817,3.278709866499129,1.9079379061050599,0.8603775462063573,0.33341403695520455,38.11767382551399,109.31678959284747,86.03756236194951
245887,1223,0.4118317162213455,0.7462654485533371,4.117008657172059,1.887191483763195,1.0382361988197721,0.2626375504497906,42.75786059854348,108.1281071526627,103.82337030155381
245888,1223,0.3274444598112446,0.6801656035811202,4.174491659217512,1.889273017288863,1.1901443465400727,0.25930671041173475,38.970618455166424,108.24737023859846,119.01407482525785
245889,1223,0.26354354683755604,0.6139480960267014,4.243597853287565,1.881292814538459,1.3347560139406056,0.254006486415363,35.17663474242258,107.79013830134163,133.47509999554194
245890,1223,0.23828717989143763,0.5463144036997128,4.323236894311086,1.852648239472332,1.313604379381896,0.24553113186616327,31.30150961919979,106.14892504410687,131.3598921837438
256677,1277,0.3578749124377056,0.5984715381239579,4.6043305234068574,2.082411777882105,0.9581530066324861,0.25913301665746385,34.28989329320554,119.31340608097885,95.8150356072771
256678,1277,0.49341978574059087,0.6677453837156968,4.709948117574161,2.146610636924425,0.7753842186008949,0.2611318138168232,38.25899227625312,122.99172975365907,77.53826628691571
259151,1289,0.4352290841737394,0.5644561081926531,5.034381250151107,1.2909576460738394,0.7430788325678566,0.14692257266179792,32.340952719818794,73.96642465017447,74.30771423169502
262248,1304,0.3492883475407775,1.3088892219493016,4.469098057722096,0.5536451423926603,2.1470463200051535,0.07097971341494287,74.99382826785705,31.72153000701893,214.70402345752032
262249,1304,0.2180832776082794,0.7802294197584836,4.525824743382022,0.632010503734266,2.049852296999446,0.08001090728237042,44.70385280410223,36.211534471910596,204.9842991634583
262250,1304,0.1812453018557386,0.6321350620373045,4.522829019170618,0.673038754670678,1.9983231988811994,0.08526141457627043,36.21867113697802,38.562280091370674,199.83122836793632
270407,1345,0.4980402500875748,0.5683160187310434,3.341657853767134,1.807637086351547,0.6538047606280052,0.3099359065518209,32.562109302966626,103.56997593926879,65.38034610032996
270699,1346,0.40438646319489874,0.6466650498429388,4.017116861915798,0.4500384422424042,0.9162318863410689,0.06418858146597708,37.051178114617414,25.785303359131824,91.62296432706228
270700,1346,0.3088607974023187,0.6405337838810415,4.08376127769899,0.4711158433702831,1.188233714746579,0.06609825497922982,36.69988245192848,26.99294948686357,118.82299060807372
270701,1346,0.24183993666459502,0.6346105552543426,4.135955710836219,0.4931092924528424,1.50349464395787,0.06831088919520106,36.36050645052756,28.25308129623009,150.34884892525582
270702,1346,0.19963310562090536,0.6282499166098837,4.207048666552961,0.5089551060547701,1.8031111015442558,0.0693145760378141,35.99606870119225,29.16097953857154,180.31021597856073
270703,1346,0.18447007556255474,0.6221298437292033,4.279593739002337,0.5067471887970223,1.9323140793323506,0.06784399852195558,35.64541435481679,29.03447519818849,193.2303709192031
270704,1346,0.17336074832759646,0.5995975686813062,4.396935836458214,0.5147886715869952,1.9816716552903797,0.0670813021910242,34.354410091744356,29.49521822308102,198.16603387516525
271904,1352,0.39513712861273115,0.6815204631656917,5.318900568351172,0.5934516227061453,0.9882200981737103,0.0639272586982491,39.04824619119521,34.002273326252215,98.8217622234725
271905,1352,0.3264188681956276,0.6741257696306473,5.37978620119955,0.6069823252127917,1.1832820967449145,0.06464480949323018,38.6245614608445,34.777525473730144,118.32785079643591
271906,1352,0.2562198263269508,0.6700257195992899,5.457046213538351,0.6164388136409613,1.4983088916374105,0.06472245405826431,38.38964589825524,35.319342349678564,149.83031023898153
271907,1352,0.21653793084145528,0.664974566243728,5.561470390342308,0.6290233671505128,1.7595178000332243,0.064803696789637,38.10023612930819,36.04038415283241,175.95097556477864
271908,1352,0.1928154903570674,0.648711645610561,5.704327494926889,0.6300543552245275,1.9276686441515718,0.06328433174116017,37.16843941447151,36.09945541820177,192.7658746699574
271909,1352,0.17527726250812994,0.5974573130404783,5.825529366057315,0.6435453388159535,1.9530074827503987,0.06329455996053321,34.23178247644585,36.872431839470735,195.2996451847991
277179,1379,0.42123783614400845,0.6262985018760744,3.1028500419868537,1.9210539703206426,0.8518764683977991,0.3547328516430973,35.88426087286533,110.06828471622293,85.18744663086483
287631,1431,0.2597928548057396,0.5721767915367445,3.6397113340337373,1.810533800848841,1.2619020662829188,0.28501146285807366,32.78331529039218,103.73594545441809,126.18972575354351
287632,1431,0.4064833577919334,0.6394805315947122,3.753865157832544,1.8737114667841337,0.9013784682062067,0.28598725386288787,36.639535541159304,107.3557590719978,90.13762728826563
287694,1431,0.46813017261318823,0.5251241496494943,5.170521275151634,1.641374796684413,0.6427143263303152,0.18188465584549365,30.08739749531227,94.04384844916045,64.27129671232804
288435,1435,0.2262559131054121,0.5798278535911601,3.0581382757118223,1.9402836656990865,1.4683234984051656,0.3635220343767211,33.22168885490289,111.17006510272999,146.83170736721334
288436,1435,0.32194854282724306,0.6464264156345474,3.1181968814323415,1.9980288216731772,1.1504168928972758,0.3671308221168304,37.03750538162914,114.47861882737004,115.0413355346907
288437,1435,0.4594116652834797,0.7136613820533451,3.1574784611832714,2.005250499257745,0.8900467139390624,0.3638738680961263,40.889785193130066,114.89239047397001,89.0044795954833
290044,1443,0.2606516687767513,0.5883365823619232,4.623254229048373,2.1744864754720794,1.2932662954901262,0.2694831199213316,33.70920310248915,124.58889765282775,129.3261383460495
290045,1443,0.38447457954719744,0.6571830912973585,4.599767019912006,2.2317215042984766,0.9793577656990251,0.2779884772715023,37.653817498699304,127.86822324488992,97.93552439154851
290046,1443,0.48097310313784636,0.7252845178560212,4.4370512164937415,2.2158621443663917,0.8639930317148724,0.2861349630063408,41.55574181933081,126.95954885500257,86.39912533382491
292656,1456,0.22732504794437078,0.6804042254774443,4.508735067687134,2.236512452291987,1.714913913813458,0.28420992171160936,38.9842904827252,128.1427243447847,171.49064454006208
292657,1456,0.3509656378761083,0.7499792911153077,4.596005715688343,2.2972953073583398,1.224354815440205,0.28639069066244166,42.97064810312045,131.6253254068421,122.43513618034872
292658,1456,0.48904303904951096,0.821768001708424,4.581631938953623,2.352876996825998,0.9627749198828778,0.29423996325661705,47.08383823679212,134.80992163154568,96.27729708821855
293661,1461,0.2732731183313835,0.5249916326023814,4.320489185680153,1.9601338181922991,1.1007231121284273,0.25994138621055424,30.079804827799162,112.30739506328216,110.07191244991283
293662,1461,0.3857629415586933,0.5996705984865232,4.373692196726501,2.018255897509017,0.8906659971501784,0.264393421939501,34.35859439136195,115.6375449046547,89.06637114017136
294465,1465,0.2235825659244577,0.5612930313145925,3.9730918755853963,1.8618082595939738,1.4383822903666865,0.26849053233415093,32.15972176443051,106.67375553733186,143.837592139023
294466,1465,0.37029710155970696,0.6304212401590733,4.064113060869351,1.928222512615906,0.9754458041645863,0.2718403991436441,36.120476376518184,110.47901193500255,97.5443196289088
294526,1465,0.43372138799256443,0.5335475348804314,3.847603780478121,1.8885815225938125,0.7048308444026062,0.28123413013264026,30.570021918257797,108.20775051101639,70.48292355796464
295332,1469,0.40277193726837085,0.8728740729731777,4.557781881546254,2.072594791275364,1.2416952264660537,0.26054545172759286,50.012000427757314,118.75093418087613,124.16921744281423
295333,1469,0.30590475608478584,0.807556033847642,4.671297019849721,2.016703144783409,1.5125476157821443,0.24735866289060884,46.269552459793736,115.54857872684994,151.2542720738132
295334,1469,0.24769161773937576,0.7410077921711349,4.828975027965921,1.951689660256629,1.7140918110638224,0.23156794055230634,42.45661907771327,111.82358045202636,171.40849600284204
295335,1469,0.19140869806850438,0.6703370826052333,5.0083678253623,1.8847100444302733,2.0065694017769773,0.21561102279532735,38.4074856843923,107.98593115176853,200.65590234955854
295336,1469,0.15756119718974151,0.595580631824685,5.185775111519943,1.8202886942470005,2.1657778060938324,0.2011172047220667,34.124256563289414,104.29485967573267,216.57641980072083
309540,1540,0.36357839161488764,0.6038712562102806,4.5680285141780805,1.942261727234837,0.9516317304997891,0.24361362695380442,34.59927435011228,111.28339968034567,95.16291392764279
309541,1540,0.4998727355631123,0.6743026611420403,4.687934900544761,2.0071055214712756,0.7728906394837868,0.2453077476801932,38.63469659787901,114.99867541770833,77.2889108773772
309805,1541,0.4296523229204747,0.7986083050124642,4.289903103614077,1.645581370864436,1.0649746749956501,0.21978320931461115,45.756885361310545,94.28486739588448,106.49722210988176
309806,1541,0.31801752210947176,0.7342900905897106,4.354308519759166,1.5903702357126273,1.3229372245611566,0.20926744567316943,42.071723129069305,91.12150236955945,132.29331062228798
309807,1541,0.25075809258285736,0.6649277061486599,4.403013354289729,1.5303593196605605,1.5192949241209357,0.1991434567657887,38.09755124363321,87.68313015506214,151.92889259257782
309808,1541,0.2160048891753926,0.5984737677936391,4.483646711406246,1.4662495304733367,1.5874649683767132,0.1873696011955465,34.290021043867974,84.00990980916079,158.74576926939775
309809,1541,0.1896496099606394,0.5319513922984161,4.550102409529463,1.4104200474184485,1.6070989064535348,0.17760285067621712,30.47856968480721,80.81111605771854,160.70905171954266
311211,1548,0.47857070567596316,0.5561956330137623,4.327588721553685,1.6773044605263374,0.6658924441351138,0.22206931505740368,31.867662355295774,96.10246654662652,66.58910666330345
313421,1559,0.462064342371792,0.5355726755615294,2.941909804491189,1.8424674638724627,0.6641077974245884,0.35883360207057347,30.686053932204963,105.5656095700646,66.41063745376951
316374,1574,0.27898288913988534,0.5586890309848739,3.794810153568269,2.056492862584628,1.1474009207867788,0.3104986983435347,32.01052353568695,117.82836162487636,114.7396849129039
316375,1574,0.44117655826819085,0.6233743080454651,3.92948764002095,2.112892257555825,0.8095787373317856,0.3080803903867006,35.71671690789323,121.0598089238173,80.9576920641578
318588,1585,0.45493566458874896,0.5585496946409265,3.584683046098314,1.938270451057555,0.7034519809899614,0.3098034461138438,32.00254015124599,111.0547164005163,70.34504501890491
326888,1626,0.4850613842306164,0.5398613549159685,4.264121714185672,1.8951080589334564,0.6376878788294804,0.2546402296216176,30.931777158899216,108.58169349811673,63.76865773247245
329037,1637,0.3541600747126132,0.6792573113142041,4.533624006216442,1.9343090862822332,1.0988978945294934,0.2444572962410553,38.91857714170776,110.82774691777857,109.88948227381721
329038,1637,0.47637179058650414,0.7475501085443291,4.615623747444151,2.0009163419886864,0.8991184226564832,0.24838259697794307,42.83146619413664,114.644061554707,89.91165541046767
329439,1639,0.16868915989158717,0.5254059552340885,3.5474257262081044,1.7828888335151842,1.784556992324974,0.28796094153225127,30.103543765952736,102.15200550142254,178.45465192101014
329440,1639,0.2516578023276049,0.5898708076563323,3.605974890111215,1.8472731325265568,1.3429786830016772,0.2935155042216688,33.797107736681006,105.8409541016825,134.2973399860838
329441,1639,0.35383938039290963,0.6574485591486323,3.5567472503045545,1.8880405972488576,1.064579826580227,0.3041451918134209,37.6690276861737,108.17675777171881,106.45768480224177
329442,1639,0.4911470587731039,0.7238684994053664,3.48068533855621,1.909075159315536,0.844443804622516,0.31425405760223957,41.47460993839563,109.38194940204545,84.44421024894184
329501,1639,0.4764628256664937,0.6512456487377409,5.054680037308423,1.8492049801322805,0.7831382493187783,0.20961097403696466,37.31362709893186,105.95164081615292,78.31366221084319
329502,1639,0.3725312101261947,0.585789662652006,5.180530931552426,1.8223385344594578,0.9009520152695571,0.20154750168772062,33.563275352352214,104.41230686858266,90.09496210000931
342164,1702,0.46302146101892616,0.5777470163792194,3.991300144845352,1.8580522816255693,0.7149229082608103,0.26672650445133717,33.10246566480492,106.45855385179816,71.49213796661118
363813,1810,0.43942541974401295,0.563095644199082,3.3774126229905623,1.925780856103493,0.7342088484410757,0.3266971712133374,32.26300387480765,110.33911532182066,73.42071943148618
373860,1860,0.17235890712196753,0.5450066217539322,4.492607527756686,1.7105742907076147,1.811718230457788,0.21815546222866775,31.226579233183156,98.00868740113067,181.1707824319388
373861,1860,0.2896758621318214,0.6144516732641672,4.598662064833564,1.764116818050086,1.2153406955746537,0.21979533742099602,35.205487592788224,101.0764482423181,121.53365420247991
373862,1860,0.40592225947750643,0.6853655094159427,4.577526500869603,1.7841114115039653,0.9673909037785178,0.22331286081592988,39.268551113367195,102.22205406030528,96.73885444237078
378144,1881,0.4107217343431524,0.8803030566354976,5.851638786727478,1.7909212704493696,1.2280248253800736,0.17535639809884046,50.43764983767989,102.61223023695635,122.80218653672098
378145,1881,0.3310686597730502,0.8138694370323778,6.011490692997948,1.750599319636776,1.4085079040734847,0.16685038302336516,46.63128381664355,100.30195263366065,140.85036922021038
378146,1881,0.230810970939646,0.7494603214914386,6.153040278323428,1.7078258637437398,1.8604363258265313,0.15902904832508913,42.94091333397726,97.85121413580069,186.04283460326104
378147,1881,0.16811207007662293,0.6857295654138279,6.312852073775808,1.6781265683625786,2.337096178195221,0.1523076552087362,39.289409985552446,96.14956985594777,233.7082415284251
378148,1881,0.1614463341775301,0.6194812910733806,6.470802706006408,1.6456654111740456,2.198480470192025,0.14571558845040317,35.493663465819985,94.28968255093407,219.84669890424192
378149,1881,0.15002990908703248,0.5568187269769546,6.629442730656832,1.6042801559616868,2.1264667210224655,0.13865189834053387,31.903363009626773,91.91848209319413,212.6452689233505
378282,1882,0.4257510456915229,0.7105934981781835,4.073763326533617,1.91667677247283,0.956286727907642,0.2695725811281264,40.71400839504707,109.81748975344952,95.62845042568804
378947,1885,0.4431855177291969,0.649768193337922,4.317141070780911,1.9385899406001803,0.8400313821360101,0.25728374339532983,37.22897514010343,111.07302180290729,84.00295056550364
378948,1885,0.36978441689420455,0.5845899624213263,4.439481787205443,1.9269027089495583,0.9057855105952364,0.2486853146343149,33.49453759245339,110.40339275513493,90.57830856005921
386121,1921,0.3410015634705462,0.5545111434784685,4.538090371513996,1.9680344476106062,0.9317009270936313,0.24847470699080498,31.77114821428949,112.76006778444805,93.16982221757901
393420,1957,0.39696408396157723,0.6011911883672099,4.298606962834706,2.00626066059473,0.8677288021225834,0.26741283672045707,34.4457177738956,114.95026845520655,86.77266380745378
393421,1957,0.28673379494552476,0.5303622241344819,4.413853218982711,2.031625648267688,1.0597814604333244,0.2637232575653556,30.387517056077222,116.40357519626839,105.97778013599776
394965,1965,0.2571199657027258,0.6744250061214557,4.075931743139814,2.006732794847939,1.5028667587274696,0.2820884320909163,38.641706448844126,114.97731975527897,150.2860972197822
394966,1965,0.407994380946641,0.7438656046528829,4.186261345552163,2.0681934395409027,1.044631019869371,0.28306583186732037,42.62035967155724,118.49875530233892,104.46284850742288
399990,1990,0.2997862546348845,0.685057463798261,4.478282142700281,1.6849126169846635,1.3092961896496815,0.21557011932210168,39.25090139957654,96.5383818015638,130.9291865906068
399991,1990,0.41668172347644133,0.7560365908522183,4.55799693094045,1.7512506156118963,1.0395873476834392,0.22013895674872022,43.317705813291134,100.33926914424889,103.95848777190845
402000,2000,0.31500977707549793,0.7610628264081929,3.212979187102975,1.8214040399169833,1.3842645430897724,0.32480373470645973,43.605687897487066,104.35876427532087,138.42601926929055
402001,2000,0.45136296114055796,0.8329442658792097,3.307000593441556,1.8870033974933054,1.0573350951653437,0.326934716887252,47.724191004501414,108.11733060321366,105.7332776057408
405884,2019,0.3621199755318679,0.5831363127943068,5.584779612356198,1.5996248685168775,0.9226568800079137,0.16410988430644427,33.41124960393441,91.65175377018632,92.26543575627285
408898,2034,0.3872300458888714,0.7820252237831411,4.058814877247637,1.8276939988110668,1.1571091684165786,0.2580042580958275,44.806744795547715,104.71915237326263,115.71062101360147
408899,2034,0.27738473369058725,0.7156696698735674,4.067674459557504,1.8030976098237197,1.4782662904855277,0.2539777552658091,41.00485160927633,103.30988309302558,147.82610144981578
408900,2034,0.23264180215963548,0.649886228789925,4.172445545955516,1.7649364933133813,1.6005608676992888,0.2423600519631425,37.235738073336115,101.12341217547619,160.05540565912543
408901,2034,0.2001412341923011,0.584430291583558,4.272713726503938,1.7184856565140318,1.6730878866309176,0.23044365090694563,33.485389127337946,98.46197527202249,167.30796107314583
408902,2034,0.18599171683384175,0.5365297413773745,4.402344694982158,1.6648523437740774,1.6528095247823538,0.21667774607191842,30.740889764169133,95.38901281071787,165.28007272258827
412050,2050,0.3070727667680476,0.6527324054790264,4.024127918830645,1.8363883589463725,1.2179136287818813,0.2614660974387986,37.398811985370145,105.21730251458244,121.79097022514415
412051,2050,0.48737903642388325,0.7164856624711854,4.187159262402352,1.9013881263756907,0.8422931769932999,0.2601800117221476,41.05160454123376,108.94151485761428,84.229146606921
412653,2053,0.3655139901883729,0.683369515775793,4.551219023967095,1.867000462880338,1.0712090120124809,0.23503867002149625,39.154189101851664,106.97124687201449,107.12061106351082
412654,2053,0.47260504174899287,0.7524998037374326,4.614805393527496,1.9300439304936754,0.9122852724282067,0.23962737715354138,43.115062838577664,110.5833714921284,91.22833614022359
414261,2061,0.29868221207995993,0.777711133750729,3.4904892253099336,1.7924567844971873,1.4918720415948306,0.2942286934231448,44.559565644251045,102.70020871127936,149.1867096712556
414262,2061,0.40883095083055854,0.8363231500740154,3.5841597256262503,1.8479313023589823,1.172068443910904,0.29540721470323483,47.91778680832724,105.87866445528331,117.20656057086619
416070,2070,0.38662707505231847,0.5922973822921157,3.0897170669272827,1.9822570787371863,0.8777486506769862,0.367590176361787,33.93614022198489,113.57496452157248,87.77464031134485
416133,2070,0.47591744629468913,0.5314092785831056,5.140646131188274,1.7627419720972286,0.6397644897070259,0.196468834068382,30.44750885690376,100.99767537173872,63.976315887639785
417477,2077,0.43511997206244885,0.7602125875733721,4.940245349966658,1.6962866398144927,1.001033613630329,0.19673125163656732,43.55697280067371,97.19006530579847,100.10313360492859
417540,2077,0.452958092078217,0.5331951236771477,3.593418159748032,1.5457582014722684,0.6744515685554766,0.24646566836473674,30.549830243656515,88.56542109209377,67.44500944553548
421963,2099,0.47476318972139236,0.6470577318436678,4.152506901481782,1.5651197107840211,0.7808877595758489,0.21595329224548085,37.073677135949936,89.67475386066045,78.08861312329816
421964,2099,0.32631777798446615,0.5803246239959459,4.121797175981423,1.51140859738836,1.0189500213229854,0.21009605723606503,33.25015170248412,86.59733375014048,101.89469299884097
429337,2136,0.4721525428584721,0.575740750479618,4.367407790496214,1.8687948162563583,0.6986622204299457,0.24516615035410708,32.98751509617674,107.0740557474155,69.8660755492091
431812,2148,0.410326584376663,1.0542622750361292,4.160553863721592,1.8343417510439277,1.4721146444624915,0.25261069489635724,60.404778859430614,105.10004051945423,147.21110926820276
431813,2148,0.31275913809637634,0.9907285979867531,4.216422303263807,1.8060615720565885,1.8149610539948857,0.24542063847372203,56.76456730755418,103.47970561960514,181.49553089806577
431814,2148,0.23910511832478457,0.9097821712603567,4.233385816057362,1.77197937402893,2.18007363767879,0.2398244423911753,52.126678689466694,101.5269395160912,218.006461125606
431815,2148,0.2258427028952609,0.8454180941873034,4.349089764568137,1.7429044168849188,2.1448063610266015,0.22961371771667277,48.438888720926,99.86106718221562,214.47969591337426
431816,2148,0.21106208193932696,0.7820424722680377,4.4860522915471055,1.701199277180434,2.1229645100748815,0.21727686647685793,44.807733060935284,97.47153869314516,212.2954552223202
431817,2148,0.15333686009773853,0.5427303469348672,4.608172766556112,1.6610925197206816,2.0279635467463115,0.20653216659960805,31.096158293038826,95.17359076074652,202.79504535421282
436830,2173,0.18068176607766076,0.7311703954368151,4.286286195755111,0.5075763167489509,2.318605598908575,0.06784890073710553,41.89297776344097,29.081980730510324,231.85928947664328
444612,2212,0.35651193464559255,0.7181028506840913,4.817108618648993,1.9717063471380865,1.1540780952350127,0.23451921233059772,41.144262600511574,112.97045213016875,115.4074890478037
445619,2217,0.49582239300681763,0.5720778067241994,4.083614832151957,1.9986266354505395,0.6610762982798654,0.2804203517229907,32.777643878397456,114.51287103374767,66.10749783229119
446083,2219,0.4226984462224105,0.542890547667844,5.891274939023086,1.7945157516893961,0.7358753423633669,0.17452619293994848,31.105337118913294,102.81817884154883,73.58736188773405
446220,2220,0.2104394932582292,0.6641083715048691,3.4879217666115196,1.7926615730737914,1.8081494318984135,0.2944789155569735,38.050606826535144,102.71194223241126,180.8140925608061
446221,2220,0.3475390269988814,0.7329911207589535,3.581122931649487,1.860503314762588,1.2084195779188764,0.2976691653509552,41.997297640052096,106.59898770599604,120.84161356236321
446222,2220,0.46018732647331106,0.7971399800455488,3.5801114438511865,1.8982151771662426,0.9924818202901904,0.3037886380389327,45.672756537752605,108.75971825930353,99.24796851708369
446974,2223,0.48260556120495346,0.796926823913035,4.225112201972586,0.5802113321453515,0.9461254969970305,0.07868113055882911,45.660543590982236,33.24366055759183,94.61235561526298
446975,2223,0.38184006504639295,0.7883313034547476,4.32358753161705,0.6104620755793917,1.182905082461975,0.08089786582744624,45.16805654600401,34.97690048349542,118.290201554189
446976,2223,0.2873871712247077,0.7830215632670067,4.435459570513902,0.6460935116542665,1.5610936664518964,0.08346019328235409,44.86383084293546,37.01843138857594,156.10882887680373
446977,2223,0.2305335492957281,0.7432489713462883,4.53155420041691,0.6950206171963171,1.8472377434191334,0.08787657874286563,42.58502918558218,39.82174803992658,184.72298107020134
446978,2223,0.21087935280198541,0.6614479411282348,4.6427627629098,0.7213641572848637,1.7971495593834748,0.0890226869776725,37.8981753942656,41.33112170443399,179.7141122475815
446979,2223,0.19889067909637942,0.5820671976687657,4.724549407265825,0.7485361332157461,1.676800154443952,0.09077682855759943,33.349993819427304,42.887961246304606,167.6791808030666
455265,2265,0.2078430757034429,0.6335369224895477,3.1462224988373566,1.9127376764293742,1.7464613605742174,0.3483281804361668,36.298991824357856,109.59179617506283,174.64530418538442
455266,2265,0.3417347186944775,0.7078251868746042,3.2363608936906063,1.9771246989866333,1.1867507875452576,0.3500255509014052,40.55539584097361,113.2809008230074,118.67473495573172
459340,2285,0.3329660521862326,1.1044056661238613,4.400764552233993,0.30066224882450543,1.900427422655448,0.039144738767418745,63.277783539231564,17.22667791655636,190.04217721770118
459889,2288,0.35541300008781973,0.5914236381776548,4.386115380680529,1.9122347344798216,0.9534281922735158,0.24979502353451327,33.88607837185188,109.56297972401337,95.34255365145697
462501,2301,0.384371774552273,0.6562481702921082,4.063338253742662,1.9310712168035225,0.9782260816755362,0.2722939206152229,37.60025047092034,110.64223066203421,97.82235621323089
462502,2301,0.4802729036227004,0.7204389214486754,4.140911333428809,1.987603489949807,0.859471946577316,0.2750150434887111,41.27810959596614,113.88129131959708,85.94701749273872
478131,2378,0.48149574097112646,0.8098542310914665,3.772799715953315,0.7109105334351273,0.963689282174704,0.10796272300654534,46.401229462353484,40.73217317722679,96.3687300744077
478132,2378,0.3857607298695528,0.8071623187023792,3.77779430795313,0.7470278902848984,1.198851761308797,0.11329771207628148,46.246994243639804,42.80154529188659,119.88486846343844
478133,2378,0.31759379385814246,0.8011532295905274,3.823620990042191,0.7701684903376669,1.44532727783681,0.11540736911378906,45.90269879881268,44.127404010310435,144.5322772492161
478134,2378,0.2770906683987533,0.7937507065192133,3.929379433393906,0.7852070457149254,1.6412881780032764,0.11449403248402736,45.47856546907816,44.98904976340112,164.128231396808
478135,2378,0.23917284157944269,0.7838106910872498,4.016234308451132,0.7873559937393697,1.8776815278139933,0.11232456036826145,44.909044536531745,45.112175415594756,187.76737556232712
478136,2378,0.20533976003657667,0.7464355118564374,4.0932791285537276,0.7957039565764927,2.082772592004125,0.11137886498940891,42.76760450806118,45.59047845369396,208.27625504280363
478137,2378,0.19612857298530934,0.7188785971115502,4.145821037262588,0.8009058382493994,2.1000870433996095,0.11068621582057273,41.18870959677732,45.888524319077966,210.00764428249929
478138,2378,0.16680737705774457,0.6146383107271942,4.2079953999800574,0.7955190759982145,2.111188344406338,0.10831733672699202,35.2161811317187,45.579885576844674,211.1175814601194
478381,2380,0.3170219542328868,0.5457869185570718,3.7722099316037787,1.8937512211958576,0.9864075829079929,0.2876402801063005,31.27128694677061,108.50395242226824,98.64045025521575
478382,2380,0.4547360370745722,0.6186554801106955,3.808796472776093,1.9363996167156747,0.7794928115115898,0.2912928689949136,35.446347982982495,110.94752548855841,77.9491114491509
480654,2391,0.42990786629589767,0.5314367679668206,5.199657146065559,1.7538296394378854,0.7082699704160457,0.19325704235618793,30.449083882572044,100.48703632474175,70.8268339402299
482262,2399,0.4786916252267248,0.9331550327348562,5.1031274771341755,1.7727929474611273,1.1169162164652444,0.19904177212143678,53.46584500709944,101.57355384008008,111.69139065339942
482263,2399,0.3706122879426642,0.8678857195725602,5.159786861468774,1.7467457388857404,1.3417306740014097,0.1939637454291296,49.726188831182206,100.08115872061344,134.17270899060455
482264,2399,0.28155680674819206,0.8020609329293976,5.199821573967305,1.7168521956918323,1.6321645804895952,0.1891764616774763,45.954706369179874,98.3683848609105,163.21588415511042
482265,2399,0.2273508564020522,0.7368188250599431,5.254417913673354,1.6798810135617437,1.856892371241995,0.1831793617473782,42.216608941722875,96.25009216124693,185.6884285434047
482266,2399,0.17076973130720385,0.6128201209107053,5.276876001404376,1.635214115820463,2.056102343430734,0.1775498746497825,35.112006528880215,93.6908674367291,205.6090423698914
485013,2413,0.3733831054561516,0.6645109552011044,4.410273719322175,2.1444122618422408,1.019694560283388,0.2785899009460048,38.0736731732302,122.86577213966318,101.96918566396069
485074,2413,0.445502809941914,0.5253403741677701,3.923881522139505,2.070181018528714,0.6756362676124301,0.3022839354813946,30.099786247636725,118.61263518978939,67.56347662113421
489498,2435,0.49774560394379297,1.1014183411876426,4.194024764263701,1.5993016698721187,1.267848890286319,0.21848520403169136,63.10662242835205,91.6332358518973,126.78463685807134
489499,2435,0.3688313673825325,1.0399242984351074,4.199911686230336,1.5749473997116068,1.6154610742794284,0.21485651481570972,59.58327331343473,90.23783895857856,161.54567381457133
489500,2435,0.31350475376933096,0.8099845696700957,4.264563085047924,1.5489266599146667,1.4803187280102397,0.2081032884504866,46.40869731281667,88.7469603884058,148.03140534053145
489501,2435,0.21878819815399173,0.6995869868884788,4.330615782929736,1.5159413312253136,1.8320631668947913,0.20056510302867062,40.08338175098389,86.85704026865406,183.20548769858263
489502,2435,0.19936059181343155,0.6477188151429654,4.43372373267212,1.4821143843222444,1.86152901231892,0.1915295221486129,37.11155441890627,84.91889897729507,186.151976824284
489503,2435,0.1722866330602713,0.5799270064737937,4.53888734425544,1.439831022426508,1.9286097463156426,0.1817543251424837,33.22736989660435,82.49624079704509,192.85986641293303
493053,2453,0.22377768799721576,0.5931500531226704,3.9888132725300176,1.9041558315764058,1.5186944439080088,0.27351516593264014,33.984994661889594,109.10009268455167,151.8687725182857
493054,2453,0.34290142002000557,0.6602395453432146,4.088385124897797,1.9633018741009542,1.1032015647644144,0.27514264822049755,37.828939415802544,112.48891129610958,110.31983796905119
493119,2453,0.38802444512478995,0.6788040466253529,6.3419381101245715,1.9136872171577766,1.0023236029163751,0.1728906822716245,38.892606988034274,109.64620085127606,100.23210456089114
493120,2453,0.30362596086988686,0.6089886183806038,6.465810378340013,1.8613628640805637,1.1491927882435398,0.16494179360180639,34.89247760471171,106.6482362541994,114.91890412085036
493121,2453,0.2428830867752752,0.5386477124731379,6.551721256445383,1.8140130849783018,1.2706623465708693,0.1586381494632064,30.862240569087074,103.93529375076305,127.06571673277999
508393,2529,0.466260816802201,0.5247936407200641,4.918483050003438,1.7976180439806795,0.6448849871173136,0.20940587949607242,30.06846072856453,102.99592709665534,64.48836178519903
512952,2552,0.4755565935199308,0.7386182049925892,3.6239981791760365,1.9345251372117542,0.8898983949411271,0.30585038937174786,42.31970581760403,110.84012572419999,88.98965423802112
526017,2617,0.389303178863609,0.565114066199149,3.509412756305885,1.8300592488196852,0.8317078272901484,0.2987812440387939,32.37865093668785,104.85467121624974,83.1705712258269
526620,2620,0.18442105984148824,0.6709444511149132,3.6095239915997253,1.8899273502067668,2.0844844555802453,0.29999761936809244,38.442285336606105,108.28486075319083,208.44732658147
526621,2620,0.35725981396637185,0.7451380217599615,3.718790260880844,1.95635675809537,1.1950200088995095,0.30141787327579145,42.69326380157309,112.09098546076085,119.50166973977647
527223,2623,0.1291869876254712,0.6370514356010966,4.130053600488889,1.9894604561753293,2.8253894945768434,0.2759956610672778,36.50035859269299,113.98768764701785,282.5367842907434
527224,2623,0.25169907329741703,0.7112320589888761,4.206913490959558,2.045419530003344,1.6190204072499452,0.2785745568005933,40.7505952344622,117.19390640282408,161.90140392335115
527225,2623,0.4214676675657751,0.7815687669320981,4.253061630279747,2.1059833838703836,1.0624917194857624,0.2837108178204438,44.78059174445312,120.66395962045252,106.24892237680892
533919,2656,0.4441393028266733,0.8086820183767034,6.035923356501568,1.920629351357075,1.0432327263762844,0.18231503145390487,46.33406662110598,110.04395584170928,104.32304009840772
533920,2656,0.30797927102278844,0.7409315892119755,6.231624801204281,1.9168200636322217,1.3784126266151602,0.17623926834404532,42.45225296976704,109.8256997321242,137.84081957193246
533921,2656,0.20196557461070386,0.6714734226070888,6.471250782049103,1.9157999109365131,1.904908365687543,0.1696229257921307,38.47259317059051,109.76724928820121,190.48990282054092
533922,2656,0.14153166946784984,0.6120373584588469,6.720989817284045,1.9193215569057358,2.477689636403505,0.16362028148406746,35.067157544027424,109.96902473917693,247.7672305332528
536671,2670,0.3738222883411044,0.5511715216864383,4.329173062280039,1.7787769554090969,0.8447811198148589,0.2354177357626299,31.579801980436244,101.91641224007148,84.47788825724646
536872,2671,0.4250192781030762,0.5820927895433478,4.742690577804807,2.1202925790806897,0.7847046253990771,0.2561495713564178,33.351460125830684,121.48381611423186,78.47027975861018
538342,2678,0.40664254857630117,0.6583317457804659,5.080082380440319,1.8424911796911543,0.9275868882185027,0.20780562257226154,37.71963055270014,105.56696838638332,92.75846299482743
538343,2678,0.2848881626012135,0.5873857370528297,5.191689625769196,1.8024222290085814,1.181331024451414,0.19891633334790723,33.65472367930828,103.27118662275406,118.13269192839745
547524,2724,0.2721342441517376,0.7274171717414311,4.513331060853294,2.1615490616394157,1.5315210507416697,0.2744040632033387,41.67793388612697,123.84763844240196,153.15154792257678
547525,2724,0.44309592993767777,0.7977608075114855,4.6310575643137675,2.225184516510998,1.031567279487723,0.2753014390084125,45.70832733135658,127.49368143393883,103.1564974683655
551745,2745,0.2154456086147741,0.5806509575472979,2.998901530217895,1.8715404363804349,1.5441877839797808,0.35756881896456,33.268849237690105,107.23136819267127,154.41806882732578
551746,2745,0.3580894620083293,0.6504146396617587,3.1144234513156537,1.9313511612126586,1.0406900146250098,0.3553090055660884,37.266013786141016,110.658270295176,104.06871374662362
557977,2776,0.41959129876942336,0.5255689817085024,3.1231926875833693,2.0063997089421246,0.7176717883695105,0.36807922683608885,30.112884494885552,114.95823533866051,71.76700950708667
561192,2792,0.2961538377948636,0.5841658760959363,3.232536814701716,1.875811753885411,1.1301639159874468,0.3324822035664951,33.47023923585933,107.47609665866676,113.01601380235779
561193,2792,0.3904575020917923,0.6516105301295512,3.27629777163311,1.9427098315596516,0.9561740293506892,0.33974040696464336,37.33453326270545,111.3090741669391,95.61716049898827
563868,2805,0.47416194731924544,0.5469752386652444,3.88607602306454,1.743142134312341,0.6609423676851229,0.25700651901234917,31.339372673679428,99.87468738752362,66.09409877102689
564810,2810,0.34891369858454657,0.5810970814580136,3.174015857930679,1.8596241262910658,0.9542304998557057,0.3356902370706998,33.29441025491399,106.54861391718126,95.42277923509813
564811,2810,0.4659724336255407,0.6521295999639601,3.2752436903984794,1.9188156251458364,0.8018558669000582,0.3356697914455566,37.364273773489636,109.94003698461306,80.18541632893994
566217,2817,0.1426708775587414,0.5946143213051887,4.244016961181086,1.8999388192402114,2.3879357331954716,0.25649868135479775,34.068891048823176,108.85847567553311,238.79191633120695
566218,2817,0.25133994371862833,0.663878289766819,4.3094310691994835,1.9600738114175296,1.5133854984545838,0.2606004246602481,38.03742411400184,112.30395692834567,151.33795374216487
566219,2817,0.37434545709957434,0.732078159156661,4.3090177239630005,2.022429253565256,1.1204887591767219,0.268916648171951,41.94498879338324,115.87666059308258,112.04857959220936
568895,2830,0.466432481679836,0.5597410576682811,5.863858263854336,1.6540570216458534,0.6875764616885879,0.16161796890086408,32.07080022458133,94.77048641428645,68.75750023150142
570788,2839,0.49828039183743067,0.5330367942289213,4.290992900180365,0.916465250008633,0.6129231356858533,0.12237165615286309,30.540758634500502,52.5095908958965,61.29219179122935
571644,2844,0.38785768061809067,0.6841676520277267,4.4016639815702066,1.7092462604659433,1.0106778823463525,0.22248994257801502,39.199918940563855,97.93259687321716,101.06753026152454
578681,2879,0.44346299681884743,0.5774367106613729,3.423783313845763,1.9099025621748131,0.7460529051598768,0.31961530781370423,33.084686456813536,109.42935609383909,74.60512396529103
584974,2910,0.4683345789152419,0.6538481701695243,3.2581688260402397,1.6744771663244578,0.7999140247111947,0.29446133503019023,37.4627405930654,95.940474521417,79.99123337978409
584975,2910,0.35318957621382363,0.5824422945858752,3.241289762949488,1.615376070587419,0.9448603977095378,0.28554753710546577,33.37148528968604,92.55423117108606,94.48577492476117
585980,2915,0.498765121266428,1.0123606085455008,4.6227054485374275,1.680397049911309,1.1629519904022434,0.20827556444968517,58.00399021495286,96.27965886615235,116.29496820608756
585981,2915,0.36760644324765746,0.9444849091614792,4.630221985164557,1.6420381663211283,1.4720905639894273,0.20319081207737585,54.1149991087497,94.08185672960137,147.2086599516767
585982,2915,0.26690580312826045,0.8774631757309703,4.6776385287496245,1.6068857011652224,1.8836208945127497,0.19682531703550107,50.27493664753068,92.06776883668728,188.36139078617404
585983,2915,0.20589950476991958,0.7427576106595114,4.769040134135079,1.56164687648213,2.066875987520708,0.18761799525267217,42.55687629201121,89.47577511221382,206.6866049676068
585984,2915,0.17415401084730464,0.62317807783369,4.912977789450472,1.5196858394913098,2.0502239093435297,0.17722771879487562,35.70547374494556,87.0715847886475,205.02122546592327
585985,2915,0.15733851988714584,0.544103289908903,5.040879984298452,1.453309852523379,1.9813851161138962,0.16518647729870892,31.174822130963218,83.26852087436971,198.13726489901478
586782,2919,0.4792596306730062,0.5612541683441511,5.072575569649106,2.082965844066981,0.6709827482048627,0.23527525585572215,32.15749508024487,119.34515173494316,67.09813621679588
601050,2990,0.44859528211672084,0.5799309397460283,3.3893167107129165,1.8633329560114222,0.7407031647549595,0.3149930295821808,33.227595256503065,106.76111420709037,74.07015301089262
602801,2999,0.49783772425666295,0.5654433752945721,5.138162901560952,1.936484564817186,0.6507646312986823,0.21593786449746064,32.39751895801086,110.95239265625267,65.07633371908646
612509,3047,0.4821520352699259,0.635013940864148,4.432666491553067,1.7524695461419122,0.7546088230968071,0.2265207831086734,36.38361874348572,100.40910871913844,75.46072736660658
612510,3047,0.40880022615832146,0.5669436968268575,4.547289160025273,1.7390293866992659,0.7946052417920598,0.21911745785574951,32.483481049723416,99.63904430709191,79.4603317484746
618944,3079,0.37493776630496184,0.6220392198298783,4.968458787921132,1.7984830912236993,0.950563646562887,0.20739930598976763,35.64022198786245,103.0454906527598,95.05611366650193
618945,3079,0.26207548278217346,0.5571878606602615,5.053728196746697,1.7969982286130128,1.2181418595400961,0.203731601858919,31.92451281175638,102.96041429201068,121.81372579809324
619144,3080,0.48981975073058426,0.7534376363144638,5.073695326605777,1.879057536188251,0.8813200313262898,0.21219655328745454,43.168796687131426,107.66206628583774,88.13182500484862
619145,3080,0.3744397674173283,0.6853706737163937,5.149943128394682,1.8601793519163148,1.0487359883835328,0.20695456850307736,39.26884700598718,106.58042600218555,104.87332155854861
619146,3080,0.27211158212151093,0.6208950189794548,5.175435218234076,1.847177504342191,1.307355700316218,0.2044957966683475,35.5746641082179,105.83547501031583,130.73509438946914
619147,3080,0.20806706184538423,0.5566362188058646,5.240167968969739,1.838930355284345,1.5328185175497857,0.20106788293645733,31.892906061696664,105.36294817628597,153.28112243096848
628529,3127,0.48871656353094717,0.5873216546930977,4.822310788203336,1.9334852958955304,0.6885596653174174,0.22972502570073028,33.651052030554396,110.78054720541705,68.85582704952961
636230,3165,0.4982724760028441,0.6081176316189418,3.03704032976135,1.5221563628390777,0.6992674634468545,0.28716488947432395,34.84257373925671,87.21313534966313,69.92660740997948
636231,3165,0.3603638439982613,0.543134342216078,2.96381388961523,1.5014844386571586,0.8635523561068795,0.2902635734004528,31.119305517595407,86.02872133962474,86.35499837421864
636567,3167,0.21388856625305014,0.6074516855543188,3.50085917635532,1.910964995184052,1.6272219138619912,0.3127524507355925,34.80441784037047,109.49022902128387,162.7214382172985
636568,3167,0.3458367509790816,0.6747087741147777,3.5903462330162133,1.9635922987263918,1.1178096003380233,0.31335571498223824,38.65796515722237,112.50555140141383,111.78064004805722
636569,3167,0.4928722243996049,0.7430955567732364,3.6685596151379207,2.0266832999209323,0.863839271244301,0.31652858713111487,42.5762391780305,116.12039949511583,86.38375361107288
639936,3183,0.4094309500467355,0.6732133329992569,4.306931499679607,0.3519089411688232,0.942094918478802,0.04681499359016061,38.57228269279269,20.162897101891154,94.20926405081424
639937,3183,0.32360577056256223,0.6606315446977421,4.31758545886336,0.3694923529376233,1.169676241833111,0.04903285074112807,37.85139932438882,21.17035238568406,116.96726634794278
639938,3183,0.2616385830684226,0.6499117708755558,4.3947632640726,0.37202303822197136,1.4232304603971255,0.04850170223617133,37.23720152704273,21.31534997175307,142.32250751334004
639939,3183,0.22638620382725966,0.6441397020418889,4.488935833107954,0.38023383051176163,1.6302444269850949,0.04853220112260064,36.906486343814606,21.78579371641661,163.02372978631504
639940,3183,0.18336653664760388,0.6146733047412614,4.571855385711164,0.3767684924984507,1.9206440206738322,0.04721768867387743,35.21818614103297,21.587244473667642,192.06336511306992
639941,3183,0.1651225266421991,0.5471124309489931,4.6494962982448165,0.37409037913334675,1.8984224594638897,0.04609918679316225,31.347233212519985,21.433799880789607,189.84110774502355
641253,3190,0.45059410473227635,0.701442923308624,2.721180874444902,1.7131728490687559,0.891927296892944,0.3607168284517249,40.18971907490283,98.1575738280425,89.19253372444378
641254,3190,0.3058375036336304,0.6327366437018995,2.6485450946688647,1.6563409743543933,1.1853725462475546,0.3583150126376962,36.25313922739176,94.90134726509326,118.53687091936624
641255,3190,0.20520248010592063,0.564687240184941,2.6194148884404536,1.5986965300566642,1.5766960523133455,0.3496909326926114,32.35419560748734,91.59856389445642,157.66884455754337
645411,3211,0.20196809121206066,0.5268742702086108,4.100443862865645,1.9539599823211424,1.4946752400911338,0.27302814962375827,30.18767201698872,111.95366032445841,149.4667913581524
645412,3211,0.3068645178195454,0.5940304328030914,4.163283431399608,2.010140158531697,1.1091355831770056,0.27663873703229264,34.03543670194679,115.17254731362445,110.91320049182455
645413,3211,0.4544646358886872,0.6667999070564489,4.169477727899271,2.077092860022249,0.8406555009211356,0.2854282047228128,38.20482045405008,119.00865453603234,84.06536696518818
645475,3211,0.46078284290436233,0.5350621802520094,5.4775358702985395,1.7325453082181093,0.6653199986126916,0.18122662479151067,30.65680470550824,99.26753397609005,66.53185691641362
647220,3220,0.3979697418885457,0.7763562946703454,3.405111502700834,1.8491483410308245,1.1177216075327043,0.31114515703671897,44.48193908302568,105.94839563468408,111.77188270660142
662496,3296,0.2309679640259102,0.5846570182531078,2.9322411487899265,1.8927103621933687,1.4503473804055769,0.3698342316397677,33.498379608606214,108.44431559435743,145.03411637958575
662497,3296,0.41075485439923265,0.6579805944930052,3.095845243395906,1.950039032975841,0.9178104590702076,0.36089984262853536,37.699511065958056,111.72900647528806,91.78082469718413
667384,3320,0.42909016142264905,0.5934603962187825,4.943772011842796,1.6589047047389158,0.7924389388543109,0.19225853816881006,34.002776011497836,95.04823819593585,79.24371105375802
674556,3356,0.3297738234721328,0.6288241136244475,3.2137441851495603,1.8855738964266093,1.0925356747499606,0.33616684983309575,36.02896776673577,108.03542622528254,109.25323949049238
674557,3356,0.44384122072063703,0.6967141586277487,3.324166054701989,1.9477629749181968,0.8993932526629972,0.335719081966692,39.91878081637815,111.5985979546583,89.9391246546232
680385,3385,0.32752252670269,0.8038386298520028,3.214259352607311,1.9236904947104776,1.4062104355861957,0.3429074446155992,46.056560900098546,110.21934643634378,140.6206185056943
680386,3385,0.43968525588826246,0.8753635801593184,3.2887527030763084,1.9921054195249237,1.1406940958384653,0.3470593347748248,50.15463868259067,114.13923288391639,114.06915274453446
696326,3464,0.4910970295093189,0.5666326520918076,4.259877773005426,1.9028681294362317,0.6610844066908539,0.2559376544125394,32.46565949916529,109.02631278664973,66.108307401688
697269,3469,0.35328105606485716,0.7159597975373593,4.585234779848044,2.135229057386452,1.1611568985811616,0.26681210208211636,41.021474699931595,122.33961328194074,116.1153644678763
697270,3469,0.49492002421970993,0.7845035837648,4.709457153587005,2.1936690711276094,0.9082021590311453,0.2668842184101407,44.94874436261089,125.68797942399561,90.82003423369791
706578,3515,0.38731918967944834,0.5816772603977642,5.506969549405374,1.864192521285565,0.8604699195678029,0.19395488302108538,33.32765205952407,106.81036366951476,86.04677201853718
709078,3527,0.4113392419332761,0.8351743147928212,5.020450282098437,1.0259317424221277,1.163321107102155,0.11708423645147018,47.85196339535909,58.781558909290595,116.33183072596435
709079,3527,0.3198783577466515,0.8253186584885738,5.096001761294437,1.0802030972925394,1.4782892703218509,0.12145026879788738,47.28727588479421,61.89107849182195,147.8284695139545
709080,3527,0.277578052322518,0.8034074872065768,5.223640888204603,1.1340709081882419,1.6583392023488914,0.12439116312548913,46.031858246147536,64.97747670775453,165.8333287796635
709081,3527,0.2304382481370717,0.786265618037449,5.305820206537276,1.1840612115239706,1.9549575601718943,0.127862813545812,45.04970148979108,67.84171010547055,195.4949161394341
709082,3527,0.21516559890195458,0.7340000466773602,5.39871391239956,1.2156397137844843,1.954545851989831,0.12901410596949098,42.05510483701816,69.65102500834232,195.45368589565103
709083,3527,0.20937197032825078,0.7271102980335766,5.4979369795306905,1.2367121980700437,1.9897768198260724,0.128881777940873,41.660351317823384,70.85838942176062,198.97674113573072
709084,3527,0.19270820137865508,0.6679336390170649,5.600961872961282,1.2553413414318761,1.9858924659570238,0.1284168009268971,38.26977851049247,71.92576071233778,198.58822638829804
714153,3553,0.40223416695963904,0.7327588414936155,3.376117047090929,1.836149471347233,1.0437698093141545,0.3116112785319821,41.98398901847983,105.20361526337373,104.3767240339097
714957,3557,0.32420598348379015,0.6682237473905764,3.5631398381898967,1.8854952044873539,1.180928214327116,0.3031902257896559,38.28640049589609,108.0309175092815,118.09246082390558
714958,3557,0.4391992777658046,0.7358866455432239,3.6553573066657923,1.9489073989320604,0.9600015337945884,0.30548085712857137,42.16319898966632,111.6641686206261,95.99993698580734
715963,3562,0.31038609782382437,0.5874602958163831,3.1606747353138727,1.9651136788751917,1.0844233918127064,0.35623001142369665,33.658995581785604,112.59272006297505,108.44199329731947
715964,3562,0.41251471712554655,0.6601238018964817,3.182425132119861,2.013334161029043,0.9168716973657874,0.3624768691326909,37.82230780479845,115.35555017647663,91.6869496957554
716023,3562,0.46586321304654915,0.5578560746737877,2.745344495885468,1.9274317419955493,0.6860983454654286,0.4022580913948885,31.96279865454293,110.43370411589316,68.60968874496743
720987,3587,0.28168450318903415,0.6378735535726301,3.512881737006851,1.8524055083025508,1.2974608390414875,0.3021309147766059,36.54746248272372,106.13501757252213,129.74562790402942
720988,3587,0.4063329557384505,0.7083283452804741,3.6096148705107303,1.9182144696670012,0.9987923234409647,0.3044801092389499,40.58422469405649,109.90559331284464,99.87898899638057
731039,3637,0.40813264488847756,0.5358288152237904,4.319510955581392,2.2561797094989156,0.7522242899727644,0.2992690056985206,30.700729653818428,129.26957517734,75.2222465320334
731100,3637,0.47956576424332875,0.591914387521457,4.378179456928445,1.7115156441495238,0.7071855011246635,0.2239803638044536,33.914196238050565,98.06262298038219,70.71840412369099
731101,3637,0.36386310342513134,0.5249916214694714,4.43233670020989,1.681035372217472,0.8266791295985447,0.21730350904614273,30.07980418993041,96.31623204026455,82.66768803732691
733851,3651,0.2538223647209783,0.5282045481621283,4.6127641954379035,1.6321113798624642,1.1923255923585556,0.20272680240440522,30.263891329304574,93.5130937613923,119.23209418712464
733852,3651,0.4262293500256755,0.5979437308840195,4.751773880567032,1.6964830982260057,0.8037844263918577,0.2045579688389359,34.25965216596062,97.20132154362801,80.37825594516407
737269,3668,0.4981338101687903,0.5250277065363805,3.5065712559988356,1.9182713955524964,0.603891374044321,0.31343682072442175,30.08187171196775,109.90885492582856,60.38901738622657
748926,3726,0.29057326315965765,0.5744423086355527,4.350730235926862,1.8352708501694983,1.1326960494568354,0.2416910909991325,32.91311985856861,105.15327397809872,113.26921903088272
748927,3726,0.4699492984392369,0.645278341146274,4.517199700960194,1.8965707892479515,0.7867173096109531,0.24055943665285673,36.97172555888444,108.66550177170315,78.67156523077465
750534,3734,0.39848194723215213,0.7202397693329209,3.4857554188191644,1.9146227597671768,1.0355976794254371,0.3147088363899107,41.266699020252304,109.69980349434934,103.55951065632614
758172,3772,0.2314160492422931,0.6631567107724732,3.1248654225709305,2.0822570572997403,1.6418947244823034,0.3817909725042135,37.996080683040525,119.30454124460555,164.18877004718317
758173,3772,0.3200948934077003,0.7333559731825589,3.18744434241921,2.1380839617056573,1.312679511505743,0.38433043437250064,42.018202144069804,122.5031872503449,131.26754516201177
758174,3772,0.4131527332598032,0.8010507162135512,3.1804023841523708,2.137429299751594,1.1108924232921522,0.3850634690394527,45.89682521496831,122.46567788336927,111.08897613689732
758235,3772,0.43749349417661015,0.5627297722251438,3.4879626050824353,1.6794207746689356,0.736971878372009,0.27587372066155896,32.24204095485887,96.22372241512124,73.69702106889426
759780,3780,0.29634228109511185,0.7044320863698423,3.988102793872863,1.6669972115356617,1.361971838492437,0.2394920827725863,40.36098550258705,95.51190468107032,136.1967288525537
759781,3780,0.41082770264464613,0.7743040711231125,4.043230983355725,1.73384331276218,1.079877378513794,0.24569930414933866,44.36435533515187,99.3419041582541,107.98747762647353
763601,3799,0.4739633879916506,0.5468697724298486,4.664616664662865,1.8065362898032213,0.6610917643910993,0.2218979868274559,31.33332990351011,103.50690494294716,66.10903835260737
763665,3799,0.44108912800373246,0.5689097336063644,3.8670739298172583,1.3505928682287793,0.7389918238993415,0.20010807239345002,32.59612665955666,77.38327118997759,73.899016527708
767821,3820,0.2780354330576277,0.5933844970563016,3.1068701277568898,1.8935115237980127,1.2228091115265594,0.3491945719087559,33.9984273098191,108.49021877301146,122.28047574891872
767822,3820,0.42727081619019563,0.6656547968177373,3.157969291783713,1.9405804535490985,0.8926237911061444,0.3520840741901599,38.13921047029469,111.18706979394643,89.26217228734184
768487,3823,0.4830589512807255,1.1792120960834696,4.636157261132961,1.7660458937018415,1.3986672781564229,0.21825613372860742,67.56387625635811,101.18697613552513,139.86644116786664
768488,3823,0.31591247032940195,0.5699844381815414,4.665863368289236,1.7258164102206375,1.0337579149100256,0.21192647212983012,32.6577026959377,98.88199652006088,103.37546753509947
769429,3828,0.34814533442637785,0.5643778925096823,3.317404618382477,1.95531817183763,0.928821017112036,0.33770821289942293,32.33647129129283,112.03147885153206,92.88183758870221
769430,3828,0.43092580189872803,0.6328927445677119,3.325473407255957,1.99889689033217,0.8414924830890176,0.3443971462937207,36.262083148181155,114.5283554978579,84.14905498661254
792342,3942,0.34074066839105815,0.6043067014531778,5.049839973533709,2.004619706917484,1.01614587633714,0.22744532323725494,34.624223524739335,114.85624873512387,101.61429239996043
793348,3947,0.2593558217091264,0.5867143673034748,2.9203861535114717,1.9476025312398044,1.296144251110532,0.38210496475870775,33.616257026177486,111.58940520903685,129.61393035529545
793349,3947,0.4135906845466963,0.6595976419600914,2.998219861184269,1.9989618735357317,0.9137575278988176,0.38200026576410534,37.79216106109441,114.53207876116123,91.3755340669271
798975,3975,0.3006602141343595,0.7609408656282544,4.272737320718322,2.084292701419423,1.4500987014513436,0.279495709232323,43.598700059530465,119.42117506125399,145.00939266495172
798976,3975,0.42775124429680045,0.8278389276873883,4.362052230903977,2.1428377407959833,1.1088611943662952,0.28146283434586866,47.4316766731231,122.77555872895812,110.88586279914905
803058,3995,0.4328115695656968,0.6109503754983086,4.875284043542165,1.8750700454698626,0.8087786847826821,0.22036377515022948,35.00487800798594,107.4335998968265,80.87768348112297
803059,3995,0.3318744218878298,0.544238507898099,5.057473578151932,1.857345715557675,0.9395893914960519,0.21041745200106368,31.182569551058393,106.41807059816065,93.95865886566845
808021,4020,0.18561027804779978,0.5759026155258076,3.153098058691578,1.9581242367647849,1.7777457072679346,0.35581593748352225,32.99678928017409,112.19225452889772,177.77362252565575
808022,4020,0.3013402343250714,0.6458546149696341,3.167276081992009,2.014899975534512,1.2280053631631058,0.364493847034765,37.004743616806834,115.44526473914037,122.80013287822412
808023,4020,0.46334783927463485,0.7150566052497715,3.2188204740745556,2.062276908971566,0.8842109801070975,0.36709025450770966,40.96972559376405,118.15976307135578,88.42090908849907
810697,4033,0.42027728907761175,0.69074367615501,4.0597731979891964,1.840650503232554,0.9416805869813313,0.25977191333328553,39.57669736903339,105.46150539385643,94.16783687754297
810698,4033,0.3146032481101049,0.6239303416536426,4.058905873739006,1.805362854729752,1.1363065818726497,0.2548461950795903,35.74857528690923,103.43967206570474,113.63030061309908
810699,4033,0.25191327727993207,0.5587321195461916,4.097088483670268,1.773162893567052,1.2707941162635912,0.24796816165321808,32.01299232839575,101.59475019059687,127.07891221592926
826172,4110,0.4838357134783058,0.5240881712757416,3.828091196892211,1.8828192343326071,0.6206247048266127,0.28180518666609994,30.028040306829414,107.87759571331154,62.06234349385686
838572,4172,0.2704219564523053,0.5834101149626709,4.142642737101925,1.764147662918413,1.2361028858392964,0.24399452642592537,33.4269373126032,101.07821552309287,123.6098360550937
838573,4172,0.3452899026615932,0.6495359529671619,4.19475305938721,1.8254936719812003,1.0778093243488445,0.24934264592514224,37.21566874702632,104.59308293236188,107.78062341103733
838574,4172,0.44912370962881865,0.7183588147779029,4.150300856882478,1.86106952586265,0.9164273999335849,0.25692457639207217,41.158928262793864,106.63142921234305,91.64253798640887
841185,4185,0.2367679736462455,0.7481343343731149,3.5256137214833156,1.8056548206603047,1.8104196018517862,0.29344224399126184,42.8649398684086,103.45640048128702,181.04120319604348
841186,4185,0.33160279761608635,0.8188169586986153,3.583150501513931,1.873324782133004,1.4147876570901694,0.2995509212593351,46.91475592716849,107.33360367348557,141.47834332550065
841187,4185,0.4109117486963394,0.8842680620782487,3.5327158460913806,1.917719185951062,1.232985594669654,0.3110276063012569,50.66482791529593,109.87721564625977,123.29826240737242
842255,4190,0.369846490385506,0.5750969051251471,5.402033790174932,1.7911904248022954,0.890927058667871,0.18997965477760104,32.95062547470645,102.62765164541658,89.0924673853019
844401,4201,0.30668376613137677,0.6605858434502145,3.4780344523211,1.8688138607015587,1.2341305207998157,0.3078610866963377,37.84878083578701,107.07514691374865,123.4126536939675
844402,4201,0.4007753010672337,0.730596571818574,3.5378296118466306,1.923834012687153,1.0444780138891443,0.3115683376328235,41.860100091930825,110.22756941069153,104.4475433813349
851988,4238,0.3613504490433878,0.8014899772520211,5.116076054456145,1.151122189229624,1.2708436330798532,0.12891607223147947,45.92199301857717,65.95444314671717,127.08401513304372
851989,4238,0.3028467554070417,0.7788710473371151,5.22578977255462,1.2091138984022054,1.4735512772398665,0.13256775762455214,44.626023797350854,69.27712332905618,147.35464602460524
851990,4238,0.27183809815640253,0.7719633971511455,5.429375211097427,1.279124003664867,1.6270803565883443,0.13498497322323527,44.230244595342036,73.28840688387332,162.7074430989106
851991,4238,0.22116005911507325,0.6708536067939344,5.599671903040107,1.3551870716237806,1.7379755981366525,0.13866258748823898,38.43708034042129,77.64649965473583,173.79678183048458
851992,4238,0.19284934610097665,0.6181596821650779,5.763905063056276,1.4325992331987392,1.836559974546266,0.1424067342463056,35.41794085320735,82.08188979596576,183.65505465394642
851993,4238,0.1631147542039735,0.607703486635878,5.896285531207678,1.4709391327216146,2.134622524793647,0.14293507944379544,34.818844979620636,84.27860422558217,213.4609569108834
851994,4238,0.15387810225911006,0.5642561939288981,5.976734726890335,1.490113107189932,2.100980964843307,0.14284922419616983,32.32949847624117,85.37719203910835,210.09674479256444
855118,4254,0.4027968066419566,0.7537338893268302,4.048068281384639,1.7985057649034064,1.072147766569754,0.2545579331708012,43.18577073440805,103.04678975891305,107.2145131435522
855119,4254,0.29316068676206514,0.685261625037587,4.159596769534307,1.7361793693444079,1.3392859073737418,0.2391475799542677,39.26259897693008,99.47575034111951,133.92813846372857
855120,4254,0.2138841146610312,0.6196335383847803,4.2519772996958185,1.6770544770731188,1.6598888136494683,0.22598461033810882,35.502386594205404,96.08814354980899,165.98811305999578
855121,4254,0.18612440747269365,0.5541684544629826,4.3921194174203,1.61530763240062,1.7059295073240417,0.2107190195558597,31.751513580016653,92.55030995182496,170.59204334945457
859074,4274,0.149104857152406,0.5528168411190464,2.922174642975813,1.8320817801998448,2.124281550614992,0.35922067019973736,31.674071839875545,104.97055372826566,212.42674462814986
859075,4274,0.2704448198324612,0.6270951572610414,3.0005189967175174,1.9002505704661976,1.3285484468831832,0.3628583503763496,35.929905864150314,108.87633770504016,132.85435835691072
859076,4274,0.42539801444032643,0.7013342881221362,3.07848241827934,1.9410257331028378,0.944609340630525,0.3612578113536264,40.18349473721047,111.21258243307916,94.46071423103233
866310,4310,0.13107694738491762,0.5922957102031815,4.637307069256012,1.8062689246395642,2.589016795582932,0.2231717336779959,33.93604441834599,103.49158604748078,258.89972413659274
866311,4310,0.24304583492955,0.664591079773661,4.718253759349555,1.8734335152754582,1.5667111685908666,0.22749906823777935,38.078263973072985,107.3398336236414,156.67047869234923
866312,4310,0.4056023483685069,0.7332889570833468,4.749198300268397,1.939575702891128,1.035851038278572,0.23399633909054718,42.014362404425526,111.12950182178174,103.58485099648092
868320,4320,0.38661081866747765,0.624432642355049,4.859845458247056,1.669487682525129,0.925410059528318,0.19682641924058777,35.77735499714628,95.65459815776657,92.54076898233201
873346,4345,0.4053466378020754,0.5406585226622508,4.4343864971508555,1.772041491729127,0.764221233215945,0.22896177055026282,30.977451506325142,101.53049859814556,76.42193667217305
888420,4420,0.3583210165045906,0.6474493313815421,4.221472843782386,1.7466013070334356,1.0352759506915,0.2370567971209032,37.09611413672941,100.07288338504912,103.52730903503989
888483,4420,0.40205440989748054,0.7779233067226797,3.259253071544321,1.6400626370189708,1.108599235681475,0.288313502778859,44.57172226007057,93.96866723828332,110.85965059252865
888484,4420,0.2872107389491903,0.7036028183157077,3.2212038286090383,1.5936508894303594,1.4036198885485256,0.2834638059448549,40.31347194300011,91.3094699816294,140.36150503629602
888485,4420,0.2292174273213297,0.6335757854715949,3.2201133830608004,1.5565274400816111,1.5837023104974073,0.2769543867776912,36.30121850920845,89.18245301297844,158.36954704483514
903759,4496,0.4748634774769569,0.5590052675476043,3.563629748519478,1.7433918204817975,0.6744810540442603,0.2803012661807367,32.028642556059125,99.88899335123627,67.44796478825548
912403,4539,0.45459357052404503,0.6392423927925386,4.625625503406968,1.8385478152703163,0.8056843026827385,0.22773358963596502,36.62589119285646,105.34103024798725,80.568254809192
912404,4539,0.33070754587857404,0.5734424359230932,4.724694132194655,1.8172417873224447,0.9935010793692924,0.22037465629472852,32.855831372094386,104.12028476838643,99.34981052518079
915757,4556,0.36303048999218546,0.5429182024385644,4.59267412520295,1.7390827187113027,0.856867993769906,0.21695878495392398,31.10692162055898,99.64210000629457,85.68656570599036
915758,4556,0.4697966274158095,0.6123370372611018,4.52575777246079,1.775753615060986,0.7467981905445947,0.22480917558688326,35.08432787460616,101.74318759809312,74.6796616823985
920642,4580,0.4135775395390247,0.620102281231236,4.6129580668699415,1.8276365629780633,0.8590708954242151,0.22700371388046997,35.529243580984264,104.71586154243872,85.90688390307973
920643,4580,0.307681193092423,0.5544035449135133,4.721622667927769,1.7908317272611294,1.0323992155313482,0.21731321367513076,31.76498327063589,102.60709979018604,103.2395893677675
923394,4594,0.2402614825946477,0.5741031970141761,3.3700806059183073,1.9310418064316948,1.36907874160991,0.3283023707185305,32.8936901938799,110.64054557185457,136.90731003298418
923395,4594,0.4158367049230811,0.6468538768540889,3.510689609017423,1.989186683895828,0.8912632236494531,0.3246427739822622,37.061997105414385,113.97200165085475,89.126110178657
924352,4598,0.3516445312109351,0.602522640170117,5.051226254978375,1.1508730091165056,0.9817301364595657,0.13054288744711218,34.522004342827266,65.94016617789688,98.17273725602728
924353,4598,0.20573773373578486,0.5918685703563141,5.024033462760398,1.155752565284779,1.6482911930544437,0.1318059374231285,33.91157110785863,66.21974415223599,164.8283261595688
929625,4625,0.2580619701371425,0.5936475817037803,4.443896758763073,1.5706813250255522,1.318036114103226,0.20251012921038006,34.01350094977432,89.99341088398003,131.80310577568923
929626,4625,0.40682612045460553,0.6645207484129336,4.56462931459181,1.6290777032432633,0.9358846797866712,0.20448380417626,38.0742342829359,93.33927689470457,93.58824023430437
932037,4637,0.32062275641460464,0.6024552557484301,3.6501495129206973,1.781193775585435,1.0765967708987785,0.2795909734523907,34.51814349985967,102.05488583601772,107.65934466572591
932038,4637,0.4804486947369827,0.6713684932696625,3.7947638146649525,1.8478162467183932,0.800638669292845,0.2789951552835203,38.46658116240888,105.87207225266839,80.06370195212013
932841,4641,0.23125033811038276,0.6439824870725533,3.3137354756896777,1.883615035660556,1.5955642398420573,0.3256843892241815,36.8974785895954,107.92319177073392,159.55574091417017
932842,4641,0.30429084183455823,0.7132283122021579,3.351574535782324,1.944196262203596,1.342957629913922,0.33236390492807727,40.86497211842268,111.39424036937602,134.29532606608868
932843,4641,0.40034124856038933,0.7809299064869479,3.346126585591564,1.9808428539108118,1.1176461776172084,0.33918004046010686,44.74398773724817,113.49393540773862,111.76434138076935
933645,4645,0.21932159432493348,0.5470803915615579,2.9242707498737452,1.8752514318023303,1.4291978935373069,0.3674214920261937,31.345397490841762,107.44399256813826,142.91914422826198
933646,4645,0.34909006244633645,0.6151970712573748,3.0114280189729907,1.938128710737658,1.0097163607330897,0.368750620004923,35.24819575185654,111.04659527839935,100.97134972418559
937062,4662,0.449861429875258,0.5711501603545113,4.768649567781967,1.5758320707541835,0.7274349556522972,0.1893377263371308,32.72449365653369,90.28852687557564,72.74333548059978
939474,4674,0.24484367417374414,0.5965321628586666,4.411900878724497,1.7638344646024495,1.395942696702709,0.22906287591300492,34.17877527561228,101.06027058143755,139.59370523762627
939475,4674,0.32418575423165086,0.6686065537251387,4.456928297445653,1.821604767329069,1.181678466789914,0.2341753286327427,38.30833368323737,104.37026510886596,118.16748581857165
939476,4674,0.42778538976603064,0.7456481735676659,4.386821792209835,1.8647741717582011,0.9986898423936816,0.24355602895227416,42.72249334706552,106.8436897867486,99.86875311865755
942489,4689,0.42422343326488776,0.6001938789291544,4.0479081020313785,1.8869235547999037,0.8106241344789146,0.2670830289662927,34.388576152226456,108.11275595385679,81.0622242749372
948721,4720,0.44235869653339444,0.589074330887549,3.1006211475611227,1.9438472052576379,0.7629887799394213,0.3591997706910034,33.75147297934951,111.37424087956289,76.2987072372258
949726,4725,0.44752930037219973,0.5252333275449369,4.0644811033255115,1.914410542747234,0.6724398208222174,0.2698687514997963,30.093652927937253,109.68764435476578,67.24383332907094
950529,4729,0.1649283367251818,0.5310612256329316,3.155310542880812,1.876818588272286,1.8448961319252661,0.34080253660459675,30.427566891811708,107.53378401970333,184.48850578058472
950530,4729,0.2829958073135441,0.5990025126242307,3.2479073649864225,1.9373911763370386,1.2127499345008046,0.34177186986578456,34.32031589110023,111.00433766999816,121.27456919708392
950531,4729,0.4406104615011406,0.6705678190151438,3.3169710240611083,1.993267565400879,0.8719880346003241,0.34430755579423955,38.42070590686017,114.20581893778716,87.19860753499876
954212,4747,0.4587739564148831,0.6596926440593819,5.003331036766832,1.8355293262597212,0.8238829368588699,0.21019613250483088,37.797604280428644,105.16808356717354,82.38811589847813
954213,4747,0.32298230989788673,0.5897463264370898,5.044742372309678,1.8345604375943547,1.0461865373582284,0.20836063047426692,33.78997548818977,105.11257033582997,104.61833306145971
954214,4747,0.22922869242121574,0.5237096022864834,5.101111612452498,1.8089106442765428,1.3090136437780235,0.20317717608286198,30.00634990149039,103.6429454333365,130.90079903938846
955817,4755,0.494492413699472,0.5843890135574283,4.521198006489632,1.936989186749969,0.6771190510899194,0.2454688004340483,33.48302407065409,110.98130536325085,67.71176954644612
956560,4759,0.37865405103235994,0.5538453847762169,3.733034608455803,1.8919387326810058,0.8380473449554382,0.29038065691657533,31.733003050476366,108.40010447995131,83.80451538665586
965157,4801,0.4849825545760152,1.5264646118833378,5.167709754286072,0.9562484433871448,1.803363383041417,0.10602182102153568,87.45997983699051,54.78899997203803,180.33597018243273
965158,4801,0.4541708019319153,1.4334031695756542,5.259236406502659,0.968510930406572,1.8083053732143368,0.10551263402128352,82.12795195736004,55.491588724585164,180.83014314849916
965159,4801,0.42838175230767916,1.3497154719917392,5.346667466059052,0.9708730562627559,1.80523558407445,0.10404037433767063,77.33300008863453,55.62692856682323,180.52314121435808
965160,4801,0.4040021103114059,1.2752392194080073,5.439590713707589,0.9701195318827658,1.8085505364505776,0.10218370760475903,73.0658251416364,55.58375480008959,180.8546104640561
965161,4801,0.3863493210008584,1.2413169425305033,5.545956960685981,0.9652030647566989,1.8408786074725514,0.09971599541063662,71.1222218450812,55.30206198365114,184.0873890329269
965162,4801,0.3592306374231599,1.146998133989823,5.673383748276982,0.9656870100878203,1.8294138503607211,0.09752520253529126,65.71815218699776,55.329790008639456,182.94088087120377
965163,4801,0.26388034867811994,0.8884817799084009,5.681874290696099,0.9587835193301548,1.9291415404326435,0.09668332352510428,50.906256163022675,54.93424912431765,192.91343028990528
965164,4801,0.1677664867186024,0.5933259251692946,5.633076997880154,0.9560343768222181,2.0263325546408706,0.09724123207388304,33.995071387895486,54.77673486133287,202.63205972034177
979624,4873,0.43946009162996413,0.7200750185183072,4.319972256093855,0.6515186964716246,0.9388169560986267,0.0864109056316752,41.257259493903604,37.329271581689014,93.88148411701285
979625,4873,0.2916774189722656,0.7119344697366241,4.300722602186102,0.6763708077295059,1.3984914962230903,0.09010856119608354,40.79084040579279,38.75319266875516,139.84867495346447
979626,4873,0.17630707507302718,0.6907038993181995,4.302108593261501,0.7053355947679409,2.244630061677321,0.09393708166715072,39.57441832416177,40.412752720552724,224.46174576955684
979627,4873,0.14637148583715667,0.6124344097411702,4.287977097623305,0.7533455831374183,2.397318323903278,0.1006617370970998,35.089906906754806,43.16352242859595,239.7302109482056
979628,4873,0.13337535801479178,0.5279691488494197,4.314339993719572,0.7862761149639854,2.2680652651568485,0.10441991794930333,30.250403942186093,45.050302919379476,226.8048430204643
987715,4914,0.34417923671277917,0.5350958293980366,4.165605630664149,1.9006017515986922,0.8907780742847874,0.26141807049314125,30.658732659559817,108.89645890177673,89.07755120508197
991332,4932,0.1953680499842227,0.6428678444345449,3.6908395524790696,1.9152874211040145,1.8853447320788648,0.2973249959151482,36.833614270772195,109.73788578375567,188.53351784096174
991333,4932,0.291689246958582,0.7138725645507308,3.7458685024205782,1.978936320777903,1.4022417378486138,0.3026926832315637,40.901885058937296,113.38469910572108,140.2236978624283
991334,4932,0.3917755286627533,0.7775018635175817,3.717008256925607,2.0370948271690414,1.1370688301563734,0.3140077387055592,44.547575343113984,116.71693606471794,113.70659568394196
991396,4932,0.4072204121668027,0.6332243264171749,4.66304369400098,1.7475067953304904,0.8909445453562572,0.21471976331030287,36.28108138871852,100.12476404286885,89.09423793721672
991397,4932,0.2973106608910999,0.5618003699942778,4.775937277567124,1.7168335861351198,1.0826651473048017,0.20596442685276725,32.18879012956021,98.36731861185226,108.26615422040378
999372,4972,0.3034573231596951,0.6671466003867731,4.5006026696611015,1.9702123588912746,1.2596395058460217,0.2508216364424433,38.22468451866299,112.88485290898429,125.96353964081992
999373,4972,0.4143367542867577,0.732455050718013,4.573328231895605,2.0343597821805197,1.0128616793497527,0.2548695902959811,41.966583089182805,116.56022953009723,101.2859259263598
999573,4973,0.2570136517653432,0.6366409236616122,3.7537347452489147,2.0503423988397365,1.4192567718219053,0.312957557392613,36.4768379911208,117.47596601024584,141.9251304957684
999574,4973,0.39040723614834794,0.7037169667727343,3.8755939344707695,2.1129233769631144,1.0327680278891331,0.3123691327550762,40.320012167825666,121.06159193451593,103.27654089885749
1001444,4982,0.492292576244751,0.5604421306747261,3.4639027652769876,1.3361406102058084,0.6522740672153188,0.2210085639447707,32.11096874898118,76.55521780082728,65.22727554953255
1006469,5007,0.46467594456833655,0.5874995240599723,3.96794650585152,1.840427506803854,0.7244025188660943,0.26575138605923515,33.661243194580976,105.44872863964544,72.44009755175334
1013909,5044,0.41924856975074154,0.7119958309154748,6.055479070768377,1.666526272774719,0.9730350468120991,0.15768351373041678,40.79435614236689,95.48492187765919,97.30327491241208
1013910,5044,0.303475731272243,0.6479219048361551,6.163925754095424,1.6536354336887271,1.223267152938134,0.15371101929154057,37.12319060118865,94.74633120364958,122.32631624032543
1013911,5044,0.2181423514344623,0.5815366943953855,6.256417792903978,1.6465314093540737,1.5274244764630516,0.15078804447479063,33.31959822084474,94.3393005917157,152.74175445523528
1015515,5052,0.4989908868586034,0.5799571007381537,3.862022468779984,1.8684968860432445,0.6659258591716493,0.27720446007718225,33.229094170939725,107.05698560361465,66.59245379746159
1019271,5071,0.46631016407529213,0.7193662459779454,4.650658662324986,2.0956305744749693,0.883889138821387,0.258180175746945,41.2166498187061,120.07078733599188,88.38872622841843
1025704,5103,0.3520261643450724,0.575640746520679,4.446206028131758,1.7821813644881361,0.9369128688443678,0.22965978102747225,32.981785291394935,102.11147051203645,93.69102339802605
1027311,5111,0.2220705042118885,0.5571135518460806,3.5192282706879867,1.7534354788276705,1.4373927733542549,0.28547296331025723,31.92025523032319,100.46445258532613,143.73863654233918
1027312,5111,0.2943617297096822,0.6252452873070246,3.549273789797941,1.806410305045679,1.2170031390108256,0.29160806515955234,35.82391612313709,103.499686548057,121.69990459888973
1027313,5111,0.3971032545799488,0.6921409091298432,3.521461133487012,1.8444306791504501,0.9986508915618284,0.300097286932221,39.65675292148784,105.67809351976888,99.86484018771391
1027314,5111,0.4894934377023618,0.7577375325859755,3.4439325591990513,1.8763672167051815,0.8869406281048287,0.31216616520142537,43.41516259583309,107.50792233391604,88.69388342719387
1029120,5120,0.3865380265995002,0.628913288471654,3.46744055358163,1.9198108146319046,0.9322259052724235,0.3172283853897155,36.03407710911942,109.99705714198056,93.22235176644908
1047294,5210,0.14324852589605885,0.5245343985395398,3.857665997413556,1.921735127849559,2.0980044967130147,0.28542468932305753,30.05360724574872,110.10731216781339,209.79899973669347
1047295,5210,0.1480060546297901,0.5894273994896713,3.5797941593680247,1.9463637783037426,2.281778277437711,0.3115219049413349,33.7717023201297,111.51842989394108,228.17630149186348
1047296,5210,0.23226849234637104,0.6686636988669727,3.3809393282313183,1.9752333116537595,1.6494534330596342,0.334736950266057,38.31160785868414,113.17253231140923,164.9446402610296
1047297,5210,0.4011928289868368,0.7423679573775298,3.2683133398306703,1.9642116931695082,1.0602021439589009,0.34433981091405735,42.53455080348024,112.54104008885825,106.01995277668094
1053241,5240,0.4801601771698083,0.5369189131499412,4.302235628490242,1.8798329177290625,0.6406859312007777,0.25035005384650527,30.763187664242828,107.70649237563859,64.06846102296078
1059936,5273,0.4946343273787057,0.7845366937490806,4.29401772370115,1.6724133074184575,0.9087650821652211,0.22315283741038605,44.950641424969916,95.82222411659271,90.87632632950726
1059937,5273,0.3664096367523586,0.715556813216905,4.292200380400015,1.6528199463633468,1.1189221070609194,0.22063184056705532,40.99838539915962,94.69960722165887,111.891908386024
1059938,5273,0.2687757927803831,0.6524938381309908,4.311227400888651,1.626806477439522,1.3909415466892123,0.21620094780065488,37.38514308319808,93.20914524182898,139.093642335949
1059939,5273,0.19574403185570002,0.588248463423743,4.351801234509484,1.5916651267730852,1.7218482841016698,0.20955850012063706,33.704154259236255,91.19569416225292,172.18395756824313
1060075,5274,0.3980608121315565,0.536539073067529,3.457614035508749,1.980700954312388,0.7722795794375079,0.3282199912018699,30.74142443063071,113.48580515963432,77.22776587388618
1064898,5298,0.36086223835765274,0.6252454729284925,3.400372809896945,1.916318383199374,0.9927313516862668,0.32289681566148193,35.82392675846379,109.79695556065774,99.27286282056413
1064899,5298,0.4893667134393582,0.6908444033513997,3.4838441924071115,1.9802357858007005,0.808850841636226,0.32567229294800065,39.58246861226871,113.45915296715225,80.88492053159065
1068718,5317,0.39254369259086597,0.833488939126462,4.881860351693711,2.0949668838602666,1.2165625933517112,0.24587503896408633,47.75539848278267,120.03276066486698,121.65595251737682
1069320,5320,0.28213166453726,0.5952574736046189,4.082280784704499,1.8520758915416846,1.2088589846249416,0.2599432456016272,34.10574096116466,106.11613192326773,120.88547427538462
1069321,5320,0.46246683198004057,0.6611187931210241,4.232489580978553,1.9019557417625657,0.819070972535845,0.2574703008270696,37.87931660261728,108.9740368236689,81.90692191592711
1077562,5361,0.4470347001462031,0.5451528294841488,4.0683728547800575,1.670761452189022,0.6987143416411968,0.23529696752304588,31.234956319056753,95.72757978357943,69.87127942766395
1077619,5361,0.49319080602371823,1.0157583518849647,4.158664187374923,1.1754643027447322,1.1800435992987746,0.16194898245949765,58.198666568172825,67.34914351556122,118.00412305587652
1079371,5370,0.43925412918309636,0.5651123103295087,3.224282889891843,1.9373522713606501,0.7371256738293724,0.344269135263449,32.378550332768086,111.00210857904904,73.71240124841346
1089222,5419,0.4988669060484623,0.5394259916006066,3.6019890753614687,1.953701863820065,0.6195406366729622,0.3107696013812299,30.90683267837415,111.93887122373243,61.9539407198741
1091832,5432,0.43219532855438253,0.79365948820062,3.825765911027812,1.7344056159672228,1.0521478365895574,0.2597496130448367,45.47333904440849,99.37412175870973,105.21454265127257
1095249,5449,0.33102895329071624,0.8422438471996802,3.6079899812462477,0.9156101893056254,1.4577883846079898,0.14540117808992617,48.25701776540307,52.46059952638668,145.77840248499484
1095250,5449,0.4655287135075387,0.9091948961342697,3.7123785051760168,0.9768765936509753,1.1190078650965416,0.15076831657254494,52.0930303033289,55.9709059213172,111.90054854035718
1100162,5473,0.4218039025867285,0.5356036397695296,3.2164047342603688,1.9955631309826076,0.7275377760828502,0.3554818321955568,30.68782805063934,114.33734515721571,72.75360685104775
1101230,5478,0.3840319176868265,0.5714165164271978,4.733859010968102,0.6725007807944285,0.8525268962023699,0.08139544563558501,32.73975473534631,38.531456458773285,85.25246984698622
1101231,5478,0.25909606889684966,0.5587728251096282,4.8107143571283135,0.7119046229380395,1.2356545387214906,0.08478809423588872,32.01532458538337,40.78913031020192,123.56498173327132
1101232,5478,0.2311713032295658,0.5470920807539056,4.945380396627635,0.7541962954429127,1.3559670010223472,0.08737905095302471,31.346067232229203,43.21226465328062,135.59611940666167
1103691,5491,0.36428572985481855,0.6333190926769312,3.2108581574816,1.9048315899792998,0.996100234664808,0.3399054243327408,36.2865110954428,109.13881078900799,99.6097527623482
1103692,5491,0.46911044761914267,0.7043372382107643,3.284344951959376,1.9685909389233287,0.8602569064052034,0.34342297686267786,40.355551103377294,112.79195238800276,86.02550909424991
1105098,5498,0.22972661300228464,0.7352149006186398,4.210920252656673,1.9848687516458314,1.8336886813575537,0.27007066214300046,42.12471084057832,113.72460235670651,183.36807791651665
1105099,5498,0.308571648282868,0.8041903194361868,4.249343895730101,2.0434016316286785,1.4932256411809677,0.27552086143132165,46.076711228971,117.07828934246943,149.32208504343058
1105100,5498,0.4528894770049542,0.8720798452657025,4.218256719030148,2.102105189406763,1.1032822789194057,0.2855249530372888,49.96649453214664,120.44175544555605,110.32798671896133
1105299,5499,0.3603963382398221,0.5838620845131655,4.740065487640587,1.6554425225776885,0.9282234246739405,0.2001024454565121,33.45283326031497,94.84986977019204,92.82208748737813
1110726,5526,0.13886332653765426,0.5735448760409041,3.671754360938695,1.9097133396177273,2.366477831935644,0.2980006378039831,32.861700758497776,109.4185144399294,236.64609606979977
1110727,5526,0.2952935561443446,0.6438617764277375,3.78783475486571,1.9720233641636784,1.2492843261296251,0.29829341267945925,36.89056237910515,112.98861586776897,124.92801377981539
1110728,5526,0.4728590721874227,0.708682917696552,3.833713383081191,2.0220794663763315,0.8587027663547229,0.3022046965548314,40.60454019702951,115.85661926342945,85.8700968538014
1114143,5543,0.4016071078556577,0.5601141480681248,3.212472053260714,1.8028151066388074,0.7990938233670333,0.3215395957342154,32.09217672986922,103.2936968528311,79.90918535291001
1116417,5554,0.4807090023536599,0.6252397735482378,4.606582828360298,1.8207167603296726,0.7452242268691598,0.22645720204340167,35.823600208029355,104.31938605562247,74.52226921143576
1116418,5554,0.3966448016254699,0.5584300384159289,4.718616603830514,1.8255813743362501,0.8066583355380668,0.22167113047620146,31.995684354561153,104.59810790715959,80.66563221756438
1118364,5564,0.1987907953532631,0.5747313398362546,3.241656905253004,1.7915441304738629,1.6564991558839164,0.31665262602157823,32.92968012651643,102.64791748758724,165.64909063776358
1118365,5564,0.33249296766142644,0.6467789326747924,3.3429603846051643,1.8561903986889527,1.114540925973391,0.31813681068196975,37.05770312024162,106.35187581758261,111.45376074304276
1119721,5570,0.45066365716024837,1.2273356410392426,4.842972302235883,1.3488576889411479,1.5603909833833352,0.15957938174628486,70.321152277532,77.28385274009779,156.03875555860827
1119722,5570,0.39372319883439905,1.2082394761323334,5.007984540005545,1.430010030842729,1.7582662406014609,0.1636058150949574,69.22702262348027,81.93353942866105,175.82618195280716
1119723,5570,0.35455078289795944,1.1946201175509743,5.199144640565698,1.4851011819497546,1.930518623231291,0.16366159357838372,68.44669085709312,85.0900298756111,193.05132327255055
1119724,5570,0.3281864900024592,1.1838397420508413,5.375484228534707,1.5325621842619994,2.066782784753821,0.16335150677234456,67.82902083936925,87.80934499956336,206.67765501622563
1119725,5570,0.26246325181954944,1.1018249157850903,5.529832683122114,1.570520497733725,2.405285867408238,0.16272498853509296,63.12991743684304,89.98419615892782,240.52767948088564
1119726,5570,0.22038102853908817,0.7497303620116572,5.664129010965008,1.5905109080164426,1.9491869990649981,0.16088892389555162,42.9563855160833,91.12956229886245,194.91782429284754
1135449,5649,0.38830369949845067,0.5261213698042312,4.361101352818377,1.7212470817339027,0.7763133151717768,0.22613598051944483,30.144534001424077,98.62019328256208,77.63113359266556
1138325,5663,0.381991384437012,0.5423366985784055,5.181406922759672,1.1975753065189898,0.8134634537879663,0.13242737272534277,31.07360390360131,68.61601071262402,81.34613455553101
1138866,5666,0.3418259017129784,0.7079464820933966,3.058282711015605,1.945897721592595,1.18663752966582,0.3645566384207737,40.562345545085535,111.49172681137857,118.66340929229877
1138867,5666,0.46119131347837106,0.7728750736988477,3.138612207635662,2.008622688875386,0.9601759087708247,0.3666767180096987,44.282479813806425,115.08560270677867,96.01738476476838
1157623,5759,0.44433084411586937,0.663569573156402,5.371827944565695,1.869713349513039,0.8556627477695898,0.199423147450795,38.019735955159355,107.1266838263657,85.56608412978132
1157624,5759,0.30841922165832136,0.5937743600133197,5.482848609741418,1.8567477452955838,1.1030688530322985,0.19403017811366416,34.020764811844735,106.3838094258685,110.30653122846829
1157625,5759,0.1811824546302485,0.5263690136288766,5.567961847897167,1.845436189612749,1.6645497680443695,0.18990019638074118,30.158722947398736,105.73570502551485,166.45406728194567
1159716,5769,0.4179330193043804,0.526404036111048,3.432302350788795,0.5301513008031482,0.7216641775840404,0.08849870683423773,30.160729587815233,30.37543203939096,72.16624681095712
1159971,5771,0.31051771284455354,0.756235422775667,2.942480216246033,1.996628698984579,1.3953824485898325,0.3887822140183434,43.32909804333721,114.39839770651285,139.5377999812458
1159972,5771,0.461796514716227,0.8234874854311706,3.0715663116526413,2.0454744476323885,1.0217131327707676,0.38155468799427356,47.18235739704694,117.19705295118919,102.17109424254988
1164044,5791,0.23612576345929548,0.6580617205897821,3.9218193295025974,0.3384787122185937,1.5967828795873216,0.049450012829015844,37.704159248911736,19.393401665148588,159.67761848144477
1170624,5824,0.4255859150336312,0.7252823748683326,4.7397501485414475,1.9482270002638282,0.9764331146970344,0.23550858360623006,41.555619035180705,111.62518464855007,97.64308433189694
1174104,5841,0.4912514770227988,0.5527462120397468,4.906945352716305,1.7985404208732079,0.6446804931554536,0.21000595641984807,31.670025091720785,103.0487753997176,64.4679193958568
1185699,5899,0.37098136208575405,0.5310810575713987,4.082147196861832,1.9472704391754632,0.8202218620063679,0.27331297006584565,30.428703178185437,111.57037773534032,82.02196731701149
1185900,5900,0.48665030848025503,0.7797453196953337,3.703382226845159,1.8735540469102414,0.9180332205091197,0.2898613556807977,44.67611591362173,107.34673957761228,91.80313529442483
1185963,5900,0.460032424076109,0.531723838443251,3.3707242875519987,1.8360156070459506,0.662247475452003,0.3120870653238585,30.465531809294315,105.19594540388277,66.22460502838165
1188714,5914,0.1875698226357689,0.5930188009675341,4.343216251029328,1.9897613015568076,1.8114573111192775,0.262489634330674,33.97747446734829,114.00492481766256,181.14477502360185
1188715,5914,0.23927162843824498,0.66489422268911,4.3817165859064096,2.0575345576011013,1.5921499527220329,0.2690453473485625,38.09563278271751,117.88804635286007,159.21433651383904
1188716,5914,0.36118547359413244,0.7290874127231481,4.315544831930648,2.118696728457491,1.1565700600550872,0.28129097264687875,41.773631645149145,121.39238060878927,115.65668899353757
1188717,5914,0.4783626977409496,0.7944013424411265,4.144496351991951,2.165162094433609,0.9514923179599493,0.29932382402461016,45.515844161403386,124.05464997275159,95.14903487942303
1190524,5923,0.38123523844098606,0.532381408178524,4.8512841968388285,2.327305477849478,0.800115097032608,0.2748649137695891,30.503207779860993,133.3447815184524,80.01130192816856
1190927,5925,0.49531168455511715,0.528095858986869,4.840093765330662,1.8279905071931561,0.6108812739715447,0.21639279301978256,30.257663898283457,104.7361410521466,61.08800529802798
1191529,5928,0.49417379247957005,0.9862701508753866,3.5391891964978837,2.1376560422583566,1.1435069366556874,0.3460642031999151,56.509117104890585,122.47866927204299,114.35046458227988
1191591,5928,0.43349449411143737,0.7171087893028225,4.171898699382906,1.8722504710589947,0.9478161012215673,0.2571300447486847,41.08730707878792,107.27205018306067,94.78139366363456
1191592,5928,0.3173609119615453,0.6498228404365092,4.187686889880631,1.8649908823996886,1.1731786622653726,0.2551673726966725,37.232106188215106,106.8561063918814,117.3175002573293
1191593,5928,0.22249114701986525,0.5811802823641471,4.208796107466304,1.8416882843278701,1.4966517214306168,0.2507153184084388,33.299177315687096,105.52096587067652,149.66450619362297
1193189,5936,0.3005278582293726,0.9311576699688718,4.703877255861237,0.4841098215433064,1.7752564800324089,0.05896720519595538,53.35140455045196,27.737449595262913,177.52506319953
1193190,5936,0.26418860268605865,0.9121173048144712,4.747470287200177,0.54079396545696,1.9781500593600205,0.0652667839230105,52.260471986716844,30.98521180682744,197.8142646621068
1193191,5936,0.25086394327686995,0.8953329364358762,4.792583500337075,0.5970944717217352,2.0448851995971613,0.07138319682162983,51.298798516830516,34.21099320024891,204.48771297715368
1193192,5936,0.24427265988713717,0.8720382215453932,4.839907916203543,0.6695656358997035,2.0454236526636613,0.07926449351721158,49.964109668645285,38.36328504404617,204.5415362906112
1193193,5936,0.23126107662286352,0.8259457074909371,4.9548986335057394,0.7581850716203866,2.0463106801600115,0.0876724385686657,47.32320314617752,43.4408046936722,204.63019201955464
1193194,5936,0.20288174846629428,0.7254490647391142,5.141030493142052,0.8560795031123347,2.048738633550906,0.09540838636537088,41.56516966126407,49.0497424559934,204.87286363911548
1210623,6023,0.33046932868451917,0.5447398856821092,3.646310922099535,1.9025368906231424,0.9444536218175296,0.29895238291673243,31.211296382023797,109.00733420064878,94.44507924891317
1210624,6023,0.4714260262913953,0.6244874431438793,3.770120777355795,1.9664681662362198,0.7589842752966617,0.2988507075158937,35.78049485106024,112.67032647216577,75.89826814244596
1210688,6023,0.4440521450511701,0.6423842419040205,5.051542545361017,1.7518985171184114,0.8288644806277317,0.19870443545919766,36.8059058868113,100.37639116611237,82.88626327051463
1210689,6023,0.3283779442757664,0.5704134874204007,5.021873508010564,1.7254458892546771,0.9952642977695632,0.19686032887513732,32.68228540652763,98.86076723249025,99.52612972371844
1218866,6064,0.3850021837942163,0.5561703821279997,4.324464989333863,1.7638626077954105,0.8276891950165123,0.2336980021417302,31.866215586112613,101.06188306761624,82.76870666904684
1225899,6099,0.38340617229642115,0.6942465131464811,3.6559659774449305,2.0835752440621675,1.0374740153306674,0.32653495189142767,39.77739514496699,119.38006778270264,103.74713364572676
1225987,6099,0.18027634988829738,0.5616190978882628,3.223605984514412,1.8330040756790518,1.7849486212657302,0.3257947700351898,32.1784040029421,105.02339736668822,178.49388191517312
1225988,6099,0.3324280638720286,0.6270167046656525,3.127795137763488,1.8791605215102547,1.0806972601048284,0.3442295988825474,35.92541086154268,107.66796691014035,108.06940417030586
1225989,6099,0.4898571941374681,0.6915621463261625,3.1679481379478154,1.9411244548932909,0.8088804639561504,0.3510734190743143,39.62359225549778,111.21823877501811,80.88788292143641
1227909,6109,0.2517293294371753,0.5390674438317897,4.718071770710231,2.010011317044547,1.2269642256847648,0.2440937115688568,30.886289404467114,115.16516524018458,122.69594003044219
1227910,6109,0.40771692047868674,0.6127567862441283,4.818694138173339,2.0738475901637106,0.8610968810779804,0.24658696031745478,35.10837771978849,118.82271426975707,86.1094790206156
1229117,6115,0.2743734432041532,0.5902412899292065,2.886535034920176,1.938399865731279,1.2325658482031745,0.3847593380533478,33.81833480730111,111.06213131512774,123.25614008494946
1229118,6115,0.3738626026515123,0.6592086606103024,2.838647453300214,1.9923476941891205,1.0102607961670815,0.40213910207413817,37.7698740714422,114.15311419965782,101.02581209716865
1229119,6115,0.48595505994039834,0.7281079359802115,2.759320165005641,2.042318293140408,0.8584643795724624,0.4240762622593017,41.71751176164766,117.01621861930744,85.84626306906068
1231125,6125,0.36003414708638376,0.76584213068361,3.368285752269937,1.890270493871692,1.2187599703477354,0.3215419625322101,43.87952186147729,108.3045214369577,121.87566190850033
1233739,6138,0.4018779684730084,0.5295607462568568,4.864123546705373,1.8438421376278726,0.7549952319259529,0.21719097252129282,30.341595756316202,105.64437257445698,75.49933720493775
1235347,6146,0.46059606148661514,0.5326010758621627,4.59246937473998,2.041133297922039,0.6625283127695041,0.2546523745659617,30.515793811028903,116.94832339455171,66.25268887416836
1240974,6174,0.20412283162213357,0.5552971058299709,3.2089590328852027,1.8889889603085628,1.5586781120157032,0.3372778945635109,31.816180539886755,108.23109497248603,155.86705524313143
1240975,6174,0.35458955105944445,0.6268804626955291,3.3268755084756525,1.9536680591606839,1.0129346353103927,0.3364626471227592,35.91760477166206,111.93693435942201,101.29318072449355
1250685,6222,0.4844577771277277,0.5569658548604426,4.652894843641894,1.970451285258406,0.658711525840037,0.2426415079916707,31.91179281639933,112.8985423814353,65.87101797514916
1250823,6223,0.2781121195527684,0.6165281908065354,4.257805010315792,1.7242010752430796,1.2701518391468938,0.23201965372294092,35.3244632840508,98.78944464334695,127.0147317784066
1250824,6223,0.38689335703481076,0.6826413431484653,4.345592404643705,1.789240464658981,1.0109366356758887,0.23590782884637196,39.11246788354884,102.51592715898595,101.09340488527648
1251289,6225,0.3725025296356068,0.5261018494594141,5.661906021235036,1.896747079158172,0.8092136928123661,0.1919417274677447,30.143415568051417,108.67560243952953,80.92115421708496
1254843,6243,0.26394120271090565,0.6004184177693037,3.3169706800114085,1.8646091097024078,1.3033751314079023,0.3220837396884759,34.401441280103775,106.83423242759389,130.3370242680875
1254844,6243,0.3764382365448666,0.6683708812302841,3.368600890159127,1.9319645717341283,1.0172938322666063,0.3286035342564213,38.29483064393489,110.69341612916513,101.7291156878931
1271728,6327,0.32986544003955454,0.5912328982515511,4.581271743459553,1.7562308284226984,1.0269384009461888,0.21964340849982986,33.875149779101505,100.62461431938483,102.69353188835916
1271790,6327,0.43246068762061735,0.5695755086779379,5.145201178084179,1.8518537734215759,0.7546182333057178,0.20621818586639146,32.63427276126284,106.10340549243212,75.46165058184688
1282528,6380,0.47117636659795287,0.5717711166431736,3.618381600005056,0.5636118303482078,0.6952825620773808,0.08924591887518064,32.76007183113615,32.29257916259568,69.52811012055622
1282529,6380,0.3472357774017272,0.5643453626363262,3.7174090686056167,0.5904879417458071,0.9312003151746738,0.09101087935173378,32.33460746684143,33.83246691540156,93.11976602476268
1282530,6380,0.25542384283793307,0.5566145669755515,3.854890763473595,0.609546052650968,1.2485782024216945,0.09059768042218629,31.89166550320099,34.92441623575953,124.85733630630533
1282531,6380,0.16878302837133288,0.5443265628374968,4.000872095450582,0.6245555665476452,1.8477931804282686,0.0894414944827436,31.187614727451166,35.7843980345821,184.77823422271288
1284591,6391,0.25710260090156084,0.7100136857391968,4.2746413783674635,2.2875975621429014,1.582278275849939,0.306621476814132,40.68078758938394,131.06968553520431,158.2272183148446
1284592,6391,0.3709812054676338,0.7812884361125317,4.359448729811316,2.35207832906357,1.2066521997669717,0.30913119842156517,44.764529971624526,134.7641613395254,120.66489797050386
1284654,6391,0.37736913838552166,0.8342171407642648,4.748535458506766,1.8194308610228918,1.2665879436024685,0.21953233822058074,47.79712136326327,104.24570945246514,126.65846208115623
1284655,6391,0.2769643074393614,0.7602083176101908,4.837146724492078,1.7929345638533944,1.5726476447400506,0.21237227045318355,43.55672814980475,102.72758345192851,157.2642023381973
1284656,6391,0.21484551266052443,0.6861758904841614,5.015833065435819,1.7658076557233553,1.8299186337010476,0.20170792086426706,39.314982528373434,101.17332610483814,182.9910201544412
1284657,6391,0.16797360572507047,0.617204721511223,5.157373798263006,1.745343109888438,2.105284540401922,0.19389867346560527,35.363225638140406,100.00079399884535,210.52721323853294
1284658,6391,0.15384496535879721,0.5369573424927051,5.328333644363514,1.7219637435608472,1.9997656362608938,0.18516343266114316,30.76538950339266,98.66125498058413,199.97527677532582
1290079,6418,0.48144996528444456,0.5623477500825499,4.452780100300786,1.978304330769272,0.6692315786156552,0.25455667232100393,32.2201526984077,113.3484887455321,66.92302024853521
1290621,6421,0.4211649977739711,0.565078657220357,4.055790135361693,1.941170706029387,0.7687396045262606,0.27422742494975777,32.376622151646195,111.2208887699141,76.87377975137939
1291487,6425,0.40567943852993166,0.8150484329068252,3.492599589617817,1.8703708240556418,1.1511264737106153,0.30683263651098386,46.69883530431272,107.16435434279414,115.11236645655327
1291488,6425,0.30660839396425027,0.751040650617144,3.4769115777244872,1.8720812152877166,1.403466407533276,0.3084989360109313,43.031459523121775,107.26235254170821,140.3461875931274
1291489,6425,0.206936774257873,0.6843711126726402,3.4902946273877835,1.8753359575731743,1.8948577227309742,0.3078503298463217,39.21157637681441,107.4488355380677,189.48486576429195
1291490,6425,0.14280903284830787,0.6221751045675715,3.5000905480738145,1.869484120265728,2.4962010037206066,0.30603079600574973,35.64800760983252,107.11354995795382,249.61836993411842
1291491,6425,0.13817171748138687,0.5881819242657051,3.5846144722525093,1.8545806490473047,2.439018637213471,0.29643255776356675,33.700341846308326,106.25964395704348,243.9001161777691
1291492,6425,0.13158899554391662,0.5492160857869145,3.699248665622616,1.8312164005853018,2.391367244262902,0.28362778588010595,31.46776375628516,104.92097112867569,239.1349253126402
1292492,6430,0.46414112592062395,0.5313964544896814,3.9724609719258104,1.6115434001518736,0.6559809448926197,0.23243685904273328,30.44677409047447,92.33463533086474,65.59795457066825
1292893,6432,0.4621576657673945,0.6076368834999698,3.546591615564534,1.857021033834613,0.7533149556203256,0.3000048467345261,34.81502890103076,106.39946770574417,75.33133419281863
1292894,6432,0.3838749219248043,0.5395122478202117,3.5550676110977486,1.811523680532059,0.8052564057964968,0.29195692584447297,30.911774795714276,103.79266138249223,80.5254329073795
1294038,6438,0.4707606456503248,0.5933431664855395,4.403008495466133,1.8493268276641643,0.7221516674027539,0.2406505052941215,33.99605924254957,105.95862216547395,72.21501487358078
1294440,6440,0.28744944798179906,0.6805535939361013,3.313748428838676,1.8376922983614095,1.356511469486493,0.3177429267283339,38.99284866499862,105.29201273980482,135.65067975635088
1294441,6440,0.3910358635794858,0.7514422181796389,3.3831996328313805,1.9036974330774767,1.1010362618531064,0.3223984390526378,43.05446764964209,109.0738283852279,110.10334743258916
1299063,6463,0.4151472985551741,0.6278461384960121,3.2913679321938862,1.8891277111436646,0.8665101080530494,0.3288573222767483,35.97293391940766,108.23904480974127,86.65080416950518
1302279,6479,0.4211314776086217,0.7508102389122987,3.8776774598574812,1.8753071568618398,1.0214923170233883,0.2770915998405879,43.018257904883725,107.44718537886126,102.14899156949521
1302345,6479,0.43339436239072404,0.6871566509051475,3.5963227004966045,1.801307751430849,0.9084376371577473,0.28698017410939314,39.37117596120942,103.20733176118803,90.84355620241884
1302346,6479,0.35722401653017166,0.6187165015691863,3.6396827484085517,1.814682507856539,0.9923700989362094,0.28566678954694924,35.44984425501375,103.97364885639554,99.23673487189724
1302347,6479,0.3054521130672321,0.5507635306233996,3.661561357282311,1.8077817560571128,1.0331054666625865,0.2828800462784517,31.556425814445063,103.5782649028211,103.31021182782742
1304088,6488,0.3714486912164636,0.6388955692191766,3.700453455755304,1.7741773744360554,0.9854932739294954,0.27470383455298775,36.606019665867166,101.65287566278752,98.54906473602338
1304089,6488,0.4779595737618981,0.7150341171296166,3.7863395494939147,1.8397749329758604,0.8571527491286579,0.2783990639433566,40.968437119389996,105.4113389134807,85.71509737076958
1309467,6514,0.36373730933693854,0.7065347780256132,5.573807026922424,0.3059195036447533,1.1129311925945424,0.03144690211460817,40.48146086008009,17.527896429581368,111.29281634885825
1309468,6514,0.24879114505930033,0.6912629893798311,5.723614511496265,0.3139518561432917,1.5919557837826115,0.03142789623541337,39.60645182506097,17.98811632730898,159.19494490318678
1309469,6514,0.19720417701933832,0.6627161937631667,5.909746004768547,0.3184497029131186,1.9254581503322759,0.030874125416760743,37.97084091760354,18.24582396411661,192.54484842393384
1309470,6514,0.1680640331693014,0.6272788496184091,6.128291787700528,0.32736382074715253,2.1384961341642392,0.030606514691625716,35.94043066095629,18.756565294089057,213.84835371883372
1309471,6514,0.15440378691568032,0.5804000997808118,6.36348407967649,0.33321751663777777,2.1537343517901046,0.03000236520453933,33.25447614641237,19.091957363174956,215.37205426521183
1311187,6523,0.45765384756819566,0.5701942104802125,5.146287940931561,1.8921800415515628,0.7138522099847513,0.21066433027745488,32.66972176331031,108.41393045979329,71.38506657780383
1318359,6559,0.3982397376309975,0.7140884425956902,3.6669563908694456,1.8598843332333637,1.0273774580058617,0.2906048259845916,40.914253959803006,106.56352267677494,102.73749040137977
1319224,6563,0.45787550053307524,0.5342403009240172,3.8800758094997536,1.724250421702736,0.668516087552014,0.2546142822537838,30.60971448874524,98.79227198721917,66.85146421165616
1320972,6572,0.3194813023955203,0.7839752025581123,4.698785040121669,1.890479918222407,1.4059811515324014,0.2305202715446118,44.91847034949365,108.31652056838094,140.5976794729757
1320973,6572,0.4881219404683684,0.8428005475771922,4.8423235280785875,1.9547397482190765,0.989279713832847,0.23129048841676264,48.288914347487854,111.99833761941827,98.92777073979194
1321977,6577,0.16194245016792108,0.661386310529535,3.1259847608787785,1.9039853555510615,2.3400067024903524,0.3489790677934869,37.89464422107123,109.09032512779127,233.99923974558914
1321978,6577,0.23380426003452942,0.7302622896690361,3.1625633297958995,1.9636424520738234,1.7895715561318217,0.3557507404225175,41.84094713559575,112.5084249765501,178.95639785613244
1321979,6577,0.36142281929238507,0.7962355632112577,3.1928460490064325,2.0163237409298804,1.2622594250492285,0.36183028668554734,45.62093727022714,115.52684048731176,126.22559675105603
1336650,6650,0.24454642514566477,0.5849009719611507,4.280330412143638,1.6861027781571365,1.3703882907355367,0.22569886781148357,33.51235712647363,96.60657301368686,137.0382743000135
1336651,6650,0.365071988961603,0.6596584161266128,4.365418589248363,1.7503496750608525,1.0352928537889519,0.22973203319001162,37.795643164339516,100.28764905308189,103.52900462957759
1344691,6690,0.3768561294239968,0.5457133270475059,3.651569369187607,2.0751024666078117,0.829681865118462,0.3255986701812738,31.267070463864478,118.89461339381445,82.96796855523019
1352732,6730,0.36946480028910733,0.5507700270976204,3.2553232501595266,1.9823380539006394,0.8541218853916382,0.3489042254166727,31.55679803499963,113.57960405668373,85.41195967341608
1352733,6730,0.48985866939057965,0.6200228513980682,3.1852509970502356,2.005728354594248,0.7252028815937622,0.3607871697194538,35.524692586776325,114.91976956796944,72.52014159682012
1352794,6730,0.45993370294302627,0.7929795123038106,4.867582607605029,1.8645609560990288,0.9878462486392862,0.2194754189542974,45.43437929535068,106.83147342935193,98.78441223205286
1352795,6730,0.36063180136391304,0.723666696203288,4.989631023093369,1.8529444256284346,1.1497334999319853,0.2127730378391991,41.46304746662432,106.16589526080176,114.97303437128042
1352796,6730,0.30023782265046006,0.6577186310469079,5.168531249442321,1.8602287543055653,1.2551549994028453,0.20621575298760542,37.68450166610997,106.58325655058746,125.51508606860783
1352797,6730,0.24938355410933088,0.5883854159575977,5.33878642456042,1.8618785375542735,1.3518132673186214,0.19981653785076597,33.71200106141975,106.67778216784981,135.18079009271887
1352798,6730,0.2184966455906783,0.5253026547181582,5.443098206420781,1.8501499350421367,1.3774867629439569,0.19475265470044023,30.097625082368406,106.00578274431784,137.74805216323324
1355545,6744,0.46228696284446563,0.555495316388818,3.1271380660028236,2.109211073455086,0.6884800792141692,0.38645205192124427,31.82753716836362,120.8488926112343,68.84786048186989
1355605,6744,0.47720134587444174,0.5683466838497353,3.585117999567436,1.9674646880571243,0.6823925767179494,0.31443155473785217,32.56386628484594,112.72742296669628,68.23911610320107
1379325,6862,0.4857611069624944,0.6751211491277384,3.8112509785104183,1.8976328729917937,0.7963089501053718,0.2852773407353294,38.681592505041664,108.72635468771476,79.63073272001486
1379326,6862,0.3590454200093416,0.6104736775688286,3.8047438892207857,1.9059255632142946,0.9741821592775621,0.2870140375562151,34.977565228524114,109.20149083827347,97.41794731615505
1379327,6862,0.22282533300924806,0.544980009157216,3.7898871103497167,1.9129127521489173,1.4013241950855417,0.2891954926213586,31.225054443709432,109.60182727488785,140.1317969111554
1394136,6936,0.4441594802404081,0.7713277939309778,3.590946331340113,1.9935248919317812,0.9949990529181516,0.3180792799575456,44.1938272133815,114.22056266196459,99.49968351407801
1398822,6959,0.4557108564969627,0.5530867512461578,5.2509629802513835,1.8961654036547753,0.6953868972799242,0.20689971551853886,31.689536551006867,108.64227488813874,69.53853866037844
1405191,6991,0.25455341460974024,0.764784209610896,3.998190377543766,2.143801942878624,1.7214031795538507,0.3072159940696335,43.81890744895283,122.83080343889114,172.13964847607144
1405192,6991,0.40654635978586884,0.8332370222475752,4.116881219771686,2.209345362910463,1.174305522245344,0.30748073047662083,47.74096470883434,126.58616478156873,117.4302662646237
1406664,6998,0.4174509676505847,0.6476357439570868,4.8389265115783004,1.62763890116178,0.8888898763489171,0.1927221651166209,37.10679479055628,93.25683960788093,88.88877683196209
1406665,6998,0.3000316591571947,0.5764454064496674,4.856484737942797,1.5928859195442624,1.1008134241977323,0.18792531053322364,33.027888909269265,91.26564043570144,110.08097919088576
1407201,7001,0.3134529007062551,0.7185728821522696,4.421868591673475,1.9361306992652527,1.313472997494642,0.2508715831393748,41.17119341987652,110.93211765361181,131.34688490751628
1407202,7001,0.473878239859433,0.7826784647683132,4.558106712925545,1.9906668172404638,0.9463226632643558,0.2502284697963665,44.84417274700304,114.05680704461896,94.63206862639771
1413432,7032,0.30270109747565604,0.5811976650644382,3.530271780716353,1.8496294777098048,1.10010080731959,0.30019207873582515,33.30017327105032,105.97596273575859,110.00972093934168
1413433,7032,0.4384437735340581,0.6471686432427679,3.6494292696523667,1.9066799083780799,0.8457191841593965,0.29934738629285285,37.080031891018265,109.24471163245447,84.5717274541486
1419062,7060,0.47815901560560914,0.5553261752619515,3.7456900981906385,2.076949974240883,0.6654239362177343,0.3176997144627402,31.817846095652083,119.00046778380764,66.5422558499658
1419124,7060,0.43909350034913497,0.5731765045345809,3.6289838242990005,1.7945011512960263,0.7479180140872532,0.28332267928245103,32.84059462589258,102.8173423006295,74.79163278014232
1423283,7081,0.4767931739580401,0.5343075271671629,3.3236629839703244,2.1239425738714877,0.6420722296114899,0.3661410486916408,30.61356626875001,121.69294541098932,64.20708964334814
1425291,7091,0.16513393128799772,0.5957632570861535,4.600526377277789,1.7786888774296123,2.0670929279446084,0.22152109816259896,34.134720220004034,101.91136574357898,206.7080535521136
1425292,7091,0.26372294815351155,0.6639929921212008,4.658857486306207,1.842015242237435,1.442574296192406,0.2265355814438423,38.04399607480813,105.539699178973,144.25688808762652
1425293,7091,0.4010545162918546,0.7336800306851694,4.6000240515128334,1.8785718300381493,1.0481559617331941,0.23398624862400205,42.03676927128894,107.63423737335336,104.81533743746864
1427100,7100,0.34291233404806737,0.676344089575361,3.295296772202947,1.915783219805078,1.130074857435121,0.33309986994080254,38.751661831286285,109.76629295681467,113.00715948786737
1432527,7127,0.1456381348021839,0.5827963908393266,2.9026925677753916,1.841305390027522,2.2927903644958736,0.3634522940907537,33.3917735105502,105.49902764326696,229.27747789702937
1432528,7127,0.2351871191968416,0.6549946523784945,2.972671247593538,1.9074439670504102,1.5956837992404136,0.3676440463791866,37.528429184926225,109.28848896967936,159.56770823749247
1432529,7127,0.30645385940710773,0.727154915395002,2.9857978577678956,1.9719001260501683,1.3595164513644662,0.37839652865869233,41.66290770432607,112.98155484398968,135.95120594573206
1432530,7127,0.4233112437948432,0.7944822746343301,2.983193937363651,2.021537575420958,1.075343044306639,0.3882602782198898,45.52048123450069,115.82557119873023,107.53405294027365
1439763,7163,0.17261664651760839,0.6719161676619525,3.290304900776034,1.9018096476280828,2.230257575966162,0.3311719405988163,38.49796059363449,108.96566624635142,223.02447849506154
1439764,7163,0.2858349615659979,0.738272131507621,3.3760011617472068,1.966773126028186,1.4798706063070777,0.3337907590916104,42.29987726751397,112.68779938116661,147.986548073823
1439765,7163,0.4098482947021161,0.7975373985976908,3.3907849420864298,2.006559288509154,1.1149375615132224,0.33905830124557357,45.69552694349054,114.96737857434783,111.49348683569814
1439825,7163,0.46521922079862166,0.574304857800013,4.754258273293313,1.943107901520872,0.7073061973236712,0.2341729777006298,32.90524450580164,111.33188189566796,70.73046921587965
1444187,7185,0.39859974151252625,0.5899726817926703,4.387794618219065,1.7906995323450183,0.8480422922108228,0.23382937049873573,33.80294469473471,102.5995255794198,84.80401859380996
1445592,7192,0.31115742627068893,0.5522478304648681,3.222483375810137,1.9139185186414918,1.0168958296521926,0.3402948605816303,31.64146993089315,109.65945345008805,101.68925942364484
1445593,7192,0.4370800842302097,0.6216899171363135,3.3256979472512227,1.972798569621181,0.8149583769190711,0.3398776236497561,35.620208417748636,113.03303186873937,81.49565310171955
1455040,7239,0.2963311153418794,0.5651334730484895,3.2661513570579768,1.8785971539755475,1.0926885533840542,0.32954898971825974,32.37976286724871,107.63568832808693,109.26849028797322
1455041,7239,0.4102431230221599,0.6354880129919045,3.300366355312202,1.9286082454530988,0.8875415124529135,0.334814685908788,36.410781075590954,110.5011127985933,88.75393706401537
1455102,7239,0.43780464032282485,0.5987468801043633,4.865668013126551,1.7863457925905637,0.7835839386655556,0.21035153689055783,34.30566922660554,102.35007466639122,78.35821667649041
1455103,7239,0.31093484301437035,0.529253323534032,4.945449986238387,1.7476797579647672,0.9752519358249764,0.2024783875036466,30.32398173177192,100.13467407182638,97.52488306846777
1455441,7241,0.10704679189863311,0.594839234073505,3.5002360483578836,2.0664559585716726,3.183820254011858,0.33826062871703594,34.08177760120631,118.39920497581774,318.37908093872136
1455442,7241,0.19701404907096337,0.6638074614893144,3.5542173619163675,2.131315669832399,1.9304899422904247,0.3435788527071775,38.03336595263064,122.1153926914945,193.04802415845552
1455443,7241,0.3005723884932521,0.7289836609192896,3.505146764076372,2.1875689278135577,1.3896048776950114,0.3575840757501602,41.76768710467118,125.33846695767551,138.96003007468133
1455444,7241,0.4638165512914656,0.7915598239821322,3.4684542900926707,2.237798429963928,0.9778227198272537,0.3696643932558354,45.3530371462945,128.21640543793504,97.78206327037933
1472526,7326,0.20304756239421243,0.6661093483652565,4.235935363641377,1.7186018582263336,1.8796213077318487,0.2324601875478144,38.16525435553868,98.46863313970958,187.96121432981155
1472527,7326,0.3533571392233188,0.7387908464812677,4.341697761010799,1.7809020034750986,1.1979267304854277,0.23501904993667974,42.329597446274164,102.03816852551581,119.79233742659677
1472928,7328,0.43077190070699145,0.6706932450466889,3.9775698997056343,1.895662650979463,0.8920705211730301,0.27306489074315865,38.42789228910878,108.61346928170444,89.20684710212808
1477351,7350,0.32084509345799656,0.5371878403450925,3.40165567158987,1.9175781135416523,0.9592976712375064,0.32298722468361085,30.778596057521288,109.86913279259485,95.92947112367025
1477352,7350,0.4510789528080468,0.6050383403052212,3.424922900680302,1.9483869343168463,0.7685160737110487,0.3259470391192373,34.666143343089225,111.63434819478843,76.85143870235596
1479223,7359,0.3910446926113272,0.8555490623514919,3.3426812010557705,1.5794325305617098,1.2535485102284436,0.2707252421425823,49.0193504391154,90.49481802685338,125.35453366529548
1479224,7359,0.3011326165290316,0.7880288550056334,3.3296889285714975,1.5420602075042082,1.4993635212090373,0.26535073778682916,45.150727526349485,88.3535416450591,149.935859193577
1479225,7359,0.20868373544112387,0.7205693165784791,3.292818350346602,1.5091631999658723,1.9783802806156214,0.2625977885564289,41.285580686572956,86.46868195450239,197.83708951832196
1479226,7359,0.16027734212153916,0.5695752078095058,3.279216053226758,1.4831392058278419,2.036111471196801,0.2591400361728584,32.63425552277149,84.97761692432005,203.60988946357404
1495641,7441,0.30128133003929936,0.6823837553242212,3.0239325580890486,1.9539413290614718,1.2977142621333855,0.3702218520109154,39.0977091883657,111.95259157140512,129.77099979034875
1495642,7441,0.44451542926181953,0.7519447870362242,3.155206838335676,2.0174125727873573,0.9692185899231076,0.3663443682569215,43.083262724039145,115.58922595734457,96.92164313383155
1521570,7570,0.3784113586012573,0.5932970186577905,3.8624790206515596,2.127915443186739,0.8983190777919167,0.31565368533468396,33.99341516678585,121.92057405531025,89.83167276152727
1521571,7570,0.4661206664649344,0.6621633971993587,3.927564759154772,2.1914170298076256,0.8139344578167864,0.3196865089206212,37.93916800756801,125.55894696107147,81.39327290940705
1521834,7571,0.4875593449070951,0.5252652808167052,5.0091735717340145,1.750825068878715,0.6172681010558383,0.20026234961841,30.09548371555121,100.31488711245203,61.72668476819197
1526057,7592,0.3703709822178513,0.6225325601752334,5.480116907818323,1.5717418159861039,0.9630475673574003,0.16432892562460633,35.66848830751483,90.05417254023142,96.30449931424556
1526058,7592,0.25701927951410064,0.5517816813524843,5.666988961464557,1.5457304889542027,1.230054040453463,0.1562802287559081,31.61476155412979,88.56383328176894,123.00493024868625
1527461,7599,0.43410064794948106,0.5511604040586665,3.6737122290213584,1.796971379875627,0.7274618088913789,0.28025841240113153,31.57916498728672,102.95887597267323,72.74601498624529
1530414,7614,0.2707336129911355,0.6882855070138357,3.4716021654483282,1.8667010696978577,1.4566293693490016,0.3080828029854289,39.43585465191481,106.95409290624337,145.66240428668806
1530415,7614,0.4148183323755673,0.7457519967107671,3.566308093324316,1.928025552600214,1.0300518952533595,0.30975373904009756,42.728441974981,110.46772695737056,103.0049436950921
1537313,7648,0.4333122032340079,0.5510766010736882,4.4324973342688265,1.7799637904911694,0.7286746707249008,0.23008341564629947,31.574363429936863,101.9844128812523,72.86730059061999
1541733,7670,0.2344354826556874,1.1071051390678404,4.631054593574373,1.0992447050759484,2.705752922787754,0.135999437804822,63.432451945831325,62.98208225295475,270.5741496684772
1545087,7687,0.38622950316721055,0.6390203966759022,3.3857810017076218,1.8731553793772275,0.9479641121172928,0.3169841677280032,36.61317175230489,107.3238976105417,94.7961682261382
1548705,7705,0.2694562361068994,0.6385957172103239,4.135992584803365,1.714613297175429,1.3578768330634936,0.23752485811651475,36.58883941128139,98.24010542516248,135.78718441528818
1548706,7705,0.42835352680968153,0.7130809841846508,4.281969453947613,1.776760751558165,0.9538039804482379,0.23774315329872356,40.856530844815495,101.80089226877506,95.38017760453856
1550375,7713,0.48429980011349305,0.5826254784200892,5.073666983819242,1.2910379764446622,0.6892833788730712,0.14579401314966292,33.38198095026153,73.97102724138934,68.92819698509409
1554132,7732,0.2520641241080909,0.6943573160687448,3.5265510975804886,1.8209279092363664,1.578318304805325,0.29584566000634266,39.78374368477042,104.33148399682483,157.83121058711123
1554133,7732,0.43473285369591474,0.7602486798983837,3.6928615710474464,1.8780062112485778,1.0019725761758425,0.2913779123380448,43.5590407385697,107.60182980389762,100.19702944284192
1554197,7732,0.34955266434972454,0.5983852954539072,4.8828738566403755,1.5898572633515315,0.9808236202448815,0.18655429918147168,34.28495195219769,91.0921112182618,98.08208423727459
1554198,7732,0.2431116009664058,0.5279216017255958,4.926535711672516,1.533555881374836,1.2441890197026726,0.17835307529326794,30.247679692662995,87.86627965024323,124.41839531321838
1554886,7735,0.47825380502586007,0.9337194926811272,4.736933246684778,0.8735049355506912,1.1186149383216568,0.10565516438356708,53.49818617972495,50.04814619090159,111.86126227593722
1554887,7735,0.39032216818451837,0.9217823547709257,4.896686952973931,0.9283198184169712,1.3530934574011761,0.10862202962090099,52.81423855800479,53.1888076336434,135.30900254693003
1554888,7735,0.28790199380079545,0.918017000117095,5.045176658177009,0.9875143323231854,1.8269584418858085,0.11214751667208182,52.59849962797034,56.58040345079794,182.6952159600121
1554889,7735,0.27803439463752727,0.9095088429205589,5.229553220686204,1.0559872024118637,1.8742651002890078,0.11569556183690992,52.111018129174965,60.503609918026775,187.42584265975103
1554890,7735,0.2702269844835822,0.8907804818244661,5.419594937718079,1.116904644660894,1.8887070175467868,0.1180787916347379,51.03796208117185,63.993922257628135,188.87000981303876
1554891,7735,0.22676047077614095,0.8649888776742686,5.594068898389887,1.1476365941162565,2.1855753633464694,0.11754365978404731,49.56021201649343,65.75473325762978,218.5565821515565
1554892,7735,0.20086868788272533,0.7697187833418068,5.721306540675316,1.1792706825472195,2.195545555991921,0.11809755763828503,44.10163769743014,67.56723301346759,219.55347350954318
1564183,7782,0.3632094231131582,0.5288337172744211,4.925798142845613,2.1826680305912274,0.834227784348293,0.2538830507270447,30.299940064038946,125.05766623100858,83.42255104997085
1576845,7845,0.18691701340126404,0.6724635883163602,4.219864668556574,1.9694578479707707,2.0613063906992313,0.2674057848135569,38.52932548675034,112.84162261764288,206.12954731140846
1576846,7845,0.2622295942768318,0.7407506843294883,4.237057568633787,2.0347868734775445,1.618501007945005,0.27515486371199027,42.441887883507206,116.58470005888353,161.84948976129812
1576847,7845,0.37509488999838075,0.806621544868795,4.208112042637942,2.0977158057008407,1.2321151310109477,0.28561564136392104,46.21601018530432,120.19026228454321,123.21118790585477
1577711,7849,0.4732606091238276,0.5309914004851223,4.517379842633266,1.2029471582171372,0.6428501543581445,0.15257471674187653,30.42356620553836,68.92379514309805,64.28488096015859
1579799,7859,0.2698929285050232,0.8542199855567378,4.308150325486116,0.1401071133994325,1.81343017787834,0.018633394037867314,48.943199948127216,8.027546277548305,181.34235260211236
1579800,7859,0.2316056610741354,0.8119572101866738,4.415433415804788,0.16073650352580993,2.008660715135158,0.020857574732971982,46.5217212889131,9.209523265718586,200.86521291381112
1579801,7859,0.2177664305746008,0.7631167714685809,4.483194088063084,0.18837844545777926,2.007810301965266,0.024075000189327626,43.723370280799045,10.793289875966124,200.78011741898516
1579802,7859,0.1910737963501816,0.6685417328838739,4.568426881489839,0.2105783443562954,2.0047028137602183,0.02641007654285467,38.304619722608415,12.065250388468225,200.4692426959743
1590174,7911,0.47983028363065816,0.5889468663986605,4.6906621987773445,1.8275655789272989,0.703252175821822,0.22323456645412773,33.744169802098405,104.71179445591717,70.32507248542052
1602573,7973,0.4536332361271303,0.6459931948110621,3.2365099152424266,1.8982716826420747,0.8159164693690347,0.33605012280764546,37.01268365684625,108.76295578458809,81.59146887333588
1603579,7978,0.4590362571136732,0.5638858566154896,4.349543301098529,1.8691849809138148,0.7038284777439167,0.24622449502302912,32.30827971118665,107.09641053560293,70.38269598057055
1610477,8012,0.3718437188600339,0.5241726757599791,5.791036860906529,1.8604491294303775,0.8076748302088715,0.18407046180395384,30.03288205712615,106.59588311514887,80.76726798540557
1611820,8019,0.460715420173076,0.5704703233118635,3.4928651050355035,1.9046061169630857,0.7094518594906711,0.3124251539718436,32.68554186323332,109.12589213678484,70.94503350011802
1614231,8031,0.30972289569666567,0.6585574138985484,4.139742394128239,1.880839137818895,1.2182683195020514,0.2603160632231188,37.732560383436926,107.76414454004725,121.82644254349387
1614232,8031,0.4129273719494914,0.7276694617093206,4.221307882127465,1.9405686216379525,1.0096784775973098,0.26339322957875555,41.69238903650053,111.1863918753742,100.96760568828209
1615639,8038,0.2978245544075353,0.572906659599059,3.0300716579768903,2.063787310028487,1.1021634066774673,0.3902425936883527,32.82513364996419,118.24630267728946,110.21597429832126
1615640,8038,0.45997410447574205,0.6414786964864037,3.1098330854518457,2.1219215287967685,0.7990454418965519,0.39094428648215784,36.75402195622444,121.57714805800221,79.90437221187209
1624829,8083,0.48821847057856327,0.5793701223064677,3.7382067326273427,1.8158632276681117,0.679930484089841,0.27831874019161995,33.19546278413891,104.04129911838614,67.99291053427409
1625487,8087,0.42019252157206255,0.7097533711078591,4.258270111207132,1.7887448081365922,0.9677914195076226,0.24067878555133043,40.66587265966279,102.48752813216493,96.77891393356158
1641027,8164,0.3867181447643852,0.6650309685653742,5.589212362594359,0.3223587256027298,0.9853033087497138,0.0330454333007909,38.10346774429326,18.469794466252214,98.53007863758182
1641028,8164,0.29322131012781977,0.6003186413253807,5.73331349967131,0.3232063872205915,1.173029454201302,0.03229958010873292,34.395724510972165,18.518361899410916,117.30254937279017
1641029,8164,0.25525792989631174,0.544201362064624,5.956548635902746,0.32668839530126537,1.221526792241588,0.0314240130978183,31.18044125157378,18.71786626666398,122.15220546540539
1643577,8177,0.3407385367314475,0.5882463330583119,3.6278347580522126,1.8043087723967082,0.9891464444394665,0.2849613728473815,33.704032198288225,103.37927759676202,98.91435705288266
1643578,8177,0.43742416479093527,0.6580163578984262,3.6791809507248985,1.8602262800365597,0.861899326349966,0.2896925047264223,37.70156015814969,106.58311478541606,86.189737566125
1643979,8179,0.27802082304230485,0.5496499276362043,3.5188013334061723,1.7673184137618128,1.1327432091548897,0.2877681240916216,31.49262106322562,101.25988616430722,113.27391756018227
1643980,8179,0.39980211560500967,0.6170253728230976,3.5994309915746943,1.8286808432661852,0.8842611744935313,0.2910896037449783,35.352949715249615,104.77569439557679,88.42589848693673
1646339,8190,0.4915864935798356,0.6364783867897965,4.465004721830422,0.6047787965984961,0.7418333304268196,0.07760635131486066,36.46752531435051,34.65127258409469,74.18318364608284
1646340,8190,0.3648811024997257,0.6337338877815222,4.528970647187974,0.6398751202442119,0.9951262441496159,0.08095027894966057,36.31027710429855,36.662143805419404,99.51235441679644
1646341,8190,0.2715005908161186,0.6258676439218448,4.590605399563586,0.6714983333925759,1.320791719161065,0.08381034094829962,35.85957453051834,38.474020453463275,132.07869030426843
1646342,8190,0.20558473466255445,0.6179287115930576,4.6734521261298765,0.7023936429967916,1.7221466151271065,0.08611234292828635,35.40470721423887,40.24419130053483,172.213832211421
1646343,8190,0.16492656837269495,0.6089489919041257,4.804405731846047,0.7272610188813289,2.1154993645723335,0.08673078258846911,34.890207174852534,41.66898698628422,211.5486666001733
1646344,8190,0.14599807086294653,0.5365232100573447,4.922793333186937,0.7566616012567993,2.1055424403800185,0.08806690277101703,30.740515547096773,43.35351627162539,210.55281629808294
1654833,8233,0.36762458481566,0.7446340590690388,4.489776236029233,2.0063466712655686,1.1605422887373629,0.25603769587695,42.66438886635117,114.95519650363869,116.05391634465416
1654834,8233,0.49154635088903187,0.8145178375728997,4.580966107066881,2.0726309807227814,0.9494208104123267,0.2592313600422605,46.66843443104946,118.75300768347606,94.9418898233163
1654895,8233,0.3999824726297187,0.5837335983642828,3.043405405531675,1.7512522064668858,0.8361734075544514,0.32969436073634834,33.445471546258105,100.33936029352562,83.61713379397546
1665031,8283,0.49561621309802706,0.5311952395554802,2.8498084261618826,1.8526943347141271,0.6140889645162,0.37248667229676014,30.43524532396974,106.15156610691737,61.408773786777296
1669707,8307,0.22962898515987468,0.5475473120211982,3.847507422595951,1.7541923438851588,1.3662103098393656,0.26122839141851256,31.372150062547462,100.50781775878114,136.6204419719198
1669708,8307,0.3414471020460604,0.6180331564156076,3.927602251891571,1.8167894329134482,1.0370769062760783,0.2650328618554516,35.41069146176297,104.0943667699068,103.70738993589771
1669709,8307,0.4605563529786928,0.682433137329418,3.946329136245106,1.8546205775812612,0.8489848737722534,0.2692677872412861,39.10053856884736,106.26193169352133,84.89830488203347
1670109,8309,0.4439143903885677,0.7565548973476287,4.240873274773803,1.8046613768429784,0.9764811087459532,0.2438164816539335,43.34740258797236,103.39948034337087,97.64789310420065
1670511,8311,0.25611723644901596,0.6035127165433141,3.2196433618857245,1.8647278429300531,1.3501133570593222,0.3318412103445166,34.57873154040707,106.84103534042593,135.01081383281533
1670512,8311,0.40495117693170557,0.6722919755869541,3.349949189175257,1.9291195910907684,0.951213233711077,0.329946528062922,38.519492801644645,110.5304107455042,95.12109082485779
1670571,8311,0.4640704053420975,0.6449856802710127,3.4552936749898677,1.8173132530016387,0.796322198187561,0.30134740760969386,36.95495732590335,104.12437945018428,79.63204993994712
1670572,8311,0.39436698111047835,0.5777081003313767,3.5197488063290763,1.8075364990947613,0.8393257216153638,0.2942375098857041,33.100235939508195,103.56421271398217,83.93236146175744
1678013,8348,0.4101988543149503,0.53169687669586,5.002467873363235,1.7228320448638468,0.7426638556358922,0.19732461513421415,30.463987014960512,98.71100498059172,74.26620632480856
1683639,8376,0.4944114661576236,0.5414294305121098,5.017668899881684,1.648706631855267,0.6274454127481772,0.1882625843935235,31.02162127251557,94.46393166053596,62.744415636610526
1684381,8380,0.3653487677459373,0.5269722857844163,4.765447167499789,1.7085390192201126,0.8264236733482457,0.20542054352618586,30.193287895808925,97.8920749347335,82.64214339614749
1690471,8410,0.4842112703021581,0.5326867687427427,2.7985027449574185,1.999096055811489,0.6303178982607529,0.40928945535731803,30.520703651420458,114.53976683924759,63.031660953934384
1702269,8469,0.4611084890806455,0.5799477300768043,3.4224002914558818,1.895862922722682,0.720623396398982,0.3173940347104861,33.22855727159316,108.62494400734661,72.06218492237898
1703274,8474,0.4128178726730769,0.788048266831454,3.8023913292812073,1.8736298500613233,1.0937471857971515,0.2823251822326536,45.15183974204165,107.35108277824307,109.37445628315227
1703336,8474,0.4766974025764706,0.5241131027296995,4.008568173733433,1.1393444367463523,0.6299482225341653,0.16285023640654886,30.029468773918325,65.27962763727598,62.994691426726746
1703476,8475,0.21958188577270576,0.5658952900055646,3.68304714576095,2.0007010312727425,1.4765976789458461,0.3112415353686004,32.423411763650606,114.63172515939948,147.65910216342027
1703477,8475,0.38895518625295855,0.6457997767210615,3.73236451355095,2.0622882760293986,0.9513075534937343,0.3165832640681569,37.00160161660773,118.16041435579508,95.13051321555189
1705546,8485,0.46284217789287607,0.5587027348726947,4.143040718731334,1.900904823773252,0.6916246951548627,0.2628837870286108,32.01130871062201,108.91382365826685,69.1623215801853
1707297,8494,0.43299676073539073,0.5539065264776608,3.5144778501307816,2.0047081853644912,0.7329501824695106,0.32682328000905664,31.73650621192135,114.86131817671526,73.29485066625055
1707356,8494,0.428685457865342,0.5332216116625754,3.3735622932862657,1.7904657288237336,0.71267514724866,0.3040884394649636,30.551347893429327,102.58612962441488,71.26735014108154
1715598,8535,0.45503852661148847,0.5726910807661805,4.295470579203405,1.741295037761716,0.7210989675079634,0.2322652535477417,32.812781892687894,99.76885655081963,72.10973986596852
1718009,8547,0.47487707402215096,0.5692090659069826,4.523576005564777,2.1071853391403237,0.6867730247335488,0.26689686692378894,32.61327713705402,120.73282658458359,68.67715929864717
1724783,8581,0.49553873445130897,0.5481177694601554,3.619330724221679,2.2323969070333303,0.6337513507841839,0.3533993723250452,31.404834866191553,127.90692097106863,63.37500846620272
1724843,8581,0.4436732524111494,0.6666206508186391,3.808950270817574,1.8017680427754992,0.860871119900336,0.2710292781517333,38.194549828172185,103.23370451258288,86.0869198981094
1724844,8581,0.36455425753858783,0.5983573069403224,3.9004961890110037,1.7509421849307985,0.9404182417056897,0.25720214108499023,34.283348328494434,100.32159736794964,94.04156878704616
1724845,8581,0.27611593944796875,0.5309664331421372,3.9515053395250685,1.7001430860285525,1.101788424137824,0.24651623819639046,30.42213568215966,97.4110233977833,110.17844737444072
1731880,8616,0.34471874833146976,0.6442769173698407,4.631158446099729,1.8486874005888612,1.0708540603263366,0.22871596102103167,36.91434820299075,105.92198569275268,107.08509849425651
1731881,8616,0.22879402340840463,0.5751772538143912,4.653076723401801,1.8297263398879986,1.440388484985682,0.22530382141980715,32.95522911548955,104.8355969395019,144.0382252399943
1738652,8650,0.38761370623442776,0.591697168435334,3.3284659249706903,1.3506571368077487,0.8746272147057444,0.23250036208944797,33.90175050118603,77.38695350830784,87.46249808355412
1739454,8654,0.2178438748314392,0.6277082878202218,3.307312842530231,1.8376010629645512,1.650954567088742,0.3183454061688597,35.96503565748185,105.28678533662263,165.0947064295653
1739455,8654,0.3958158418131962,0.6928081737198736,3.430423918414817,1.9003398005677323,1.0028649480427836,0.3173994016056705,39.69498436631511,108.88145021326362,100.28624397202626
1745283,8683,0.22584930219563876,0.6196655831302599,3.9660889254837843,1.760708337852166,1.5720314699086584,0.2543592903574611,35.50422262287695,100.88115671242336,157.20245790117232
1745284,8683,0.3605914848430677,0.6944856693195867,4.048950181875412,1.8227505418605703,1.1034951837022071,0.2579333116108831,39.79109778433044,104.43591315379457,110.34921540765832
1746490,8689,0.4527969613162271,0.5358322282926327,4.962788359429146,1.8594116261979745,0.6780285018032326,0.21467052517283858,30.700925208258273,106.536438558701,67.80270193579167
1746550,8689,0.487280026197499,0.6088530814866167,3.3182706921533067,1.8476902891210196,0.7159068568649269,0.3190362237331722,34.88471191271793,105.86485541394127,71.59054023699842
1746551,8689,0.3944923397479259,0.5463583193215324,3.3427938499223235,1.8317157543047848,0.7935268153865976,0.31395768446135935,31.30402579898475,104.94958198928623,79.35248239929084
1753727,8725,0.4538096779707752,0.5304850194543734,3.4640593008433993,2.069592020808381,0.6697642980157873,0.342311945223019,30.394552709650966,118.57888810627148,66.97628369072518
1756140,8737,0.4240405722457067,0.5474912823932494,4.187737946784991,2.1019085802095128,0.7397626810907887,0.28757885954449025,31.368939801338307,120.43049056834015,73.97609539840563
1756200,8737,0.41168883426294905,0.5856560100095117,5.016984048062893,1.9184058018583765,0.8150723073415191,0.21908890793313643,33.55561762001652,109.91655583989544,81.50703473184214
1756742,8740,0.3575545405611014,0.564681295570035,3.641554381172405,2.244024376383996,0.904864864826089,0.3530721007571856,32.353855006142396,128.5731258912795,90.48623594356961
1756743,8740,0.4915883516918571,0.6307028427205981,3.5743771706087877,2.2292787030337657,0.7350989940124982,0.3573441038488224,36.13661101479362,127.72826104223277,73.50975136142723
1758750,8750,0.15311037812689005,0.572903004901741,3.5773566657647122,1.8566653350741977,2.143873100499808,0.29736785372471775,32.824924251232474,106.37908766799434,214.3859238470771
1758751,8750,0.2887127203712588,0.6473226693510611,3.6606605144859423,1.9103947489455564,1.2846283878533977,0.29901039876923774,37.08885693695829,109.45755631853486,128.4623982859751
1758752,8750,0.464350646662132,0.7192101580883957,3.7533913673997668,1.9750937251771545,0.8874264750181047,0.30149942603059837,41.2077066414018,113.16453459542267,88.74245830204849
1760018,8756,0.45659449323411105,0.5771157986125817,4.500712745834435,1.779463282544616,0.7241939908739707,0.22653242146176325,33.0662995508229,101.95573588830203,72.41924206612515
1766790,8790,0.4962581220585849,0.6205616421545681,3.6348850755458795,1.8115201334864253,0.716473156332418,0.28554536308308176,35.555563023164424,103.79245815174768,71.64717270218155
1767996,8796,0.4233161482236723,0.5908784652615642,4.29853541638387,1.910579012106874,0.799753130301414,0.25466374697785804,33.854842264655055,109.4681138199981,79.97512599410888
1774029,8826,0.47232475578415223,0.5714723569329653,3.3109097741846822,1.9704827182002824,0.6932296701887503,0.34099492500712886,32.74295416065266,112.9003433563425,69.32282171717063
1789504,8903,0.40324389937603955,0.5826443860417484,3.4035000110327993,2.2175868964418446,0.8278628269634278,0.37331678884807623,33.38306427718324,127.05836986963244,82.78607944908535
1789505,8903,0.47458443769336295,0.6513874091819477,3.383823248539886,2.217481664360026,0.7864090270021034,0.37546978907609296,37.321749374086814,127.05234051547487,78.64073865283869
1794930,8930,0.23175099773198993,0.6237656490627762,3.663426747660996,1.8844603498173038,1.542135218581931,0.2947284928748387,35.73913909653551,107.97162470427823,154.21286308766196
1794931,8930,0.37730053410020015,0.6891939232034906,3.776888090307871,1.9479441614051,1.046590143669036,0.2955051254141337,39.487903065623385,111.60897917566265,104.65873975253058
1794991,8930,0.49900093894085384,0.5484951195409989,3.4095816265625145,1.8372124901869538,0.6297874883790603,0.30873148959870234,31.426455433222806,105.26452175643263,62.9786238905732
1803372,8972,0.23721258979535167,0.5519245471548133,3.2009039615648542,1.8387643201071397,1.3331057114555371,0.32913650642845227,31.622947161639992,105.3534350613814,133.31001478002025
1803373,8972,0.37162762349860445,0.6213524289480673,3.3116866932362603,1.905220163095513,0.9579715973693951,0.3296237964839018,35.600871768926616,109.16107438859926,95.79690453811426
1803374,8972,0.4988315904601267,0.6883389545693614,3.355871244250657,1.9609668537924727,0.7906258732384419,0.33480165350516217,39.43891697127172,112.35512448735625,79.06243041356417
1808799,8999,0.11682016320307734,0.5891727860955039,3.449143443542118,2.1052570878068604,2.8896647832009172,0.3497168138874069,33.757114047236406,120.62234592133566,288.96402947601507
1808800,8999,0.18951841963158966,0.6641696938977073,3.4825106317170693,2.1651173939110375,2.007937719556294,0.35621452906832096,38.054120340834416,124.05208882146621,200.7927230613545
1808801,8999,0.33016088105863767,0.7408054693087918,3.523393728747376,2.1649070978127147,1.285586148483699,0.3520470572973275,42.44502683160201,124.04003974258426,128.55822936162537
1808802,8999,0.48434511923385537,0.8106489264807835,3.506614775644547,2.1550415746365146,0.9589600338838973,0.35211962091582777,46.44676215415985,123.47478690189948,95.89580737764537
1814983,9029,0.4287256054540389,0.8474736891890216,3.0022097940963564,1.0121575230418536,1.1325813967865912,0.19316556155930906,48.556665638912634,57.992354272713584,113.25787814705167
1814984,9029,0.3590066300745238,0.8384046150097605,2.993367309441142,1.0672428666186815,1.3380545260772396,0.20428001460278605,48.03704596434991,61.1485119726939,133.8050836255994
1814985,9029,0.30401153101895906,0.8344060222994893,2.98034789025425,1.1300354450519068,1.5725700188164284,0.21724397241053128,47.80794347805959,64.74626170166191,157.25648978291017
1814986,9029,0.28745989152600415,0.8185894651020235,3.020986147716245,1.184836914606589,1.6315917891586251,0.2247152124310934,46.901721504217534,67.88615461825987,163.15861700434036
1814987,9029,0.2524289232355622,0.8034013426812112,3.059156460016581,1.2226069597970652,1.8235431889981164,0.22898540655330676,46.03150619077697,70.05021879969256,182.3536037279596
1814988,9029,0.21689513385698106,0.7676841605751117,3.1418159635693734,1.2288338127079768,2.0279413184557367,0.2240964836369717,43.98506239999728,70.40699119113654,202.79320621270526
1814989,9029,0.1991629976015617,0.7048453694931429,3.216516666834462,1.2376971416554454,2.0277191717293332,0.22047086851125397,40.38466488129616,70.91482253226262,202.77090923876642
1814990,9029,0.157709781548619,0.5579332412091048,3.3143649666670503,1.2596552080774859,2.026964823010456,0.21775793424262854,31.967219971336245,72.17292706451346,202.69520991170413
1820660,9058,0.4177982812730239,0.5552804529970227,3.4547575453498727,2.0518016392491667,0.7614972839142415,0.3402831383781301,31.815226402841883,117.55957432700113,76.14954795015849
1823937,9074,0.44459044906509915,0.7921856457593293,4.96581680795199,1.5589545809492207,1.0209147130215226,0.17987276054579537,45.38889409285527,89.3215179409762,102.09124396859288
1824879,9079,0.2415667783932386,0.7500113064528537,4.347489110444588,2.0241673394775157,1.778906890830044,0.26676603981570424,42.972482446841525,115.97624558028619,177.88996004627873
1824880,9079,0.36127109158392695,0.8148372213724349,4.429176360153029,2.0838877992979774,1.292290846683232,0.26957150923853146,46.68673377480768,119.39797587857926,129.22873053968496
1824881,9079,0.48700254183317415,0.8830589731701893,4.381841908142807,2.150991944631001,1.0389175997816924,0.28125788765613213,50.59555222380805,123.242760193994,103.89154878290361
1826350,9086,0.3927314397902815,1.1334004983764758,4.258097776971274,1.1777127131839893,1.6535234214034455,0.1584697471035299,64.93906505499618,67.47796794434382,165.3519253201328
1826351,9086,0.306712755338491,1.0780246920470344,4.236779889478056,1.1999833794736836,2.0138146189324577,0.16227886451726609,61.76626506518536,68.75398312968757,201.38081188116186
1826352,9086,0.26515808323742834,1.0516075458504945,4.274292839934138,1.2066088074511332,2.2723301916110845,0.16174275983763864,60.25267408134354,69.13359219026333,227.23217076215408
1826353,9086,0.2525919102198693,1.0139051400394266,4.387277599656811,1.214353084030963,2.2998552487471917,0.15858879410895582,58.09248535087984,69.57730655366959,229.98462348097294
1826354,9086,0.22830492291170262,0.8942178230820792,4.478447075350255,1.2111653759551806,2.244143679882487,0.15495251593260745,51.234907227979264,69.39466433460748,224.41339486314763
1833322,9121,0.46954970615584124,0.5263341513587657,4.696125281410477,2.0557323565545094,0.6422477630983866,0.250812703090551,30.156725486457137,117.7847878390563,64.22464089841725
1833382,9121,0.46406868541917334,0.6988667511879884,4.028657403023224,1.917152368639583,0.8628488773396538,0.2726584272255762,40.04211528509114,109.84473940655707,86.28470366238832
1833383,9121,0.3514284626462626,0.6297177565601737,4.072091592375593,1.8762208356099328,1.026671785119181,0.2639909555380441,36.08016973534456,107.49953531495778,102.66688929169744
1833384,9121,0.2752279332386382,0.5611892871162314,4.206779248681847,1.835867615115863,1.168259925985651,0.2500427515273198,32.153777659715445,105.18746609088677,116.82557237482152
1838208,9145,0.4814645311206632,0.5775480462470206,4.966851970193103,1.8996509715271346,0.6873001579505226,0.21913675634078336,33.091065515980766,108.84198321643133,68.7298744708842
1840155,9155,0.18702045466962877,0.536102860474265,3.643680241027421,1.879536350702915,1.6424101685517,0.29555145599379096,30.716431290066225,107.68950033669759,164.24014744365263
1840156,9155,0.3206425025145229,0.6060006901484716,3.762314713508723,1.942443135801411,1.082865826344531,0.29581202478931806,34.72128192752255,111.29379362557786,108.2862482951761
1840157,9155,0.481065520775105,0.6734543145686781,3.81560334184789,2.001897336389823,0.802096335139416,0.30060846953095627,38.586089919660964,114.7002683936181,80.20946844833476
1850872,9208,0.4993122257666267,0.6738782559266325,5.926624414504042,1.657122570241099,0.7732712560298419,0.16020271002516184,38.6103799702328,94.94612941068628,77.32697228468538
1850873,9208,0.3441634248050445,0.607505493630183,6.001149341154446,1.6316149372132434,1.0113654530365297,0.1557779089014639,34.807500816021204,93.48464969282165,101.13625438113853
1850874,9208,0.23901904521349784,0.5388282221671985,6.116255504349869,1.5910079749791004,1.2916368941857699,0.14904223985424492,30.872583012717943,91.15804213795813,129.16315443393833
1853220,9220,0.418251488563405,0.6105797886801285,4.177750936848437,1.8992755539897779,0.8364260514910669,0.26047621019169737,34.98364494736104,108.8204733759856,83.6424071677883
1854024,9224,0.15561459780271927,0.5615798405984586,2.867113589196553,1.8895488444388615,2.067682152739323,0.37760336388661725,32.1761547259212,108.2631739701685,206.76689984966882
1854025,9224,0.33823170020307525,0.6306490286029501,3.022554169515591,1.9508766737917487,1.068306921053603,0.3698097473862367,36.13352769297418,111.77699975878745,106.83037941417129
1863672,9272,0.28538781911949396,0.6342227805156359,3.352654087417518,2.034281841181836,1.273294965195687,0.347652219564202,36.33828859459788,116.55576383982164,127.32905481970836
1863673,9272,0.40719841206395335,0.7031427595570559,3.435034386748379,2.0958677784508866,0.9893730018303941,0.3495871198156506,40.28711251780133,120.08437812269567,98.9370596425959
1885643,9381,0.4531450891134112,0.5461872559514339,4.60105304212988,1.5592276558715183,0.6906005306264305,0.1941667765386003,31.294224589848817,89.33716398151472,69.05990218535605
1890204,9404,0.33330306779658037,0.5751583558118384,3.9282638536947725,1.8965098695201457,0.9887141324213763,0.27661586670048055,32.95414633970204,108.66201132841078,98.87111956825673
1890205,9404,0.4661081689539299,0.6439003696813717,4.016970537887125,1.9468469156106765,0.7915066775368159,0.2776871532733182,36.89277360965607,111.54611162255371,79.15049964035902
1892616,9416,0.31678225053417153,0.5391123013135654,3.37884848744432,0.7733763182046527,0.9750817326944492,0.1311428998429764,30.88885954885244,44.311199008493176,97.5078685402922
1892617,9416,0.4428967231743778,0.6047710435499123,3.4791607549976975,0.8397292119092672,0.7823681181565574,0.13828892375509297,34.65082836713248,48.11293977624776,78.23663693454968
1895028,9428,0.27251979222850126,0.6583616428546999,3.593354897540446,1.8019088124612601,1.384168901504086,0.28731303385817397,37.72134352887353,103.24177002146037,138.41638731640415
1895029,9428,0.4476074604188671,0.7285958281725623,3.726155998518594,1.863414415767707,0.9326355944430889,0.28653062637002275,41.745465925126744,106.76578150732566,93.26335316821714
1901259,9459,0.12994079244944706,0.5808759831786419,3.0988919793346477,0.8807702441333363,2.5613003482563923,0.16284664932895054,33.28174225664838,50.46441770954733,256.12808342317123
1901260,9459,0.236571583809345,0.6513018974607289,3.1500005161031406,0.9437041668088799,1.5774019742808185,0.17165160900448756,37.31684991336207,54.070265867058644,157.73953732287043
1901261,9459,0.38769659857261657,0.7241313441088748,3.182630320783474,0.9880812769423168,1.0701581833105698,0.17788081272623113,41.48966983057404,56.61288698469182,107.01554506225021
1910858,9506,0.4109197865898727,0.8965176195329425,5.821920551739031,0.8523388226407813,1.2500414018655934,0.08388197113750905,51.3666758583529,48.835417252466385,125.00383902365199
1910859,9506,0.3022613987348678,0.8274748933054363,6.0053067367458555,0.876101192020903,1.5685369573932797,0.08358757153642295,47.4108190394396,50.19690072917825,156.85318199643626
1910860,9506,0.2605482587972006,0.7946703302079144,6.168903496498137,0.8786006925386949,1.7475171197786972,0.08160301341512594,45.53125602518099,50.340111559738496,174.7510479798386
1910861,9506,0.21266028334192957,0.7021957462541044,6.285633475290257,0.876872516011789,1.8918836243543768,0.07993004119006977,40.232852652399465,50.241094338493205,189.18748170869762
1910862,9506,0.18860346593726962,0.6397275641675272,6.393285960694699,0.883108290954481,1.9434259778528709,0.07914299181459084,36.65368946498386,50.598377924702895,194.34157766537186
1910863,9506,0.1744279857850065,0.6022113175460407,6.488102426263224,0.8975746814979209,1.9781323929748817,0.07926391661172524,34.50416687040075,51.42724104762996,197.8121165763646
1922967,9567,0.17797739542133256,0.5493729796163078,4.442372396179764,1.7396757415220545,1.7685814126812864,0.22437578076940753,31.476753110541043,99.67607771050562,176.85715749951203
1922968,9567,0.3117798670447087,0.6208371686371018,4.561043038618664,1.7975360332560264,1.1409122957174307,0.22580630599276924,35.57134952775769,102.9912282282579,114.09086729705206
1922969,9567,0.48168356902069853,0.6888376488603946,4.579637890145335,1.8332336894774461,0.8193654873943549,0.229355585656501,39.46749004941519,105.03655326825418,81.93638033631763
1927591,9590,0.1875803524514255,0.5487669652829904,3.9696458655360756,1.7820497179910455,1.6761899079419642,0.25721167813130685,31.44203104691752,102.10392772336547,167.6181061497543
1927592,9590,0.2869721008082481,0.618143325566467,3.940889125267857,1.814911470064747,1.2341618699248806,0.26386625925097484,35.417003689139754,103.98676742459385,123.41576123124155
1927593,9590,0.42909414060085144,0.6901765201601433,3.8840631262696483,1.838752816080092,0.9215740104783319,0.2712437265640527,39.54420172420199,105.35277592918416,92.15718842406189
1942063,9662,0.3465655497912529,0.55862432472406,4.505824977463409,2.1031975140256907,0.9235428978953633,0.26744123744565973,32.006816140034246,120.50434103607884,92.3540259708067
1942064,9662,0.45270547310594533,0.6248277878769155,4.46804804299,2.159744814729658,0.7908010064783015,0.2769537418615365,35.799995167842724,123.7442627092733,79.07992771171305
1942126,9662,0.4379982760148539,0.5904888478828816,4.8169446145725905,1.7139058602068529,0.7724349595305089,0.20386278009435252,33.83251883323159,98.19957227259154,77.24332136129884
1942127,9662,0.3359843504630141,0.5270766289700887,4.881071473930593,1.718267389640598,0.8988295252300382,0.2016964304363938,30.1992663199689,98.44946950136722,89.88268767775722
1946283,9683,0.20009178137929112,0.6232789518985993,3.7299705856316927,2.0252443163070475,1.7847435497957758,0.3110961570130019,35.71125340312719,116.03795180725174,178.47347194116804
1946284,9683,0.3275598100855631,0.7002700542882135,3.828148663157739,2.0922445954321898,1.2248913380044941,0.31314558357640193,40.12251863011167,119.87678502732088,122.48876359669264
1946685,9685,0.3478844204065229,0.8845990224109327,4.423444145349969,1.5334563503494323,1.4569145990902224,0.19862481328331755,50.683790545544966,87.86057694255699,145.69104530542907
1946686,9685,0.48722276056419234,1.043912436723212,4.5223867904878565,1.599170743774744,1.2276063521455913,0.20260481551291765,59.811776805457654,91.6257343390896,122.76038577469454
1946749,9685,0.42622286101004186,0.618359265041128,4.2730912602259705,1.0367320267675493,0.8312406142286388,0.1390102992503674,35.429376109668105,59.40036961982447,83.12386834868775
1946750,9685,0.2918395717582537,0.5474408304534408,4.2295830961158405,1.001993871136774,1.0747702189383344,0.1357344647776264,31.36604911811903,57.410019914112425,107.47665730349897
1951308,9708,0.33938455888082386,0.5522426048131996,3.2301714600620297,1.9195747765013547,0.9323102292908979,0.3404882191940847,31.64117052310734,109.9835331532959,93.23075097081023
1951309,9708,0.4595147134279276,0.6211571795541656,3.341706220686009,1.9858584458308655,0.7745058642998109,0.34048865998959993,35.58968480270356,113.7813076565176,77.45041956717678
1952579,9714,0.44923186537119547,0.8595676824140888,4.044596055771189,1.7375332106815464,1.0963068986917812,0.24613909057167102,49.2496004081688,99.5533197358679,109.6304482697954
1952580,9714,0.31072081429399956,0.788040103814144,4.042893317721346,1.7147766742495003,1.4531170267777138,0.24301770607771955,45.1513720356017,98.24946624197597,145.3112396958402
1953519,9719,0.2985036861978757,0.6606901962625689,3.520078587414082,1.884174889849481,1.2681504548748237,0.3066842573691624,37.85475981151523,107.95526905290204,126.81462490147206
1953520,9719,0.4576653271500908,0.727074205423149,3.6350569781080364,1.942425937067675,0.9102346186622495,0.3061652364043051,41.65828336357427,111.29280821072183,91.02326496900551
1959008,9746,0.46430665664711246,0.6384148018806742,5.971055714407022,1.7174263088671617,0.7878084971423428,0.16479712075135897,36.57847372644324,98.40127912281972,78.78068173716112
1959009,9746,0.39567380749543046,0.5713257648931312,6.19690504926765,1.6884353343631813,0.8273116291258772,0.15611053859069937,32.73455505545996,96.74021863977026,82.73095591469517
1960956,9756,0.32068047780150344,0.7054019087585535,3.255875186289807,1.9170683666050832,1.2603371196489745,0.3373591425423077,40.416552232337494,109.83992644450971,126.03332287671033
1960957,9756,0.43809133891954005,0.7847404458868315,3.3322855830119797,1.9839726197466376,1.0263228359432315,0.3411269970958549,44.9623155625298,113.67325778099567,102.63205166613875
1962564,9764,0.4478764933799435,0.5776865734571657,4.196784278306115,1.839105235353001,0.7390207410008107,0.25108025771005504,33.0990025404698,105.37296806614093,73.90191074502431
1970064,9801,0.39893698794990134,0.555856568275795,4.778499977530821,1.6813835236646089,0.7983274436939553,0.20160338997635188,31.84823537682854,96.33617964881687,79.8325462573598
1972815,9815,0.10320239292773063,0.598741711194408,3.437614556817149,1.9704787001363457,3.3240866585154403,0.3284257468188766,34.30537306988042,112.90011313823712,332.4054771523176
1972816,9815,0.1778788241082814,0.6708867799381815,3.4582860388101566,2.029536278315554,2.1609642998998186,0.33624709314077067,38.43898102157983,116.28386311616966,216.09522729334796
1972817,9815,0.3540669297078899,0.740145723069728,3.4847371204505575,2.0865835478197146,1.1977177590073949,0.34307445989777124,42.407226156554024,119.55243089150343,119.77144101003577
1981058,9856,0.4939136342772825,0.5679856692452564,4.593904472077849,1.99073790317181,0.6588840387125855,0.24828744353186347,32.543181671666716,114.06087996846784,65.88827180487438
1981194,9856,0.48909670299882324,1.763814774939466,3.304817161829903,0.1987962631581679,2.066240474756405,0.034465406918798604,101.05914244684855,11.390186861935078,206.6236292405808
1981195,9856,0.31134946291574167,1.1022723151420473,3.328861069247548,0.22627933132726508,2.028445750696513,0.03894680603200552,63.15555153175353,12.964850676094681,202.8439300854511
1981196,9856,0.18361364695886043,0.6451268467273327,3.363469163072332,0.25661254851138127,2.0130880338787143,0.043713247374192764,36.96304556805931,14.702815999798242,201.30771798581526
1982928,9865,0.48629884589893757,0.5487575181303067,4.545914406537396,1.804462840289609,0.6465466530210074,0.2274308215321264,31.44148976494033,103.38810503678371,64.65453367935979
1986546,9883,0.3919900985492111,0.5502735475826825,5.166321962264265,1.8728582667400895,0.8043149856731876,0.20770458149236073,31.528351854178993,107.30687431039368,80.43129543213564
1992111,9911,0.30929795246084324,0.682735463268069,3.0813105782144117,1.8897820354566686,1.2647306260260822,0.3513976658031554,39.117860569169395,108.2765348313092,126.47265778930065
1992112,9911,0.44197088563839354,0.7500170137171063,3.197459965086322,1.951397614493077,0.9722995308757785,0.34967395474381724,42.97280944899576,111.80684746235015,97.22973529622801
1993518,9918,0.16993731568124154,0.5764934001518515,2.9858627960515944,1.8569823328512478,1.9436953367034002,0.3563367013618101,33.03063874584762,106.39725030273435,194.36840134278012
1993519,9918,0.3233881025420076,0.644329337628998,3.1116595834337857,1.9208812794761503,1.1415803559509612,0.35369675555744545,36.91735166260145,110.05839025967298,114.15768611994574
1996798,9934,0.39094162888676603,0.6869286903159747,3.8627697982921307,1.7332756731813928,1.006751669984029,0.25709370667857284,39.3581147815545,99.30938080599041,100.67491205456216
1996799,9934,0.27302951530348174,0.6190955833729023,3.875170611866707,1.67936737069263,1.2991841817484395,0.24830045430701397,35.47156404245688,96.22066259266971,129.91794709477497
1996800,9934,0.1973232929928333,0.5508955960884242,3.9823146242105056,1.6265808186032422,1.599607959601041,0.23402524537435623,31.56399260821041,93.19621594290032,159.95999341731732
1999549,9948,0.380386800097731,0.5493422782573962,4.212478322828975,1.7593222709312606,0.8274470411885041,0.2392931974086555,31.474994052250093,100.8017409277328,82.74448876689365
2001622,9958,0.3967344826349569,0.5598394225802539,4.5726921546163855,1.3711186603671082,0.8085114028238451,0.1718010082956397,32.076436118889546,78.55931245066664,80.85093852924575
2009598,9998,0.19198514791600177,0.6317703833402045,3.9145102803027205,1.7333927392707924,1.88544661366965,0.2537126762570261,36.19777658675586,99.31608819883712,188.54368911341038
2009599,9998,0.31965760946560534,0.7108857681615903,3.9958450397761216,1.7920899356064552,1.2741993855696971,0.25696489363088354,40.730754231574636,102.67918981812136,127.4195439305294
2009600,9998,0.4522307346939365,0.7773962905741266,4.030110918871903,1.8332537153399358,0.9849291977963226,0.2606322816405895,44.54152645902324,105.03770066565595,98.49270416453251
