start,episode,block_translation,block_rotation,ee_translation,ee_rotation,block_score,ee_score,block_rotation_deg,ee_rotation_deg,rot_per_meter
8797,43,0.24184880575973788,0.6495868803287361,4.751098366937535,0.6557089573371848,1.5389195333865378,0.07907509561728106,37.21858666990626,37.56935584434444,153.89132338969299
8798,43,0.19884342423248458,0.596672001319081,4.8736664125499765,0.6733120513156692,1.7192816831576638,0.07915588694619602,34.186787429207634,38.57793883568375,171.92731232552532
8799,43,0.1621107046082624,0.5624026609534452,4.9906705630808155,0.6782061298711559,1.9877340580125376,0.07786197929215509,32.223298859559385,38.85834888151862,198.77219191190375
8800,43,0.13624468664843833,0.4712206273580429,5.09951846340938,0.6898149823221957,1.9816516775541018,0.07750435131874153,26.998953167122753,39.52348713195331,198.16372783080848
17150,85,0.24557881318474406,0.37930740570309995,3.385801012659902,1.771261439356599,0.884958776290535,0.29973942417228283,21.73271348484408,101.48580488940054,88.49552087774845
21191,105,0.2466535466412765,0.41860809356644607,3.8681842976163567,0.22670621149473158,0.972395345032747,0.03357986092460157,23.98447703137483,12.98930910804835,97.23914421191188
28406,141,0.22306762925593562,0.39306994786284666,4.863656076268455,1.6715254765175027,1.009615251279401,0.19691226816681726,22.521249065968426,95.7713551530467,100.96107705099533
30618,152,0.20662081272464486,0.3529266314862696,4.705651211501825,1.577386995348927,0.9786625663029198,0.19206187037268604,20.221206461932162,90.37761749231554,97.8657877175824
37451,186,0.20767147999122637,0.3719783029515985,5.921930248376081,1.8558935006734827,1.0262740846355818,0.17956115687777388,21.312786829565326,106.33486481435037,102.6269192262053
44775,222,0.23715677616253117,0.7463377061045288,4.596377894897027,1.0122280787650713,1.8031109859094876,0.12617847796214604,42.762000651264714,57.99639681787445,180.31034589377606
44776,222,0.21888763421665441,0.7369412949610448,4.6992321762335,1.0376763431476852,1.9290091088184287,0.1265195517197564,42.223625950173385,59.45447496293132,192.90003842036285
44777,222,0.18084208469043944,0.6303701124743498,4.8230330710846365,1.0422341529093053,1.9971869402304967,0.12381341206282258,36.11754697596725,59.715618226095685,199.71760069118454
44778,222,0.1024154300284657,0.37699279051799434,4.9264949486057805,1.0615421220904109,2.1090663475680063,0.12345873462205785,21.600095803540636,60.821883371141695,210.9045960451569
48104,239,0.23846797349699636,0.4180052379941982,4.253063501980731,1.443231103320381,1.0043250083393582,0.19442703089039065,23.949935951429083,82.69105108226708,100.43208389006944
48105,239,0.17477665221425243,0.35177484010534293,4.3361171839510835,1.3846002092861749,1.153198225757279,0.1829557291848493,20.155213676925516,79.33174830502831,115.3191693650748
48843,243,0.19821864531563943,0.4880063673059797,4.3675923688461165,1.9793077389922855,1.4105990769445795,0.2596533054483451,27.960705222143677,113.40597980183949,141.05920317645524
63114,314,0.17365717960949517,0.7135547114259431,4.4292001651504815,1.938424219260344,2.3542747356626856,0.2507530079418595,40.88367341638192,111.06352666955942,235.4261314285164
63467,315,0.2360470180280701,0.43810082503384595,5.228772571440268,0.1785011868585782,1.0634036990566857,0.01955978097302421,25.101328275638693,10.227364645072603,106.33992390757426
63468,315,0.17634320123937117,0.4294610492052939,5.4491917237402925,0.17672928518185094,1.3953644947138062,0.01858228275321423,24.606305584723515,10.125842157283978,139.5356661108618
63469,315,0.12097695273099328,0.4233138938555643,5.675620830428771,0.1730450372869008,2.004852740525866,0.017469014546564313,24.254099527172745,9.914750302223377,200.48363341958836
63470,315,0.10515840279585063,0.3744834423227229,5.917155693937632,0.16968394656825403,2.0403808095009057,0.01643048531410895,21.45632074262281,9.722173989484325,204.03616007858722
63471,315,0.09279123873703678,0.36936318888612063,6.109682306037306,0.1679408746799389,2.2807055750098066,0.015749269485973737,21.162951830668145,9.622303326895969,228.06812421717376
70953,353,0.1028477609299676,0.4167421752307323,3.6326750419549936,1.8310998077924872,2.321641740012175,0.2888072545802414,23.877567785822357,104.91429085372576,232.16193923892982
70954,353,0.19305351392988615,0.48872545179051946,3.6747426386057613,1.8960000165284479,1.4504736903114481,0.2956201543665402,28.001905728221146,108.63279890381439,145.04662521587517
71020,353,0.18235152991765485,0.36538301693998043,4.0110658374049,1.6323716229675602,1.1480519871601629,0.23317494190097351,20.93490477641794,93.52800459296168,114.80457543348338
75641,376,0.20150152355660375,0.45171400917709037,5.398551477832558,1.648543693930022,1.284422297734558,0.17496285108696627,25.881306272781014,94.4545960050968,128.44159872524244
75642,376,0.1393140688874635,0.38737252975096725,5.477388162698266,1.613635167519078,1.593149179988125,0.16879301203000904,22.194811054036343,92.45448477272876,159.31378587599133
81069,403,0.18080157571783032,0.38154622887293804,3.5616250868307113,1.8044215180663343,1.209114871241752,0.2902768669835214,21.860988603551903,103.38573744778998,120.91082506296411
81204,404,0.1911920262252194,0.5876124996211545,3.0636567829522527,1.8322693032971933,1.7609371646507865,0.34266664024445476,33.66771621742484,104.98129801030495,176.09280464950285
99294,494,0.23963704053961107,0.5240991817845566,3.4252009775043373,1.9189904210894473,1.2530896660135276,0.3210032125284699,30.028671162514808,109.95005205445797,125.30844892111863
100362,499,0.1864674717590447,0.3592897414478401,4.792003552988987,1.8843096252895841,1.1039879775879085,0.225298223187525,20.5857858073078,107.96298882497078,110.39821162855259
103314,514,0.23382248373242875,0.628745302732802,3.321150159818286,1.8655975625108865,1.54067522162726,0.3218489412889632,36.024452235264825,106.89086660176757,154.0668698465236
104383,519,0.2374584505567276,0.6312317026276089,3.8342634821634025,1.7459321584874319,1.5230837583392374,0.26089637345464073,36.16691245541902,100.0345439974958,152.30774084006808
104384,519,0.13996576496727534,0.5622280647912784,3.838967105363591,1.7218984057783726,2.301512297837073,0.2569897278009418,32.21329523634805,98.6575114014056,230.14960189927675
104385,519,0.1061381090576803,0.40935002031407625,3.887742835330144,1.6967078768455153,2.2097648531763685,0.25005306234856006,23.454028507591083,97.21420040985068,220.97442418557716
106932,532,0.22416273556563002,0.4869341791295321,4.495804625024573,1.6792398454571447,1.244599020876156,0.21400697704999166,27.8992733647894,96.21335593489499,124.45935242108388
106998,532,0.21039403761953254,0.3592142292945331,5.122421178941086,1.8845641141906944,0.9782339145278475,0.21079400928227573,20.581459279621367,107.97756996493732,97.82293115125562
120399,599,0.22175038266095903,0.6068656059655718,4.0379016276713955,1.750571081281234,1.5680169733290483,0.24839717183628468,34.7708379534765,100.3003346950677,156.8009972981249
121605,605,0.18937808804606032,0.4081408402611918,3.7371063017692587,1.9772767510787994,1.2348179559920274,0.3031479527605944,23.384747593889397,113.28961276615465,123.48115008454268
123680,615,0.23743090419476595,0.36322515440099273,3.5904478147535226,1.6036104954239971,0.8765188994341722,0.2559015416885648,20.81126836016456,91.88011337067805,87.65152446864525
131454,654,0.17878277883929294,0.37493268025603754,3.3154157007340777,1.835968461405749,1.2015731670630247,0.3172852315837811,21.48206018019892,105.19324415767679,120.15665134536027
132660,660,0.10039796340740452,0.4617743190927543,4.019130140678215,1.6963072688785643,2.6352842267223364,0.24182159726204525,26.45771957154217,97.19124726410507,263.52582410816893
132661,660,0.18153528439490632,0.5296129986173953,4.054530715466278,1.741550761648874,1.6715531653053626,0.24610371756104818,30.344589596044653,99.78350845027447,167.1544049565007
133930,666,0.1983478119972847,0.37331737336627807,4.817378135949839,1.9548269787907921,1.078383906483738,0.2324985337868644,21.3895099127973,112.00333556302208,107.83785240463206
141504,704,0.23232309595411005,0.5116038029558334,3.2772768274509154,1.967351935309067,1.261722916962116,0.34394702767245966,29.312738692211845,112.7209627101041,126.17175403967508
144720,720,0.13632685623940943,0.49749450526966427,3.229566519284675,1.8167139513486115,2.090881736608173,0.32230344552730356,28.504335482900654,104.0900419948106,209.0866552822729
144721,720,0.20332064352521545,0.5614601921246696,3.2640418666093116,1.87613705991896,1.5821953557393191,0.32933013541206413,32.16929937334791,107.49473532143925,158.2187651820666
144783,720,0.24131192410552177,0.38069798414982364,3.071672361324618,1.8129360037642317,0.9039083724464702,0.33816621366493554,21.812387760923205,103.87358154300401,90.39046641109468
144921,721,0.24793230069191752,0.7370354389915899,3.4773203364637966,1.8326307481725652,1.7032479505369535,0.3019624216761348,42.22902000578997,105.0020072761904,170.3241149451878
163011,811,0.1755455761362888,0.41258755898778987,4.428961598693047,1.704933804563531,1.3466317399317675,0.2205607543739782,23.639525809605257,97.68551135067266,134.66241455630714
163076,811,0.21816726607688663,0.47780612349777335,5.1348548780422245,1.5371357975206736,1.2548295415432074,0.17151681139326141,27.376274301929005,88.07139373641047,125.48238474004779
163077,811,0.1590701745537962,0.41309980292701953,5.202698254411432,1.4903925610377655,1.487951704576017,0.164132531285318,23.66887522540427,85.3932035651579,148.79424441164042
170448,848,0.2081738300340206,0.6122016235913443,4.817747590652162,1.7718810668624894,1.6849652788798213,0.2107235898298526,35.076569242840684,101.52130693035826,168.49572658283597
170513,848,0.23584494967835443,0.44811981941514123,4.191625202032868,1.782232263015564,1.0886547842136758,0.24361526047152898,25.6753743686522,102.1143867828415,108.8650214416154
170514,848,0.18059487416694167,0.3755941370824613,4.256073617936573,1.769825834658795,1.191615087213107,0.23825610096019326,21.51995886468312,101.4035507991672,119.16085549545947
195975,975,0.1163740679689418,0.5267439612093231,3.1739007027512134,1.855525586472782,2.5933787307300116,0.33496254138105014,30.180205861296965,106.31378488342729,259.3356668917389
195976,975,0.23276922318697194,0.5987994610223198,3.267912361016359,1.9178277961860442,1.4739354261535464,0.33624964833485155,34.30868189128737,109.88343855433617,147.39291573273542
199392,992,0.21240511489627542,0.521641956772755,3.7553594506629207,1.8622043333552822,1.4071168270831436,0.28411780552532234,29.88788254002459,106.6964488922307,140.71102686765767
199458,992,0.24351790775292678,0.5821772912013038,6.562110036381254,1.6842497625229291,1.3697678602868442,0.1470569715478807,33.35630171419342,96.50040303847501,136.97622916425274
199459,992,0.17333275197805648,0.5064681661696656,6.645976096224134,1.6298436920056862,1.6741490788063467,0.14051083441375906,29.0184883792523,93.38316481794585,167.41395168625874
199460,992,0.1072913634660162,0.35647902515007307,6.707073143398545,1.5834459698047447,1.9036706275837274,0.1352673052489971,20.424743626037113,90.72477115681146,190.36530621777615
202005,1005,0.24917498147678935,0.4021680693977892,4.062163231283653,1.652423220373095,0.9247530378089381,0.23307009313312624,23.042533031417722,94.67687649679429,92.47493636766963
212120,1055,0.22182306541565,0.39168372171747967,2.325584503498624,1.6158040254717427,1.0116992615099636,0.39808809631477887,22.441824158388208,92.57875117977983,101.16947462998262
218889,1089,0.19238035486097615,0.6035911491644105,3.152802854038573,1.9355746219139571,1.7976483942924033,0.35175131954251787,34.58322539857205,110.90025676829977,179.76391435419256
223513,1112,0.2161367277185378,0.36887749319033536,4.511640231407847,1.7848388667350328,0.977858911921536,0.22666641997793463,21.13512351717198,102.26373417483016,97.78544329241254
223779,1113,0.20194363125066792,0.7235700760713425,5.59421161389959,1.5831225368671453,2.052924830120677,0.1621430255284164,41.45751154084784,90.7062398145315,205.29147659978074
223780,1113,0.18550154082474135,0.6684979191400097,5.768389574158974,1.5583023631357138,2.0647864780487737,0.1547817589472965,38.30210938000033,89.284148612939,206.47754585845433
223781,1113,0.17808761753980157,0.6222343860331729,5.890809533531026,1.5156859788117956,2.0019023600978088,0.14742016188324528,35.65140418761483,86.842409653071,200.18912314621673
223782,1113,0.1532398191901239,0.5396569740259897,6.003443083671131,1.4663599456113339,2.0177565558447554,0.13994675192163117,30.9200669964903,84.01623613056238,201.77435202906463
223783,1113,0.11889619343903773,0.41415569909454064,6.1046918666790395,1.4043813188542371,1.9958058317290306,0.13180865475742448,23.72937361940727,80.46512239736413,199.57892136094912
242005,1204,0.23398363383534038,0.3815753131742751,3.553962234277883,1.858647553478264,0.934366806709526,0.2996448839266112,21.862655011268604,106.4926604166205,93.43628533595837
242068,1204,0.21710461704566741,0.4509348977929731,5.583336567999408,1.7504993381469727,1.1900560034248289,0.1796349238759364,25.836666478700497,100.29622411626548,119.00505767782988
242069,1204,0.13292906819032582,0.38315934166717036,5.744335166080639,1.7303852159302258,1.6515132322746877,0.17259398479648147,21.95341315853997,99.14376980463557,165.15009325886783
245890,1223,0.23828717989143763,0.5463144036997128,4.323236894311086,1.852648239472332,1.313604379381896,0.24553113186616327,31.30150961919979,106.14892504410687,131.3598921837438
245891,1223,0.20143048846234934,0.4820738083587312,4.411691016134629,1.815227265377228,1.3712320052624276,0.23574828914144172,27.620794632753764,104.00486116318902,137.12252659005952
245892,1223,0.13749225223529155,0.38892436659486396,4.471140302093215,1.7744166575130915,1.6207257334634744,0.22738401945971193,22.283724755684524,101.6665855732106,162.0714063665502
245893,1223,0.10882615690772023,0.35455013578770816,4.539711480973714,1.7231262267882852,1.8666674554155245,0.21747606771833672,20.314226406425924,98.72786036327108,186.66504743527696
245894,1223,0.10645835652945858,0.3535537674739835,4.633643901717594,1.6728583165062632,1.9028226120305436,0.20685171991051898,20.257138707208934,95.84772125916894,190.2804917067439
245895,1223,0.10629946866799661,0.3534827681038043,4.723197720879522,1.6191949658195424,1.9052841083262182,0.19641997442485598,20.25307074294958,92.77303775028936,190.5266363989896
245896,1223,0.10628849537056569,0.35347799100635097,4.812688590723495,1.5636367775731377,1.9054550597750488,0.18615330323451418,20.252797035427182,89.58978804637704,190.54373120145328
245897,1223,0.10628773528287966,0.353477667840196,4.853587235294612,1.4998310926889378,1.905466944045961,0.1770525330040802,20.25277851937042,85.93399159357071,190.5449196047835
245898,1223,0.10628768262298002,0.3534776459691381,4.848086167944882,1.441292009412352,1.9054677702046887,0.17033515113847125,20.25277726625111,82.57994918525749,190.54500221900747
252457,1256,0.22980065457250815,0.35627610472058546,3.6598123420568154,2.2303778054292756,0.8882966974801597,0.349174281842427,20.413117141850492,127.79123497074819,88.82928706420451
259153,1289,0.19481540832723493,0.4294703266281186,5.153036074951057,1.1716485499359823,1.26308468565684,0.13027371801257678,24.606837141896133,67.13051698395466,126.30782670299413
259154,1289,0.12750312767689825,0.3600368048946602,5.222747938379427,1.1132821302272191,1.6178887645975708,0.12213181279243182,20.62858938983909,63.786367469353344,161.78762025738453
262249,1304,0.2180832776082794,0.7802294197584836,4.525824743382022,0.632010503734266,2.049852296999446,0.08001090728237042,44.70385280410223,36.211534471910596,204.9842991634583
262250,1304,0.1812453018557386,0.6321350620373045,4.522829019170618,0.673038754670678,1.9983231988811994,0.08526141457627043,36.21867113697802,38.562280091370674,199.83122836793632
262251,1304,0.11599236404433687,0.41938584210843083,4.551501003599875,0.7229563230296865,2.071605046308317,0.09100810031268312,24.02903874035301,41.422346081897636,207.1587365219293
270410,1345,0.1900229482891954,0.36622765301170007,3.354346060854314,1.700128746706966,1.1042507204112444,0.2903999759045912,20.983298858551986,97.4102018151753,110.42449674089357
270701,1346,0.24183993666459502,0.6346105552543426,4.135955710836219,0.4931092924528424,1.50349464395787,0.06831088919520106,36.36050645052756,28.25308129623009,150.34884892525582
270702,1346,0.19963310562090536,0.6282499166098837,4.207048666552961,0.5089551060547701,1.8031111015442558,0.0693145760378141,35.99606870119225,29.16097953857154,180.31021597856073
270703,1346,0.18447007556255474,0.6221298437292033,4.279593739002337,0.5067471887970223,1.9323140793323506,0.06784399852195558,35.64541435481679,29.03447519818849,193.2303709192031
270704,1346,0.17336074832759646,0.5995975686813062,4.396935836458214,0.5147886715869952,1.9816716552903797,0.0670813021910242,34.354410091744356,29.49521822308102,198.16603387516525
270705,1346,0.13571298196794215,0.4617714859378967,4.517812847520896,0.5269469887372167,1.9495228025019058,0.06682843985338893,26.45755724372612,30.19183848177024,194.95085812142648
271907,1352,0.21653793084145528,0.664974566243728,5.561470390342308,0.6290233671505128,1.7595178000332243,0.064803696789637,38.10023612930819,36.04038415283241,175.95097556477864
271908,1352,0.1928154903570674,0.648711645610561,5.704327494926889,0.6300543552245275,1.9276686441515718,0.06328433174116017,37.16843941447151,36.09945541820177,192.7658746699574
271909,1352,0.17527726250812994,0.5974573130404783,5.825529366057315,0.6435453388159535,1.9530074827503987,0.06329455996053321,34.23178247644585,36.872431839470735,195.2996451847991
271910,1352,0.13652891200788136,0.4594640137953828,5.936159926753433,0.6538601896801528,1.9281884337368747,0.06311054563800296,26.325348828616068,37.46342926029622,192.8174452137375
273829,1362,0.22216783204979698,0.38272287795786364,4.2712474557377575,1.564779259984744,0.987019787731971,0.20990412797644864,21.92840563008607,89.65524746673002,98.70153895021166
286488,1425,0.24554262243567299,0.3546030375076971,4.51831950295133,1.713065381902124,0.8274431714839976,0.21722991508594428,20.317257451710276,98.15141641295826,82.74398353405799
288435,1435,0.2262559131054121,0.5798278535911601,3.0581382757118223,1.9402836656990865,1.4683234984051656,0.3635220343767211,33.22168885490289,111.17006510272999,146.83170736721334
290043,1443,0.1647983783862602,0.5186730832501276,4.57529975060475,2.111207879852302,1.803280900272904,0.26438333556162646,29.717778617269904,120.96330119029949,180.32700674159557
291450,1450,0.14811434295464287,0.3502097805311776,3.4125791031534334,1.7540956955196987,1.3547331482981924,0.2945053488370945,20.0655423686393,100.50228021534345,135.47240932888323
292656,1456,0.22732504794437078,0.6804042254774443,4.508735067687134,2.236512452291987,1.714913913813458,0.28420992171160936,38.9842904827252,128.1427243447847,171.49064454006208
294465,1465,0.2235825659244577,0.5612930313145925,3.9730918755853963,1.8618082595939738,1.4383822903666865,0.26849053233415093,32.15972176443051,106.67375553733186,143.837592139023
294528,1465,0.21248556545816472,0.39749890691816486,3.864830300590614,1.786009836704459,1.0718379202148935,0.2647744340329832,22.77500972747441,102.33082581201485,107.1832926395455
295334,1469,0.24769161773937576,0.7410077921711349,4.828975027965921,1.951689660256629,1.7140918110638224,0.23156794055230634,42.45661907771327,111.82358045202636,171.40849600284204
295335,1469,0.19140869806850438,0.6703370826052333,5.0083678253623,1.8847100444302733,2.0065694017769773,0.21561102279532735,38.4074856843923,107.98593115176853,200.65590234955854
295336,1469,0.15756119718974151,0.595580631824685,5.185775111519943,1.8202886942470005,2.1657778060938324,0.2011172047220667,34.124256563289414,104.29485967573267,216.57641980072083
295337,1469,0.12817870297373105,0.5130953032482436,5.322090002638925,1.7645996983987766,2.293531794950566,0.18997069761729948,29.398195364109476,101.10411524830788,229.35140807850286
298083,1483,0.20106754428834306,0.38031057996426415,4.583809126829892,2.128328340862659,1.0837248810853135,0.26603252384510584,21.790191136124943,121.94423134951124,108.37195451555387
301902,1502,0.1537710375036451,0.38479699941055345,3.7884467977860443,1.9764328191361793,1.4337708166421976,0.2989120997948604,22.047244035522738,113.24125902764624,143.37615858800152
302568,1505,0.1875900565967829,0.3548921028606625,5.112430669230344,1.7521993066121313,1.0839497018861535,0.1963716115359402,20.33381967643865,100.3936251346244,108.3943981409792
309139,1538,0.22716360609804748,0.41811848762313486,2.9429439359540095,1.8427201317465562,1.0545889825445725,0.35875670183260305,23.956424677198576,105.58008637286869,105.45843865685063
309808,1541,0.2160048891753926,0.5984737677936391,4.483646711406246,1.4662495304733367,1.5874649683767132,0.1873696011955465,34.290021043867974,84.00990980916079,158.74576926939775
309809,1541,0.1896496099606394,0.5319513922984161,4.550102409529463,1.4104200474184485,1.6070989064535348,0.17760285067621712,30.47856968480721,80.81111605771854,160.70905171954266
309810,1541,0.15561629801713,0.4657121815050034,4.648674774997184,1.3477144973768467,1.7146880560313762,0.16610831314226931,26.68334246806725,77.21835268828838,171.4677147596407
309811,1541,0.11553750880705828,0.41792691181553143,4.768025576595389,1.2858155980796075,2.0725257422183145,0.15451218887996082,23.94544819196609,73.67180700205127,207.2507983632835
309812,1541,0.10987391467297064,0.41498568598035157,4.835008546440608,1.2176868218101418,2.164019209815725,0.14429822583350554,23.77692836501544,69.76831565841985,216.3999711470501
309813,1541,0.10372721711769095,0.39447740986734114,4.97133710787974,1.1664732005347447,2.1789737686717907,0.13443866251875247,22.601890698650983,66.83399130575819,217.89529721702127
309814,1541,0.10335122246788744,0.3936491394510558,5.109198028529223,1.1138462789491603,2.182309176284883,0.1249094091261917,22.55443429950229,63.81869081013828,218.22882721762636
309815,1541,0.10332477223409867,0.3935915421868279,5.255577916117108,1.0516285449014582,2.182548439178644,0.11464748137195621,22.55113421935053,60.253877238337544,218.25275274263473
309816,1541,0.10332294829905572,0.3935876466433512,5.336783958409475,0.9936673600198347,2.182565365180461,0.10668025220067284,22.55091102115041,56.93294596904304,218.25444528968413
311214,1548,0.2041923931096732,0.3597729190602579,4.509068639643289,1.649367191880327,1.0095120842562837,0.20958159279647023,20.61346984525455,94.50177896208696,100.95071897934994
318047,1582,0.22926892723827913,0.37885361183269967,4.699924001044305,1.629575410169553,0.9467795015223304,0.1986580914534178,21.706713011301236,93.36779340101539,94.67754132770128
318586,1585,0.1620848248190478,0.4186363447098493,3.7089234131736726,1.85135130124814,1.4798482368468606,0.28599839860485704,23.98609570265825,106.07461595757148,147.98391981184207
329439,1639,0.16868915989158717,0.5254059552340885,3.5474257262081044,1.7828888335151842,1.784556992324974,0.28796094153225127,30.103543765952736,102.15200550142254,178.45465192101014
329504,1639,0.21361519464669532,0.456307383575675,5.287786441424327,1.7843625030428574,1.2239057272531009,0.1933444958205842,26.14448723954336,102.23644054575524,122.39000550863815
329505,1639,0.1593573208528327,0.38718563739065864,5.362611498115275,1.7665528958333403,1.3920980473157245,0.18874390782306955,22.18410291056742,101.21602521786414,139.20893990251332
342167,1702,0.20342086961850656,0.3731019734939388,4.070650083898126,1.8230204705489648,1.0508836875199403,0.25659630899000846,21.377168409204604,104.45137892840907,105.08785731492357
342970,1706,0.20282079267177172,0.4484904419505675,3.835492594355824,1.496324170880353,1.2669612355942508,0.22352555100091345,25.69660947572456,85.73305977485641,126.69550513888618
342971,1706,0.12463466183915987,0.37943920551634225,3.9480498270402724,1.4994526650458866,1.7443191960210824,0.21760695237621044,21.740265057883477,85.9123092867728,174.43053406286643
357780,1780,0.2499596931386301,0.43963861639952273,4.301195150990151,2.24771228807466,1.007739924250643,0.29941544813959303,25.189437230663632,128.7844276663715,100.77359329730047
357845,1780,0.2088799495422959,0.35653058989841196,5.039362358447402,1.7349048825677613,0.9779635209261041,0.19725258943503565,20.42769806848859,99.40272762777244,97.79588858270783
363811,1810,0.19315832988191617,0.4144874932747399,3.3849006496295617,1.9008445961881755,1.2294775384856709,0.3217535278679366,23.748384025599687,108.91037287183171,122.94712370413458
366423,1823,0.21776505154258946,0.3924123836286365,3.4042998490558474,1.9442670016206605,1.032469269924285,0.3272282056561092,22.483573410589432,111.39829343941904,103.2464576150531
366487,1823,0.19445464557449463,0.380952555000808,4.8581649383004235,1.8028351013522395,1.1224711247867167,0.2126211101614817,21.82697359627166,103.29484246552333,112.24654101343587
373860,1860,0.17235890712196753,0.5450066217539322,4.492607527756686,1.7105742907076147,1.811718230457788,0.21815546222866775,31.226579233183156,98.00868740113067,181.1707824319388
378146,1881,0.230810970939646,0.7494603214914386,6.153040278323428,1.7078258637437398,1.8604363258265313,0.15902904832508913,42.94091333397726,97.85121413580069,186.04283460326104
378147,1881,0.16811207007662293,0.6857295654138279,6.312852073775808,1.6781265683625786,2.337096178195221,0.1523076552087362,39.289409985552446,96.14956985594777,233.7082415284251
378148,1881,0.1614463341775301,0.6194812910733806,6.470802706006408,1.6456654111740456,2.198480470192025,0.14571558845040317,35.493663465819985,94.28968255093407,219.84669890424192
378149,1881,0.15002990908703248,0.5568187269769546,6.629442730656832,1.6042801559616868,2.1264667210224655,0.13865189834053387,31.903363009626773,91.91848209319413,212.6452689233505
378150,1881,0.1087715644885095,0.38834878641380816,6.741968821410491,1.558965245190692,2.0456398231956454,0.13248671299228934,22.250746440538652,89.32212895700421,204.56212046824706
378151,1881,0.10163195176503674,0.3613725882208432,6.821522209924865,1.511397106813571,2.0372650273780577,0.12694626301408532,20.705124136773325,86.5966753887009,203.72451825113868
378152,1881,0.10039950956831796,0.3567968416001828,6.901929486206729,1.4534193821372887,2.0361604572597187,0.12065437136781229,20.442953167288234,83.27479645897843,203.61403796838042
378153,1881,0.10029601778904129,0.35653924894604716,6.977603075983838,1.3932228199583703,2.0367899552652817,0.11440287806751075,20.428194195372686,79.82578750492958,203.67698507586854
378154,1881,0.10028881915774676,0.3565217569644305,7.065226561242395,1.3366979258947738,2.036836220963384,0.10840013248746223,20.427191978650733,76.58714963766141,203.6816114557014
378155,1881,0.10028832311341054,0.3565205733574192,7.133488323789423,1.27836432774393,2.0368395334544527,0.10267750815945764,20.427124162964382,73.24488065980593,203.68194269159343
378156,1881,0.10028828892176542,0.3565204932528237,7.168661984354798,1.216773851868488,2.036839770235237,0.09725107194179469,20.42711957330914,69.71600633394078,203.68196636875265
378157,1881,0.1002882865645061,0.3565204878313862,7.156235192837407,1.150000531586524,2.0368397871375543,0.09207380002208962,20.42711926268365,65.89017689770894,203.68196805892043
378950,1885,0.2162323277729796,0.44773891978083347,4.645829838483782,1.9093713964531207,1.1863882475396312,0.23547767806319392,25.65355042718829,109.3989225397641,118.63828157943163
378951,1885,0.146959122429287,0.3814180328599606,4.720604931889765,1.8865866925538266,1.4870558332653,0.22898220990635793,21.853643513057893,108.09345516887927,148.7045815681954
387995,1930,0.22583631058688608,0.35006933181010197,3.3145079953459007,1.6786877318568312,0.8881430231222233,0.29018400921239523,20.057495249683658,96.18172215578527,88.81391297815232
393422,1957,0.20805251326264115,0.46678082193010223,4.465376088293481,2.039878083918757,1.285472083435426,0.2617392182809512,26.744571054242478,116.87640492977795,128.54659666564174
393423,1957,0.1339366608857223,0.3937177077975399,4.521398396594978,2.0153878131032688,1.6842559119310434,0.2553927024092527,22.55836297636402,115.47321577291805,168.4243462756242
405885,2019,0.24924123310107432,0.5154902135446479,5.666722692132483,1.560275376094351,1.1850130920920028,0.15775819398177338,29.535413616405865,89.39719392839353,118.5008385173169
405886,2019,0.18216945758694078,0.4485576223873718,5.769901849330739,1.5078384257315571,1.410799458968265,0.14973006489245433,25.700458631219295,86.39277798206845,141.07917920200515
405887,2019,0.151982558052367,0.3805145903095924,5.88623820757873,1.4646356441145016,1.434498728852721,0.1425654855108884,21.801880067889257,83.9174409321858,143.4489384725239
408834,2034,0.20039255686269974,0.35952211809099877,3.0444129125466146,2.0758014339831345,1.027937329747955,0.3906653410699308,20.599100008218212,118.93466127443779,102.79322514511655
408900,2034,0.23264180215963548,0.649886228789925,4.172445545955516,1.7649364933133813,1.6005608676992888,0.2423600519631425,37.235738073336115,101.12341217547619,160.05540565912543
408901,2034,0.2001412341923011,0.584430291583558,4.272713726503938,1.7184856565140318,1.6730878866309176,0.23044365090694563,33.485389127337946,98.46197527202249,167.30796107314583
408902,2034,0.18599171683384175,0.5365297413773745,4.402344694982158,1.6648523437740774,1.6528095247823538,0.21667774607191842,30.740889764169133,95.38901281071787,165.28007272258827
408903,2034,0.17855500851977935,0.49612389472040563,4.506179714135972,1.61502927047398,1.5919913939536328,0.20534991201664543,28.425805283072027,92.53436098825135,159.19825671911337
408904,2034,0.1678451549212287,0.48572568621842516,4.61541783385354,1.5491947711345149,1.6580776595186633,0.192316979811373,27.830031821411495,88.76232202974319,165.80678797481127
408905,2034,0.16751240420582592,0.4843765385030719,4.716186384790678,1.4927594222598977,1.6567566937028138,0.18135164211989407,27.75273135138204,85.52881472387925,165.67469023124798
408906,2034,0.16749460447691977,0.48434073147772155,4.842480631747433,1.4266253741242023,1.6568102709819663,0.1687969842954142,27.750679759952543,81.73961288358888,165.6800478234429
408907,2034,0.1674933713458807,0.48433832010813377,4.960613472816356,1.3637381551029883,1.656814220100215,0.1575136642252503,27.75054159865232,78.13644064835849,165.6804427257239
408908,2034,0.1484415875389885,0.4284561557595319,4.997201055269034,1.3082500483996524,1.6537634893732007,0.14999837977712088,24.548729431420995,74.95720632108576,165.37524600191477
410105,2040,0.15351163650839553,0.3686483523112651,5.486414502590216,1.2145453865785463,1.3759213188252906,0.12683752661842182,21.121994711887336,69.58832467803572,137.591244553553
417542,2077,0.18564832785902455,0.39725887345906175,3.478532081259525,1.546460462747493,1.2260415086834793,0.25472140366885854,22.761256823325873,88.60565769927962,122.60349706523019
421965,2099,0.23057459550608683,0.513196357147669,4.142390478100624,1.4529970413583766,1.2752482113765848,0.200972357275286,29.40398532604989,83.2505981148305,127.52427359674182
421966,2099,0.16416438421829385,0.446615856975594,4.225195250657123,1.3918651774334547,1.558754795165466,0.18874394057178231,25.589203668319946,79.74800031816443,155.87453950884975
421967,2099,0.13687388128937772,0.3946752815900187,4.3189288281773,1.3298218538692401,1.6521213578590148,0.17641684451352493,22.61322791324539,76.19317973097036,165.21094082585557
421968,2099,0.10609377925605235,0.37001724383586787,4.430525121264212,1.2734799766317875,1.9982721483999486,0.16468708740762789,21.200426418858306,72.96502795542013,199.82535019647437
431814,2148,0.23910511832478457,0.9097821712603567,4.233385816057362,1.77197937402893,2.18007363767879,0.2398244423911753,52.126678689466694,101.5269395160912,218.006461125606
431815,2148,0.2258427028952609,0.8454180941873034,4.349089764568137,1.7429044168849188,2.1448063610266015,0.22961371771667277,48.438888720926,99.86106718221562,214.47969591337426
431816,2148,0.21106208193932696,0.7820424722680377,4.4860522915471055,1.701199277180434,2.1229645100748815,0.21727686647685793,44.807733060935284,97.47153869314516,212.2954552223202
431817,2148,0.15333686009773853,0.5427303469348672,4.608172766556112,1.6610925197206816,2.0279635467463115,0.20653216659960805,31.096158293038826,95.17359076074652,202.79504535421282
431818,2148,0.1123644141692029,0.4088811182842521,4.732250630811807,1.596409901578653,2.084927019694372,0.19328551396774898,23.42716240027704,91.46754973335196,208.4908650361025
431819,2148,0.10945612261032703,0.39801099591082223,4.861929828189486,1.5363606478990945,2.0834237170313856,0.18105358132313737,22.80435026548878,88.02698093460282,208.34048732190263
431820,2148,0.10926806693663078,0.39730510842626915,5.032954627226333,1.4936743167484385,2.083308000836744,0.17004173588962912,22.763905891812783,85.58123431677242,208.32891256419737
431821,2148,0.10925528321323295,0.3972575882126155,5.204257364093274,1.4384053821664984,2.0833025581383957,0.15835988058027492,22.761183184128868,82.41455762704261,208.3283680784417
431822,2148,0.10925440907546954,0.39725437321836904,5.347762288100119,1.3736243888483801,2.083302366269029,0.14716974265144459,22.760998978527386,78.70288011724925,208.32834887657543
431823,2148,0.10925434926430748,0.3972541556343092,5.496302347842532,1.3096231417028577,2.0833023657038554,0.13652065313541265,22.76098651187907,75.0358787722371,208.32834881902514
431824,2148,0.10925434517061056,0.3972541409083395,5.602622212088881,1.2475086503218589,2.0833023665372257,0.1275777265290157,22.760985668143157,71.47698056950414,208.32834890229068
431825,2148,0.10693033752925361,0.38951380544529274,5.610719415875137,1.189411378864361,2.0871060115080615,0.12146080910672907,22.317497114095136,68.14825211376365,208.70866885013623
436830,2173,0.18068176607766076,0.7311703954368151,4.286286195755111,0.5075763167489509,2.318605598908575,0.06784890073710553,41.89297776344097,29.081980730510324,231.85928947664328
445617,2217,0.1744135800790959,0.43291277714088877,3.9354911349325454,1.8814505100551453,1.422141188436747,0.27391542661124085,24.80407502746051,107.79917358889588,142.21331161771005
446085,2219,0.16610534521391754,0.4076614031931952,5.961162981138824,1.73668523599834,1.406172476695322,0.16692168040581756,23.357277873351066,99.50473436538623,140.61640958550228
446220,2220,0.2104394932582292,0.6641083715048691,3.4879217666115196,1.7926615730737914,1.8081494318984135,0.2944789155569735,38.050606826535144,102.71194223241126,180.8140925608061
446977,2223,0.2305335492957281,0.7432489713462883,4.53155420041691,0.6950206171963171,1.8472377434191334,0.08787657874286563,42.58502918558218,39.82174803992658,184.72298107020134
446978,2223,0.21087935280198541,0.6614479411282348,4.6427627629098,0.7213641572848637,1.7971495593834748,0.0890226869776725,37.8981753942656,41.33112170443399,179.7141122475815
446979,2223,0.19889067909637942,0.5820671976687657,4.724549407265825,0.7485361332157461,1.676800154443952,0.09077682855759943,33.349993819427304,42.887961246304606,167.6791808030666
446980,2223,0.1407036271605818,0.504450397416299,4.777568517885276,0.7722310115758493,2.0541671366081915,0.0926110792847153,28.902878745651023,44.245577772414386,205.4152683455468
455265,2265,0.2078430757034429,0.6335369224895477,3.1462224988373566,1.9127376764293742,1.7464613605742174,0.3483281804361668,36.298991824357856,109.59179617506283,174.64530418538442
455330,2265,0.19547555181873316,0.4155312545797146,5.739276159050593,1.7656814348206207,1.2179623335868155,0.17626977897556076,23.80818714319381,101.16609417982512,121.795616516048
459341,2285,0.11740564968318473,0.38250363799764525,4.483072055926616,0.2886029219933768,1.8666769698159458,0.03688481724628713,21.91584410566494,16.535729385363812,186.66612295643918
459888,2288,0.20347588066706712,0.521536235422125,4.285265043713639,1.8520152432741157,1.4685683426604352,0.24762215569733154,29.88182515282907,106.11265703350125,146.8561197462148
472350,2350,0.23579947874933924,0.39267068663049715,4.392611716390216,1.8723824228975094,0.9541315463303628,0.24422739169498003,22.498373082431605,107.27961046650657,95.4127540442691
478135,2378,0.23917284157944269,0.7838106910872498,4.016234308451132,0.7873559937393697,1.8776815278139933,0.11232456036826145,44.909044536531745,45.112175415594756,187.76737556232712
478136,2378,0.20533976003657667,0.7464355118564374,4.0932791285537276,0.7957039565764927,2.082772592004125,0.11137886498940891,42.76760450806118,45.59047845369396,208.27625504280363
478137,2378,0.19612857298530934,0.7188785971115502,4.145821037262588,0.8009058382493994,2.1000870433996095,0.11068621582057273,41.18870959677732,45.888524319077966,210.00764428249929
478138,2378,0.16680737705774457,0.6146383107271942,4.2079953999800574,0.7955190759982145,2.111188344406338,0.10831733672699202,35.2161811317187,45.579885576844674,211.1175814601194
478380,2380,0.18897996549238988,0.4716179891392297,3.6940544157491146,1.8298900490170587,1.429872146491664,0.28382087727471245,27.021720320124558,104.8449767816648,142.98646559307954
480656,2391,0.17979859185434927,0.3999090428637332,5.427945053674875,1.7040545655685633,1.2743758910744827,0.1798749499520098,22.913100345208246,97.63513466707768,127.43688741946379
482265,2399,0.2273508564020522,0.7368188250599431,5.254417913673354,1.6798810135617437,1.856892371241995,0.1831793617473782,42.216608941722875,96.25009216124693,185.6884285434047
482266,2399,0.17076973130720385,0.6128201209107053,5.276876001404376,1.635214115820463,2.056102343430734,0.1775498746497825,35.112006528880215,93.6908674367291,205.6090423698914
482267,2399,0.11664918722397966,0.3615249607404854,5.320771219368782,1.60684478751599,1.7757391334026629,0.17303022567309992,20.713854439062594,92.06542465726177,177.5724062858981
485076,2413,0.24514380582023265,0.38485509830632014,4.095807531522995,1.9402997667779025,0.8994953751235778,0.2714262974994515,22.050572857044543,111.17098762659175,89.9491742574977
489435,2435,0.2458052414373052,0.3720628837001958,3.355709095236925,1.9841425169674651,0.8672570185069971,0.3387748717470362,21.317632949488008,113.68299217470009,86.72535255751525
489501,2435,0.21878819815399173,0.6995869868884788,4.330615782929736,1.5159413312253136,1.8320631668947913,0.20056510302867062,40.08338175098389,86.85704026865406,183.20548769858263
489502,2435,0.19936059181343155,0.6477188151429654,4.43372373267212,1.4821143843222444,1.86152901231892,0.1915295221486129,37.11155441890627,84.91889897729507,186.151976824284
489503,2435,0.1722866330602713,0.5799270064737937,4.53888734425544,1.439831022426508,1.9286097463156426,0.1817543251424837,33.22736989660435,82.49624079704509,192.85986641293303
489504,2435,0.15148189088001895,0.5021265080097524,4.609915037974209,1.4024559920316126,1.8992189511397648,0.1743086552789204,28.76972969060074,80.35480929624441,189.9206539000343
489505,2435,0.1482435815907186,0.4879045279230529,4.7247946053243615,1.353483902196973,1.8857388677207405,0.16413182275323143,27.954870255313757,77.54891523478403,188.57262744680293
489506,2435,0.1442600682121535,0.4812083545699404,4.847774744351362,1.3016165730937526,1.9112153635980524,0.1538378739969571,27.571207783292444,74.57713618255345,191.1202247771077
489507,2435,0.14257534227281327,0.47769603518523757,4.976940389958856,1.2504823138056618,1.9196843121857035,0.1439586436225166,27.369966706246988,71.64735893681822,191.9670982572678
489508,2435,0.14250082090505373,0.4775121252454952,5.096521785989775,1.1957229992771086,1.9199487658509473,0.1344247784424469,27.359429442889244,68.5098813253027,191.99354274299634
489509,2435,0.14249561194239907,0.4774994953726086,5.265399570977091,1.1377402919403634,1.9199681668491015,0.12380393151105962,27.358705804477054,65.18771691016498,191.99548278057426
489510,2435,0.1170287931107307,0.39881527206454276,5.3337198410378575,1.077547173780495,1.9525476880285006,0.11575205861601227,22.85043189465998,61.738905283872235,195.25311706771512
493053,2453,0.22377768799721576,0.5931500531226704,3.9888132725300176,1.9041558315764058,1.5186944439080088,0.27351516593264014,33.984994661889594,109.10009268455167,151.8687725182857
493121,2453,0.2428830867752752,0.5386477124731379,6.551721256445383,1.8140130849783018,1.2706623465708693,0.1586381494632064,30.862240569087074,103.93529375076305,127.06571673277999
493122,2453,0.19947441998603718,0.4741728031256576,6.6363195424243,1.7614224719292073,1.3619841089852762,0.1520753676549175,27.168100378987873,100.9220735810443,136.19773494343102
493123,2453,0.1345227291138458,0.42187322235025887,6.726358428035024,1.7145685884560895,1.79683786469719,0.14604863048739802,24.171555130253985,98.23754380423689,179.6824641234699
493124,2453,0.12771240595785205,0.41756518990778646,6.8088429521099485,1.6605608127861133,1.8733278885892015,0.139734646146068,23.92472305329488,95.14312619745792,187.3313367054866
493125,2453,0.12724149108729038,0.41732686427709126,6.86345203309159,1.6133624173752974,1.8791878275707192,0.13468274675813158,23.91106800050625,92.43885734062853,187.9173206700494
493126,2453,0.12720918256744998,0.41731110676816163,6.89917225279185,1.5574329044238517,1.8795941298873577,0.12934063522307016,23.910165161748946,89.23433229828842,187.95795021417555
512414,2549,0.24952851336265308,0.3692259351490444,3.3386685877752784,1.7408414528881937,0.8478023869065047,0.2987504303912628,21.15508777081128,99.74286805191583,84.77990232788852
513019,2552,0.24417420006193918,0.36248685592293084,5.118594775848082,1.6181360587505318,0.85057987770626,0.1811285532909738,20.768966973350686,92.71236684433849,85.05764290592282
514825,2561,0.2071538543938856,0.37083499143533244,4.928051747053234,1.8832769308908852,1.0256762511856727,0.21895837364119006,21.24727990501458,107.90381979439853,102.5671349444453
524074,2607,0.20767911862741562,0.36179843299937137,3.7085527419081066,0.9380442015115809,0.9981514937160697,0.1449243878644568,20.72952324531067,53.745973743332904,99.81467355813706
526620,2620,0.18442105984148824,0.6709444511149132,3.6095239915997253,1.8899273502067668,2.0844844555802453,0.29999761936809244,38.442285336606105,108.28486075319083,208.44732658147
527223,2623,0.1291869876254712,0.6370514356010966,4.130053600488889,1.9894604561753293,2.8253894945768434,0.2759956610672778,36.50035859269299,113.98768764701785,282.5367842907434
530640,2640,0.23085601345781093,0.4007283520372505,4.608381719007611,1.6496921522910268,0.9945611537037974,0.2051054000738852,22.960043302967136,94.5203978221289,99.45568886588356
530703,2640,0.2477016107597168,0.41080310810407583,4.498629360531625,0.6224344627040992,0.9502273030361967,0.07927496310331401,23.53728430522005,35.66286773643793,95.02235052359752
530704,2640,0.1601125044175778,0.37178539026443985,4.665277601358955,0.5929110627713019,1.3304227857680822,0.07281732053993734,21.30173374677661,33.971301523411825,133.04145596127515
533317,2653,0.24702663548815523,0.3646919607773686,4.82993403301596,1.9184079268348855,0.8458727249281978,0.22757386873847574,20.895310174893776,109.91667759208096,84.58693349674105
533856,2656,0.15101548291996958,0.36942336352826244,3.4603523377591823,1.9695941093953424,1.4016045092084481,0.3261212110242447,21.16639958369658,112.84942982218128,140.1595320883854
533921,2656,0.20196557461070386,0.6714734226070888,6.471250782049103,1.9157999109365131,1.904908365687543,0.1696229257921307,38.47259317059051,109.76724928820121,190.48990282054092
533922,2656,0.14153166946784984,0.6120373584588469,6.720989817284045,1.9193215569057358,2.477689636403505,0.16362028148406746,35.067157544027424,109.96902473917693,247.7672305332528
534209,2657,0.24043313473835698,0.4372140522750599,5.256211830061111,1.1561413587614426,1.0418912902559019,0.12602616179332085,25.05051993917308,66.24202037755103,104.18870002145628
534210,2657,0.17971874160207651,0.42739046248958457,5.358177612009734,1.1968483423705418,1.3625550748881665,0.12798074937526968,24.48766970479752,68.57435873506063,136.25475691488856
534211,2657,0.13846048514944553,0.4241445901166319,5.498516892548835,1.2467804886699279,1.7551356356742407,0.1299173236094472,24.301694916989216,71.43525998004522,175.51230864496134
534212,2657,0.12123470834987472,0.4149717721986001,5.629051687007476,1.279785373224231,1.9611652080906234,0.13026403827007865,23.776131164044017,73.3263005683233,196.1149193390149
536670,2670,0.2149838503524441,0.4779863921947818,4.212318457205088,1.7124495947471718,1.2738911140840232,0.23292667724860341,27.38660293744591,98.11613440790113,127.3885247846468
538344,2678,0.18880427413298898,0.5166125909814954,5.2981349716332735,1.7607149623303782,1.5677462639411637,0.19040952451529897,29.59972110655794,100.8815362670664,156.7738043467406
538345,2678,0.14723611173461887,0.44346859813618006,5.40273835544055,1.7236000511756142,1.7257231934962076,0.18278695324688873,25.408879019786283,98.7550085008954,172.57115899952868
538346,2678,0.11441580866221285,0.37508277362220044,5.486665011439045,1.6706797970379834,1.8782944655633103,0.1744646354643739,21.490659896612968,95.72290128804943,187.82782134798737
551745,2745,0.2154456086147741,0.5806509575472979,2.998901530217895,1.8715404363804349,1.5441877839797808,0.35756881896456,33.268849237690105,107.23136819267127,154.41806882732578
562462,2798,0.23199206356075486,0.3756134187740473,3.2102285823634444,1.417506150199788,0.9276637470373255,0.2529948179811435,21.52106362423287,81.2171198402852,92.76597883538395
563266,2802,0.20392243904363155,0.3700710069393969,3.223491692845845,1.9545874510006658,1.0397828643793556,0.34741709287696393,21.203506817784042,111.98961163157175,103.97778164798079
563871,2805,0.23080607750601362,0.35113568471372286,4.110689543111999,1.6125875143506532,0.8716664706691702,0.2247663256346791,20.118592770532658,92.3944586677845,87.16627318331896
566217,2817,0.1426708775587414,0.5946143213051887,4.244016961181086,1.8999388192402114,2.3879357331954716,0.25649868135479775,34.068891048823176,108.85847567553311,238.79191633120695
566280,2817,0.24039157482229018,0.3546126620671268,4.449160427603901,1.7067786482987795,0.8451963455112307,0.21979700323692775,20.31780889834527,97.79121311056355,84.51928647698531
568830,2830,0.19065024448430684,0.3758776025898224,4.257628264194613,1.9393695093859842,1.1296182268492683,0.2609849443119676,21.536200241892445,111.11768780417398,112.9612361049401
568897,2830,0.17158298493021792,0.4277895332102906,6.067865552523666,1.6099788163387516,1.428494401953384,0.15202214078604775,24.51053477282122,92.24499128167837,142.84861598703102
568898,2830,0.11759624211167657,0.36808628264096227,6.20413710893746,1.5715724441482108,1.7934066871415701,0.14513616724217898,21.089790491986676,90.04446824875177,179.33915892312078
570791,2839,0.22864280195801956,0.5093592523311542,4.63133467360393,1.0794136172909772,1.2764072994288,0.13353784350475048,29.184135414514273,61.845844619722456,127.64017727396198
570792,2839,0.17486787736454354,0.49683189270686684,4.763372933825541,1.1265954992145355,1.6278786807927033,0.13551147072600714,28.466370579600017,64.54916732342693,162.78694647451238
570793,2839,0.12609511399513076,0.4149990860415703,4.911758274622031,1.1828609233749616,1.8856951306766379,0.13798101358635573,23.777696131968494,67.77293866033277,188.5680325793916
570794,2839,0.11584800183878946,0.3978223012604445,5.074812160536018,1.2209452888867238,1.9675381991124916,0.13784749015095363,22.79353885840544,69.95501206959032,196.75213853049817
578679,2879,0.18435294494575463,0.44244336617373775,3.307308737052648,1.8455994497831125,1.3750871290767015,0.31973144097440365,25.350137555316422,105.74505914423926,137.5079744714744
584977,2910,0.1828360408998246,0.44597044241512385,3.2406561938374265,1.4962608730977136,1.3975484600664836,0.2645434371518399,25.55222413796871,85.72943307905865,139.7540892819887
584978,2910,0.127933168556521,0.37986155532034394,3.286140360319261,1.433371739689444,1.7012368616727043,0.24991674701209052,21.76446391913095,82.12615115752962,170.12236968981014
585983,2915,0.20589950476991958,0.7427576106595114,4.769040134135079,1.56164687648213,2.066875987520708,0.18761799525267217,42.55687629201121,89.47577511221382,206.6866049676068
585984,2915,0.17415401084730464,0.62317807783369,4.912977789450472,1.5196858394913098,2.0502239093435297,0.17722771879487562,35.70547374494556,87.0715847886475,205.02122546592327
585985,2915,0.15733851988714584,0.544103289908903,5.040879984298452,1.453309852523379,1.9813851161138962,0.16518647729870892,31.174822130963218,83.26852087436971,198.13726489901478
585986,2915,0.11800677522681131,0.4434383602167491,5.126166618694594,1.3934028371920388,2.1530242066834218,0.1557423070989581,25.407146514621633,79.8361017326584,215.30061443654046
585987,2915,0.10971607205615733,0.41625569773325793,5.27135350056895,1.338605063429306,2.173764705358482,0.1454966365195702,23.84969467838899,76.6964205693411,217.3745091026656
585988,2915,0.10912047367464767,0.4146663663416841,5.4037465328480225,1.2759482069924473,2.1772844013634147,0.13528844581859598,23.758632697404153,73.10644713795199,217.72646480418663
585989,2915,0.10907947735549428,0.4145587770660064,5.508358993167301,1.2101837067168622,2.1775375794146097,0.12587853985280278,23.752468285986954,69.33841883037401,217.75178163712505
585990,2915,0.10455270617332629,0.3996933997184552,5.60743360709857,1.1578704620077005,2.1903538943109138,0.1183091860305081,22.90074490310289,66.34109069590397,219.03331542488468
586785,2919,0.23539133260197725,0.35112712185278155,5.649993430113209,1.888335086862309,0.8546661883295266,0.191493374161355,20.11810215474016,108.19363078368,85.46625938219354
591407,2942,0.18790628372472218,0.3602993632456214,5.512259629415629,1.8972886436806893,1.098613168618368,0.19720883795765487,20.64363287522508,108.70663180100378,109.86073805136422
593352,2952,0.24739281382688072,0.41278997063374406,4.63866407924001,1.441366685756269,0.9560149230194804,0.1780345078578946,23.651123142642728,82.5842278245934,95.60110973184287
593437,2952,0.13800962803674688,0.351636551187581,5.41545432407494,0.3923516865423857,1.4598466159457535,0.041511005978335035,20.147290305584328,22.48009572371852,145.98361439395728
593438,2952,0.1754335044476234,0.3576044296134078,5.108550224763984,0.3680752035899517,1.1679196313512004,0.0412820756182641,20.48922455203138,21.08915570912276,116.79130406269944
601053,2990,0.15562354386650518,0.3809055503220937,3.3887706971007416,1.811615659116855,1.4023764323802146,0.30629965948923943,21.824280426563966,103.79793136720663,140.23675112124246
601456,2992,0.16845736472587478,0.37496990014422193,4.565660141464074,1.987286570594203,1.2753488980619794,0.24939029494247922,21.484192722705835,113.86313317807497,127.53414030621845
602799,2999,0.1758582699950234,0.4227100156476169,5.010568557570059,1.8392535473507143,1.3772169189419354,0.21031837863615382,24.219499854517437,105.38146571766104,137.72091658974142
604356,3006,0.172816960208571,0.3808052378270472,3.648697285741883,0.9987836227712603,1.2625225935643247,0.15683977483789607,21.818532943965373,57.22608623157972,126.25153611136807
612512,3047,0.2199994986069319,0.4330002459376587,4.774299530328708,1.722614826056366,1.1276882742806638,0.20672887912872107,24.80908662035451,98.6985592596922,112.76831996949306
612513,3047,0.15454353009856892,0.36746472591501295,4.8899763962504394,1.722616132098722,1.3623460353912764,0.2018386713773282,21.05417791486181,98.69863409040707,136.23373083106466
618946,3079,0.18350303002770973,0.49062765322943797,5.1876582298812774,1.784715706312173,1.5319034408481746,0.1971152934020909,28.11089384245489,102.25667760239725,153.18951762645239
618947,3079,0.14048496697329563,0.4128244246315912,5.329128837588283,1.7638388619259522,1.6836744911025516,0.18963797915160321,23.65309721130672,101.06052252951541,168.3662626303653
618948,3079,0.12175606500265221,0.3998702239830689,5.444312549882588,1.7340701602740594,1.881702920095091,0.18249301536321147,22.910876187180758,99.35490156327783,188.16876200721245
618949,3079,0.12009504119884065,0.39906504474456717,5.551625771111967,1.6895229475799738,1.9038871782656588,0.17436790249116177,22.864742815063053,96.80253428683513,190.38714837574327
618950,3079,0.11998198622092647,0.39901231762544,5.657062265710491,1.6378426613984645,1.9054293555489115,0.16588375278725473,22.86172177367118,93.84147200460637,190.54136335276363
618951,3079,0.11997417084218943,0.39900876562352505,5.7571364697240845,1.5902248540848665,1.9055365161462543,0.1582612691860949,22.861518258952632,91.11317261587001,190.55207922165633
618952,3079,0.11997362946921432,0.39900852530351744,5.883415230720094,1.5404544331598893,1.9055439670559307,0.1500175220361916,22.861504489630462,88.26153755227922,190.5528242993804
618953,3079,0.11997359196256938,0.39900850903912793,5.997590627237282,1.4789558413911128,1.9055444851011611,0.14128661478130466,22.86150355774959,84.73792779793035,190.55287610298438
618954,3079,0.1199735893640395,0.3990085079383628,5.98803040718869,1.4266823181448238,1.9055445211167705,0.1365104547582046,22.86150349468039,81.74287553563899,190.55287970448157
619147,3080,0.20806706184538423,0.5566362188058646,5.240167968969739,1.838930355284345,1.5328185175497857,0.20106788293645733,31.892906061696664,105.36294817628597,153.28112243096848
619148,3080,0.16538361367566623,0.4900715648547796,5.342159897774235,1.8247372468527256,1.69781213529439,0.195706876562859,28.079032325550674,104.54974296498264,169.78019721118753
619149,3080,0.14374644587781707,0.4243142192119595,5.466809043754827,1.8030394796057898,1.6912704942721197,0.188970478868145,24.31141394823411,103.30655247687602,169.1258846358801
619150,3080,0.12571366093616604,0.3560082741087084,5.573736091517174,1.7714611946680199,1.6225579466630133,0.182099130954644,20.39777157816553,101.49725002568027,162.2545169057321
621292,3091,0.21225884906721842,0.3898899506762202,3.8125040756668356,1.9766461650381602,1.0524436410560791,0.29705799732303045,22.339048648311252,113.25348284740616,105.24387323594546
628527,3127,0.13708844125723973,0.451089795489101,4.693962765427278,1.8419298570260376,1.8853186556500694,0.22483094139390694,25.84554146294493,105.5348069667271,188.5305040703127
631205,3140,0.17382353585154914,0.35084477862474955,3.617945823672511,1.8778902424508588,1.156455817359031,0.2973930241847076,20.101925079399827,107.59518528123311,115.64492308823085
635511,3161,0.2133275595387008,0.4607000371406068,4.894476330555526,1.320930170335266,1.2373537938277774,0.15463089108142983,26.396167749677044,75.68372379170768,123.73480516043332
636233,3165,0.20360189772383858,0.40913114718695354,2.9840289955572112,1.4266686209320185,1.1513393102855238,0.273931957735412,23.44148800115812,81.74209074315415,115.13337120060794
636567,3167,0.21388856625305014,0.6074516855543188,3.50085917635532,1.910964995184052,1.6272219138619912,0.3127524507355925,34.80441784037047,109.49022902128387,162.7214382172985
639939,3183,0.22638620382725966,0.6441397020418889,4.488935833107954,0.38023383051176163,1.6302444269850949,0.04853220112260064,36.906486343814606,21.78579371641661,163.02372978631504
639940,3183,0.18336653664760388,0.6146733047412614,4.571855385711164,0.3767684924984507,1.9206440206738322,0.04721768867387743,35.21818614103297,21.587244473667642,192.06336511306992
639941,3183,0.1651225266421991,0.5471124309489931,4.6494962982448165,0.37409037913334675,1.8984224594638897,0.04609918679316225,31.347233212519985,21.433799880789607,189.84110774502355
639942,3183,0.13039354495971883,0.43062498819148276,4.761356054010989,0.37567363543030297,1.8921943177225942,0.045206687958472824,24.672994376242876,21.52451378449271,189.21799515359172
641255,3190,0.20520248010592063,0.564687240184941,2.6194148884404536,1.5986965300566642,1.5766960523133455,0.3496909326926114,32.35419560748734,91.59856389445642,157.66884455754337
641256,3190,0.14463937548327954,0.4965020897250175,2.6113967893488943,1.547949124688376,1.9667861672405804,0.3396303149629635,28.44747426066922,88.69095174561397,196.67727054509587
641257,3190,0.13435404575022733,0.45014913454213445,2.682314417552221,1.4847547111663872,1.9196774832521069,0.31715214923416485,25.791645560730966,85.07017856199955,191.96633380393402
641258,3190,0.12060965047861096,0.3945214421223504,2.739593307924466,1.4194332098984908,1.8741793544004004,0.2968598722145552,22.604413561025456,81.32753222789063,187.416397070457
645411,3211,0.20196809121206066,0.5268742702086108,4.100443862865645,1.9539599823211424,1.4946752400911338,0.27302814962375827,30.18767201698872,111.95366032445841,149.4667913581524
648024,3224,0.22639038162500624,0.37105958116208676,4.38827068301608,1.9757018993615856,0.9390923261308268,0.25795897365574066,21.2601479484796,113.19938040939937,93.90882195195408
655662,3262,0.202756901117383,0.4295882719613065,4.083511682373187,2.034137298131052,1.2139460389318815,0.28540993858479846,24.613594911701064,116.54748213305376,121.39401116335027
655727,3262,0.17593204006027183,0.35397844319577043,6.0677419628929705,1.3537562579189943,1.1528013700051158,0.12783094669268047,20.281470833729,77.5645200681821,115.27948830294125
662496,3296,0.2309679640259102,0.5846570182531078,2.9322411487899265,1.8927103621933687,1.4503473804055769,0.3698342316397677,33.498379608606214,108.44431559435743,145.03411637958575
667320,3320,0.21000118804900683,0.4169508739788207,3.2442174886982436,2.020361063765281,1.1375899549726622,0.35681381440288906,23.889525343277484,115.758162046312,113.75845921044662
667387,3320,0.16796461271559762,0.390018806830271,5.172260898973282,1.623898569188169,1.330424895481726,0.17988755016282537,22.346431562102655,93.0425343718152,133.04170538728087
680451,3385,0.2122690107505878,0.3546009537178471,3.9270185524385295,1.7044269001950156,0.9571409896509929,0.2486783963890892,20.317138059346476,97.65646786973998,95.71365256686508
696329,3464,0.21848261849419817,0.37249033445382784,4.654839762553424,1.84363649615806,0.9768339121838949,0.22693066861074543,21.342124073620813,105.63259018614386,97.68294859226506
706579,3515,0.23539348071321262,0.5094992587276852,5.540367659343252,1.8480555552817313,1.2401429241603825,0.19111688960509107,29.192157190140335,105.885783623349,124.01377084837397
706580,3515,0.15519176286432523,0.44275067749964697,5.5942837050564975,1.840084552709977,1.6346063150825059,0.1884585841324903,25.36774519728759,105.42907881749954,163.45958876616515
706581,3515,0.11870599097442357,0.38339994603109234,5.679760342469689,1.8227100502456963,1.8505550345224915,0.18386971751325126,21.96719877312513,104.43359315515661,185.05396011476822
709081,3527,0.2304382481370717,0.786265618037449,5.305820206537276,1.1840612115239706,1.9549575601718943,0.127862813545812,45.04970148979108,67.84171010547055,195.4949161394341
709082,3527,0.21516559890195458,0.7340000466773602,5.39871391239956,1.2156397137844843,1.954545851989831,0.12901410596949098,42.05510483701816,69.65102500834232,195.45368589565103
709083,3527,0.20937197032825078,0.7271102980335766,5.4979369795306905,1.2367121980700437,1.9897768198260724,0.128881777940873,41.660351317823384,70.85838942176062,198.97674113573072
709084,3527,0.19270820137865508,0.6679336390170649,5.600961872961282,1.2553413414318761,1.9858924659570238,0.1284168009268971,38.26977851049247,71.92576071233778,198.58822638829804
709085,3527,0.14934209822294936,0.5143898823467559,5.701312350204786,1.2546270801117991,1.9734801947955276,0.1260847187657788,29.472369282700082,71.88483655322791,197.34671125345048
715713,3560,0.20907830162754,0.49395299216984095,4.767486096297997,1.2632661235646334,1.3536278109805913,0.15181967113965883,28.301421729190487,72.37981728210545,135.3621401491357
715714,3560,0.15747396628956276,0.4859632923561057,4.93340619126235,1.3478145352352207,1.7681426675280092,0.15653299421321681,27.843645650286994,77.22408443536473,176.81315517215918
715715,3560,0.12516986611171366,0.4292037808770377,5.0578030635934494,1.4000389096732695,1.9646552316920223,0.1585991378295874,24.59156519531205,80.21632067837582,196.46396928630614
715716,3560,0.10355696942323206,0.36105343938424367,5.133535582654839,1.4246877725863913,1.9976285877220903,0.1590104812166687,20.68683825539966,81.62859649309425,199.76094906664713
715962,3562,0.22153784508487395,0.5196977399289754,3.10720572207528,1.90481166607217,1.3440812230040786,0.3512405635282019,29.776487120417773,109.13766923321803,134.4075216651512
716026,3562,0.20378574252375206,0.35141449378925443,2.6895108308015825,1.7546116291094123,0.9880262532830304,0.373792287829487,20.13456735385056,100.53184103254306,98.80214534320753
730233,3633,0.24434784625815595,0.38754318980018077,3.290491694349363,1.8145229522702855,0.9087286254366971,0.3159543203141508,22.204589154587772,103.96450699470547,90.87249436458765
731037,3637,0.1690873457487796,0.40551852912114145,4.240311151259709,2.123101575323974,1.374112223241274,0.2868769651977663,23.234500232994375,121.64475974364015,137.41041779138743
731103,3637,0.19093323680115226,0.3902364282043154,4.5991352662565825,1.6147073385278405,1.1710323227076815,0.2011593703800543,22.358900348367236,92.51591564644713,117.10262508683986
732595,3644,0.19704826471151762,0.3495081867194958,5.013514773270099,0.8133147330641917,1.0162658888343437,0.09294776944886654,20.025344004297438,46.59950162038733,101.62607829881918
755559,3759,0.22897329332639713,0.42312560867686666,4.726883655676398,2.0674140589350034,1.05878332665403,0.2505966054191779,24.243311581088506,118.45410008298654,105.87787488672483
756162,3762,0.18881468962149164,0.37205887789479136,3.5316386267747886,1.8179520881920381,1.1290118553523016,0.29493669291579033,21.317403433744783,104.16098201039861,112.90059357079171
758172,3772,0.2314160492422931,0.6631567107724732,3.1248654225709305,2.0822570572997403,1.6418947244823034,0.3817909725042135,37.996080683040525,119.30454124460555,164.18877004718317
758237,3772,0.24708152475933393,0.4230435930201085,3.530830347790417,1.6228311025446778,0.9809965141147243,0.26334137756921183,24.23861243010227,92.98137303837214,98.0992583498628
758238,3772,0.1856244069346783,0.35483581862919394,3.6102199998916285,1.6019190261146132,1.0952543400945334,0.254231595488912,20.330594827522365,91.78319931807444,109.52484987508588
763599,3799,0.18039151847253937,0.40664252139612034,4.523195803544296,1.7225977556605847,1.2915739693453905,0.2182032024846646,23.29890024655597,98.69758119805932,129.15668811455
763667,3799,0.24850453857849358,0.43722790262741035,3.907959100527669,1.2456685231085287,1.0080826950334363,0.18263125848513873,25.05131350590753,71.37154904641315,100.80786790188485
763668,3799,0.1971835850569994,0.37500452260839084,3.968907066684673,1.1918952902459252,1.0896533475600798,0.1720639169251012,21.48617644377906,68.29056975261179,108.96478767631928
767820,3820,0.1702985800836653,0.5195583489054642,3.0462998562770367,1.8323692457783598,1.7480180304748103,0.3446378521526749,29.76850060306857,104.98702429266986,174.80078687477567
768423,3823,0.16472658668344103,0.37544960068075317,4.641229211830731,2.0527100547373034,1.3059018987819393,0.2534061927976137,21.511677538879237,117.61162270051568,130.58940504129697
768489,3823,0.1774927047492517,0.4519088949282143,4.717132739492986,1.6980729324561339,1.458790713770229,0.2062532845733398,25.892472403807652,97.29241233513977,145.8782577127813
768490,3823,0.10104153905536285,0.3844029975238046,4.806344081366046,1.6688937441431158,2.179763631515986,0.1989465718173527,22.024669390291837,95.62056799518638,217.97422745111504
769428,3828,0.2210026289963675,0.4953413501185756,3.2192881443000343,1.8887014246944869,1.2841913973965218,0.3361445611844235,28.38096878010642,108.21462039533978,128.41856447783897
777670,3869,0.23333368871986565,0.35286048539077697,3.639408342701438,1.536269613666918,0.8664593533101991,0.24185734747784388,20.21741656982916,88.0217650573079,86.64556770682974
783096,3896,0.1625290146323117,0.36827486471686666,4.570035475025346,2.025687826849729,1.2982662940827676,0.2539659997604444,21.100595449027814,116.06336308951697,129.82583861056835
789593,3928,0.2202238214683641,0.39190867371593696,4.435048095389877,1.7331594965426258,1.0196313817979568,0.2239045034353275,22.454712958492845,99.30272437491105,101.962679814085
793347,3947,0.14466734223813682,0.513062387742176,2.827719983266683,1.8873882037535945,2.031993327433133,0.3824260486729876,29.39630944453127,108.13937837785845,203.1979422017732
801052,3985,0.20397326303270774,0.3682155385514842,4.525837652932814,0.7822844773508701,1.0343117996029658,0.09903492407139763,21.097196310136702,44.821598930802296,103.43067795153019
801053,3985,0.15996999380985172,0.3585561887411515,4.619780609233945,0.8078692769717613,1.2842255325306784,0.10019415159251154,20.543756333164147,46.287499968767264,128.42175849443882
803060,3995,0.22213839671919078,0.48109870682643124,5.192584344983379,1.8430262014680654,1.2408896704297316,0.20336236381948178,27.564925430356237,105.59762287614791,124.08841402050537
803061,3995,0.13222371141064873,0.4232756461265456,5.299530566330075,1.8331395061662303,1.8341571266478416,0.1981895480160717,24.251908093724015,105.03115696202094,183.414339384755
808020,4020,0.12003919615572385,0.5036768236562347,3.110403284323904,1.8946626927423567,2.4040942253999735,0.34900996952109176,28.858556234057268,108.5561758950289,240.40743982640694
808021,4020,0.18561027804779978,0.5759026155258076,3.153098058691578,1.9581242367647849,1.7777457072679346,0.35581593748352225,32.99678928017409,112.19225452889772,177.77362252565575
810700,4033,0.21637066188792903,0.49149197990555654,4.194406131926793,1.7403716195106371,1.3014895164582643,0.2377355582845412,28.160416113117055,99.71594858230746,130.14835615443442
810701,4033,0.17032138372364863,0.4202061300165412,4.302645491521918,1.6891550825693922,1.4135650988470312,0.2249347689463727,24.07603777547335,96.78145717429825,141.35568824903945
814315,4051,0.23677161352937148,0.3924224842946249,5.547324213073869,1.4941038184464457,0.9496134630057002,0.1543191627330667,22.484152136120837,85.60584295136194,94.96094924564278
825458,4106,0.24875334076543015,0.3542884500955946,4.654367224006858,0.644881783229958,0.8160385722743756,0.07938566642095045,20.29923292070886,36.94900446394703,81.60353245795453
825459,4106,0.17920450695707862,0.3512155547718503,4.693308393076612,0.669024329507963,1.1229163934853568,0.08167430558632789,20.12316898777282,38.33227047237598,112.29101900642209
841185,4185,0.2367679736462455,0.7481343343731149,3.5256137214833156,1.8056548206603047,1.8104196018517862,0.29344224399126184,42.8649398684086,103.45640048128702,181.04120319604348
842257,4190,0.21154177173171745,0.43806358835539666,5.697815605552285,1.7895338671411052,1.186488766694415,0.17995095805319755,25.099194771120462,102.53273788291031,118.6483214040125
842258,4190,0.15560182947909965,0.37564727106992085,5.837179279839933,1.7799333556226022,1.3832100757911805,0.17471224375314662,21.523003217913253,101.98266909173337,138.32012753215514
849427,4226,0.2445511645576749,0.35950029313924825,3.621802293144513,2.205255775802031,0.842271543690216,0.34886456555235923,20.59784953059483,126.35184870030446,84.22681339930261
851991,4238,0.22116005911507325,0.6708536067939344,5.599671903040107,1.3551870716237806,1.7379755981366525,0.13866258748823898,38.43708034042129,77.64649965473583,173.79678183048458
851992,4238,0.19284934610097665,0.6181596821650779,5.763905063056276,1.4325992331987392,1.836559974546266,0.1424067342463056,35.41794085320735,82.08188979596576,183.65505465394642
851993,4238,0.1631147542039735,0.607703486635878,5.896285531207678,1.4709391327216146,2.134622524793647,0.14293507944379544,34.818844979620636,84.27860422558217,213.4609569108834
851994,4238,0.15387810225911006,0.5642561939288981,5.976734726890335,1.490113107189932,2.100980964843307,0.14284922419616983,32.32949847624117,85.37719203910835,210.09674479256444
855120,4254,0.2138841146610312,0.6196335383847803,4.2519772996958185,1.6770544770731188,1.6598888136494683,0.22598461033810882,35.502386594205404,96.08814354980899,165.98811305999578
855121,4254,0.18612440747269365,0.5541684544629826,4.3921194174203,1.61530763240062,1.7059295073240417,0.2107190195558597,31.751513580016653,92.55030995182496,170.59204334945457
855122,4254,0.13725410656967288,0.37975252344690874,4.472643191049408,1.5561898102674774,1.585250584590358,0.1993521598786834,21.758216852950707,89.16310824959079,158.5239150421401
859074,4274,0.149104857152406,0.5528168411190464,2.922174642975813,1.8320817801998448,2.124281550614992,0.35922067019973736,31.674071839875545,104.97055372826566,212.42674462814986
866310,4310,0.13107694738491762,0.5922957102031815,4.637307069256012,1.8062689246395642,2.589016795582932,0.2231717336779959,33.93604441834599,103.49158604748078,258.89972413659274
866311,4310,0.24304583492955,0.664591079773661,4.718253759349555,1.8734335152754582,1.5667111685908666,0.22749906823777935,38.078263973072985,107.3398336236414,156.67047869234923
868722,4322,0.18006420903226134,0.3569405622317029,3.3568428244480093,1.825543002321687,1.1357718853204886,0.31159012950891757,20.451187752903287,104.59590935267371,113.57656408373234
869877,4327,0.19772935281921403,0.3713789301052452,5.178616633246315,0.7489524215952037,1.0761398808820135,0.08286346677055394,21.27844529511454,42.911812813507865,107.61344928448867
870193,4329,0.24605318289222392,0.3594153367090153,3.7229462914698077,1.72395736018552,0.8369321138913287,0.26531535187641236,20.592981885699984,98.775480799145,83.69287464915837
888485,4420,0.2292174273213297,0.6335757854715949,3.2201133830608004,1.5565274400816111,1.5837023104974073,0.2769543867776912,36.30121850920845,89.18245301297844,158.36954704483514
888486,4420,0.1965498477079612,0.5225103228948055,3.2610209419357576,1.5060230495054858,1.523157360834742,0.26460659363401134,29.937636253890226,86.28876458608617,152.31496888974047
888487,4420,0.1687292794418538,0.44579780656310874,3.3593794534500416,1.4527300291293335,1.513805511582967,0.24776986448427685,25.542332832255603,83.23529944102795,151.37966295526556
888488,4420,0.12134797307501057,0.38136844508741546,3.4592479290853246,1.393613167039951,1.8006728904153813,0.23082517978275474,21.8508023429756,79.8481527452494,180.06582000054308
888489,4420,0.1188107860663839,0.37330005382077236,3.578770528338052,1.3344158628143221,1.8002166708811715,0.2136387237894122,21.38851757593674,76.45639705456891,180.0201670563752
888490,4420,0.11839382960001685,0.37174982611388874,3.744661714105514,1.2786346207885133,1.7990544223421767,0.1956394801669087,21.29969607104806,73.26036731049228,179.90393789160055
888491,4420,0.11836420016479209,0.3716405504410853,3.9334138382188937,1.2240428082920665,1.7989758058240135,0.17829928292501776,21.29343503619297,70.13248685847634,179.89607592896832
888492,4420,0.11836217404175234,0.37163315784445683,4.129193300182473,1.1651978718549416,1.7989708152137,0.16168029767529396,21.29301147160652,66.76092035491348,179.89557684635474
888493,4420,0.11836203538472248,0.3716326575438866,4.308816241103246,1.103093994335223,1.798970500829461,0.14668212009610196,21.292982806495356,63.20263028163621,179.89554540643113
888494,4420,0.1183620258926202,0.3716326236838949,4.479717302887466,1.0367754148995276,1.7989704811919636,0.13260402705718682,21.292980866460738,59.40285557666778,179.89554344257712
888495,4420,0.11836202524263195,0.37163262139226605,4.566745468398501,0.9760749555066446,1.7989704799779174,0.12246133642324757,21.292980735160075,55.92497543895035,179.89554332116526
903762,4496,0.17620778687277303,0.36210329153580484,3.5315749516119377,1.679718496777142,1.1774161371404441,0.27251518566509897,20.746990352796843,96.2407806353892,117.7409522022115
912406,4539,0.2049294082452258,0.43728399242952437,4.94072741654657,1.7751619463056914,1.2225929995497888,0.20585893269290692,25.054527214842388,101.70928747554497,122.25870933151803
912407,4539,0.1585067838865348,0.3652104911828283,5.056209835156648,1.7487491905895336,1.3201339365714981,0.1981641409596102,20.925019778675825,100.19594804769909,132.01256913448904
916560,4560,0.18303077138803608,0.39201087159896125,3.5861820747863438,1.953267545866976,1.2271470566607905,0.3120700064640506,22.460568465865308,111.91398663805367,122.71404191487515
916626,4560,0.19132300250576853,0.38999683084119136,5.946651837623472,1.7645779560770234,1.1679291548895112,0.17001645984275923,22.345172430677763,101.10286950503459,116.79231114770371
920644,4580,0.21459297609927186,0.48988442432874985,4.823101099491654,1.7546925479282978,1.3079789080454272,0.20844779127996496,28.068309963233315,100.53647733934838,130.79728738633756
920645,4580,0.13126976968969978,0.42742440105370205,4.909317306078356,1.7263152887529838,1.8655942212422094,0.20147522310386207,24.489614241284183,98.91058015445401,186.55801515579725
920646,4580,0.11390671596650845,0.3710946321518318,5.0602727735648765,1.7040046909167117,1.8666286860454029,0.19293876286100453,21.262156222259744,97.6322770600219,186.66124627159866
923394,4594,0.2402614825946477,0.5741031970141761,3.3700806059183073,1.9310418064316948,1.36907874160991,0.3283023707185305,32.8936901938799,110.64054557185457,136.90731003298418
924353,4598,0.20573773373578486,0.5918685703563141,5.024033462760398,1.155752565284779,1.6482911930544437,0.1318059374231285,33.91157110785863,66.21974415223599,164.8283261595688
924354,4598,0.1652826587143726,0.4880303259050612,5.0544294609271025,1.1594010830000965,1.6917731402967464,0.13142687854464763,27.962077948754093,66.42878881880239,169.17630070783636
924355,4598,0.12417388804063222,0.42860211081276134,5.112758729683744,1.1651961216920648,1.9776372029437355,0.1305769027585619,24.55709203996965,66.76082007796718,197.7621435981012
924356,4598,0.10946135227354097,0.412156386314326,5.204370987889487,1.162550197764788,2.157365936681987,0.12798707054326716,23.614821435174402,66.60921980402155,215.7346425021284
929690,4625,0.24535436562254342,0.36505791929992887,5.368950406015084,1.8340079425990568,0.8524925630790956,0.19571965945327158,20.916278053713324,105.0809147043973,85.2489123302528
932841,4641,0.23125033811038276,0.6439824870725533,3.3137354756896777,1.883615035660556,1.5955642398420573,0.3256843892241815,36.8974785895954,107.92319177073392,159.55574091417017
933645,4645,0.21932159432493348,0.5470803915615579,2.9242707498737452,1.8752514318023303,1.4291978935373069,0.3674214920261937,31.345397490841762,107.44399256813826,142.91914422826198
939474,4674,0.24484367417374414,0.5965321628586666,4.411900878724497,1.7638344646024495,1.395942696702709,0.22906287591300492,34.17877527561228,101.06027058143755,139.59370523762627
950529,4729,0.1649283367251818,0.5310612256329316,3.155310542880812,1.876818588272286,1.8448961319252661,0.34080253660459675,30.427566891811708,107.53378401970333,184.48850578058472
954214,4747,0.22922869242121574,0.5237096022864834,5.101111612452498,1.8089106442765428,1.3090136437780235,0.20317717608286198,30.00634990149039,103.6429454333365,130.90079903938846
954215,4747,0.15679219369475483,0.45555972356985697,5.163764838001522,1.7806546316042229,1.6647287850813235,0.1975767645593499,26.101649476699258,102.02399516134439,166.47182739012243
954216,4747,0.12321702236450544,0.3871083663169701,5.25311150538647,1.747693867000422,1.8000494881709082,0.19062127686938218,22.179675604166622,100.1354824600224,180.0035025603184
954217,4747,0.1146388838113446,0.3655480402474853,5.34480070008739,1.7112967887858206,1.8269855211553532,0.18344946577084822,20.94435991545926,98.05008349171818,182.69697437870775
954218,4747,0.11394299741043806,0.36403865915938144,5.445259255202306,1.6661855493468627,1.83055364462175,0.17531837367842026,20.857878749434047,95.4653998632618,183.0537739895311
954219,4747,0.11389511630079928,0.36393708247563933,5.531154673451919,1.6086863600023005,1.8308122139561958,0.1666395974499707,20.852058834158687,92.17093898839478,183.07963002960054
954220,4747,0.11389181592494657,0.36393021932902103,5.643170038905711,1.5433399839896018,1.8308307409668094,0.1566971519023061,20.85166560482328,88.42686743639223,183.08148266844304
954221,4747,0.11389158816054161,0.36392975489175056,5.698784322222504,1.4783339437100396,1.8308320658680513,0.14863221829011086,20.851638994527832,84.70229568551588,183.081615154233
955820,4755,0.24448963491076836,0.38742467824505883,4.645603520311518,1.9145914127259056,0.9079238898137099,0.236132951779956,22.19779894265575,109.69800744118429,90.79202134166518
956106,4756,0.24493839670068973,0.4998621545989814,5.508340777815571,1.3686353661372288,1.1692732137281785,0.14236052777537572,28.63999179683751,78.41703017200535,116.92684877408642
956107,4756,0.18267823343495496,0.44836040590177967,5.611418358822755,1.428723057533364,1.4062516956536988,0.14588076651797077,25.68915895894446,81.85980128968846,140.6244074704385
956108,4756,0.1321735127519061,0.41142050509966754,5.697355037486982,1.45774143719136,1.783462985366452,0.14659860808436082,23.572658547351512,83.5224319723999,178.34496270546356
956109,4756,0.11712989464963768,0.38033254988404813,5.808877323228097,1.473692672873622,1.860451435095761,0.14535746859727403,21.791449919804805,84.436370455012,186.0435710406504
956559,4759,0.2468960827443336,0.4801481509307528,3.62294118497677,1.8255830543290381,1.1142526511276254,0.28871074227945515,27.510462589342584,104.59820416365595,111.42481832330989
965164,4801,0.1677664867186024,0.5933259251692946,5.633076997880154,0.9560343768222181,2.0263325546408706,0.09724123207388304,33.995071387895486,54.77673486133287,202.63205972034177
979626,4873,0.17630707507302718,0.6907038993181995,4.302108593261501,0.7053355947679409,2.244630061677321,0.09393708166715072,39.57441832416177,40.412752720552724,224.46174576955684
979627,4873,0.14637148583715667,0.6124344097411702,4.287977097623305,0.7533455831374183,2.397318323903278,0.1006617370970998,35.089906906754806,43.16352242859595,239.7302109482056
979628,4873,0.13337535801479178,0.5279691488494197,4.314339993719572,0.7862761149639854,2.2680652651568485,0.10441991794930333,30.250403942186093,45.050302919379476,226.8048430204643
979629,4873,0.11665791568800911,0.4356223880431675,4.3586325681674065,0.7942731405737073,2.1395309533477507,0.1044100366785417,24.959324296283715,45.508498735474575,213.9512796693102
987714,4914,0.2295068040068021,0.46394731582633875,4.080292541380323,1.8409706777184165,1.1582324136347617,0.25851050803923686,26.582223113272274,105.47985004060413,115.82274175079657
991332,4932,0.1953680499842227,0.6428678444345449,3.6908395524790696,1.9152874211040145,1.8853447320788648,0.2973249959151482,36.833614270772195,109.73788578375567,188.53351784096174
991398,4932,0.22378910772261687,0.4921572802122439,4.948060708048157,1.6894388510249216,1.2600494295594233,0.19562758305711025,28.198535012799002,96.79771590915904,126.00438553678384
991399,4932,0.16935247658977082,0.41536057253734604,5.124211317686598,1.6684566873385784,1.4052588339122076,0.18655656523837583,23.798407782527416,95.59552648487892,140.52506191044958
994412,4947,0.16713655694872528,0.3671799259713179,4.899901887525629,1.8010597357865405,1.258722759725978,0.21060242361918877,21.03786008008252,103.19312151151593,125.87153039778215
1001447,4982,0.19364660442913142,0.37771155079371127,3.510489273200721,1.3279765347813468,1.1175655096072388,0.21674315059012433,21.641277733820875,76.08745073537915,111.75597961884864
1006472,5007,0.17476337938149242,0.3882488577823199,4.053245763648558,1.819398971066403,1.272865045157886,0.2571861863651895,22.245020951701857,104.24388229254947,127.28578346702616
1012301,5036,0.23307774794709177,0.3501648487084265,5.201798124078369,1.522873150815796,0.8607843211441948,0.1677385435315323,20.062967964829834,87.25420427553482,86.07806649701101
1013911,5044,0.2181423514344623,0.5815366943953855,6.256417792903978,1.6465314093540737,1.5274244764630516,0.15078804447479063,33.31959822084474,94.3393005917157,152.74175445523528
1013912,5044,0.1786515333770352,0.5135395765221266,6.350960241350987,1.6415511089184593,1.6469855110938658,0.14809406243101667,29.42365034765343,94.05395039604784,164.69763843514394
1013913,5044,0.14771893667420724,0.42878792505759944,6.419254355037496,1.6408273941153442,1.6631406441149492,0.14645390141306397,24.567738411972286,94.01248459225819,166.3129497960444
1013914,5044,0.13452688681739522,0.4073790473223222,6.4888267647479,1.6245238790111398,1.73505080588547,0.14344405424380544,23.341100073629303,93.0783619855595,173.50380375268904
1013915,5044,0.10710602070843196,0.3702287659544277,6.503086635243485,1.594307605149765,1.9805183333953469,0.14046729192437368,21.21254574352545,91.34709702069125,198.05000272830387
1013916,5044,0.10511418077955287,0.3658857293003849,6.579571893746013,1.5463302473531604,1.9943746812400995,0.1346564764438766,20.963708072978175,88.59819690675673,199.4355897740706
1013917,5044,0.10494729515324237,0.3654991106642984,6.64198784879779,1.4926364768944138,1.9954353688520912,0.12875929961245955,20.941556456849316,85.52177047332633,199.5416545478045
1013918,5044,0.10493582279132552,0.3654730444666347,6.693284818536886,1.4437397846555493,1.9955112011524665,0.12358684636161146,20.940062973735234,82.7201963758893,199.54923750051083
1013919,5044,0.10493503184428826,0.36547128103748466,6.628703788539523,1.3888507597204303,1.995516613769498,0.1200465269289166,20.939961936687467,79.57528690551865,199.54977874291748
1015452,5052,0.24521891638672014,0.43562750927777,4.399072446305442,2.027050429907533,1.0178503792178752,0.26401346112726237,24.959617721412332,116.14143449388075,101.78462699599883
1015518,5052,0.18553448623208227,0.3814961066900332,3.93942697983232,1.762222385396215,1.1781160516192895,0.2563009937924428,21.85811681401147,100.9679052466795,117.81097653022361
1025367,5101,0.21763355211386398,0.3735664504298152,4.578861354699706,1.8016274265229884,0.9834779511679002,0.22543955707109048,21.403780977311488,103.22564779478306,98.34734774151701
1025703,5103,0.18573434256072274,0.5001342651940859,4.336931414385361,1.7167603020328919,1.5428262026072597,0.2268034933386788,28.655582585497786,98.36311974208918,154.2817979089218
1027311,5111,0.2220705042118885,0.5571135518460806,3.5192282706879867,1.7534354788276705,1.4373927733542549,0.28547296331025723,31.92025523032319,100.46445258532613,143.73863654233918
1047292,5210,0.11324955499710586,0.3946598967530129,4.390008612983918,1.8480818809665385,1.9966828506223695,0.2412006468953333,22.612346427016462,105.88729197398123,199.66653962617954
1047293,5210,0.13128437864304415,0.4602025482882778,4.134175899192398,1.8884837605258937,2.0084386278231587,0.26172604053092946,26.367663738083785,108.20214915712816,200.84234825399434
1047294,5210,0.14324852589605885,0.5245343985395398,3.857665997413556,1.921735127849559,2.0980044967130147,0.28542468932305753,30.05360724574872,110.10731216781339,209.79899973669347
1047295,5210,0.1480060546297901,0.5894273994896713,3.5797941593680247,1.9463637783037426,2.281778277437711,0.3115219049413349,33.7717023201297,111.51842989394108,228.17630149186348
1047296,5210,0.23226849234637104,0.6686636988669727,3.3809393282313183,1.9752333116537595,1.6494534330596342,0.334736950266057,38.31160785868414,113.17253231140923,164.9446402610296
1051495,5231,0.24693712543660987,0.3624710714458744,4.966103325222358,2.2312855869052735,0.8410263022090011,0.25743170930678755,20.76806258943353,127.84324701804303,84.10229304492223
1059873,5273,0.19535676637804694,0.3722655656331202,3.423331554509416,1.952690624005164,1.091809875463577,0.3268188585942485,21.32924576882813,111.88093145026302,109.18043425800028
1059939,5273,0.19574403185570002,0.588248463423743,4.351801234509484,1.5916651267730852,1.7218482841016698,0.20955850012063706,33.704154259236255,91.19569416225292,172.18395756824313
1059940,5273,0.15368105788912836,0.5226492756872955,4.424201028739329,1.537686385607501,1.9485547617391235,0.19913864523466746,29.94559766245146,88.10294011003586,194.85422094006097
1059941,5273,0.12095070186916079,0.3849618447111901,4.546068983669548,1.4795090273674263,1.8236096865127798,0.18646796416354788,22.056688975521784,84.76962301965894,182.3594760111896
1061079,5279,0.15069816683910747,0.35592844190077194,4.143698450599181,1.7498621697493126,1.3532477935253526,0.24195707774002176,20.39319752958156,100.25971705624045,135.32389035271947
1065162,5299,0.24250276191964765,0.34912215618447967,3.073957787479492,1.8239400568736368,0.8248658737189951,0.339965849334039,20.003226083877838,104.50406734371073,82.48625062775646
1070791,5327,0.21993448892048295,0.37637408078733087,4.1602045247266215,1.7299179240713025,0.9805031249338746,0.23825029545051368,21.564646347229942,99.11699595331844,98.04987113756152
1071998,5333,0.2442713185404275,0.3908471102197963,5.148900962917937,1.8218913952087874,0.916762928514248,0.20273586193580947,22.393889850478832,104.38668767666461,91.67592130081086
1077620,5361,0.11356870143078064,0.4852339618886229,4.199449692169928,1.1308529737813129,2.4480209154767927,0.154289507537161,27.801858092629928,64.79310264748757,244.79995758001374
1081445,5380,0.21194696934101276,0.36059379952510845,3.9462897778253763,1.7999339380867618,0.9747958142934153,0.26133057529858356,20.660502831375222,103.12861805473308,97.47912610633979
1094510,5445,0.24547279682454562,0.41238643988153323,4.990153126688569,1.6064067236877455,0.9625507134289494,0.18444388965149744,23.628002533637307,92.04032544874603,96.25468314455418
1100160,5473,0.14597555194376524,0.39015918182461196,3.3443048141421574,1.924967199084111,1.5313847166719092,0.3297919956711178,22.354474456827564,110.29249620863887,153.13743309568792
1101232,5478,0.2311713032295658,0.5470920807539056,4.945380396627635,0.7541962954429127,1.3559670010223472,0.08737905095302471,31.346067232229203,43.21226465328062,135.59611940666167
1101233,5478,0.19421346435744016,0.4931598396601079,5.111198400909059,0.7986382614000003,1.454892742707896,0.08952616990610499,28.255977437872573,45.75860173588582,145.48853264538076
1101234,5478,0.14807843104592802,0.48434176009092117,5.275067952718104,0.8359235699861745,1.874056648566449,0.09079483505087867,27.750738695147636,47.89489255571649,187.40441193713474
1101235,5478,0.11790645532546758,0.3947125848787978,5.388156733444486,0.8517112160433822,1.9180767714329499,0.09056800009133519,22.61536523425439,48.79945804324085,191.80606664631796
1105098,5498,0.22972661300228464,0.7352149006186398,4.210920252656673,1.9848687516458314,1.8336886813575537,0.27007066214300046,42.12471084057832,113.72460235670651,183.36807791651665
1105164,5498,0.24495177144512015,0.4536614267006131,3.4884736483616687,1.5894972709152664,1.061142928803407,0.2610639898418442,25.992885077828685,91.07148517100718,106.11386400930024
1105165,5498,0.16799249598161292,0.3835299854844402,3.533917694201795,1.5769078520057649,1.3080731998472188,0.25566572898272377,21.974649484972147,90.35016460097056,130.80654912602864
1109072,5517,0.21539353472506995,0.48931073969201944,5.0412890582979655,1.1819216075067844,1.3015914794736223,0.13432897599803734,28.035440254777164,67.71911982545654,130.15854970768714
1109073,5517,0.1809351369123064,0.4822361544222791,5.153442098504724,1.2063615462566322,1.5270718181916896,0.1341228322974916,27.630096377015622,69.11942516738105,152.70634627513348
1109074,5517,0.1721290842261094,0.4781797494808476,5.326806083128807,1.2301103570545306,1.591693816612193,0.13231217837170683,27.397681493875588,70.48013179455536,159.16846620423482
1109075,5517,0.14481046779337092,0.4739111416313569,5.463752061153637,1.242791188813173,1.875078978639097,0.1303256242372033,27.153108279703353,71.20668993504103,187.5066159708268
1110726,5526,0.13886332653765426,0.5735448760409041,3.671754360938695,1.9097133396177273,2.366477831935644,0.2980006378039831,32.861700758497776,109.4185144399294,236.64609606979977
1112801,5536,0.2030380354588279,0.3798020799438608,4.258520650614097,1.9128116674928939,1.0717723460102075,0.2573570596107428,21.761056231073514,109.59603555072418,107.17671201450425
1116420,5554,0.23051353114195056,0.42936464953458386,4.923878078024778,1.8429198371135134,1.0672163625865339,0.21444789403772518,24.60078229044538,105.59152864754145,106.72117791696286
1116421,5554,0.15402123434674744,0.3587812619172991,4.961560469100298,1.8249281328618738,1.3346634201941583,0.21074152047146946,20.556652076239008,104.56067992767493,133.46548414536173
1118364,5564,0.1987907953532631,0.5747313398362546,3.241656905253004,1.7915441304738629,1.6564991558839164,0.31665262602157823,32.92968012651643,102.64791748758724,165.64909063776358
1119726,5570,0.22038102853908817,0.7497303620116572,5.664129010965008,1.5905109080164426,1.9491869990649981,0.16088892389555162,42.9563855160833,91.12956229886245,194.91782429284754
1119727,5570,0.11087392553268566,0.5034635216859623,5.79651398424125,1.5991235953572835,2.601723731804842,0.158065749560485,28.846334931398836,91.6230329337584,260.1700501065501
1135513,5649,0.1874711223359196,0.35914820569630473,4.568396357058075,1.6819108844256645,1.0976450693871398,0.2109414058061769,20.577676406094614,96.36639519470616,109.76392729593556
1138327,5663,0.22730865524619387,0.40748799834385746,5.55381556482183,1.134020487595,1.0271206547295428,0.11699089922093002,23.34734250733691,64.97458782056123,102.71161813188243
1157625,5759,0.1811824546302485,0.5263690136288766,5.567961847897167,1.845436189612749,1.6645497680443695,0.18990019638074118,30.158722947398736,105.73570502551485,166.45406728194567
1157826,5760,0.20202632078297342,0.38052066172520244,5.08988494892019,1.4851450373580941,1.0791775433371802,0.1671796971683816,21.80222793437938,85.09254260541778,107.91722550139784
1159719,5769,0.1801187581303228,0.4989639927033643,3.5549527682898745,0.5265124366514193,1.587204443360077,0.08485890632782858,28.588530910899177,30.166940481275446,158.71957195397962
1159720,5769,0.13152912007046308,0.4524538993667664,3.588458075717438,0.5089866779385459,1.9709473364618686,0.08126829902329116,25.923698857952584,29.16278847426317,197.09325015490586
1159721,5769,0.12237631775241439,0.4414082922970477,3.6632513434918854,0.5024950274799616,2.0666441504818622,0.07859369047517885,25.290832190697838,28.79084430091212,206.66274318795382
1159722,5769,0.11263327079587938,0.4023056742206481,3.8123718671753055,0.5063974650635807,2.0465014464757973,0.07610600025138248,23.05041720700818,29.01443750426673,204.6483458731768
1159723,5769,0.10338148426284487,0.3614315100355392,3.865389143806738,0.5141906639964917,2.003114798807784,0.07621730630411289,20.708500108076656,29.460954912028388,200.3095616799681
1164044,5791,0.23612576345929548,0.6580617205897821,3.9218193295025974,0.3384787122185937,1.5967828795873216,0.049450012829015844,37.704159248911736,19.393401665148588,159.67761848144477
1174106,5841,0.24049699592713544,0.41787582483873326,5.009519181249748,1.7058597073033672,0.9955434177447287,0.1951056736954462,23.94252112380747,97.73856166990488,99.55393196316456
1188714,5914,0.1875698226357689,0.5930188009675341,4.343216251029328,1.9897613015568076,1.8114573111192775,0.262489634330674,33.97747446734829,114.00492481766256,181.14477502360185
1188715,5914,0.23927162843824498,0.66489422268911,4.3817165859064096,2.0575345576011013,1.5921499527220329,0.2690453473485625,38.09563278271751,117.88804635286007,159.21433651383904
1188781,5914,0.22728765804374304,0.3606678981283101,5.8405782319569735,1.8157892461835718,0.9091891586757544,0.17812801401099065,20.664748368606492,104.0370602915599,90.91851985253676
1190523,5923,0.21676494621090553,0.469005717510532,4.719011824344131,2.2719246072468207,1.2396860013992645,0.2758452318762871,26.872048180858414,130.17169136715998,123.96803395821625
1190925,5925,0.2233120178771541,0.3931224467561277,4.79304467364735,1.7270279352725506,1.0086450445639823,0.20644792261150188,22.524257030982536,98.95141179230987,100.86405729993436
1191593,5928,0.22249114701986525,0.5811802823641471,4.208796107466304,1.8416882843278701,1.4966517214306168,0.2507153184084388,33.299177315687096,105.52096587067652,149.66450619362297
1191594,5928,0.16635606382707804,0.5024458771155735,4.237894957011474,1.7972330655766249,1.7305065892812193,0.2429835337130018,28.788028192471156,102.97386945889932,173.04962909417083
1191595,5928,0.12367474202766343,0.42332733401902134,4.325742976230916,1.7494966277587167,1.9611819869579765,0.2317261412941318,24.2548695918148,100.23877304294449,196.11662880817437
1193192,5936,0.24427265988713717,0.8720382215453932,4.839907916203543,0.6695656358997035,2.0454236526636613,0.07926449351721158,49.964109668645285,38.36328504404617,204.5415362906112
1193193,5936,0.23126107662286352,0.8259457074909371,4.9548986335057394,0.7581850716203866,2.0463106801600115,0.0876724385686657,47.32320314617752,43.4408046936722,204.63019201955464
1193194,5936,0.20288174846629428,0.7254490647391142,5.141030493142052,0.8560795031123347,2.048738633550906,0.09540838636537088,41.56516966126407,49.0497424559934,204.87286363911548
1193195,5936,0.13999973895687756,0.5029778696408634,5.221910304988294,0.8665118464799297,2.0584686282387117,0.09507530521710844,28.818509118902774,49.64747170138789,205.84540720016722
1210690,6023,0.21265611713064203,0.5018249342053905,4.995872021974009,1.6905391320205392,1.3520631252131978,0.19388158212734283,28.752450784399098,96.86075736648638,135.20568308435946
1210691,6023,0.15755724676712546,0.4331712001369128,5.012779946390551,1.6461235490046913,1.5752293536783832,0.18815095163877388,24.81888157446181,94.31593191506535,157.52194558971362
1210692,6023,0.12133104782069809,0.3655945638801882,5.078551141995313,1.6022440038541643,1.7264355804278961,0.18076379743643692,20.947025523260752,91.80181917098642,172.64214937026216
1218211,6060,0.21705507831713075,0.37589829163104926,4.726557095429465,0.7417246250019254,0.9922543536583431,0.08991257193257281,21.537385636636916,42.49769057353399,99.22498279531995
1218212,6060,0.13605516132714482,0.3634002928521531,4.789607822897228,0.7625453103342563,1.5303573433590159,0.09121963528946811,20.82130305424651,43.690627969646485,153.03462078561827
1218213,6060,0.10142784447453158,0.35778053025179674,4.928740927669999,0.8040598641772418,2.0210734498507983,0.09347059883207583,20.499314375380624,46.069236693218166,202.1053723088399
1218864,6064,0.21211443187102505,0.4160422235540847,4.320850845379618,1.6482914188744013,1.1238020051167272,0.2185683905093643,23.837463508887343,94.44014170913331,112.37967600292988
1219934,6069,0.20343755222422635,0.3846732011139072,3.55043880900134,1.5587747272285366,1.0833865031926413,0.2515497876033604,22.040150915614,89.31121308185128,108.33812310717654
1225984,6099,0.055164572353947255,0.3638313037252799,3.8389667082541505,1.7297879272020396,3.7788735577564476,0.25816724904151256,20.845998158200924,99.10954768135976,377.8805742184842
1225985,6099,0.07726164328741587,0.4306039137264203,3.6336695182279666,1.7688106256236957,3.193277110775697,0.27890644104764156,24.671786898339302,101.34538360613247,319.323619392112
1225986,6099,0.09632729553551166,0.49498426157369996,3.387712804946728,1.8041829888896173,2.9441817100466188,0.3051382344943513,28.36050911357258,103.37207073267336,294.41514516487433
1225987,6099,0.18027634988829738,0.5616190978882628,3.223605984514412,1.8330040756790518,1.7849486212657302,0.3257947700351898,32.1784040029421,105.02339736668822,178.49388191517312
1229115,6115,0.10910973442761002,0.44760061334367796,2.82170975626037,1.8253212302981807,2.350443233699868,0.3706377034315528,25.645626052059786,104.58320275171272,235.04219073032164
1229116,6115,0.16361743196263376,0.5153845583611926,2.8518942132417564,1.8848539885053368,1.8047806924553913,0.3786752596209486,29.529360020310197,107.99417853975558,180.47697723355486
1229179,6115,0.2073818876852825,0.35027945900044627,4.550368482154835,1.6679571993233564,0.9677573054765051,0.2100201513228074,20.069534650851327,95.56690792968934,96.77526856173493
1231792,6128,0.24858960131624216,0.36045146489687857,4.647397596413269,1.9450156105229754,0.8307808016814627,0.23979266464363222,20.65234765789909,111.4411855700276,83.07774931372566
1233738,6138,0.2282275165783038,0.453815540910579,4.70776781311154,1.7835373747260492,1.1392891804705976,0.217065004085322,26.001715171622727,102.1891641756454,113.92842385102081
1233803,6138,0.21614467014290417,0.3883495688215762,4.79961281792893,1.6349561384215856,1.0294396907890813,0.1951742562972223,22.250791269201617,93.67608642056368,102.943497570368
1237758,6158,0.18327274052614617,0.36326849283054874,3.098738905973804,1.7914360984776283,1.135670819012426,0.33123709513260047,20.813751469268848,102.64172771015062,113.5664684395936
1240974,6174,0.20412283162213357,0.5552971058299709,3.2089590328852027,1.8889889603085628,1.5586781120157032,0.3372778945635109,31.816180539886755,108.23109497248603,155.86705524313143
1250688,6222,0.20698454266429134,0.35931287042541943,4.994311236339247,1.8053901338723426,0.994620648503071,0.20711811888228784,20.58711100010755,103.44123504544392,99.46158912894543
1251290,6225,0.24449369985327538,0.4601669426956833,5.77268815522569,1.8602233466444456,1.0783763600185665,0.18463312700047999,26.36562368790106,106.58294671442826,107.83719934920238
1251291,6225,0.15508521350339668,0.3932168891282364,5.9544801777107645,1.8172594883448943,1.4527282271878161,0.17486211336660087,22.529668180311567,104.12129896226585,145.2718953630145
1261160,6274,0.2477885540375817,0.35209492367266737,3.485240166236832,1.9072963216216565,0.8141438323749681,0.3135509290144298,20.1735531144247,109.28002950974738,81.41405796051039
1271727,6327,0.18387524087824414,0.5234237568907508,4.457069755010827,1.6949372014279116,1.63099558116062,0.21788473885667017,29.989972166721664,97.11274818153443,163.098679978888
1271792,6327,0.18286321278820086,0.4324563752244556,5.31196173973991,1.8524500326315487,1.3549977270490272,0.19980860862534672,24.777925123887208,106.13756862865937,135.49903912902732
1271793,6327,0.12413454331087345,0.3700547889136536,5.483057231354473,1.8726830729941462,1.7080318918342374,0.1956879742908696,21.202577593356917,107.29683644815405,170.8018270017892
1282531,6380,0.16878302837133288,0.5443265628374968,4.000872095450582,0.6245555665476452,1.8477931804282686,0.0894414944827436,31.187614727451166,35.7843980345821,184.77823422271288
1282532,6380,0.15217829744382244,0.44973685182073836,4.126865671126734,0.6482240144505953,1.6932783610003828,0.08999687190426355,25.7680235008288,37.1405002070464,169.32673454049268
1282533,6380,0.10007864320951869,0.39825695457699545,4.279103075144543,0.6671434922166202,2.2800509326623177,0.08932831407201315,22.818442658995174,38.22450643363122,228.00283781212448
1284656,6391,0.21484551266052443,0.6861758904841614,5.015833065435819,1.7658076557233553,1.8299186337010476,0.20170792086426706,39.314982528373434,101.17332610483814,182.9910201544412
1284657,6391,0.16797360572507047,0.617204721511223,5.157373798263006,1.745343109888438,2.105284540401922,0.19389867346560527,35.363225638140406,100.00079399884535,210.52721323853294
1284658,6391,0.15384496535879721,0.5369573424927051,5.328333644363514,1.7219637435608472,1.9997656362608938,0.18516343266114316,30.76538950339266,98.66125498058413,199.97527677532582
1290081,6418,0.23165679600184652,0.4303762101834614,4.651140968702974,1.8614914150223534,1.0644513697625195,0.22931061898355654,24.65874044634758,106.65560168061639,106.44468207817633
1290082,6418,0.1218600402926864,0.3655789356116634,4.744955904864712,1.8135831475154807,1.7188676714907194,0.21899183472530015,20.946130089433183,103.91066014868883,171.88537073969394
1291489,6425,0.206936774257873,0.6843711126726402,3.4902946273877835,1.8753359575731743,1.8948577227309742,0.3078503298463217,39.21157637681441,107.4488355380677,189.48486576429195
1291490,6425,0.14280903284830787,0.6221751045675715,3.5000905480738145,1.869484120265728,2.4962010037206066,0.30603079600574973,35.64800760983252,107.11354995795382,249.61836993411842
1291491,6425,0.13817171748138687,0.5881819242657051,3.5846144722525093,1.8545806490473047,2.439018637213471,0.29643255776356675,33.700341846308326,106.25964395704348,243.9001161777691
1291492,6425,0.13158899554391662,0.5492160857869145,3.699248665622616,1.8312164005853018,2.391367244262902,0.28362778588010595,31.46776375628516,104.92097112867569,239.1349253126402
1291493,6425,0.11846316566671737,0.4728424091775851,3.8132355979437698,1.7933179721502124,2.286944805269569,0.26945502899196055,27.09187442067357,102.74955112916648,228.6925693368983
1291494,6425,0.11054606554776458,0.4328718350236018,3.9159411724433615,1.7511150972235128,2.243564875011718,0.2562130017743168,24.801729216935637,100.33150451254811,224.3544782852643
1291495,6425,0.09939412913334032,0.39764667914463225,4.062597817972332,1.6985764131029302,2.2922354025135734,0.23955425511523343,22.783476452380242,97.32125965126772,229.22125712836296
1291496,6425,0.09103856341615083,0.38287789806593825,4.214093436142856,1.6395909697772288,2.4096695285129095,0.22292254288281474,21.937287628018407,93.94164269599693,240.96433248192218
1291497,6425,0.09057319935514993,0.38224714744095,4.389836510475513,1.5792803214868836,2.4180603111240044,0.20612634813895225,21.90114827928134,90.48609708926224,241.80338810840473
1291498,6425,0.09054049549875105,0.3822032903931913,4.531254009634178,1.5185085595474583,2.418656195358324,0.19200894772079788,21.898635455542863,87.0041316165594,241.86297492562332
1291499,6425,0.0905382343276948,0.3822003250008023,4.645339743585083,1.455608808247547,2.4186978346757977,0.17953528860894855,21.898465551074374,83.40024133465198,241.86713874579246
1291500,6425,0.08476382018123388,0.3631972722914902,4.688354569017623,1.4043884829184532,2.4550177579839074,0.17162851382471217,20.809670832966145,80.46553286800787,245.4989084914405
1292494,6430,0.24175616757475696,0.39587328087977247,4.057596220481492,1.5435857771082357,0.9382125596105672,0.21796390109084,22.681868216407953,88.4409503447233,93.82087176130648
1292896,6432,0.20262761934505036,0.40521721075044886,3.599294857093729,1.7367291205033495,1.1458080044221306,0.2764631752514819,23.21723596206393,99.50724876230929,114.58024062498288
1302348,6479,0.21118010488065797,0.48461953947224556,3.659188808580399,1.7884107632988662,1.314832805021664,0.28003033965475504,27.766654281333278,102.4683887727951,131.482664119144
1302349,6479,0.11362798706708986,0.386143939765151,3.73735117868014,1.7599368726679736,1.947092143147962,0.2698086155744406,22.124418033097033,100.83695501332785,194.7075178980002
1304154,6488,0.24720236140367943,0.3715735356249789,4.711445442141377,1.619379333276585,0.8612213244224707,0.19693234734424617,21.289595370065232,92.78360122745747,86.12178754033864
1307706,6506,0.1841715522979428,0.3556158936402087,3.7876452918775247,2.1312736503465226,1.106321170278997,0.32239815352236234,20.37528983335713,122.11298515229647,110.63152233670121
1308776,6511,0.240904113073676,0.373881996956208,6.401535224068759,1.6833787930664634,0.8892276391202458,0.1506677642750888,21.42186046151381,96.45050016453472,88.9223984837647
1309468,6514,0.24879114505930033,0.6912629893798311,5.723614511496265,0.3139518561432917,1.5919557837826115,0.03142789623541337,39.60645182506097,17.98811632730898,159.19494490318678
1309469,6514,0.19720417701933832,0.6627161937631667,5.909746004768547,0.3184497029131186,1.9254581503322759,0.030874125416760743,37.97084091760354,18.24582396411661,192.54484842393384
1309470,6514,0.1680640331693014,0.6272788496184091,6.128291787700528,0.32736382074715253,2.1384961341642392,0.030606514691625716,35.94043066095629,18.756565294089057,213.84835371883372
1309471,6514,0.15440378691568032,0.5804000997808118,6.36348407967649,0.33321751663777777,2.1537343517901046,0.03000236520453933,33.25447614641237,19.091957363174956,215.37205426521183
1309472,6514,0.1000662470011957,0.3944339396327687,6.536936036467354,0.329174558331768,2.258443626746776,0.028851915915080115,22.599400037675537,18.860312915493235,225.84212831802498
1311189,6523,0.23390828634327845,0.4362405402734406,5.17811569771596,1.8503340692937482,1.0685701277347277,0.2047392117982668,24.99474181017496,106.016332859799,106.85656051078453
1311190,6523,0.1845491462015496,0.3688090097471835,5.282188319274095,1.8144902673535523,1.1450174110704183,0.19681735638004033,21.131199704912856,103.96263428692293,114.50112687440084
1319227,6563,0.20980155669061923,0.3901604351343842,4.146509262419238,1.7343667185005596,1.0655090244942134,0.23965192543765534,22.354546266187935,99.37189309803618,106.55039966530332
1321325,6573,0.2211601822465993,0.41950608699048814,4.02203102421064,1.809593719934886,1.0868107872596828,0.2577853872925081,24.03592826460294,103.68208278564767,108.68059222889477
1321977,6577,0.16194245016792108,0.661386310529535,3.1259847608787785,1.9039853555510615,2.3400067024903524,0.3489790677934869,37.89464422107123,109.09032512779127,233.99923974558914
1321978,6577,0.23380426003452942,0.7302622896690361,3.1625633297958995,1.9636424520738234,1.7895715561318217,0.3557507404225175,41.84094713559575,112.5084249765501,178.95639785613244
1325796,6596,0.24904878802091288,0.3971106164658108,4.213461381722711,1.7611381435954607,0.9135865141344196,0.23948429423312792,22.752762323329293,100.90578276752463,91.35828825286424
1336650,6650,0.24454642514566477,0.5849009719611507,4.280330412143638,1.6861027781571365,1.3703882907355367,0.22569886781148357,33.51235712647363,96.60657301368686,137.0382743000135
1344690,6690,0.2378929049574729,0.4703856384774017,3.5398806578306057,2.012183441709038,1.1329093946803586,0.3256878681356531,26.95111182832166,115.28961881603618,113.29046800564133
1349715,6715,0.2208054028312556,0.4438211897390221,3.9724386357659585,1.8003912606595702,1.151651162191135,0.25967630945786685,25.429081030520887,103.15482070803105,115.16459986875593
1352730,6730,0.15234214679205296,0.405416807784978,3.2205626584743396,1.8798161370763116,1.5247698023241796,0.33443078741914767,23.228672029745777,107.70553091505849,152.47598936270305
1352731,6730,0.24495313058220497,0.4773025345243027,3.2791860202098184,1.945619610211196,1.1164347888800454,0.3399495825366672,27.34742077913981,111.47579220298987,111.64302767273483
1352797,6730,0.24938355410933088,0.5883854159575977,5.33878642456042,1.8618785375542735,1.3518132673186214,0.19981653785076597,33.71200106141975,106.67778216784981,135.18079009271887
1352798,6730,0.2184966455906783,0.5253026547181582,5.443098206420781,1.8501499350421367,1.3774867629439569,0.19475265470044023,30.097625082368406,106.00578274431784,137.74805216323324
1352799,6730,0.16588105723262883,0.45238930015304407,5.49319806174976,1.8104373635184419,1.562565157559341,0.18883429770329987,25.919997595646432,103.73042000239872,156.25558320208725
1352800,6730,0.12305279279589211,0.3850686799934739,5.588460824176197,1.7659967196997601,1.7929547060293585,0.1810590816955413,22.062810186299735,101.1841586727441,179.29402812390398
1352801,6730,0.1066296364436857,0.36247009882951936,5.660986740977697,1.720087140165258,1.9476766129567449,0.1740928531747154,20.7680068626213,98.55373352619695,194.7658529975051
1352802,6730,0.10534643497212104,0.3599312906840713,5.717847828187344,1.6728438717966023,1.9575927670223003,0.16762756958683633,20.62254387089369,95.84689363826908,195.7574370591102
1352803,6730,0.10524790565479925,0.3596611949466933,5.761420763868553,1.6220875344606287,1.9579550242748953,0.1613122411522306,20.60706852507746,92.93876972537551,195.79366072142903
1352804,6730,0.10524105883548848,0.35964277144307666,5.8215142461199045,1.5546964208623222,1.95798210376288,0.15301438667072317,20.60601293607638,89.07754333950585,195.79636852493675
1352805,6730,0.1052405876186007,0.3596415247359832,5.842707617051109,1.5085486368312595,1.957984083262147,0.14793392994793553,20.605941505021637,86.43347008064474,195.7965664647545
1352806,6730,0.10524055517780419,0.359641440360728,5.777799620878274,1.4571715212607907,1.9579842274565744,0.14450099264208974,20.605936670675618,83.48977819490102,195.79658088349385
1355608,6744,0.1905307982539536,0.36764528333608776,3.795717956030853,1.9101684512287433,1.1055704474298351,0.28833699287961906,21.064523093049164,109.44459041444803,110.55647029044962
1360971,6771,0.19660368344723772,0.38807584812625195,3.3391927430669757,1.9568874815022879,1.1309608603340588,0.33577394886559037,22.235108228594154,112.12139367206605,113.09551653972338
1361036,6771,0.18862697945592813,0.37544981470469,5.153653180115531,1.9850380986929905,1.1404354097786014,0.22068676535300996,21.511689801547533,113.73430522778173,114.04294242876952
1379327,6862,0.22282533300924806,0.544980009157216,3.7898871103497167,1.9129127521489173,1.4013241950855417,0.2891954926213586,31.225054443709432,109.60182727488785,140.1317969111554
1379328,6862,0.12925442786789923,0.48004059020744455,3.80109143163901,1.9130468797384594,2.1279191854105335,0.2883632606649996,27.50429981385565,109.60951221968489,212.7902887139518
1379329,6862,0.09357237525614744,0.42218708509950875,3.860673669148508,1.8964796801140307,2.5851150502271922,0.28145419849838227,24.189538141132378,108.6602816028544,258.5087699884291
1379330,6862,0.0905723139902169,0.3894520364557113,3.9470443761835674,1.8664483978709367,2.4636618592339046,0.27093593436976726,22.313958011687333,106.93961587695894,246.36349304937139
1387858,6904,0.14160352092209028,0.3812955604397791,4.648800358034193,0.28465728259532863,1.5428023735011713,0.03508359062377177,21.846626360274737,16.309660900375114,154.27915873035286
1398825,6959,0.20572081239902704,0.3500266398679295,5.821043373548239,1.7925158060201407,0.9748672471607233,0.17643501968343286,20.055049181577957,102.70359039544502,97.48625557837447
1406666,6998,0.23983715809441736,0.506622029545863,4.920010702101237,1.5535474137623706,1.2102921466243624,0.18091771601861606,29.027304101330046,89.01171008204805,121.02871508003673
1406667,6998,0.2141455923225215,0.4354287543438313,5.038739145622345,1.514978914217898,1.1650124789845595,0.17226908390195572,24.948229902540245,86.80189783599754,116.50070931302172
1406668,6998,0.12214418923861346,0.36787966128056765,5.122005522468921,1.4714383779450873,1.7256613160075012,0.16459804335508255,21.077951960078813,84.30720886982921,172.56473293354637
1406669,6998,0.10957797999940765,0.3580172046714969,5.260241971682406,1.4268652954469392,1.8719886010739057,0.1554174877267706,20.512874820748152,81.7533593627969,187.1971688444174
1406670,6998,0.10854877932964993,0.3575998813499035,5.392006497715433,1.3766176462743616,1.8875350045135826,0.14628020389421392,20.48896395572847,78.87438113475417,188.75177897420184
1406671,6998,0.10847906796912092,0.3575732485413329,5.508433499242842,1.3254596067576365,1.8886073141249082,0.13786721988175737,20.487438008200794,75.94324138228234,188.85900785047983
1406672,6998,0.10847424477228276,0.35757145168641635,5.591312943882754,1.2869615970280606,1.8886817981839303,0.1318786276377516,20.48733505599768,73.73746790512406,188.86645611176843
1406673,6998,0.10847391062804884,0.3575713301006432,5.60959062848474,1.235190735218556,1.8886869738852676,0.12616110618867035,20.487328089646027,70.77121602168444,188.86697367186886
1419060,7060,0.14638052813795072,0.42371480670536776,3.567677331057998,1.9684350156814139,1.658490291826913,0.3161244918265706,24.277070141419046,112.78301864431303,165.84790752109248
1419126,7060,0.20857595799490836,0.4457191170888023,3.5862984714299504,1.7666297025314632,1.2243895834686551,0.28224205665431873,25.537824257485738,101.22042591750493,122.4383771965317
1419127,7060,0.15192241195632988,0.38235531624658536,3.646557007877587,1.740008245082906,1.442008731378472,0.2733952280807644,21.907345895319217,99.69512876121549,144.1999334613183
1423281,7081,0.24597773555726127,0.40765032655210887,3.2992645839163264,2.0666658633719863,0.9495429424174648,0.35890189545063905,23.356643228565638,118.41123163497525,94.95391207557637
1425291,7091,0.16513393128799772,0.5957632570861535,4.600526377277789,1.7786888774296123,2.0670929279446084,0.22152109816259896,34.134720220004034,101.91136574357898,206.7080535521136
1425357,7091,0.24200361007131227,0.3624769505167554,5.308200917240158,1.6808968487715914,0.8581854862031629,0.1814330251464777,20.768399435382467,96.30829523145198,85.8181975511234
1429713,7113,0.19255840131777158,0.35830241696580056,3.97445056762745,1.8026719829059994,1.0661292924565333,0.25987364655732964,20.529216281476995,103.28549646699305,106.6123811197284
1429777,7113,0.2476819305093076,0.39346344105920206,4.559806437519208,1.84127121625052,0.9101912928746428,0.23136304324380055,22.543794565386705,105.49706963007472,91.01876547984213
1432527,7127,0.1456381348021839,0.5827963908393266,2.9026925677753916,1.841305390027522,2.2927903644958736,0.3634522940907537,33.3917735105502,105.49902764326696,229.27747789702937
1432528,7127,0.2351871191968416,0.6549946523784945,2.972671247593538,1.9074439670504102,1.5956837992404136,0.3676440463791866,37.528429184926225,109.28848896967936,159.56770823749247
1439763,7163,0.17261664651760839,0.6719161676619525,3.290304900776034,1.9018096476280828,2.230257575966162,0.3311719405988163,38.49796059363449,108.96566624635142,223.02447849506154
1439827,7163,0.18899098156077002,0.4427337657825693,4.868052166368787,1.8608414143487289,1.3422214475824916,0.21901646802986113,25.36677622727472,106.61835938533703,134.2214416600425
1439828,7163,0.11068121906498782,0.3745241635064317,4.982783908141433,1.8061168267803316,1.9387798704319048,0.20768083300845336,21.458653894586103,103.48287148207378,193.87625289647028
1444185,7185,0.2217015373158694,0.45120088847355144,4.461529079343503,1.6934061195236096,1.1660679384097816,0.2174703374277583,25.85190662208745,97.02502365032908,116.60627314000966
1448155,7204,0.23923026141015943,0.3899323976904772,4.245274104980275,0.6165242367857156,0.933890203417306,0.08320837660564079,22.341480683081112,35.324236735345714,93.38863387413605
1455039,7239,0.2122993807914189,0.495513836487178,3.2041452579502545,1.8109905651576432,1.3373025431309162,0.323837115499832,28.390851521050877,103.76211612154468,133.7296307016253
1455104,7239,0.21815593593054758,0.46079614053726303,5.072634455882539,1.7028417455151752,1.2102202374583726,0.1923372280279912,26.401674068702317,97.56564519670972,121.02147454577172
1455105,7239,0.15231843769311915,0.39463413226105404,5.209934590490936,1.6618715071536383,1.4844472598565843,0.1827627998324129,22.61087023036592,95.21822345294868,148.44376116934245
1455441,7241,0.10704679189863311,0.594839234073505,3.5002360483578836,2.0664559585716726,3.183820254011858,0.33826062871703594,34.08177760120631,118.39920497581774,318.37908093872136
1455442,7241,0.19701404907096337,0.6638074614893144,3.5542173619163675,2.131315669832399,1.9304899422904247,0.3435788527071775,38.03336595263064,122.1153926914945,193.04802415845552
1459863,7263,0.17563441366126487,0.3714809015867322,3.6184795420985094,1.8778498685425884,1.2118517194376492,0.2973427664232318,21.28428783063444,107.59287202668676,121.18448886216014
1472526,7326,0.20304756239421243,0.6661093483652565,4.235935363641377,1.7186018582263336,1.8796213077318487,0.2324601875478144,38.16525435553868,98.46863313970958,187.96121432981155
1477350,7350,0.23953405113511875,0.47186089836874245,3.3633673659768037,1.8555536074006311,1.1286761417421085,0.3160980603061671,27.035637993780416,106.31539036433108,112.8671476915917
1479225,7359,0.20868373544112387,0.7205693165784791,3.292818350346602,1.5091631999658723,1.9783802806156214,0.2625977885564289,41.285580686572956,86.46868195450239,197.83708951832196
1479226,7359,0.16027734212153916,0.5695752078095058,3.279216053226758,1.4831392058278419,2.036111471196801,0.2591400361728584,32.63425552277149,84.97761692432005,203.60988946357404
1479227,7359,0.13864149700535766,0.4670111960111296,3.3172653923312403,1.4635133607923252,1.9299970906808255,0.2527779018690472,26.757770516794555,83.85313883440716,192.99833092129418
1479228,7359,0.11582030457426658,0.3788564156591693,3.389661584429285,1.4283766558177131,1.8741853480984547,0.24143989496728777,21.706873658724433,81.83995393336556,187.4169328217644
1479229,7359,0.11052825686229281,0.361590830177551,3.4945529209584993,1.3867475582862347,1.874419012252988,0.22736751713209916,20.717628479805356,79.45478233987339,187.44022232608714
1479230,7359,0.11026653267048635,0.36106142772511357,3.6133319591262416,1.332935860959053,1.8761172203827448,0.21136059417496106,20.687295953616815,76.37159919459044,187.6100376294524
1479231,7359,0.11024849099525133,0.3610260692465963,3.697807091531684,1.2742516627599767,1.8762404817566398,0.19743929390863224,20.685270062027772,73.00924231367416,187.6223633805142
1479232,7359,0.11024724576036621,0.361023677912941,3.810302639334098,1.2215314723413764,1.876249245937077,0.18368251645258094,20.685133048701914,69.98859790756232,187.62323977165843
1481169,7369,0.23427682014868667,0.3648959699820777,3.3496287117228847,1.842278130303077,0.8924057504123026,0.31512376542235543,20.90699904130543,105.55476155561865,89.24019793267925
1526059,7592,0.17661199248274495,0.48244983898627997,5.763655740913249,1.5217114082871115,1.565145019143341,0.15127142407480787,27.642339600679964,87.18764133176033,156.51362457595306
1526060,7592,0.13507367250773852,0.4196487129939459,5.841040098140106,1.49585297498153,1.7800728969740183,0.1467308230242924,24.044100132649888,85.70606223852998,178.00598503225973
1527464,7599,0.1714535540286875,0.3547292103573863,3.7817438842041318,1.790171185186844,1.1854222301314143,0.27122210384033524,20.324486623486603,102.56925351713868,118.54153853554652
1537315,7648,0.21387655184324553,0.41467697676524407,4.570224344401583,1.770602650289764,1.1108856634466853,0.22197610267989773,23.759240629892986,101.44805905628152,111.08805213604901
1541733,7670,0.2344354826556874,1.1071051390678404,4.631054593574373,1.0992447050759484,2.705752922787754,0.135999437804822,63.432451945831325,62.98208225295475,270.5741496684772
1541734,7670,0.12131620069525105,0.523044426778404,4.664103750819808,1.164917629935037,2.4702583422690996,0.14310329936555397,29.968238152241966,66.74486367566031,247.02381839094866
1550378,7713,0.20285886172770204,0.3912598289817505,5.488018150226168,1.1423744932117383,1.105080428710842,0.11926570789942778,22.41753689366467,65.45323708442892,110.5075035679342
1554198,7732,0.2431116009664058,0.5279216017255958,4.926535711672516,1.533555881374836,1.2441890197026726,0.17835307529326794,30.247679692662995,87.86627965024323,124.41839531321838
1554199,7732,0.17478926091784658,0.4609641461365901,4.9807980354272186,1.4671023422304108,1.5110366867364533,0.16876567079593424,26.411300080478323,84.05877232356026,151.1028128328725
1554200,7732,0.12185133948538363,0.3947634704831649,5.030798740598657,1.4064737208979565,1.8562191440756852,0.16018332713850722,22.618280764622597,80.58500820351381,185.6204063060742
1554201,7732,0.11900559341831363,0.3801492934615827,5.106350020506739,1.3457926015073163,1.8302457594090926,0.15100460349493247,21.78095010022887,77.10823616630066,183.02305338383928
1554202,7732,0.11866981940049225,0.3794762184609182,5.196159345185826,1.2933343637565389,1.8321746861215966,0.14261033097172438,21.74238574339503,74.10260054248727,183.21594013789073
1554203,7732,0.11560136480682856,0.37304050295115165,5.337652884158591,1.2371649727614376,1.8489093613509502,0.1328005640423379,21.37364640653852,70.88433150064782,184.8893527589497
1554204,7732,0.11386863650112045,0.36963800309339817,5.467709299380576,1.1709751514891558,1.8599235325667098,0.12270574439631565,21.178697524895384,67.09193409502085,185.99073621076317
1554205,7732,0.11374004807724947,0.3694946736036783,5.5657495615078245,1.1149301086874823,1.861304250053767,0.11477481848424034,21.170485350054673,63.8807896798549,186.1288049295653
1554206,7732,0.11373107806012545,0.3694849789360365,5.654838127097367,1.055499382984142,1.8614022117965892,0.10694498844611675,21.169929886515014,60.47565992365383,186.13860089080012
1554207,7732,0.11373045723766743,0.36948432302106765,5.66038861386111,0.9974108796215626,1.8614090682592508,0.10096026552283734,21.169892305355578,57.147433842746544,186.13928652225331
1554891,7735,0.22676047077614095,0.8649888776742686,5.594068898389887,1.1476365941162565,2.1855753633464694,0.11754365978404731,49.56021201649343,65.75473325762978,218.5565821515565
1554892,7735,0.20086868788272533,0.7697187833418068,5.721306540675316,1.1792706825472195,2.195545555991921,0.11809755763828503,44.10163769743014,67.56723301346759,219.55347350954318
1554893,7735,0.12845199771886232,0.4792696661672122,5.824627845818027,1.202091832525964,2.1377734461049474,0.11824753494266245,27.46012912002516,68.87478859088472,213.7756970072864
1564182,7782,0.20374797656083657,0.4623963997464216,4.805369486178331,2.120119429438493,1.300300563196165,0.25278783549759687,26.493362167514046,121.4738953705098,130.0294245139607
1576845,7845,0.18691701340126404,0.6724635883163602,4.219864668556574,1.9694578479707707,2.0613063906992313,0.2674057848135569,38.52932548675034,112.84162261764288,206.12954731140846
1576911,7845,0.19414578939848162,0.37226499535084456,3.586367028978909,1.7216308001167682,1.0986183146967132,0.2750476391688752,21.329213094060606,98.64217872642185,109.86127125843379
1579800,7859,0.2316056610741354,0.8119572101866738,4.415433415804788,0.16073650352580993,2.008660715135158,0.020857574732971982,46.5217212889131,9.209523265718586,200.86521291381112
1579801,7859,0.2177664305746008,0.7631167714685809,4.483194088063084,0.18837844545777926,2.007810301965266,0.024075000189327626,43.723370280799045,10.793289875966124,200.78011741898516
1579802,7859,0.1910737963501816,0.6685417328838739,4.568426881489839,0.2105783443562954,2.0047028137602183,0.02641007654285467,38.304619722608415,12.065250388468225,200.4692426959743
1579803,7859,0.13330199350465757,0.46411064890534354,4.6697538559713445,0.2397690745682759,1.9948373400423058,0.02941858698512405,26.591581409354124,13.73775603051973,199.4822525003913
1590177,7911,0.19168404348706888,0.38359532545873626,4.831638602435328,1.8010035867133398,1.1465947630962154,0.21357123883606507,21.978393189732806,103.18990440659796,114.65888412527852
1600023,7960,0.24384079772097253,0.3667602387287465,4.150113410475372,1.7486292358568192,0.8617841274711426,0.24141286031721476,21.013813772367698,100.18907514778194,86.17806286194521
1600716,7963,0.19237618793819866,0.4341590068041331,4.826851973631903,0.9721305966463794,1.2930642664774843,0.11539400941286404,24.87547872746842,55.69898032337212,129.30576121873497
1600717,7963,0.15126318361852026,0.42441333533361786,4.8983287656894925,0.9920120304844793,1.6076014463249784,0.11603570355475629,24.31709288368684,56.83810257296383,160.7590924829448
1600718,7963,0.10799780594969607,0.3777198816093612,4.966255281944852,1.0124912059887992,2.0039067331211546,0.11681129842713137,21.641755054397517,58.01147289726905,200.3888363773009
1610479,8012,0.22642727257219886,0.390004419341154,6.234623195260068,1.7610525119615486,0.9868778605587563,0.16183957412403036,22.345607219698458,100.90087643630865,98.68735456864532
1615638,8038,0.15286769590680105,0.47991967025687593,2.9280666835217626,1.995539437083647,1.798769167622197,0.39048286656096026,27.497371611029134,114.33598759680505,179.87575185303712
1618251,8051,0.24356728815595602,0.39339410334622027,3.758383005980607,0.6628305043162261,0.9254042713336468,0.10104715317296872,22.539821807071757,37.97739042984765,92.5400509964564
1624832,8083,0.2181355904862965,0.38019874793609554,4.050626223163833,1.7481991611523138,0.998634958453972,0.24728135334299348,21.783783632896494,100.16443368233844,99.86304262083425
1638616,8152,0.2056998953339381,0.4007207581378852,4.840228997833251,1.7866286560495266,1.1161700909541155,0.21149057489449855,22.95960820458346,102.36628154876827,111.6164719035883
1641030,8164,0.20517482677359394,0.45473261593754793,6.14276298633405,0.3179908596596599,1.2698564848337233,0.02966016138520832,26.05425970016489,18.21953418223538,126.98503576113318
1646342,8190,0.20558473466255445,0.6179287115930576,4.6734521261298765,0.7023936429967916,1.7221466151271065,0.08611234292828635,35.40470721423887,40.24419130053483,172.213832211421
1646343,8190,0.16492656837269495,0.6089489919041257,4.804405731846047,0.7272610188813289,2.1154993645723335,0.08673078258846911,34.890207174852534,41.66898698628422,211.5486666001733
1646344,8190,0.14599807086294653,0.5365232100573447,4.922793333186937,0.7566616012567993,2.1055424403800185,0.08806690277101703,30.740515547096773,43.35351627162539,210.55281629808294
1646345,8190,0.10540106812454036,0.37798618623992897,5.0447899763803425,0.7702639786636838,2.0547240665037823,0.08748208588966357,21.65701318579384,44.132875088383976,205.47047672920868
1650210,8210,0.24576584970840043,0.4012119010416849,2.9824536741078504,1.850745116012103,0.9353515841209107,0.3555457865682277,22.987748620108984,106.03988410194341,93.53478163301392
1650277,8210,0.2331066887524971,0.3781055035363451,5.2873963413851035,1.7170472235761483,0.929353368188838,0.18606427927385719,21.663849563301397,98.37955913556915,92.93494212583896
1654897,8233,0.1639708795419269,0.4448976368635384,2.9662874481444566,1.6744398726370031,1.554590389723216,0.3234289970350245,25.49075690762466,95.93833775052337,155.45810036962334
1654898,8233,0.08891609995142236,0.37273722484040384,2.932542839526916,1.6457974514900884,2.4018448245702118,0.3215545441014822,21.35626985077397,94.2972479037689,240.18180825107248
1669707,8307,0.22962898515987468,0.5475473120211982,3.847507422595951,1.7541923438851588,1.3662103098393656,0.26122839141851256,31.372150062547462,100.50781775878114,136.6204419719198
1670574,8311,0.1812650246821798,0.44876853859864646,3.5300571624258295,1.793375634366345,1.41850541032578,0.2910798605003251,25.712543239956222,102.75285493078825,141.84976630363545
1670575,8311,0.11555013765014158,0.38356722902426704,3.583821571351384,1.7836002540911045,1.9019260320773315,0.28515026370075813,21.976783382618354,102.19276689788153,190.19097370688178
1678015,8348,0.19412298049181853,0.39200947185001067,5.048654408927268,1.6552049785802887,1.1570236070057183,0.18784462478983274,22.460488266158062,94.83625950169237,115.7017706377841
1684380,8380,0.22214544312035733,0.4547056807851601,4.6793201379763305,1.6600878072089587,1.1727773881330485,0.20326889797300088,26.052716429612527,95.11602497420081,117.2772161627515
1703475,8475,0.12538852541785317,0.4968416939799465,3.6170636099324573,1.9391826339665124,2.270297843125468,0.3071745269258445,28.466932151181336,111.10698063134352,227.02799182241873
1703476,8475,0.21958188577270576,0.5658952900055646,3.68304714576095,2.0007010312727425,1.4765976789458461,0.3112415353686004,32.423411763650606,114.63172515939948,147.65910216342027
1703562,8475,0.24707912223285539,0.37975422410741677,4.078284970141088,1.9410539891738265,0.8806212850510766,0.2726984551796696,21.758314293620202,111.21420138669245,88.06177565799706
1705549,8485,0.18701662895746918,0.35624245516793135,4.42118252404287,1.89338762861086,1.091410330026451,0.2453712762736471,20.411189164500907,108.48312010168563,109.1404552516423
1711981,8517,0.23937109525021083,0.3646147436400638,4.503661827252265,1.690556398452379,0.8727405062939079,0.21507331180809638,20.89088595882013,96.86174666015806,87.27368967958988
1715601,8535,0.20230444561193417,0.38188159612541817,4.531177462825854,1.7634110967693295,1.0815482864933585,0.2229795985642721,21.88020373170591,101.03601339141818,108.15429938389745
1718012,8547,0.1910433332921126,0.3717114193192374,4.873264033516778,1.9417222568059858,1.1147991422682144,0.22829152967733576,21.297495523809914,111.25249030160037,111.47933653308311
1720423,8559,0.2317363713752272,0.3770460447000193,4.540838031451777,1.8010741606481564,0.9322294115067026,0.22725749531955086,21.603147043412086,103.19394799520659,93.22254289504498
1724781,8581,0.1774575199149701,0.42196084791635585,3.4237073544058014,2.1142438300137356,1.3623865787466525,0.3538189320172391,24.176575705368787,121.1372483213617,136.23789783073295
1724846,8581,0.16840360967514426,0.46443843862312295,3.9770062854799435,1.6643303812815677,1.5801538249642657,0.2397761016149587,26.61036237675067,95.35910656283293,158.01445357156535
1724847,8581,0.11292031839889258,0.40622703334426913,4.0430401380650896,1.6215654293884034,2.0611961428705023,0.2297994872812202,23.275094534746785,92.90885530827462,206.11780720207253
1727660,8595,0.24763719372670953,0.3798128396323615,4.906680524235742,1.8103809813659049,0.8787723487553788,0.21139992469302854,21.76167271581348,103.72718954301848,87.87688356275686
1730677,8610,0.23905848914375932,0.35728839914504484,5.177715986726062,1.031357982484523,0.8563225073912223,0.11412842960265798,20.47111733999664,59.09245956349064,85.63189611639409
1731881,8616,0.22879402340840463,0.5751772538143912,4.653076723401801,1.8297263398879986,1.440388484985682,0.22530382141980715,32.95522911548955,104.8355969395019,144.0382252399943
1731882,8616,0.1553368709907005,0.5105657336642264,4.750873318372376,1.8202101074272266,1.8832141804567277,0.21951828595346615,29.25326170296063,104.29035698263426,188.32021783478615
1731883,8616,0.11483198658779072,0.4408341710259262,4.83737100516019,1.8046920104602426,2.199555717523716,0.21375502353715406,25.257937464933892,103.40123552035132,219.9536754678413
1731884,8616,0.10298687792897361,0.37581592915096473,4.943507599910504,1.7775039582302803,2.090816321101785,0.20601460119171738,21.53266661413784,101.84347487439324,209.07962225406771
1734093,8627,0.16823785508265215,0.3510134685163182,3.390642980275339,1.829275710641185,1.1954259101155842,0.3091147551840106,20.11159029823323,104.80977778553431,119.5418875642778
1738650,8650,0.08853238282627791,0.4492410618287722,3.1498009061294607,1.2481996950693426,2.907367123497013,0.22705109440653365,25.739616826764316,71.51657451698964,290.733461267047
1738651,8650,0.21573084003708232,0.5214862143729603,3.2529378475787594,1.3104871303540317,1.3850109593824513,0.2308232894783439,29.878959157825115,75.08538167549658,138.50046035248758
1739454,8654,0.2178438748314392,0.6277082878202218,3.307312842530231,1.8376010629645512,1.650954567088742,0.3183454061688597,35.96503565748185,105.28678533662263,165.0947064295653
1743474,8674,0.16387524906923107,0.3702553498959251,4.028083793314371,2.272781587312676,1.2945254220598321,0.32328223310774373,21.214068891176073,130.22079270806034,129.45176016454946
1745283,8683,0.22584930219563876,0.6196655831302599,3.9660889254837843,1.760708337852166,1.5720314699086584,0.2543592903574611,35.50422262287695,100.88115671242336,157.20245790117232
1746553,8689,0.19258835704062044,0.41557721753738414,3.4403238224722394,1.803363371592916,1.236358197152171,0.3003354194320316,23.81082062668221,103.32511012075646,123.63518416887437
1746554,8689,0.11903579468701102,0.35003413845589265,3.459213208833202,1.8003603688333203,1.684827424131235,0.2981980127017414,20.055478819020557,103.1530507367655,168.48134118323128
1753725,8725,0.17694113765038727,0.40412758025910483,3.2979459642181337,1.9643471241868302,1.3086161721654501,0.3412693858371912,23.15480473368115,112.54879971456596,130.8608850393329
1756137,8737,0.14054300095462469,0.35095106002270327,4.363010035728377,1.937741723109204,1.4307374246760192,0.2544674922975804,20.108014554943328,111.02442252056517,143.07273464795767
1756138,8737,0.21225807975242447,0.4161536090952471,4.420342140595521,1.9957752659386538,1.123342128354492,0.25868925006060645,23.843845430294728,114.34949959488435,112.33368889616312
1756202,8737,0.17322271278349488,0.44837393917587665,5.171813061446193,1.7912219049606293,1.4830579929483139,0.1984399936885756,25.689934358433213,102.62945532562752,148.3049517045163
1756740,8740,0.1533957299802418,0.4351909434660182,3.599473622609464,2.1253137200732857,1.6255082667961291,0.3383036486175581,24.934604342919254,121.77150630144774,162.54977760041524
1756741,8740,0.23373238799766727,0.501588220741998,3.6279257389674417,2.191179081783292,1.2295637381977147,0.34605259928284265,28.738888101992785,125.54531354353368,122.9558530263533
1758750,8750,0.15311037812689005,0.572903004901741,3.5773566657647122,1.8566653350741977,2.143873100499808,0.29736785372471775,32.824924251232474,106.37908766799434,214.3859238470771
1760020,8756,0.22814805598892973,0.44130310235845227,4.6425535921825745,1.7536369269841168,1.108262966927625,0.2164239841350352,25.284805251169082,100.4759947144812,110.8258157877101
1760021,8756,0.15776492511186763,0.3750450710827565,4.786201771255289,1.7390384065292572,1.3620580317792976,0.20818086169185626,21.4884997002259,99.63956110528234,136.2049484702668
1774026,8826,0.13484826546472062,0.3612197342212782,3.2472917049574366,1.7825795660032293,1.534789093623314,0.31452143738058264,20.69636624771655,102.134285778247,153.47778259223185
1774027,8826,0.2362083589533755,0.4330452622088846,3.3218893938421794,1.8455978342088266,1.050414342753566,0.3183277759227744,24.811665862705173,105.74496657865119,105.04099402599309
1779654,8854,0.23372479469966184,0.3924378793139535,3.3146218011167425,1.836458669880284,0.9620302917633125,0.31744596225564164,22.48503420575389,105.22133103434919,96.2026216860112
1794930,8930,0.23175099773198993,0.6237656490627762,3.663426747660996,1.8844603498173038,1.542135218581931,0.2947284928748387,35.73913909653551,107.97162470427823,154.21286308766196
1802029,8965,0.23027059583200524,0.37432813849447927,4.228517977652604,1.885490371635945,0.9314007930464766,0.25548109508519384,21.44742248872223,108.03064060729275,93.13967887020337
1803372,8972,0.23721258979535167,0.5519245471548133,3.2009039615648542,1.8387643201071397,1.3331057114555371,0.32913650642845227,31.622947161639992,105.3534350613814,133.31001478002025
1808799,8999,0.11682016320307734,0.5891727860955039,3.449143443542118,2.1052570878068604,2.8896647832009172,0.3497168138874069,33.757114047236406,120.62234592133566,288.96402947601507
1808800,8999,0.18951841963158966,0.6641696938977073,3.4825106317170693,2.1651173939110375,2.007937719556294,0.35621452906832096,38.054120340834416,124.05208882146621,200.7927230613545
1814489,9027,0.24354013857825776,0.4995985754122038,3.875908108689743,0.909427441517852,1.1753663611102505,0.1344365051408083,28.62488982186766,52.10635417235342,117.53615832205509
1814490,9027,0.15334884027750884,0.4765253416581484,3.9484817090377677,0.9874197009782768,1.7804431437622537,0.14328287554516567,27.302890908041494,56.574981474125025,178.04316495297903
1814988,9029,0.21689513385698106,0.7676841605751117,3.1418159635693734,1.2288338127079768,2.0279413184557367,0.2240964836369717,43.98506239999728,70.40699119113654,202.79320621270526
1814989,9029,0.1991629976015617,0.7048453694931429,3.216516666834462,1.2376971416554454,2.0277191717293332,0.22047086851125397,40.38466488129616,70.91482253226262,202.77090923876642
1814990,9029,0.157709781548619,0.5579332412091048,3.3143649666670503,1.2596552080774859,2.026964823010456,0.21775793424262854,31.967219971336245,72.17292706451346,202.69520991170413
1820658,9058,0.20396207635567637,0.4192698022492685,3.4124258766238826,1.9759777936951441,1.177787037551509,0.3317733241741242,24.022390146167716,113.21518799030385,117.77813207855728
1824879,9079,0.2415667783932386,0.7500113064528537,4.347489110444588,2.0241673394775157,1.778906890830044,0.26676603981570424,42.972482446841525,115.97624558028619,177.88996004627873
1826354,9086,0.22830492291170262,0.8942178230820792,4.478447075350255,1.2111653759551806,2.244143679882487,0.15495251593260745,51.234907227979264,69.39466433460748,224.41339486314763
1826355,9086,0.11509635643117898,0.4489267329903918,4.568416516293627,1.2122073839598522,2.2347888042430872,0.15203159912356456,25.721607110945868,69.45436699549401,223.4769581899631
1833385,9121,0.19763878573769955,0.49076080017191953,4.331389345378838,1.8132278639160893,1.4227228260200613,0.23985445632796704,28.118522600314154,103.89030389791348,142.27156994408026
1833386,9121,0.13655625977825367,0.4232616655018372,4.406398491444534,1.790283997263507,1.775905793436898,0.23278810833696165,24.251107062933265,102.57571717300956,177.5892918641824
1833387,9121,0.09455696617802467,0.3580815971881841,4.483185418020705,1.772452869229971,2.1697568037242996,0.22652212455456247,20.516564240186554,101.55406879273056,216.97340868732238
1838211,9145,0.22482059707798221,0.37355985880292897,5.128425014104837,1.783327047991015,0.9520214175690179,0.1992368278002546,21.403403304910782,102.17711334140918,95.20172253507629
1840155,9155,0.18702045466962877,0.536102860474265,3.643680241027421,1.879536350702915,1.6424101685517,0.29555145599379096,30.716431290066225,107.68950033669759,164.24014744365263
1850874,9208,0.23901904521349784,0.5388282221671985,6.116255504349869,1.5910079749791004,1.2916368941857699,0.14904223985424492,30.872583012717943,91.15804213795813,129.16315443393833
1850875,9208,0.16897845377643037,0.47463342808124104,6.176454551765823,1.54664167348895,1.6093466372650485,0.14347396135402407,27.194492244881204,88.61604030996754,160.93372085851985
1850876,9208,0.12256303670171485,0.40564956218484677,6.2743523880480705,1.4891257538303853,1.8963307864797199,0.1359831508432029,23.242007874521356,85.32062085871826,189.63154690380858
1854024,9224,0.15561459780271927,0.5615798405984586,2.867113589196553,1.8895488444388615,2.067682152739323,0.37760336388661725,32.1761547259212,108.2631739701685,206.76689984966882
1856300,9235,0.23852541857612547,0.38173550449262283,5.032857646933521,1.8501149087066437,0.9169602347342249,0.21062343326377628,21.871833297724564,106.00377588312229,91.69564289057645
1873722,9322,0.22759534373223345,0.35029022311945446,4.383010498745277,1.7500540233235071,0.8818348468156015,0.2287713188372682,20.070151389440674,100.27070945632629,88.18310110048674
1874613,9326,0.22368548469373573,0.39507157402911763,4.075362704699464,1.8943573215437666,1.0119535836890643,0.2663288816543265,22.635933797458705,108.53867941416485,101.1949104947091
1879551,9351,0.18067951842113172,0.38172908428257135,3.818412765940355,1.8529798462926217,1.2105115415071566,0.27804203197812055,21.871465446785027,106.16792471536722,121.05049087697891
1880822,9357,0.23162569770478975,0.3657752292856562,5.76517112083814,1.9407523505226312,0.9047949425030387,0.19287704777789508,20.95737688849809,111.19691876504093,90.47910753020557
1885581,9381,0.24180761599866785,0.4212438895520185,4.5513068309523685,2.2887203998353294,0.9981280332795881,0.2881238817302387,24.135497017005655,131.13401939605865,99.81239467967767
1885645,9381,0.24354925976030922,0.41920470655148173,4.748550860178587,1.447870197884558,0.9861930795792658,0.17469930066988335,24.018660437420074,82.95685162155651,98.61890708331872
1885646,9381,0.16851463257527255,0.35336372496414337,4.807950345995864,1.4035255348924118,1.201453462088517,0.16725648901073165,20.24625007346702,80.41608958817656,120.14464037586202
1899249,9449,0.2199887757915874,0.36962488881923844,4.596755958706595,1.5895927180783174,0.9626829865954248,0.198133106283306,21.177946132334654,91.0769538906165,96.26786543206485
1901259,9459,0.12994079244944706,0.5808759831786419,3.0988919793346477,0.8807702441333363,2.5613003482563923,0.16284664932895054,33.28174225664838,50.46441770954733,256.12808342317123
1901260,9459,0.236571583809345,0.6513018974607289,3.1500005161031406,0.9437041668088799,1.5774019742808185,0.17165160900448756,37.31684991336207,54.070265867058644,157.73953732287043
1903423,9469,0.20742816325016517,0.42881427353679724,5.626758589536772,1.0711845123681143,1.1844701557968014,0.10907585700144444,24.569248068626905,61.37435163847208,118.44645026599143
1903424,9469,0.15991984472712772,0.4169062077157602,5.697764106094122,1.0783176302196251,1.4936835826718318,0.10843384865936853,23.8869661549175,61.78304918613308,149.36743359301116
1903425,9469,0.12135319454187392,0.4120331553507054,5.770543447840864,1.0857067825464846,1.945375971749272,0.10779992713531503,23.607760821053613,62.2064164286414,194.53601014926292
1910861,9506,0.21266028334192957,0.7021957462541044,6.285633475290257,0.876872516011789,1.8918836243543768,0.07993004119006977,40.232852652399465,50.241094338493205,189.18748170869762
1910862,9506,0.18860346593726962,0.6397275641675272,6.393285960694699,0.883108290954481,1.9434259778528709,0.07914299181459084,36.65368946498386,50.598377924702895,194.34157766537186
1910863,9506,0.1744279857850065,0.6022113175460407,6.488102426263224,0.8975746814979209,1.9781323929748817,0.07926391661172524,34.50416687040075,51.42724104762996,197.8121165763646
1910864,9506,0.13928558626381624,0.47424325694445535,6.5684959845697595,0.9041432331263293,1.9508217514458364,0.07886674723753823,27.17213708545556,51.80359133345155,195.08078856918843
1917942,9542,0.1961063291893757,0.3579353080248666,3.225810186774607,1.9291464211198042,1.0457684628305486,0.34264864096297365,20.508182488539962,110.53194799293216,104.57631835236381
1922967,9567,0.17797739542133256,0.5493729796163078,4.442372396179764,1.7396757415220545,1.7685814126812864,0.22437578076940753,31.476753110541043,99.67607771050562,176.85715749951203
1927590,9590,0.1357301734070279,0.4790940930149902,3.972426557805671,1.7164161528723354,2.02239979571012,0.24756505820569583,27.45006951940703,98.34340144766634,202.23850446713755
1927591,9590,0.1875803524514255,0.5487669652829904,3.9696458655360756,1.7820497179910455,1.6761899079419642,0.25721167813130685,31.44203104691752,102.10392772336547,167.6181061497543
1930560,9604,0.22578513892318883,0.3618398314243313,6.387047802419144,1.1666966207846787,0.918213412140418,0.1046599216200613,20.731895200339363,66.84679234313717,91.82093860683023
1941009,9656,0.14952791133610055,0.48917831352236535,5.576936899933999,0.42649129746367187,1.8744226859918325,0.043816438554647626,28.027852794158903,24.436151343726948,187.44102758268514
1941010,9656,0.10214964634316374,0.4175886632785312,5.658145808137846,0.43970266355282384,2.3422563359382984,0.04452537575379937,23.926067978369502,25.193106862237613,234.22336358002607
1941011,9656,0.08165064666308339,0.35673904619746893,5.753104823763482,0.450814976119954,2.5033040235031963,0.044897140273502376,20.43964173463747,25.82979547296436,250.32736717456436
1942128,9662,0.24261982294413667,0.4613879743867073,4.9440641285969225,1.7177777791319069,1.0895887335202008,0.199069862620239,26.435583650448457,98.42141688561397,108.95842875174502
1942129,9662,0.16509660349171768,0.39017350785111937,5.033184978719862,1.691132129382758,1.3540735212479156,0.19251176706153228,22.35529527768363,96.8947336126039,135.4065401609849
1946283,9683,0.20009178137929112,0.6232789518985993,3.7299705856316927,2.0252443163070475,1.7847435497957758,0.3110961570130019,35.71125340312719,116.03795180725174,178.47347194116804
1946751,9685,0.18617926276226518,0.4820868470247205,4.24253758867626,0.963641194054742,1.4835991828454367,0.1301404456651394,27.621541693285433,55.21257338428388,148.3591293914735
1946752,9685,0.11439841671488447,0.4175162075707492,4.29713610220059,0.9208308186747414,2.09110538134695,0.12277879540711241,23.921916572111957,52.75971955563907,209.1087285150422
1946753,9685,0.09756461013811303,0.3500117132355241,4.39414130999409,0.8604022172502108,2.0554780944311526,0.11218896285338754,20.054193948538785,49.297415732135235,205.54572374579774
1952581,9714,0.10917358081935245,0.3590147284523777,4.0417493699290326,1.6755081403422105,1.8841579331574252,0.23751978650172392,20.570028723356554,95.99954498142189,188.41408475287022
1959011,9746,0.22763317090600718,0.4380547136093115,6.413079688189877,1.6094579968816722,1.1025934877213317,0.14379230395488082,25.098686285625533,92.21515052489943,110.25886924502682
1959012,9746,0.15353353977217396,0.3683467847976004,6.470189911290106,1.5470110228100724,1.3745996361989323,0.1369932004245716,21.1047161661161,88.63720246723388,137.45907726973263
1970066,9801,0.19687775119453213,0.4203365593045444,4.935526493690442,1.645689848272124,1.2232722821042368,0.19104564147920844,24.08351082320083,94.29108269351752,122.32661309093926
1970067,9801,0.14457748887413846,0.35713392142798206,5.094310036180374,1.6216887653333942,1.4153147327990157,0.1823915723524751,20.462266418780125,92.91592193738485,141.5305041443155
1972815,9815,0.10320239292773063,0.598741711194408,3.437614556817149,1.9704787001363457,3.3240866585154403,0.3284257468188766,34.30537306988042,112.90011313823712,332.4054771523176
1972816,9815,0.1778788241082814,0.6708867799381815,3.4582860388101566,2.029536278315554,2.1609642998998186,0.33624709314077067,38.43898102157983,116.28386311616966,216.09522729334796
1975629,9829,0.1678599920205005,0.35981593356181985,3.219332361017035,1.8385647717842981,1.2281624059634,0.3272169184301854,20.61593439465191,105.34200178467367,122.81551625844156
1975693,9829,0.22424944229920676,0.39061420494961485,3.3489886336323043,1.7668070181735143,0.9980200679201502,0.30227210697747153,22.380545361471082,101.2305853554361,99.80156619539585
1981056,9856,0.20333818552596733,0.43411165390498596,4.507434043010834,1.9038550805163972,1.2232215173279237,0.2420065599079923,24.87276560619958,109.08286091812909,122.32155618142384
1981196,9856,0.18361364695886043,0.6451268467273327,3.363469163072332,0.25661254851138127,2.0130880338787143,0.043713247374192764,36.96304556805931,14.702815999798242,201.30771798581526
1982931,9865,0.207919526083663,0.35237092782912566,4.864345379528343,1.7587846471663005,0.9710182779358453,0.20716238113347785,20.18936698771783,100.77093735503463,97.10136544957585
1983532,9868,0.24891548211788572,0.364337072162397,3.911494915988019,1.808604194770373,0.8386370963673216,0.2649252757085553,20.874976555058662,103.62538716999909,83.8633760908302
1986548,9883,0.1736323980683441,0.41204472591643826,5.2921944534870615,1.805990212479521,1.359678416505292,0.1955249712211644,23.608423765636683,103.47561701701133,135.96706640702922
1992175,9911,0.23849357661422102,0.37758131710124865,3.5114885553427873,1.862622578174396,0.9071026269518297,0.3039178700693027,21.63381589289236,106.72041255516913,90.70988615345468
1993518,9918,0.16993731568124154,0.5764934001518515,2.9858627960515944,1.8569823328512478,1.9436953367034002,0.3563367013618101,33.03063874584762,106.39725030273435,194.36840134278012
1996800,9934,0.1973232929928333,0.5508955960884242,3.9823146242105056,1.6265808186032422,1.599607959601041,0.23402524537435623,31.56399260821041,93.19621594290032,159.95999341731732
1996801,9934,0.15373795017740396,0.48237432490008075,4.111694810355126,1.578005101526875,1.7977351156704844,0.2198923711944992,27.638012962246965,90.41303236760291,179.77235391782392
1996802,9934,0.1293438663081161,0.4007205328249668,4.2415085667866945,1.5273129722059133,1.7750817395027687,0.20631477154591935,22.959595295104165,87.50858730298044,177.50681531040792
1996803,9934,0.11345581483857602,0.3689525769984589,4.355918488261986,1.4751420785202045,1.8632296343148733,0.19403350938518912,21.13942550248723,84.5194152813636,186.32133761699518
1996804,9934,0.11335583483929228,0.3675537059016964,4.468438674694851,1.4238388720638606,1.857802402903549,0.1825692682219223,21.0592760925599,81.57995807592678,185.77861778176816
1996805,9934,0.11331376296067704,0.36738227662329637,4.543536755500008,1.3659369608390182,1.8576253679000998,0.17225000473477958,21.049453918422607,78.26242293700214,185.7609138336836
1996806,9934,0.1133108622279299,0.3673705075791155,4.639155296362417,1.307472529251796,1.8576134123759613,0.16147909006771824,21.04877960186214,74.91265775542297,185.75971825016825
1996807,9934,0.11331066426522744,0.36736971091542336,4.715988256356283,1.249387024590154,1.8576126294267659,0.15179130957153944,21.04873395639489,71.58460348742342,185.7596399530973
1996808,9934,0.11331065075375835,0.36736965699726154,4.778226740522216,1.1933740928173155,1.8576125782951651,0.1430976436838473,21.04873086711178,68.37529889868556,185.75963483978836
1996809,9934,0.11331064983133451,0.36736965334810245,4.817325781376163,1.1392776692153963,1.85761257496531,0.13550215402993615,21.04873065803036,65.27580213954369,185.75963450679257
1996810,9934,0.11331064976834557,0.3673696531011289,4.808441961018899,1.0764753860894434,1.8576125747491228,0.1282691914436717,21.04873064387982,61.67749637264092,185.7596344851731
2001559,9958,0.23863400261894674,0.374430254259424,4.179103710900435,2.246659813808561,0.8990031662138674,0.3080184985338025,21.453273291075313,128.72412533287792,89.89994366137469
2001624,9958,0.18434900007372299,0.42476561510053135,4.625598218996184,1.3601871564647614,1.3201740013578656,0.16848195531725604,24.337277027538835,77.93298341333137,132.01669117334512
2001625,9958,0.1179608542361163,0.3588910140472611,4.668496293451331,1.3458249680436314,1.7432002167192167,0.1651711506662711,20.5629404100784,77.11009063222896,174.31855868354654
2009598,9998,0.19198514791600177,0.6317703833402045,3.9145102803027205,1.7333927392707924,1.88544661366965,0.2537126762570261,36.19777658675586,99.31608819883712,188.54368911341038
